id_ticket,id_pedido,canal,categoria,data_abertura,data_fechamento,satisfacao,custo_atendimento
1,PED-24592,Chat,Entrega,2025-06-27 07:58:30.934223,2025-06-30 14:58:30.934223,2,17.28
2,PED-23434,Chat,Pagamento,2025-06-24 20:14:32.727150,2025-06-28 16:14:32.727150,1,6.64
3,PED-40495,Chat,troca,2025-06-21 02:30:32.182276,2025-06-22 03:30:32.182276,5,28.07
4,PED-87236,Email,Troca,2025-12-13 02:10:34.332912,2025-12-15 09:10:34.332912,2,43.4
5,PED-46421,chat,troca,2025-03-07 17:22:06.714915,2025-03-09 10:22:06.714915,3,10.62
6,PED-22676,Email,Entrega,2025-06-10 22:59:49.920711,2025-06-12 20:59:49.920711,5,19.55
7,PED-70217,Chat,Pagamento,2025-12-14 17:25:03.191304,2025-12-14 20:25:03.191304,1,35.36
8,PED-91070,Email,troca,2025-02-28 21:24:09.035986,2025-03-04 03:24:09.035986,1,7.52
9,PED-47930,Chat,troca,2026-01-23 15:38:01.121537,2026-01-24 18:38:01.121537,1,25.91
10,PED-93320,Email,troca,2026-01-03 00:06:54.830230,2026-01-05 08:06:54.830230,3,24.54
11,PED-44993,Chat,troca,2025-08-18 14:40:46.719126,2025-08-22 01:40:46.719126,5,45.1
12,PED-70589,Telefone,Entrega,2025-06-19 08:54:30.710933,2025-06-20 02:54:30.710933,5,17.08
13,PED-17331,chat,Troca,2025-05-04 08:32:02.081274,2025-05-05 23:32:02.081274,3,27.06
14,PED-37653,Email,troca,2025-05-22 10:46:15.522192,2025-05-22 16:46:15.522192,4,26.76
15,PED-70142,chat,Entrega,2025-06-19 03:58:04.315656,2025-06-22 11:58:04.315656,2,18.56
16,PED-80644,Email,Pagamento,2025-02-11 11:30:34.955951,2025-02-14 08:30:34.955951,5,26.97
17,PED-28131,Telefone,Troca,2025-12-09 09:04:33.467237,2025-12-10 11:04:33.467237,1,52.36
18,PED-92240,chat,Pagamento,2025-08-16 22:05:19.478050,2025-08-17 15:05:19.478050,5,8.49
19,PED-88104,Telefone,Entrega,2025-02-09 01:22:47.280827,2025-02-10 23:22:47.280827,5,52.34
20,PED-99166,Chat,Entrega,2025-12-08 01:21:04.138402,2025-12-08 00:21:04.138402,3,11.14
21,PED-30730,Telefone,Troca,2025-06-09 20:09:17.807996,2025-06-12 01:09:17.807996,3,58.45
22,PED-33416,Chat,Entrega,2025-08-25 10:55:15.559698,2025-08-29 09:55:15.559698,5,38.49
23,PED-59009,chat,Troca,2025-02-28 07:16:54.490592,2025-03-01 00:16:54.490592,5,22.83
24,PED-24662,Email,Entrega,2025-11-03 16:11:05.602123,2025-11-03 16:11:05.602123,2,8.19
25,PED-20322,Chat,Pagamento,2025-07-22 18:38:01.902752,2025-07-25 16:38:01.902752,1,58.79
26,PED-26483,chat,Pagamento,2025-02-20 12:09:14.457468,2025-02-23 06:09:14.457468,5,14.08
27,PED-89507,Telefone,troca,2025-09-11 10:32:49.991305,2025-09-14 03:32:49.991305,5,46.54
28,PED-36365,Email,Pagamento,2025-03-28 04:51:36.113926,2025-03-31 18:51:36.113926,3,29.1
29,PED-69177,Chat,troca,2025-02-23 22:39:14.049000,2025-02-26 14:39:14.049000,2,8.52
30,PED-87110,chat,troca,2026-01-26 00:12:39.023961,2026-01-26 00:12:39.023961,1,8.9
31,PED-17716,chat,Troca,2025-07-12 07:38:27.096151,2025-07-15 13:38:27.096151,1,52.28
32,PED-77391,chat,Entrega,2025-05-17 13:39:18.943576,2025-05-17 20:39:18.943576,4,16.78
33,PED-84847,Telefone,troca,2025-09-02 03:39:30.208497,2025-09-02 17:39:30.208497,4,49.41
34,PED-22363,Chat,Pagamento,2025-08-01 04:00:01.249263,2025-08-02 02:00:01.249263,3,28.3
35,PED-17100,Chat,Troca,2025-12-18 23:56:50.594748,2025-12-21 08:56:50.594748,4,45.05
36,PED-42591,chat,troca,2025-12-31 00:20:34.727741,2025-12-31 11:20:34.727741,5,29.67
37,PED-34050,Email,Pagamento,2025-05-18 13:02:59.441929,2025-05-20 17:02:59.441929,2,53.1
38,PED-68082,Chat,Troca,2025-07-12 22:56:36.901863,2025-07-13 05:56:36.901863,5,50.98
39,PED-40982,chat,Pagamento,2025-05-19 06:44:17.661896,2025-05-19 15:44:17.661896,4,31.47
40,PED-17685,chat,Pagamento,2025-05-30 11:57:50.040146,2025-06-01 12:57:50.040146,1,59.19
41,PED-69638,Email,Pagamento,2025-02-15 21:24:22.169008,2025-02-17 04:24:22.169008,5,41.4
42,PED-30289,chat,Entrega,2025-08-29 04:25:39.901707,2025-08-31 16:25:39.901707,2,58.28
43,PED-81066,Chat,Entrega,2025-10-15 01:22:26.881873,2025-10-18 01:22:26.881873,1,7.76
44,PED-75909,chat,Troca,2025-10-23 04:28:57.824774,2025-10-25 15:28:57.824774,5,9.41
45,PED-18981,Chat,troca,2025-10-27 16:21:35.900439,2025-10-28 13:21:35.900439,4,11.59
46,PED-42271,Chat,Troca,2025-11-10 14:12:56.229004,2025-11-13 12:12:56.229004,4,41.16
47,PED-78522,Email,Entrega,2025-05-09 11:19:37.148955,2025-05-12 09:19:37.148955,2,41.83
48,PED-41285,Email,Pagamento,2025-05-24 22:39:11.820148,2025-05-26 12:39:11.820148,2,41.94
49,PED-69929,Email,Troca,2025-12-25 00:50:54.149782,2025-12-26 12:50:54.149782,1,30.21
50,PED-23104,Chat,troca,2025-06-01 06:53:52.817820,2025-06-04 04:53:52.817820,5,19.59
51,PED-19016,chat,Entrega,2025-08-27 09:43:14.042045,2025-08-29 03:43:14.042045,3,13.68
52,PED-49651,Chat,Entrega,2025-10-25 22:57:43.683778,2025-10-28 17:57:43.683778,1,56.64
53,PED-44664,Chat,Troca,2025-03-19 17:23:21.225149,2025-03-20 08:23:21.225149,5,13.55
54,PED-89276,chat,Entrega,2025-11-24 13:06:57.013385,2025-11-25 23:06:57.013385,2,42.81
55,PED-76244,Telefone,Entrega,2025-02-20 13:07:04.666608,2025-02-21 20:07:04.666608,1,10.08
56,PED-46265,Chat,Troca,2025-02-19 06:57:33.301881,2025-02-21 10:57:33.301881,3,47.41
57,PED-44335,chat,Pagamento,2025-05-31 15:42:54.887164,2025-06-03 22:42:54.887164,5,43.81
58,PED-11267,Chat,Troca,2025-06-11 11:19:34.104504,2025-06-14 08:19:34.104504,2,35.01
59,PED-86350,chat,Pagamento,2025-06-05 23:22:40.740924,2025-06-07 20:22:40.740924,2,7.3
60,PED-15229,Email,troca,2025-05-13 03:42:49.452768,2025-05-14 23:42:49.452768,2,41.68
61,PED-83385,Telefone,troca,2025-12-29 20:06:50.227225,2025-12-31 15:06:50.227225,2,52.55
62,PED-64040,Chat,troca,2025-10-04 01:48:57.046444,2025-10-04 21:48:57.046444,3,48.03
63,PED-97806,chat,Entrega,2025-05-18 06:59:03.521166,2025-05-20 08:59:03.521166,2,48.31
64,PED-60140,Chat,Pagamento,2025-10-11 07:31:41.887650,2025-10-11 18:31:41.887650,2,15.98
65,PED-55830,Email,troca,2025-02-07 19:17:46.116856,2025-02-10 03:17:46.116856,2,6.3
66,PED-62227,Email,Entrega,2025-07-24 16:46:11.909810,2025-07-25 14:46:11.909810,1,58.18
67,PED-56025,Telefone,Entrega,2025-02-14 18:24:48.194120,2025-02-16 03:24:48.194120,1,11.34
68,PED-33405,Email,Troca,2025-09-06 12:00:42.866833,2025-09-07 19:00:42.866833,1,37.81
69,PED-51114,Telefone,Troca,2025-05-20 06:40:50.675092,2025-05-22 00:40:50.675092,4,54.47
70,PED-43386,Chat,Pagamento,2025-05-12 21:19:43.791134,2025-05-13 19:19:43.791134,1,33.6
71,PED-97900,chat,Entrega,2025-02-20 03:09:58.936748,2025-02-22 21:09:58.936748,4,8.85
72,PED-53279,Email,Troca,2025-11-16 04:40:11.622566,2025-11-19 15:40:11.622566,3,32.89
73,PED-63528,Email,Pagamento,2025-04-24 20:29:46.792324,2025-04-28 07:29:46.792324,3,35.49
74,PED-65108,Telefone,troca,2025-05-23 19:25:27.019210,2025-05-24 17:25:27.019210,5,36.3
75,PED-81819,Chat,Entrega,2025-03-19 20:42:04.385649,2025-03-21 21:42:04.385649,3,16.56
76,PED-89516,Email,Pagamento,2025-04-26 14:33:26.432566,2025-04-29 14:33:26.432566,4,29.32
77,PED-77000,Telefone,troca,2025-12-03 08:06:03.832805,2025-12-04 09:06:03.832805,1,20.61
78,PED-92960,Email,Troca,2025-10-15 00:49:32.663982,2025-10-18 10:49:32.663982,2,42.0
79,PED-36100,chat,Troca,2025-11-08 07:16:36.774044,2025-11-09 09:16:36.774044,1,18.47
80,PED-90120,Chat,Pagamento,2025-03-30 05:06:34.888393,2025-04-01 15:06:34.888393,4,53.74
81,PED-35485,Telefone,Pagamento,2025-09-26 16:29:02.339536,2025-09-29 15:29:02.339536,4,18.42
82,PED-10726,Chat,Pagamento,2025-08-22 08:50:56.016000,2025-08-25 17:50:56.016000,2,14.67
83,PED-77889,Telefone,Troca,2025-06-18 21:23:12.335704,2025-06-22 12:23:12.335704,5,18.71
84,PED-69829,chat,Pagamento,2025-02-13 15:00:03.192111,2025-02-14 04:00:03.192111,5,59.33
85,PED-51588,Telefone,Pagamento,2025-07-22 23:59:21.885324,2025-07-26 01:59:21.885324,5,29.53
86,PED-72216,Telefone,Entrega,2025-10-02 05:16:27.860667,2025-10-02 23:16:27.860667,2,51.19
87,PED-78327,Telefone,troca,2026-01-06 17:15:11.982437,2026-01-08 02:15:11.982437,3,29.19
88,PED-47450,chat,Entrega,2025-05-06 03:19:39.693565,2025-05-09 20:19:39.693565,3,22.58
89,PED-20561,chat,troca,2026-01-20 00:20:57.507195,2026-01-22 19:20:57.507195,2,26.07
90,PED-38043,Chat,Pagamento,2025-06-19 13:34:48.811001,2025-06-20 06:34:48.811001,4,23.2
91,PED-64496,Chat,troca,2025-09-25 19:49:09.915837,2025-09-28 04:49:09.915837,4,26.42
92,PED-86556,Chat,Pagamento,2025-04-25 22:07:14.873617,2025-04-29 22:07:14.873617,4,5.32
93,PED-49139,Telefone,Pagamento,2026-01-23 13:51:33.328173,2026-01-25 08:51:33.328173,5,46.11
94,PED-89069,chat,Pagamento,2025-03-15 16:43:31.208032,2025-03-18 11:43:31.208032,2,20.01
95,PED-13804,Telefone,Entrega,2025-06-09 02:21:41.095459,2025-06-11 14:21:41.095459,4,44.83
96,PED-26728,Chat,Pagamento,2025-02-21 19:37:39.781002,2025-02-24 04:37:39.781002,5,36.04
97,PED-21003,Telefone,troca,2025-08-06 03:48:05.064287,2025-08-06 04:48:05.064287,4,15.0
98,PED-59689,Email,troca,2026-01-01 03:41:13.593869,2026-01-02 10:41:13.593869,4,22.98
99,PED-59692,Email,Pagamento,2025-02-05 07:20:47.304540,2025-02-09 06:20:47.304540,3,50.92
100,PED-12540,Chat,Entrega,2025-09-07 03:40:14.855827,2025-09-09 13:40:14.855827,2,40.76
101,PED-15276,Chat,troca,2025-12-28 08:05:21.079252,2025-12-31 17:05:21.079252,2,51.16
102,PED-29973,chat,troca,2026-01-06 06:45:41.591281,2026-01-09 11:45:41.591281,4,41.82
103,PED-38569,Telefone,Entrega,2025-08-01 02:22:24.190256,2025-08-04 00:22:24.190256,3,14.23
104,PED-25012,chat,Entrega,2025-09-03 01:33:10.881658,2025-09-06 04:33:10.881658,1,36.83
105,PED-85470,Telefone,Pagamento,2025-08-21 19:34:02.088729,2025-08-23 08:34:02.088729,2,9.18
106,PED-92213,chat,Troca,2025-08-08 17:12:51.733333,2025-08-12 07:12:51.733333,3,51.77
107,PED-25866,Chat,Entrega,2025-11-20 23:42:35.934199,2025-11-24 01:42:35.934199,5,28.56
108,PED-19038,Email,Troca,2025-12-19 12:56:50.460338,2025-12-21 09:56:50.460338,4,50.23
109,PED-66822,Email,Pagamento,2025-05-30 11:06:09.992947,2025-05-30 22:06:09.992947,2,28.95
110,PED-78386,Email,Pagamento,2025-05-08 21:38:59.921729,2025-05-12 16:38:59.921729,4,28.96
111,PED-87656,Email,Entrega,2025-08-16 11:07:49.487080,2025-08-20 06:07:49.487080,2,50.69
112,PED-46559,Telefone,troca,2025-07-30 23:09:01.677497,2025-07-31 08:09:01.677497,4,36.34
113,PED-59674,Email,Troca,2026-01-13 07:38:56.857133,2026-01-16 18:38:56.857133,4,51.8
114,PED-73904,chat,Entrega,2025-07-09 09:59:34.190669,2025-07-10 06:59:34.190669,3,23.72
115,PED-46211,Chat,troca,2025-12-08 05:53:56.700325,2025-12-11 07:53:56.700325,1,18.27
116,PED-74038,chat,Pagamento,2025-09-22 09:17:34.246083,2025-09-24 11:17:34.246083,4,29.65
117,PED-22196,Email,troca,2025-10-15 05:37:07.113239,2025-10-15 05:37:07.113239,4,43.05
118,PED-97026,Email,Pagamento,2025-04-28 01:24:56.339637,2025-04-29 14:24:56.339637,5,34.2
119,PED-82140,Email,Entrega,2025-08-05 02:30:44.325134,2025-08-07 06:30:44.325134,4,19.9
120,PED-40217,Chat,troca,2025-11-12 20:57:20.155436,2025-11-14 02:57:20.155436,3,11.58
121,PED-34267,chat,troca,2025-11-14 01:08:13.214030,2025-11-16 19:08:13.214030,4,20.21
122,PED-78765,Email,Troca,2025-12-30 14:22:27.919241,2026-01-02 15:22:27.919241,2,21.29
123,PED-33519,Email,Troca,2025-04-27 19:27:59.256826,2025-04-29 15:27:59.256826,5,11.96
124,PED-17146,Email,troca,2025-03-26 02:32:06.166942,2025-03-26 05:32:06.166942,4,10.64
125,PED-85243,Email,Pagamento,2026-01-27 12:08:29.000486,2026-01-27 11:08:29.000486,4,29.23
126,PED-16734,Email,Pagamento,2025-12-07 23:45:17.590138,2025-12-08 20:45:17.590138,1,50.22
127,PED-74454,Chat,Troca,2025-10-31 11:22:43.090073,2025-11-02 12:22:43.090073,2,13.21
128,PED-49824,Chat,troca,2026-01-29 03:40:51.167777,2026-02-01 01:40:51.167777,1,35.69
129,PED-89471,chat,Pagamento,2025-05-03 21:11:33.866359,2025-05-06 00:11:33.866359,4,54.97
130,PED-87139,Telefone,Entrega,2025-12-11 13:35:11.862157,2025-12-13 01:35:11.862157,5,39.16
131,PED-23006,chat,troca,2026-01-13 20:41:50.818070,2026-01-17 00:41:50.818070,3,41.32
132,PED-41439,chat,Troca,2025-12-21 10:15:56.408687,2025-12-22 04:15:56.408687,2,5.15
133,PED-87832,Telefone,Entrega,2025-02-08 01:39:25.430686,2025-02-10 08:39:25.430686,1,17.73
134,PED-47056,Telefone,Troca,2025-08-29 02:04:49.387094,2025-09-01 18:04:49.387094,2,55.82
135,PED-87304,chat,Pagamento,2026-01-08 02:52:44.430960,2026-01-11 08:52:44.430960,1,34.95
136,PED-29528,Email,troca,2025-08-31 06:16:45.017055,2025-09-03 14:16:45.017055,1,8.28
137,PED-87993,Email,Pagamento,2025-06-09 03:31:01.550992,2025-06-10 16:31:01.550992,1,30.78
138,PED-62757,Email,Pagamento,2025-11-18 15:57:54.732497,2025-11-20 03:57:54.732497,4,9.42
139,PED-66626,Email,Entrega,2025-07-28 00:31:47.668168,2025-07-28 03:31:47.668168,1,10.02
140,PED-85392,Chat,Entrega,2025-04-18 09:05:15.801334,2025-04-21 21:05:15.801334,5,7.21
141,PED-32962,Telefone,Pagamento,2025-12-04 18:14:04.496507,2025-12-08 16:14:04.496507,3,14.98
142,PED-67132,Telefone,Troca,2025-06-29 11:13:24.692354,2025-07-02 11:13:24.692354,4,24.14
143,PED-52081,Chat,troca,2025-06-15 05:35:59.406953,2025-06-16 21:35:59.406953,3,27.64
144,PED-47777,Telefone,Troca,2025-06-01 09:59:20.045001,2025-06-03 22:59:20.045001,4,9.84
145,PED-52372,Chat,Pagamento,2025-05-03 13:30:34.463386,2025-05-04 19:30:34.463386,5,50.37
146,PED-96200,Telefone,Pagamento,2025-02-21 15:30:47.029127,2025-02-21 13:30:47.029127,1,15.32
147,PED-91609,Telefone,Pagamento,2025-06-11 21:11:55.192802,2025-06-13 17:11:55.192802,1,16.2
148,PED-27172,Email,Pagamento,2025-03-27 18:20:17.560472,2025-03-30 14:20:17.560472,4,11.68
149,PED-89806,chat,troca,2025-06-10 11:34:22.236779,2025-06-13 17:34:22.236779,3,35.3
150,PED-63476,Chat,troca,2025-10-30 14:47:06.053056,2025-11-02 10:47:06.053056,1,30.38
151,PED-94896,chat,Pagamento,2025-02-20 05:07:54.321005,2025-02-20 18:07:54.321005,3,32.99
152,PED-64459,Telefone,Pagamento,2025-05-03 00:06:58.353352,2025-05-04 08:06:58.353352,2,30.12
153,PED-60277,chat,troca,2026-01-23 07:09:10.659382,2026-01-23 23:09:10.659382,1,20.19
154,PED-54548,Email,Troca,2025-09-05 11:52:40.003312,2025-09-07 14:52:40.003312,3,44.93
155,PED-86011,Telefone,troca,2025-05-14 12:38:23.574848,2025-05-17 13:38:23.574848,4,34.62
156,PED-53573,Telefone,Pagamento,2025-12-06 09:07:12.387171,2025-12-08 03:07:12.387171,3,52.83
157,PED-41300,Telefone,troca,2025-10-22 17:45:50.292847,2025-10-26 08:45:50.292847,4,7.4
158,PED-71993,Telefone,Pagamento,2025-03-29 10:20:08.964769,2025-04-02 07:20:08.964769,2,32.24
159,PED-26547,Email,Troca,2025-03-28 12:35:03.907557,2025-03-28 14:35:03.907557,4,10.48
160,PED-12011,chat,Pagamento,2025-03-13 06:08:56.918121,2025-03-15 14:08:56.918121,2,9.12
161,PED-54375,Telefone,Troca,2025-12-25 11:45:04.415098,2025-12-26 18:45:04.415098,3,51.88
162,PED-59808,Email,Pagamento,2025-06-02 10:18:13.213777,2025-06-05 04:18:13.213777,5,6.97
163,PED-40771,Email,troca,2025-04-28 19:23:46.030663,2025-04-29 01:23:46.030663,1,28.87
164,PED-93066,Chat,Pagamento,2025-05-01 23:18:30.884881,2025-05-02 09:18:30.884881,2,43.17
165,PED-16028,Email,Troca,2025-06-02 07:27:40.605386,2025-06-02 08:27:40.605386,3,24.72
166,PED-29080,chat,Pagamento,2025-03-02 22:02:39.927722,2025-03-05 03:02:39.927722,5,42.5
167,PED-32280,chat,Troca,2025-06-18 06:23:20.722838,2025-06-19 03:23:20.722838,5,52.9
168,PED-99539,chat,Pagamento,2025-04-03 12:58:15.446768,2025-04-06 17:58:15.446768,5,12.87
169,PED-93611,Email,Pagamento,2025-12-02 02:59:12.300384,2025-12-04 11:59:12.300384,3,41.68
170,PED-47700,chat,Troca,2025-04-20 05:23:49.467278,2025-04-22 14:23:49.467278,4,56.99
171,PED-49210,Telefone,Entrega,2025-07-10 01:46:20.626351,2025-07-13 02:46:20.626351,4,51.49
172,PED-60422,Telefone,Troca,2025-07-13 16:28:10.266729,2025-07-14 15:28:10.266729,2,25.98
173,PED-85341,Email,Entrega,2025-09-07 21:59:36.835405,2025-09-09 16:59:36.835405,1,58.79
174,PED-61879,Email,Troca,2025-09-07 23:35:33.412188,2025-09-11 09:35:33.412188,5,52.58
175,PED-16428,Telefone,Entrega,2025-07-21 19:28:53.918666,2025-07-25 16:28:53.918666,2,38.39
176,PED-38705,chat,Entrega,2025-06-30 03:50:16.893814,2025-07-01 22:50:16.893814,2,39.55
177,PED-94717,Chat,Entrega,2025-07-30 13:10:07.656830,2025-08-02 19:10:07.656830,4,6.84
178,PED-27224,Chat,Entrega,2025-12-10 11:33:22.132840,2025-12-12 07:33:22.132840,3,46.11
179,PED-36318,chat,Entrega,2025-10-23 12:03:08.771837,2025-10-24 08:03:08.771837,5,32.6
180,PED-31567,Email,Pagamento,2025-12-15 12:00:15.708264,2025-12-16 20:00:15.708264,3,46.06
181,PED-25095,Telefone,Troca,2025-05-13 12:15:55.730098,2025-05-15 05:15:55.730098,2,46.48
182,PED-98647,Telefone,Entrega,2025-08-23 16:21:53.423326,2025-08-24 18:21:53.423326,1,48.49
183,PED-44663,Chat,Pagamento,2025-11-26 15:53:35.775779,2025-11-26 14:53:35.775779,3,42.01
184,PED-44362,Telefone,Entrega,2025-08-08 23:45:20.225243,2025-08-12 11:45:20.225243,1,42.12
185,PED-13280,Email,troca,2025-05-11 14:12:42.923289,2025-05-14 00:12:42.923289,1,39.95
186,PED-49608,Telefone,Troca,2025-08-05 11:29:24.391022,2025-08-07 20:29:24.391022,2,7.49
187,PED-49893,Telefone,Troca,2025-07-20 13:37:35.321159,2025-07-20 15:37:35.321159,1,17.91
188,PED-27781,Telefone,Pagamento,2025-11-14 04:58:15.835467,2025-11-16 22:58:15.835467,3,41.88
189,PED-80804,Telefone,troca,2025-08-29 01:31:15.573201,2025-09-01 22:31:15.573201,4,41.02
190,PED-90694,Telefone,Entrega,2025-12-13 19:57:53.017062,2025-12-16 07:57:53.017062,1,42.97
191,PED-68115,Telefone,troca,2025-03-08 04:06:21.486216,2025-03-09 05:06:21.486216,3,10.46
192,PED-58147,Email,Troca,2025-07-09 18:10:13.254882,2025-07-13 07:10:13.254882,4,20.17
193,PED-69600,Chat,troca,2025-06-13 08:54:09.149941,2025-06-13 21:54:09.149941,5,58.41
194,PED-53713,chat,troca,2026-01-22 21:49:21.888027,2026-01-23 01:49:21.888027,5,16.29
195,PED-82641,chat,troca,2025-02-16 02:14:37.191658,2025-02-20 01:14:37.191658,2,23.07
196,PED-88116,Chat,Entrega,2025-12-02 15:30:51.665218,2025-12-03 07:30:51.665218,2,59.31
197,PED-42853,chat,Troca,2026-01-23 03:28:55.299277,2026-01-25 22:28:55.299277,1,12.25
198,PED-41186,Email,Troca,2025-12-27 21:48:00.822509,2025-12-29 16:48:00.822509,2,19.6
199,PED-65176,Chat,Troca,2025-02-28 03:54:59.324310,2025-02-28 17:54:59.324310,4,29.66
200,PED-77271,Chat,Pagamento,2025-09-04 02:48:18.040991,2025-09-05 22:48:18.040991,5,17.19
201,PED-15683,Email,Pagamento,2026-01-31 15:50:49.646553,2026-02-03 19:50:49.646553,1,8.35
202,PED-62640,Telefone,Troca,2025-02-22 09:56:57.366209,2025-02-24 20:56:57.366209,4,44.18
203,PED-19632,Chat,Entrega,2025-12-01 03:58:08.121121,2025-12-03 09:58:08.121121,5,13.16
204,PED-46046,Email,Pagamento,2025-05-04 05:17:32.164510,2025-05-04 19:17:32.164510,5,34.18
205,PED-76263,Telefone,Troca,2025-02-20 22:54:34.301230,2025-02-23 06:54:34.301230,1,51.9
206,PED-82264,chat,Pagamento,2025-08-03 20:34:25.100192,2025-08-07 05:34:25.100192,4,53.85
207,PED-54424,Telefone,Pagamento,2026-01-07 05:56:37.126899,2026-01-09 07:56:37.126899,4,45.13
208,PED-65936,Email,Entrega,2025-12-02 04:22:40.225653,2025-12-03 18:22:40.225653,3,57.45
209,PED-72163,Chat,Troca,2025-11-20 06:38:25.347151,2025-11-23 19:38:25.347151,1,10.13
210,PED-58843,chat,Troca,2025-06-27 15:43:44.895260,2025-06-28 01:43:44.895260,5,57.61
211,PED-53207,Chat,Pagamento,2025-06-14 04:56:59.597163,2025-06-17 01:56:59.597163,3,53.05
212,PED-65435,Chat,Entrega,2025-10-05 17:09:29.497312,2025-10-09 15:09:29.497312,5,22.18
213,PED-85748,chat,troca,2025-10-31 18:50:47.631555,2025-11-01 05:50:47.631555,4,17.33
214,PED-55890,Email,Troca,2025-07-31 14:19:38.863616,2025-08-01 01:19:38.863616,3,36.58
215,PED-83526,Chat,Entrega,2025-12-21 15:18:22.362663,2025-12-23 19:18:22.362663,1,14.92
216,PED-50499,Email,Entrega,2025-09-12 04:57:39.432195,2025-09-15 19:57:39.432195,1,14.98
217,PED-84228,Telefone,Troca,2026-01-13 23:32:08.128710,2026-01-14 15:32:08.128710,2,45.75
218,PED-22026,chat,Pagamento,2025-03-03 21:24:55.171705,2025-03-03 22:24:55.171705,4,29.95
219,PED-58503,Email,Entrega,2025-07-02 22:27:42.232070,2025-07-03 16:27:42.232070,5,37.79
220,PED-30392,chat,Troca,2025-11-24 17:41:20.306594,2025-11-24 21:41:20.306594,1,19.97
221,PED-65576,Telefone,Pagamento,2025-05-10 11:32:50.541310,2025-05-13 21:32:50.541310,4,20.02
222,PED-77154,Chat,Entrega,2025-02-21 13:29:38.298802,2025-02-25 11:29:38.298802,4,11.1
223,PED-98930,Telefone,Entrega,2026-01-31 15:20:25.041903,2026-02-04 03:20:25.041903,1,17.13
224,PED-17180,Chat,troca,2025-06-13 16:58:52.598169,2025-06-16 18:58:52.598169,3,56.99
225,PED-27987,Email,Entrega,2025-10-29 19:49:32.676270,2025-11-02 19:49:32.676270,3,11.6
226,PED-66446,chat,troca,2025-03-21 00:58:47.396523,2025-03-23 13:58:47.396523,4,34.29
227,PED-75570,Email,Troca,2025-10-11 01:07:58.443290,2025-10-12 04:07:58.443290,4,52.4
228,PED-67176,Chat,Pagamento,2025-06-24 13:02:12.648295,2025-06-24 16:02:12.648295,1,52.42
229,PED-66267,Telefone,Pagamento,2025-09-05 07:51:25.566663,2025-09-08 06:51:25.566663,3,11.33
230,PED-52568,chat,Pagamento,2025-09-05 04:46:30.150605,2025-09-05 04:46:30.150605,3,9.85
231,PED-41891,Telefone,Pagamento,2026-01-05 03:47:35.566353,2026-01-05 14:47:35.566353,5,9.33
232,PED-54500,chat,Entrega,2025-09-16 18:49:51.147495,2025-09-18 07:49:51.147495,2,9.2
233,PED-24945,chat,Entrega,2025-09-20 02:55:06.705704,2025-09-23 09:55:06.705704,3,45.01
234,PED-29358,chat,Troca,2025-11-10 15:51:37.571474,2025-11-13 23:51:37.571474,2,19.08
235,PED-88957,chat,Troca,2025-05-09 01:01:52.521264,2025-05-09 21:01:52.521264,2,57.32
236,PED-74764,Telefone,Pagamento,2025-03-15 19:20:56.907246,2025-03-19 01:20:56.907246,5,40.36
237,PED-52363,Email,troca,2025-06-21 19:17:06.019761,2025-06-25 00:17:06.019761,4,8.76
238,PED-92756,Email,Entrega,2025-11-16 16:49:08.028906,2025-11-18 22:49:08.028906,5,8.09
239,PED-19724,Email,Pagamento,2025-11-07 16:05:05.631666,2025-11-10 06:05:05.631666,4,7.07
240,PED-47627,Chat,Troca,2025-02-04 11:30:52.403769,2025-02-06 08:30:52.403769,5,37.67
241,PED-70648,Chat,Pagamento,2025-06-16 20:52:08.336116,2025-06-18 19:52:08.336116,5,40.85
242,PED-89299,Telefone,troca,2025-10-17 15:46:28.375615,2025-10-19 06:46:28.375615,1,29.78
243,PED-21053,chat,Troca,2025-11-14 14:22:31.759026,2025-11-16 07:22:31.759026,2,43.92
244,PED-78690,chat,Entrega,2025-09-15 12:55:35.104631,2025-09-17 18:55:35.104631,3,55.49
245,PED-63578,Email,Troca,2025-02-13 10:31:20.236920,2025-02-15 09:31:20.236920,3,8.63
246,PED-83133,Telefone,Entrega,2025-09-02 12:26:50.365836,2025-09-02 22:26:50.365836,3,44.81
247,PED-88997,chat,Entrega,2025-12-07 18:15:05.695007,2025-12-11 04:15:05.695007,1,37.05
248,PED-55851,Email,Pagamento,2025-06-23 01:32:31.741461,2025-06-23 17:32:31.741461,2,37.73
249,PED-50577,Telefone,Entrega,2025-03-17 01:58:09.375705,2025-03-17 09:58:09.375705,2,41.86
250,PED-99838,Chat,Pagamento,2025-09-27 13:34:09.455715,2025-10-01 09:34:09.455715,5,24.9
251,PED-50483,chat,troca,2025-05-07 05:14:43.802252,2025-05-09 01:14:43.802252,3,57.12
252,PED-35166,chat,troca,2026-01-22 20:57:36.625915,2026-01-25 08:57:36.625915,2,9.24
253,PED-76543,Chat,Entrega,2025-08-12 22:56:18.784099,2025-08-13 08:56:18.784099,5,12.21
254,PED-30218,chat,troca,2025-05-21 06:44:54.818912,2025-05-23 04:44:54.818912,5,49.5
255,PED-67366,Chat,Pagamento,2025-12-28 19:42:49.080428,2025-12-29 14:42:49.080428,3,42.2
256,PED-68222,Email,Pagamento,2026-01-03 21:29:19.896822,2026-01-05 01:29:19.896822,2,34.37
257,PED-71474,chat,Entrega,2025-07-03 04:37:46.516664,2025-07-04 17:37:46.516664,5,59.14
258,PED-46932,Telefone,Pagamento,2025-04-08 22:32:07.724179,2025-04-11 07:32:07.724179,2,49.93
259,PED-28140,Email,Troca,2025-04-29 09:54:39.889895,2025-05-02 12:54:39.889895,4,53.08
260,PED-23446,Chat,Entrega,2025-09-05 19:09:29.624408,2025-09-08 15:09:29.624408,1,46.97
261,PED-68893,chat,Pagamento,2025-10-01 21:40:27.088504,2025-10-03 05:40:27.088504,1,57.05
262,PED-69130,Email,Troca,2025-02-21 17:17:04.597637,2025-02-22 19:17:04.597637,4,7.93
263,PED-59015,chat,Pagamento,2025-03-26 17:43:01.078877,2025-03-29 07:43:01.078877,1,25.62
264,PED-51770,Chat,Entrega,2025-12-07 21:09:46.463368,2025-12-07 22:09:46.463368,2,12.57
265,PED-71925,chat,Pagamento,2025-02-18 04:12:38.469557,2025-02-19 14:12:38.469557,4,38.84
266,PED-12490,Email,troca,2025-12-25 14:12:57.023843,2025-12-25 22:12:57.023843,2,35.18
267,PED-89807,Telefone,Troca,2025-12-22 18:01:14.079550,2025-12-26 13:01:14.079550,3,18.07
268,PED-16258,chat,Pagamento,2025-03-24 20:45:33.810233,2025-03-25 09:45:33.810233,5,30.14
269,PED-75513,Chat,troca,2025-02-12 00:09:07.555668,2025-02-12 12:09:07.555668,2,21.02
270,PED-90584,Email,troca,2025-04-17 13:40:29.473917,2025-04-17 11:40:29.473917,5,27.91
271,PED-97584,Chat,Entrega,2025-08-19 21:39:39.546617,2025-08-23 08:39:39.546617,1,57.44
272,PED-76496,Chat,Pagamento,2025-04-22 10:30:17.391469,2025-04-25 05:30:17.391469,4,7.39
273,PED-58929,Email,Troca,2025-09-13 13:02:41.597780,2025-09-15 12:02:41.597780,3,48.37
274,PED-41604,Chat,Entrega,2025-04-24 23:34:04.986810,2025-04-26 17:34:04.986810,2,7.44
275,PED-54374,chat,Pagamento,2025-07-08 18:08:50.461335,2025-07-11 13:08:50.461335,4,39.75
276,PED-18270,Telefone,Troca,2025-09-22 01:42:06.123233,2025-09-22 16:42:06.123233,3,16.09
277,PED-15492,Email,Entrega,2026-01-25 14:11:27.963500,2026-01-26 13:11:27.963500,5,26.9
278,PED-72049,Email,Troca,2025-05-13 20:43:03.144918,2025-05-16 15:43:03.144918,2,20.74
279,PED-95948,Email,Entrega,2025-11-09 04:35:27.337409,2025-11-09 08:35:27.337409,1,48.96
280,PED-62431,Telefone,Pagamento,2025-11-03 01:29:33.704544,2025-11-05 06:29:33.704544,3,58.55
281,PED-75211,Email,Entrega,2025-02-15 11:55:08.057442,2025-02-18 00:55:08.057442,1,44.99
282,PED-66440,chat,Entrega,2026-01-15 17:17:16.942762,2026-01-16 01:17:16.942762,3,10.64
283,PED-96628,Email,Entrega,2025-02-16 04:14:41.350047,2025-02-17 19:14:41.350047,4,38.14
284,PED-31842,Telefone,Entrega,2025-09-06 21:23:40.724512,2025-09-09 01:23:40.724512,4,7.33
285,PED-90589,Telefone,Entrega,2025-04-06 15:48:04.533920,2025-04-08 10:48:04.533920,1,9.13
286,PED-63242,Email,troca,2025-10-02 21:59:24.362531,2025-10-06 04:59:24.362531,1,12.85
287,PED-98878,Telefone,Troca,2025-04-01 21:09:46.791824,2025-04-05 00:09:46.791824,2,8.7
288,PED-58015,Email,Pagamento,2025-12-11 09:27:19.320265,2025-12-14 17:27:19.320265,5,6.78
289,PED-99006,Telefone,Entrega,2025-07-30 03:37:44.897954,2025-07-30 20:37:44.897954,3,29.42
290,PED-85225,chat,Entrega,2025-11-18 11:17:17.045146,2025-11-18 18:17:17.045146,4,22.29
291,PED-42717,Chat,Troca,2025-12-29 12:34:52.173139,2025-12-30 21:34:52.173139,2,32.45
292,PED-83619,Chat,Entrega,2025-10-04 13:33:04.918167,2025-10-06 12:33:04.918167,3,43.72
293,PED-90199,Email,Pagamento,2025-07-08 17:18:38.334449,2025-07-09 18:18:38.334449,2,11.75
294,PED-69250,chat,Pagamento,2025-11-07 06:03:59.014995,2025-11-07 13:03:59.014995,1,49.58
295,PED-97535,Email,Troca,2025-02-24 10:30:09.171210,2025-02-26 00:30:09.171210,5,34.82
296,PED-30644,chat,Entrega,2026-01-15 21:43:45.133125,2026-01-17 09:43:45.133125,5,17.33
297,PED-28202,chat,Pagamento,2025-12-24 14:34:06.938744,2025-12-25 13:34:06.938744,1,24.85
298,PED-58353,Telefone,troca,2025-09-11 23:01:57.042905,2025-09-14 22:01:57.042905,5,53.63
299,PED-50539,Telefone,Pagamento,2025-08-25 07:58:39.715762,2025-08-25 13:58:39.715762,5,27.59
300,PED-85353,Chat,troca,2025-02-21 15:18:34.628892,2025-02-23 17:18:34.628892,3,40.33
301,PED-71057,Email,troca,2025-07-15 03:57:19.202574,2025-07-17 10:57:19.202574,5,40.19
302,PED-26912,Telefone,Troca,2025-07-13 22:31:32.271334,2025-07-14 19:31:32.271334,1,33.5
303,PED-31581,chat,Entrega,2025-07-01 00:14:26.182936,2025-07-02 12:14:26.182936,2,24.03
304,PED-47230,Chat,Entrega,2025-05-03 03:47:46.788346,2025-05-05 19:47:46.788346,2,39.93
305,PED-45972,chat,Entrega,2025-05-29 07:15:57.166483,2025-06-01 03:15:57.166483,5,34.34
306,PED-94015,chat,troca,2025-07-14 20:22:39.875374,2025-07-17 10:22:39.875374,2,41.23
307,PED-89316,Email,Troca,2025-02-06 22:15:25.555704,2025-02-10 16:15:25.555704,1,9.47
308,PED-85598,Email,troca,2025-02-21 19:34:22.032404,2025-02-25 03:34:22.032404,5,27.91
309,PED-13969,Telefone,Entrega,2026-01-03 21:41:13.388419,2026-01-07 04:41:13.388419,3,31.56
310,PED-63227,Email,Pagamento,2025-03-02 15:37:52.102360,2025-03-06 04:37:52.102360,1,42.87
311,PED-67619,Telefone,Pagamento,2025-05-09 05:07:45.103886,2025-05-09 23:07:45.103886,4,16.22
312,PED-28830,Email,Entrega,2025-08-23 06:05:06.041195,2025-08-26 09:05:06.041195,3,58.65
313,PED-58567,Chat,Entrega,2025-12-28 13:40:01.514952,2025-12-29 03:40:01.514952,2,30.66
314,PED-68929,chat,troca,2025-04-11 09:05:02.640136,2025-04-12 17:05:02.640136,1,7.78
315,PED-90658,Telefone,troca,2025-12-12 17:12:01.927399,2025-12-14 16:12:01.927399,2,49.74
316,PED-50988,chat,troca,2025-06-09 00:48:43.937387,2025-06-11 23:48:43.937387,4,59.78
317,PED-75373,Email,Pagamento,2025-08-11 13:19:58.609654,2025-08-13 22:19:58.609654,1,9.95
318,PED-76249,Telefone,troca,2025-03-23 01:42:24.693953,2025-03-25 01:42:24.693953,2,37.08
319,PED-16624,Email,Pagamento,2025-07-15 09:04:16.082173,2025-07-15 13:04:16.082173,5,53.53
320,PED-98148,Telefone,Entrega,2026-01-25 23:06:22.194094,2026-01-29 08:06:22.194094,5,5.45
321,PED-66482,chat,Entrega,2025-05-04 19:51:37.575184,2025-05-05 06:51:37.575184,3,47.01
322,PED-15930,Telefone,Troca,2026-01-30 05:33:15.849188,2026-02-01 01:33:15.849188,5,35.9
323,PED-82512,Email,Troca,2025-09-01 05:35:14.434618,2025-09-03 01:35:14.434618,4,32.73
324,PED-82070,Email,Troca,2025-09-12 23:11:51.702332,2025-09-16 22:11:51.702332,2,58.63
325,PED-58915,Email,Entrega,2025-07-05 04:25:33.145295,2025-07-07 04:25:33.145295,2,15.95
326,PED-62610,Chat,Troca,2025-10-12 06:06:26.227342,2025-10-14 21:06:26.227342,1,12.54
327,PED-72094,Telefone,troca,2026-01-13 18:58:06.751124,2026-01-15 10:58:06.751124,5,54.12
328,PED-52987,Email,troca,2025-03-28 15:35:59.593753,2025-03-29 06:35:59.593753,4,59.48
329,PED-49221,Email,Pagamento,2025-08-03 23:32:56.714931,2025-08-07 19:32:56.714931,5,21.49
330,PED-58281,Email,Troca,2025-04-05 02:51:39.786449,2025-04-05 02:51:39.786449,4,37.1
331,PED-92478,Chat,Pagamento,2025-09-03 23:12:17.327976,2025-09-07 17:12:17.327976,3,58.19
332,PED-85711,chat,Troca,2025-12-19 01:34:18.030946,2025-12-22 01:34:18.030946,5,31.42
333,PED-92447,Telefone,troca,2025-04-16 04:31:19.594851,2025-04-18 21:31:19.594851,2,6.74
334,PED-24404,chat,Troca,2025-12-07 14:23:38.048265,2025-12-11 05:23:38.048265,4,22.25
335,PED-64127,chat,Pagamento,2025-05-08 19:32:43.023287,2025-05-09 12:32:43.023287,5,47.62
336,PED-18163,chat,troca,2025-08-30 23:39:24.529779,2025-09-02 09:39:24.529779,5,22.88
337,PED-72701,Telefone,Entrega,2025-05-19 05:18:52.073171,2025-05-22 15:18:52.073171,2,30.28
338,PED-54869,Email,Entrega,2026-01-31 11:05:31.729162,2026-02-03 05:05:31.729162,5,31.63
339,PED-46569,Email,troca,2025-10-09 09:21:22.838646,2025-10-10 14:21:22.838646,3,47.41
340,PED-37168,Telefone,Entrega,2025-06-24 18:38:48.037693,2025-06-28 10:38:48.037693,4,24.18
341,PED-45842,Email,Troca,2025-11-10 21:15:23.708198,2025-11-14 15:15:23.708198,5,42.21
342,PED-61712,Email,troca,2025-06-05 10:49:31.503238,2025-06-07 08:49:31.503238,3,7.31
343,PED-20358,Email,Pagamento,2025-08-26 17:30:17.055607,2025-08-30 10:30:17.055607,3,46.1
344,PED-36485,Email,Entrega,2026-01-14 21:31:32.893551,2026-01-15 22:31:32.893551,2,11.01
345,PED-86917,chat,troca,2025-11-13 18:41:24.818363,2025-11-17 14:41:24.818363,1,41.84
346,PED-39579,chat,Troca,2025-10-16 09:38:23.470156,2025-10-19 02:38:23.470156,1,27.73
347,PED-71918,Chat,troca,2026-01-20 22:54:52.224831,2026-01-24 15:54:52.224831,1,58.05
348,PED-63334,Telefone,Pagamento,2025-08-31 14:40:21.091634,2025-09-01 08:40:21.091634,2,46.58
349,PED-52096,Email,Troca,2025-08-18 19:50:44.558666,2025-08-20 05:50:44.558666,1,40.88
350,PED-80143,Chat,troca,2025-12-13 12:26:11.797787,2025-12-14 15:26:11.797787,4,53.52
351,PED-14763,Telefone,Pagamento,2025-02-15 04:41:35.715293,2025-02-16 00:41:35.715293,2,56.51
352,PED-14910,Chat,Entrega,2025-12-05 07:40:18.048634,2025-12-06 18:40:18.048634,5,38.15
353,PED-47298,Telefone,Pagamento,2025-09-22 14:49:28.419065,2025-09-24 06:49:28.419065,2,51.81
354,PED-45761,chat,Troca,2025-10-08 07:42:03.074919,2025-10-10 16:42:03.074919,3,13.94
355,PED-94972,Email,troca,2025-12-14 20:43:47.758313,2025-12-17 04:43:47.758313,1,45.51
356,PED-84420,chat,troca,2026-01-23 21:00:07.030360,2026-01-25 08:00:07.030360,5,52.09
357,PED-66059,Email,Troca,2025-07-17 19:10:15.410227,2025-07-19 20:10:15.410227,4,41.81
358,PED-28430,Telefone,Entrega,2025-02-27 20:54:31.888854,2025-02-28 17:54:31.888854,2,5.38
359,PED-40870,Telefone,Entrega,2025-10-31 02:34:36.333241,2025-11-02 01:34:36.333241,3,21.61
360,PED-85088,Chat,Entrega,2025-06-28 15:52:38.075112,2025-07-02 09:52:38.075112,3,43.1
361,PED-97528,Chat,Pagamento,2025-09-21 18:59:21.345457,2025-09-21 23:59:21.345457,3,13.78
362,PED-75866,Email,Troca,2025-08-07 15:16:27.073951,2025-08-11 04:16:27.073951,3,25.21
363,PED-38721,chat,Pagamento,2025-04-04 07:16:21.350471,2025-04-05 09:16:21.350471,2,30.02
364,PED-58971,Telefone,Pagamento,2026-01-01 16:57:04.235628,2026-01-04 19:57:04.235628,5,49.11
365,PED-42435,Chat,Pagamento,2025-12-27 12:43:32.940774,2025-12-28 13:43:32.940774,5,43.71
366,PED-83946,Chat,Troca,2025-09-24 00:35:43.559985,2025-09-24 07:35:43.559985,5,54.66
367,PED-85065,chat,troca,2025-10-24 05:46:30.531523,2025-10-25 04:46:30.531523,3,52.0
368,PED-25235,chat,Pagamento,2025-03-20 10:43:32.711390,2025-03-22 16:43:32.711390,1,54.44
369,PED-17292,Telefone,troca,2025-11-10 16:03:14.881070,2025-11-12 23:03:14.881070,5,27.85
370,PED-17567,Telefone,Entrega,2025-08-27 01:54:45.039626,2025-08-29 23:54:45.039626,1,26.78
371,PED-38560,Chat,Troca,2025-10-18 18:11:10.172564,2025-10-18 16:11:10.172564,4,23.95
372,PED-80931,Chat,Troca,2025-05-07 12:48:02.592401,2025-05-07 18:48:02.592401,4,6.75
373,PED-33590,chat,Pagamento,2025-02-21 20:58:32.918484,2025-02-23 22:58:32.918484,3,59.61
374,PED-68790,Telefone,Pagamento,2025-10-21 11:07:28.563942,2025-10-23 09:07:28.563942,1,42.55
375,PED-80687,chat,Entrega,2025-08-22 06:13:22.119012,2025-08-25 16:13:22.119012,1,14.82
376,PED-61518,chat,troca,2025-02-19 01:14:00.621542,2025-02-21 19:14:00.621542,1,46.59
377,PED-70686,Telefone,Pagamento,2025-12-02 23:15:41.227380,2025-12-04 11:15:41.227380,2,18.61
378,PED-30332,Email,troca,2025-09-27 05:29:46.464412,2025-09-28 23:29:46.464412,1,6.77
379,PED-64950,Chat,troca,2025-10-10 13:23:49.837645,2025-10-13 23:23:49.837645,2,8.7
380,PED-14400,Telefone,Troca,2025-09-24 07:05:23.454914,2025-09-27 09:05:23.454914,2,45.73
381,PED-67535,chat,troca,2025-11-22 04:28:07.678460,2025-11-24 05:28:07.678460,1,12.71
382,PED-40692,Email,Entrega,2025-10-10 23:29:36.739836,2025-10-12 10:29:36.739836,2,21.6
383,PED-96535,chat,Pagamento,2025-04-11 13:40:40.098562,2025-04-12 05:40:40.098562,3,20.13
384,PED-87550,chat,Pagamento,2025-11-25 14:34:03.885441,2025-11-28 11:34:03.885441,5,32.26
385,PED-94320,Telefone,Entrega,2025-04-11 22:28:31.804124,2025-04-13 16:28:31.804124,4,27.45
386,PED-59343,chat,Pagamento,2025-06-07 05:44:10.139383,2025-06-08 17:44:10.139383,2,51.71
387,PED-28920,Telefone,Troca,2026-01-17 13:08:23.218264,2026-01-19 01:08:23.218264,5,27.7
388,PED-83044,chat,Pagamento,2025-02-07 14:51:27.819265,2025-02-09 17:51:27.819265,2,19.02
389,PED-94765,Chat,Pagamento,2025-09-15 15:28:26.480756,2025-09-17 07:28:26.480756,3,10.09
390,PED-34966,Chat,Entrega,2025-06-03 22:24:14.452822,2025-06-07 16:24:14.452822,4,42.05
391,PED-15183,Chat,troca,2025-09-12 14:02:33.594986,2025-09-15 17:02:33.594986,5,44.84
392,PED-38444,Telefone,troca,2025-02-14 22:37:06.663864,2025-02-17 19:37:06.663864,3,21.68
393,PED-37762,chat,Troca,2025-07-22 10:07:16.378867,2025-07-22 09:07:16.378867,4,55.29
394,PED-89220,chat,Pagamento,2026-01-14 22:44:12.790570,2026-01-18 13:44:12.790570,2,35.36
395,PED-59894,Telefone,Entrega,2025-11-02 07:26:01.510093,2025-11-03 17:26:01.510093,3,19.39
396,PED-75179,Telefone,Troca,2025-05-15 22:56:12.003190,2025-05-18 13:56:12.003190,4,46.89
397,PED-36624,Email,Entrega,2026-01-30 07:53:19.533199,2026-01-31 21:53:19.533199,4,7.51
398,PED-29126,Chat,Entrega,2025-10-05 17:56:21.077729,2025-10-06 19:56:21.077729,5,56.41
399,PED-64732,Email,troca,2025-11-12 11:56:08.756299,2025-11-15 11:56:08.756299,2,23.14
400,PED-84683,chat,Pagamento,2025-08-01 21:11:19.460406,2025-08-03 19:11:19.460406,5,41.0
401,PED-54245,Email,Pagamento,2025-05-19 13:41:39.275074,2025-05-23 02:41:39.275074,4,30.35
402,PED-56160,chat,troca,2025-04-21 01:11:06.280674,2025-04-24 20:11:06.280674,5,31.86
403,PED-94123,Chat,Troca,2025-03-05 19:10:45.081886,2025-03-08 14:10:45.081886,1,56.99
404,PED-16358,Chat,Pagamento,2025-05-13 08:24:33.233234,2025-05-16 19:24:33.233234,2,51.34
405,PED-18908,chat,Troca,2025-11-29 00:09:28.011634,2025-11-30 03:09:28.011634,2,32.82
406,PED-17923,Telefone,Pagamento,2026-01-07 08:28:00.105253,2026-01-09 05:28:00.105253,1,5.36
407,PED-63914,Chat,Troca,2025-04-11 17:18:48.264984,2025-04-14 13:18:48.264984,5,44.72
408,PED-47576,Chat,Pagamento,2026-01-17 21:59:40.853418,2026-01-20 15:59:40.853418,2,10.89
409,PED-78732,chat,troca,2025-09-21 02:05:09.543967,2025-09-21 12:05:09.543967,2,39.09
410,PED-56457,Email,Pagamento,2025-06-17 09:13:03.154005,2025-06-18 15:13:03.154005,1,25.52
411,PED-70161,chat,troca,2025-02-19 10:15:36.738417,2025-02-21 11:15:36.738417,3,42.62
412,PED-95686,Chat,Troca,2025-10-26 02:48:44.894019,2025-10-26 10:48:44.894019,4,25.86
413,PED-72390,Chat,Troca,2025-07-24 00:39:20.529205,2025-07-26 20:39:20.529205,2,9.55
414,PED-94529,Email,Troca,2025-05-10 07:28:56.429117,2025-05-12 12:28:56.429117,5,55.55
415,PED-37710,Telefone,Entrega,2025-02-15 23:38:19.903466,2025-02-17 02:38:19.903466,1,55.83
416,PED-46749,Chat,troca,2025-08-27 21:40:18.031078,2025-08-31 10:40:18.031078,3,5.86
417,PED-86943,chat,Pagamento,2025-03-05 14:15:51.055264,2025-03-06 14:15:51.055264,1,21.46
418,PED-41519,Telefone,Entrega,2025-05-26 09:46:25.402779,2025-05-29 07:46:25.402779,4,46.56
419,PED-20279,Email,Troca,2025-11-21 04:42:02.803261,2025-11-21 19:42:02.803261,1,29.04
420,PED-54642,Telefone,Entrega,2025-10-08 21:04:27.878254,2025-10-09 04:04:27.878254,1,39.88
421,PED-74304,chat,Entrega,2025-10-10 09:40:38.200781,2025-10-12 16:40:38.200781,5,56.76
422,PED-34345,Telefone,Troca,2025-05-28 14:27:21.273938,2025-05-30 19:27:21.273938,5,21.25
423,PED-19634,Chat,Entrega,2025-10-30 20:38:44.160058,2025-11-01 01:38:44.160058,2,25.9
424,PED-30221,Telefone,Entrega,2025-11-16 16:29:37.302334,2025-11-19 23:29:37.302334,3,10.86
425,PED-50405,Telefone,Entrega,2025-09-16 12:46:20.413000,2025-09-16 10:46:20.413000,3,10.62
426,PED-34561,Telefone,Pagamento,2025-06-29 12:28:28.325987,2025-06-29 21:28:28.325987,5,35.51
427,PED-23538,Chat,Troca,2025-03-10 18:38:13.761263,2025-03-12 20:38:13.761263,3,35.48
428,PED-88386,Email,Pagamento,2025-06-23 22:18:04.054740,2025-06-27 00:18:04.054740,1,21.05
429,PED-21101,chat,troca,2025-07-30 09:45:25.788009,2025-08-01 08:45:25.788009,4,14.32
430,PED-49469,Email,Pagamento,2025-04-20 13:13:53.679117,2025-04-21 21:13:53.679117,2,8.48
431,PED-46170,Telefone,Entrega,2026-01-11 15:05:26.532889,2026-01-13 20:05:26.532889,4,48.05
432,PED-42990,chat,Pagamento,2025-04-14 13:09:55.692891,2025-04-16 09:09:55.692891,5,38.92
433,PED-24021,chat,Entrega,2025-08-03 20:25:36.160988,2025-08-06 04:25:36.160988,1,57.19
434,PED-91289,Telefone,Entrega,2025-12-12 06:20:24.504961,2025-12-13 22:20:24.504961,4,23.41
435,PED-87908,chat,Entrega,2025-02-10 10:32:02.288844,2025-02-13 19:32:02.288844,3,38.18
436,PED-36326,Telefone,Entrega,2025-06-06 23:18:20.374784,2025-06-10 13:18:20.374784,2,58.05
437,PED-48200,Telefone,troca,2025-05-10 09:30:09.983438,2025-05-11 23:30:09.983438,3,25.68
438,PED-57843,Chat,troca,2025-08-24 06:48:28.780801,2025-08-26 06:48:28.780801,5,59.85
439,PED-99353,Chat,Pagamento,2025-02-27 11:10:20.075031,2025-02-28 08:10:20.075031,2,29.12
440,PED-19064,Telefone,Pagamento,2025-07-17 16:22:59.763941,2025-07-19 03:22:59.763941,2,39.83
441,PED-43119,chat,Pagamento,2025-11-15 08:32:51.357412,2025-11-16 12:32:51.357412,4,9.07
442,PED-72814,Telefone,Pagamento,2025-08-11 21:03:45.754147,2025-08-14 23:03:45.754147,5,7.02
443,PED-80373,Chat,Troca,2025-08-01 01:58:42.010639,2025-08-02 21:58:42.010639,2,41.17
444,PED-31802,Chat,Pagamento,2025-08-01 05:32:36.556163,2025-08-03 00:32:36.556163,3,58.11
445,PED-23886,Chat,Troca,2025-03-07 00:33:51.155212,2025-03-09 05:33:51.155212,3,17.21
446,PED-77999,chat,Pagamento,2025-07-26 16:33:54.428373,2025-07-30 13:33:54.428373,3,26.51
447,PED-99070,chat,Entrega,2025-07-02 16:27:41.557317,2025-07-06 16:27:41.557317,1,31.55
448,PED-64522,Chat,Troca,2025-05-07 08:36:21.835797,2025-05-08 19:36:21.835797,2,24.16
449,PED-69681,chat,Pagamento,2025-06-13 01:01:59.526800,2025-06-14 18:01:59.526800,3,31.19
450,PED-69303,Email,Troca,2025-05-16 13:20:37.268211,2025-05-18 19:20:37.268211,3,7.46
451,PED-25084,Chat,Entrega,2025-05-31 22:14:59.689719,2025-06-04 14:14:59.689719,1,42.24
452,PED-41970,chat,troca,2025-11-28 18:52:34.415383,2025-11-29 13:52:34.415383,3,35.79
453,PED-40389,Telefone,troca,2025-10-23 10:48:32.128367,2025-10-25 19:48:32.128367,2,40.23
454,PED-61849,Chat,troca,2025-05-07 03:00:41.570167,2025-05-09 08:00:41.570167,4,37.57
455,PED-10583,chat,troca,2025-10-25 07:46:47.756625,2025-10-27 06:46:47.756625,3,46.38
456,PED-85674,Chat,troca,2025-04-22 23:26:03.539245,2025-04-23 05:26:03.539245,3,22.93
457,PED-24936,Email,Pagamento,2026-01-20 03:44:14.274528,2026-01-22 11:44:14.274528,5,58.13
458,PED-88246,Telefone,Pagamento,2025-05-10 04:07:23.480013,2025-05-11 18:07:23.480013,5,11.28
459,PED-70012,chat,Entrega,2025-11-02 01:26:15.615761,2025-11-03 20:26:15.615761,5,37.46
460,PED-27556,Email,Troca,2025-06-04 15:50:57.122201,2025-06-08 03:50:57.122201,2,21.8
461,PED-58929,chat,Pagamento,2025-10-17 04:32:50.519934,2025-10-18 01:32:50.519934,4,37.8
462,PED-60293,Telefone,troca,2025-09-20 08:48:34.146646,2025-09-23 07:48:34.146646,4,39.95
463,PED-94575,chat,troca,2025-05-23 18:18:37.879912,2025-05-27 08:18:37.879912,4,20.89
464,PED-51232,Telefone,Troca,2025-10-16 07:17:27.884467,2025-10-17 04:17:27.884467,3,57.35
465,PED-27895,chat,Pagamento,2025-03-20 00:55:16.462093,2025-03-22 12:55:16.462093,5,32.8
466,PED-63626,Telefone,Pagamento,2025-08-15 19:21:41.334415,2025-08-18 08:21:41.334415,4,31.88
467,PED-84107,Chat,troca,2025-10-30 21:07:19.163587,2025-10-31 05:07:19.163587,3,6.8
468,PED-80465,Email,troca,2025-07-30 00:31:16.919797,2025-07-31 02:31:16.919797,4,36.11
469,PED-74921,Chat,Troca,2025-09-06 10:15:22.276894,2025-09-10 10:15:22.276894,3,47.63
470,PED-81046,Chat,Pagamento,2025-10-07 17:51:19.608785,2025-10-09 13:51:19.608785,5,17.02
471,PED-23423,chat,Entrega,2025-06-17 18:00:19.068758,2025-06-19 22:00:19.068758,1,29.74
472,PED-21401,Telefone,Troca,2025-07-18 02:03:48.563477,2025-07-19 20:03:48.563477,2,16.54
473,PED-87060,Email,Pagamento,2026-01-31 09:32:24.556079,2026-02-04 05:32:24.556079,2,38.89
474,PED-37124,Chat,Entrega,2025-09-28 22:01:19.576261,2025-09-29 22:01:19.576261,5,20.46
475,PED-32069,Email,Entrega,2025-10-30 09:11:56.665090,2025-11-02 03:11:56.665090,3,36.5
476,PED-99037,Chat,troca,2025-08-07 14:41:22.045852,2025-08-10 05:41:22.045852,4,55.53
477,PED-95969,chat,troca,2025-11-19 03:52:25.566059,2025-11-20 12:52:25.566059,2,13.04
478,PED-42447,Telefone,Pagamento,2026-01-13 04:40:20.381693,2026-01-14 19:40:20.381693,2,36.76
479,PED-92288,Telefone,Pagamento,2025-10-27 06:36:48.632845,2025-10-28 14:36:48.632845,4,9.15
480,PED-22202,Telefone,Entrega,2025-05-05 02:35:21.101251,2025-05-09 02:35:21.101251,3,30.01
481,PED-52898,Chat,Troca,2025-04-28 06:03:14.956750,2025-04-30 18:03:14.956750,4,39.92
482,PED-56952,Chat,Pagamento,2025-07-23 21:49:54.056999,2025-07-27 12:49:54.056999,2,58.25
483,PED-74843,Email,Entrega,2025-07-26 06:59:27.361132,2025-07-27 07:59:27.361132,3,23.58
484,PED-27117,Telefone,Entrega,2025-07-19 02:50:13.159358,2025-07-22 01:50:13.159358,1,7.53
485,PED-70238,Chat,Troca,2025-03-13 15:22:30.295884,2025-03-16 21:22:30.295884,2,29.27
486,PED-66072,chat,troca,2025-11-12 01:14:58.590673,2025-11-11 23:14:58.590673,3,13.74
487,PED-22234,Email,Entrega,2026-02-01 23:07:00.936084,2026-02-03 08:07:00.936084,1,25.45
488,PED-31695,Chat,Pagamento,2025-05-12 07:29:19.874299,2025-05-15 16:29:19.874299,3,44.93
489,PED-40689,Telefone,Troca,2025-11-09 08:33:35.439579,2025-11-13 06:33:35.439579,1,5.06
490,PED-20215,chat,troca,2025-12-10 12:24:59.455481,2025-12-12 23:24:59.455481,5,42.4
491,PED-11056,Email,Troca,2025-06-08 03:35:50.948668,2025-06-08 02:35:50.948668,4,43.17
492,PED-19283,chat,Pagamento,2025-11-12 10:30:10.856388,2025-11-14 21:30:10.856388,1,45.19
493,PED-23526,Email,Entrega,2025-10-17 10:13:07.818379,2025-10-17 21:13:07.818379,3,12.54
494,PED-27451,chat,Troca,2025-04-15 15:26:56.612159,2025-04-19 13:26:56.612159,5,35.98
495,PED-95199,chat,Pagamento,2025-07-09 20:53:23.620479,2025-07-13 00:53:23.620479,3,44.73
496,PED-29840,Telefone,Pagamento,2025-07-15 12:34:19.475727,2025-07-18 18:34:19.475727,2,9.77
497,PED-28351,Chat,Pagamento,2025-04-20 10:09:51.411569,2025-04-20 20:09:51.411569,3,57.98
498,PED-28327,chat,Entrega,2025-12-15 19:00:34.207259,2025-12-17 09:00:34.207259,1,18.65
499,PED-88644,Email,Troca,2025-12-11 16:27:27.511444,2025-12-14 18:27:27.511444,3,16.3
500,PED-76784,chat,Pagamento,2025-11-03 00:57:41.225620,2025-11-06 03:57:41.225620,3,40.54
501,PED-74865,Telefone,Troca,2025-06-03 01:24:01.385211,2025-06-04 05:24:01.385211,2,32.48
502,PED-19307,Chat,Entrega,2025-10-23 05:11:43.248740,2025-10-26 07:11:43.248740,3,12.26
503,PED-65163,Email,troca,2025-07-09 21:46:51.081484,2025-07-12 19:46:51.081484,4,57.49
504,PED-19567,Chat,Troca,2025-03-22 11:19:16.722661,2025-03-26 11:19:16.722661,1,19.42
505,PED-17925,Telefone,Entrega,2025-04-18 14:27:25.911249,2025-04-18 17:27:25.911249,5,47.19
506,PED-62727,Chat,troca,2025-09-01 17:34:18.492672,2025-09-03 21:34:18.492672,3,9.6
507,PED-77017,chat,troca,2025-07-13 22:54:26.524623,2025-07-14 06:54:26.524623,5,22.97
508,PED-93138,Chat,Entrega,2025-11-21 10:48:27.397945,2025-11-24 11:48:27.397945,4,45.15
509,PED-17589,chat,Troca,2025-12-03 10:45:26.283087,2025-12-04 14:45:26.283087,4,11.38
510,PED-89800,Chat,Entrega,2026-01-11 19:22:07.343281,2026-01-14 23:22:07.343281,2,11.57
511,PED-27984,Chat,troca,2025-04-01 14:16:32.484669,2025-04-05 06:16:32.484669,4,57.42
512,PED-77793,Email,troca,2025-08-23 11:24:42.394043,2025-08-26 03:24:42.394043,3,11.98
513,PED-25473,Chat,Entrega,2025-09-01 14:01:42.853188,2025-09-02 22:01:42.853188,4,19.96
514,PED-44465,Chat,Pagamento,2025-05-14 03:36:45.503206,2025-05-14 09:36:45.503206,4,33.09
515,PED-75484,chat,Entrega,2025-06-22 10:43:48.653825,2025-06-22 15:43:48.653825,2,19.03
516,PED-85223,Chat,troca,2025-02-23 13:32:40.229375,2025-02-24 00:32:40.229375,5,5.14
517,PED-42053,Chat,Pagamento,2025-08-10 02:33:12.110401,2025-08-10 01:33:12.110401,3,26.06
518,PED-33456,Chat,Pagamento,2025-08-23 18:51:40.425269,2025-08-24 11:51:40.425269,2,22.7
519,PED-51934,Email,Troca,2025-06-23 07:50:06.759876,2025-06-25 10:50:06.759876,5,25.5
520,PED-98254,Chat,troca,2025-08-27 06:15:15.336761,2025-08-29 20:15:15.336761,2,49.24
521,PED-62550,Chat,Pagamento,2025-10-02 01:56:22.633344,2025-10-02 04:56:22.633344,3,47.54
522,PED-52899,Chat,Pagamento,2025-02-26 10:31:42.628526,2025-02-27 23:31:42.628526,1,25.29
523,PED-83899,Email,troca,2025-04-09 06:02:08.411608,2025-04-10 17:02:08.411608,4,25.26
524,PED-35614,chat,troca,2025-04-09 10:03:42.177354,2025-04-11 23:03:42.177354,1,56.28
525,PED-40539,Email,Troca,2025-11-12 17:46:13.813308,2025-11-12 18:46:13.813308,3,5.08
526,PED-59319,Email,Troca,2025-03-12 06:20:31.546554,2025-03-15 16:20:31.546554,2,34.14
527,PED-65026,Telefone,Troca,2025-08-22 13:10:23.134400,2025-08-23 17:10:23.134400,2,44.14
528,PED-15754,chat,Pagamento,2025-04-30 11:59:19.370036,2025-04-30 20:59:19.370036,3,30.22
529,PED-21128,Chat,troca,2025-04-20 16:27:05.980510,2025-04-24 13:27:05.980510,4,9.12
530,PED-18163,Telefone,troca,2026-01-08 22:43:08.953809,2026-01-11 20:43:08.953809,2,21.04
531,PED-61505,Email,Entrega,2025-03-12 14:11:55.074282,2025-03-14 04:11:55.074282,4,19.96
532,PED-36569,chat,Troca,2025-03-17 01:00:32.280381,2025-03-17 08:00:32.280381,2,10.81
533,PED-71086,Email,Pagamento,2025-02-27 20:00:11.192430,2025-03-02 03:00:11.192430,1,34.48
534,PED-37215,Telefone,Entrega,2025-11-20 01:41:18.456144,2025-11-24 01:41:18.456144,4,19.58
535,PED-21851,chat,Entrega,2025-06-19 08:13:53.079519,2025-06-19 21:13:53.079519,5,7.22
536,PED-29441,Chat,troca,2025-06-12 00:59:49.756390,2025-06-13 15:59:49.756390,3,26.79
537,PED-98759,Email,Entrega,2025-05-20 18:02:40.829907,2025-05-20 22:02:40.829907,2,6.71
538,PED-69270,chat,Troca,2025-08-26 16:00:28.423965,2025-08-28 17:00:28.423965,4,10.6
539,PED-25919,Chat,Troca,2025-06-05 20:25:04.135218,2025-06-06 11:25:04.135218,2,12.19
540,PED-58790,Chat,Entrega,2025-06-29 10:11:54.447758,2025-07-01 11:11:54.447758,1,6.2
541,PED-35919,Telefone,troca,2025-12-27 02:04:22.267570,2025-12-27 08:04:22.267570,1,54.78
542,PED-26059,Chat,Pagamento,2025-02-22 00:30:44.474599,2025-02-23 16:30:44.474599,1,14.24
543,PED-66774,Telefone,Pagamento,2025-12-22 00:22:26.774193,2025-12-24 23:22:26.774193,1,26.05
544,PED-32650,Email,troca,2025-02-23 22:15:41.431507,2025-02-26 02:15:41.431507,2,20.12
545,PED-29481,Chat,troca,2025-10-08 06:53:20.636962,2025-10-10 13:53:20.636962,3,32.44
546,PED-72787,Chat,Troca,2025-11-05 03:10:53.035236,2025-11-07 23:10:53.035236,3,26.07
547,PED-36143,chat,Troca,2025-05-15 15:22:02.916131,2025-05-17 18:22:02.916131,4,48.01
548,PED-72873,Telefone,Entrega,2025-08-26 18:06:24.558722,2025-08-28 13:06:24.558722,5,32.63
549,PED-45446,chat,Troca,2025-05-03 17:25:41.668582,2025-05-05 16:25:41.668582,3,37.84
550,PED-46822,Chat,Pagamento,2025-05-29 09:03:47.318596,2025-05-29 10:03:47.318596,5,24.66
551,PED-40508,chat,Troca,2025-06-19 06:23:21.871316,2025-06-22 06:23:21.871316,2,41.13
552,PED-79951,Chat,troca,2025-10-08 17:27:30.135165,2025-10-10 01:27:30.135165,5,51.56
553,PED-56504,chat,troca,2025-10-16 05:30:26.214796,2025-10-18 04:30:26.214796,2,37.59
554,PED-57026,Chat,Entrega,2025-11-15 17:13:44.172104,2025-11-19 13:13:44.172104,5,36.0
555,PED-34672,Telefone,Entrega,2025-07-13 19:39:26.656161,2025-07-16 17:39:26.656161,2,31.97
556,PED-17362,chat,troca,2025-12-25 11:46:48.560826,2025-12-25 20:46:48.560826,1,33.95
557,PED-53481,chat,troca,2025-08-18 01:10:21.862496,2025-08-17 23:10:21.862496,3,44.43
558,PED-17806,Chat,troca,2025-07-11 02:04:24.194920,2025-07-12 17:04:24.194920,5,43.76
559,PED-24538,Email,Troca,2025-10-08 23:35:23.508473,2025-10-09 15:35:23.508473,3,43.75
560,PED-61851,Chat,Entrega,2026-01-30 16:43:24.654890,2026-02-03 02:43:24.654890,3,22.74
561,PED-67261,Telefone,Entrega,2025-07-17 08:35:41.852359,2025-07-18 02:35:41.852359,2,43.9
562,PED-90440,Email,troca,2025-12-26 01:54:25.895702,2025-12-28 22:54:25.895702,5,49.79
563,PED-50215,Email,troca,2025-06-17 05:38:40.684222,2025-06-19 03:38:40.684222,2,45.09
564,PED-85082,Telefone,Troca,2025-12-04 21:23:55.881577,2025-12-08 12:23:55.881577,2,38.13
565,PED-38953,Chat,Pagamento,2025-10-09 14:27:49.307596,2025-10-12 18:27:49.307596,2,23.21
566,PED-41194,Email,Entrega,2025-10-28 17:30:03.632063,2025-10-29 00:30:03.632063,2,39.99
567,PED-97821,Email,Pagamento,2025-10-29 22:27:47.356222,2025-10-30 07:27:47.356222,1,19.59
568,PED-18885,Email,Entrega,2025-09-06 00:38:36.313654,2025-09-07 05:38:36.313654,1,44.62
569,PED-60585,Telefone,Pagamento,2025-07-29 15:36:06.550728,2025-07-29 19:36:06.550728,2,53.65
570,PED-59638,Email,Pagamento,2025-08-02 00:26:23.177697,2025-08-04 13:26:23.177697,1,50.58
571,PED-95323,chat,troca,2025-09-21 13:23:34.764178,2025-09-24 12:23:34.764178,4,9.05
572,PED-48654,Chat,Entrega,2025-06-30 08:30:28.662813,2025-06-30 10:30:28.662813,3,57.34
573,PED-54801,chat,Pagamento,2025-11-07 16:07:00.536697,2025-11-07 23:07:00.536697,2,45.26
574,PED-22203,Email,Pagamento,2025-06-04 09:16:43.409831,2025-06-07 05:16:43.409831,1,28.72
575,PED-31626,Telefone,troca,2025-11-18 16:51:48.237878,2025-11-22 01:51:48.237878,1,10.57
576,PED-34901,Telefone,Entrega,2026-01-01 00:02:03.128131,2026-01-02 00:02:03.128131,3,21.36
577,PED-16505,Telefone,Pagamento,2025-06-13 05:57:56.247550,2025-06-13 15:57:56.247550,2,8.0
578,PED-66047,Chat,Entrega,2025-09-29 10:11:31.752445,2025-09-29 08:11:31.752445,5,31.42
579,PED-13373,chat,troca,2025-04-22 20:46:57.985856,2025-04-23 06:46:57.985856,3,58.74
580,PED-25139,Email,Pagamento,2025-02-10 00:22:10.311262,2025-02-12 10:22:10.311262,4,31.9
581,PED-44734,Chat,Pagamento,2025-07-15 00:13:39.654474,2025-07-18 10:13:39.654474,2,25.41
582,PED-58418,chat,Pagamento,2025-06-01 19:55:09.649767,2025-06-03 17:55:09.649767,1,19.48
583,PED-44524,chat,Entrega,2026-01-10 01:46:22.168190,2026-01-12 10:46:22.168190,5,8.39
584,PED-97486,Chat,Troca,2025-07-13 08:53:59.868523,2025-07-17 06:53:59.868523,3,49.45
585,PED-87296,chat,Troca,2025-12-28 16:13:56.271865,2025-12-30 18:13:56.271865,4,50.01
586,PED-80190,Telefone,troca,2025-02-08 13:16:59.766982,2025-02-10 16:16:59.766982,4,21.44
587,PED-14551,chat,Troca,2025-08-06 18:02:36.195169,2025-08-08 18:02:36.195169,4,14.51
588,PED-37772,chat,troca,2025-09-09 11:48:40.130259,2025-09-10 06:48:40.130259,1,28.29
589,PED-67067,chat,troca,2025-08-04 00:28:19.565638,2025-08-07 13:28:19.565638,5,19.18
590,PED-18783,Chat,Pagamento,2025-10-08 20:35:12.918111,2025-10-12 15:35:12.918111,5,26.85
591,PED-46202,Telefone,Troca,2025-07-01 19:29:20.506335,2025-07-03 10:29:20.506335,5,37.32
592,PED-24748,Telefone,troca,2026-01-23 08:19:01.478543,2026-01-25 11:19:01.478543,2,36.16
593,PED-23133,Chat,Troca,2025-04-12 22:43:09.434675,2025-04-15 22:43:09.434675,3,52.71
594,PED-63856,Email,Pagamento,2025-09-06 17:46:06.627044,2025-09-08 11:46:06.627044,4,36.46
595,PED-14910,chat,Entrega,2025-04-30 16:17:54.655254,2025-05-03 02:17:54.655254,4,12.91
596,PED-99235,Telefone,Troca,2025-12-13 00:55:06.375046,2025-12-16 03:55:06.375046,4,53.93
597,PED-41139,Chat,Pagamento,2025-05-18 18:19:14.078058,2025-05-20 10:19:14.078058,3,54.34
598,PED-54284,Email,Entrega,2025-09-07 07:14:20.240339,2025-09-07 07:14:20.240339,3,51.36
599,PED-99764,Chat,troca,2025-11-05 05:50:03.777262,2025-11-08 20:50:03.777262,2,21.53
600,PED-68079,Email,Entrega,2025-04-05 10:11:50.682460,2025-04-09 07:11:50.682460,4,38.27
601,PED-34633,Telefone,troca,2025-07-13 07:18:46.933503,2025-07-13 16:18:46.933503,4,45.75
602,PED-77698,Email,Troca,2026-01-20 22:33:19.970453,2026-01-24 21:33:19.970453,5,48.53
603,PED-50779,Telefone,troca,2025-04-30 09:23:14.033373,2025-04-30 15:23:14.033373,5,53.36
604,PED-32772,chat,troca,2025-05-03 00:47:09.862922,2025-05-03 01:47:09.862922,1,18.72
605,PED-16626,Email,troca,2025-02-19 13:04:12.105761,2025-02-21 21:04:12.105761,3,25.26
606,PED-76207,Telefone,Troca,2025-09-22 20:20:57.388734,2025-09-25 05:20:57.388734,1,18.31
607,PED-87862,Telefone,troca,2025-08-01 14:46:11.416884,2025-08-04 02:46:11.416884,4,37.28
608,PED-55121,chat,Entrega,2026-01-25 21:33:30.912552,2026-01-27 15:33:30.912552,1,20.68
609,PED-16507,chat,troca,2025-12-29 07:15:51.401901,2025-12-31 06:15:51.401901,2,40.61
610,PED-37096,Email,Pagamento,2025-08-09 01:05:20.282853,2025-08-12 13:05:20.282853,5,6.1
611,PED-99417,Chat,Pagamento,2025-08-14 17:30:27.380534,2025-08-18 17:30:27.380534,2,40.61
612,PED-11109,chat,Entrega,2025-06-28 11:37:43.947071,2025-07-01 13:37:43.947071,5,49.28
613,PED-94245,Email,Pagamento,2025-03-28 22:07:42.532073,2025-03-30 11:07:42.532073,4,51.84
614,PED-43029,chat,Pagamento,2025-08-24 10:20:09.918048,2025-08-26 18:20:09.918048,3,42.25
615,PED-62055,Chat,Troca,2025-04-27 04:51:33.822564,2025-04-30 09:51:33.822564,5,59.97
616,PED-83591,Email,Entrega,2026-01-04 10:37:15.314559,2026-01-06 07:37:15.314559,1,31.5
617,PED-46239,Email,Entrega,2025-11-14 22:18:55.358023,2025-11-16 15:18:55.358023,3,41.09
618,PED-49163,chat,troca,2025-02-23 04:16:32.998882,2025-02-26 13:16:32.998882,5,47.1
619,PED-88647,Telefone,Entrega,2025-12-21 10:56:30.309436,2025-12-21 15:56:30.309436,2,44.67
620,PED-75191,Email,Entrega,2025-05-06 13:31:41.249012,2025-05-09 22:31:41.249012,4,27.25
621,PED-14629,chat,Entrega,2025-09-21 02:31:32.832682,2025-09-24 22:31:32.832682,2,42.75
622,PED-72355,Email,Entrega,2025-08-29 11:38:46.430998,2025-09-01 18:38:46.430998,2,51.24
623,PED-33741,Email,Troca,2025-02-23 15:57:51.708621,2025-02-26 12:57:51.708621,4,12.04
624,PED-83273,chat,Entrega,2025-02-24 13:01:10.983214,2025-02-25 20:01:10.983214,1,17.22
625,PED-50250,Telefone,Entrega,2025-11-13 05:17:24.586586,2025-11-14 07:17:24.586586,3,19.33
626,PED-70786,Chat,Pagamento,2025-08-25 04:49:23.163262,2025-08-26 15:49:23.163262,1,52.65
627,PED-86062,Chat,Pagamento,2025-03-11 03:23:48.178169,2025-03-14 03:23:48.178169,2,32.53
628,PED-60026,Email,Pagamento,2025-02-15 02:24:06.061983,2025-02-18 15:24:06.061983,1,52.9
629,PED-28004,chat,Entrega,2025-03-05 17:40:31.525152,2025-03-06 10:40:31.525152,4,59.3
630,PED-28772,Email,troca,2025-12-28 18:21:11.743996,2025-12-31 02:21:11.743996,1,31.82
631,PED-33176,Email,Troca,2025-11-29 15:31:41.664105,2025-12-02 21:31:41.664105,1,29.86
632,PED-32099,chat,Pagamento,2025-03-23 08:49:07.472866,2025-03-24 08:49:07.472866,1,12.12
633,PED-93032,Telefone,Pagamento,2025-05-28 05:13:36.278297,2025-05-30 10:13:36.278297,4,58.09
634,PED-10611,Chat,troca,2025-10-22 03:22:53.602043,2025-10-24 02:22:53.602043,3,57.25
635,PED-79603,chat,Troca,2025-05-16 14:53:12.053490,2025-05-18 05:53:12.053490,1,39.47
636,PED-39657,Email,Entrega,2025-02-26 20:02:42.676946,2025-02-28 01:02:42.676946,2,10.65
637,PED-87158,Email,troca,2025-06-12 13:49:20.182821,2025-06-15 03:49:20.182821,1,50.31
638,PED-48119,Telefone,Entrega,2025-09-19 11:56:33.489752,2025-09-20 23:56:33.489752,4,53.84
639,PED-54922,Telefone,Entrega,2025-04-16 01:05:25.542319,2025-04-16 16:05:25.542319,2,14.07
640,PED-12506,chat,troca,2025-08-05 02:31:54.151470,2025-08-07 03:31:54.151470,2,16.62
641,PED-87292,chat,Troca,2025-04-11 03:42:42.022671,2025-04-11 03:42:42.022671,3,44.11
642,PED-59177,Email,Troca,2025-09-19 00:26:24.165116,2025-09-19 02:26:24.165116,5,59.71
643,PED-24170,Chat,Troca,2025-11-20 10:25:32.116093,2025-11-23 20:25:32.116093,1,27.92
644,PED-26199,Email,Pagamento,2025-08-01 10:07:03.527463,2025-08-03 08:07:03.527463,2,16.3
645,PED-92616,Chat,Entrega,2025-06-18 00:38:57.090984,2025-06-21 13:38:57.090984,4,41.39
646,PED-78197,Email,troca,2025-12-14 20:15:44.772010,2025-12-18 06:15:44.772010,4,50.69
647,PED-77054,Chat,Entrega,2025-04-10 18:33:12.010653,2025-04-11 05:33:12.010653,1,48.16
648,PED-36037,chat,Entrega,2025-07-24 06:43:03.937348,2025-07-26 19:43:03.937348,5,58.52
649,PED-63707,Email,troca,2025-04-21 06:29:51.909880,2025-04-23 01:29:51.909880,1,35.15
650,PED-73001,Email,troca,2025-03-07 18:13:20.751243,2025-03-08 18:13:20.751243,1,5.7
651,PED-24474,Telefone,troca,2025-07-24 11:11:51.254911,2025-07-24 20:11:51.254911,1,47.87
652,PED-23276,Email,troca,2025-02-07 02:54:24.354865,2025-02-07 09:54:24.354865,4,59.38
653,PED-44619,Telefone,Troca,2025-11-14 11:13:19.562400,2025-11-15 22:13:19.562400,1,49.72
654,PED-48085,Email,Entrega,2025-09-23 02:25:05.598037,2025-09-23 05:25:05.598037,4,45.62
655,PED-16014,Chat,troca,2025-02-24 20:22:31.820580,2025-02-25 06:22:31.820580,2,23.08
656,PED-91501,Email,Troca,2025-08-16 14:58:08.534964,2025-08-18 20:58:08.534964,3,49.82
657,PED-24920,Telefone,Pagamento,2025-10-02 15:16:01.240846,2025-10-03 12:16:01.240846,4,19.95
658,PED-72684,Telefone,troca,2025-06-01 00:52:37.689607,2025-06-02 23:52:37.689607,1,12.29
659,PED-17686,chat,Troca,2025-10-06 19:49:26.557244,2025-10-10 13:49:26.557244,4,55.12
660,PED-84572,Telefone,troca,2025-06-12 06:42:09.432155,2025-06-14 17:42:09.432155,5,25.89
661,PED-90131,Chat,troca,2025-04-18 04:39:09.607896,2025-04-19 23:39:09.607896,4,55.62
662,PED-63907,Telefone,Troca,2025-03-25 04:41:22.616339,2025-03-25 16:41:22.616339,1,19.39
663,PED-11620,chat,Entrega,2026-01-20 03:15:23.543753,2026-01-21 17:15:23.543753,5,33.77
664,PED-91033,Chat,Pagamento,2025-12-02 04:36:39.682839,2025-12-05 19:36:39.682839,2,31.51
665,PED-98643,Telefone,troca,2025-10-17 23:17:57.667811,2025-10-21 09:17:57.667811,5,54.06
666,PED-17152,Chat,troca,2025-08-18 08:35:17.782871,2025-08-21 12:35:17.782871,5,51.69
667,PED-31679,Chat,Pagamento,2025-02-20 01:18:18.603067,2025-02-22 14:18:18.603067,3,18.25
668,PED-16599,chat,Pagamento,2026-01-20 23:55:09.776949,2026-01-22 08:55:09.776949,4,49.94
669,PED-70174,Telefone,Pagamento,2025-12-11 06:36:19.605466,2025-12-11 14:36:19.605466,1,52.11
670,PED-51426,Chat,Pagamento,2025-07-09 01:39:21.772002,2025-07-11 08:39:21.772002,1,10.65
671,PED-14696,Chat,Troca,2025-11-24 05:52:55.089788,2025-11-26 07:52:55.089788,5,57.97
672,PED-49924,chat,Pagamento,2025-03-01 06:28:31.744315,2025-03-04 13:28:31.744315,3,24.98
673,PED-39218,Telefone,Entrega,2025-11-14 00:32:20.134716,2025-11-14 04:32:20.134716,5,47.21
674,PED-72014,Email,Pagamento,2026-01-18 20:45:13.489655,2026-01-21 22:45:13.489655,1,10.36
675,PED-39064,Chat,Entrega,2025-11-12 15:49:22.026178,2025-11-16 01:49:22.026178,3,50.64
676,PED-81786,Email,Troca,2025-03-10 03:40:53.304540,2025-03-11 14:40:53.304540,1,54.33
677,PED-28408,Telefone,Troca,2025-07-02 03:16:43.793149,2025-07-04 16:16:43.793149,3,38.6
678,PED-25826,Telefone,troca,2025-07-15 20:02:39.783134,2025-07-16 18:02:39.783134,4,50.35
679,PED-54293,Chat,Pagamento,2026-01-05 07:30:02.555069,2026-01-06 05:30:02.555069,1,55.96
680,PED-87176,Chat,Pagamento,2026-01-21 12:17:47.531119,2026-01-25 00:17:47.531119,4,41.22
681,PED-27647,Telefone,Troca,2025-06-06 09:33:19.930618,2025-06-08 23:33:19.930618,5,45.49
682,PED-66729,Telefone,troca,2025-10-20 14:26:30.376358,2025-10-23 10:26:30.376358,5,14.55
683,PED-23573,Telefone,Entrega,2025-05-21 13:29:01.761557,2025-05-22 03:29:01.761557,5,53.48
684,PED-89822,chat,Entrega,2025-04-29 02:42:57.712703,2025-05-01 05:42:57.712703,4,58.0
685,PED-69355,chat,troca,2025-11-18 13:00:14.335484,2025-11-20 00:00:14.335484,4,38.14
686,PED-77147,Email,Entrega,2025-02-14 22:31:13.006629,2025-02-18 19:31:13.006629,5,39.79
687,PED-37487,Email,Entrega,2025-02-07 10:16:42.630324,2025-02-08 09:16:42.630324,2,58.97
688,PED-33306,Email,Troca,2025-03-20 21:30:25.765587,2025-03-24 06:30:25.765587,3,35.93
689,PED-84794,Telefone,Entrega,2026-01-22 05:46:28.732358,2026-01-25 05:46:28.732358,4,49.46
690,PED-23955,Chat,Pagamento,2025-10-03 10:45:34.233305,2025-10-06 02:45:34.233305,2,7.92
691,PED-36201,Email,troca,2025-03-04 07:57:19.116809,2025-03-04 12:57:19.116809,3,42.59
692,PED-18130,Email,troca,2025-11-28 06:08:02.004545,2025-11-28 22:08:02.004545,5,6.78
693,PED-23432,chat,Pagamento,2026-01-14 18:07:02.610735,2026-01-17 01:07:02.610735,2,33.1
694,PED-47701,Chat,Pagamento,2025-12-22 04:55:11.810836,2025-12-25 19:55:11.810836,4,27.91
695,PED-50980,Chat,Troca,2025-11-28 09:07:40.735308,2025-12-01 22:07:40.735308,3,16.17
696,PED-39563,Email,troca,2025-03-26 23:23:17.952258,2025-03-29 05:23:17.952258,2,21.18
697,PED-99477,Chat,troca,2025-03-01 13:45:05.077224,2025-03-02 09:45:05.077224,2,45.43
698,PED-59440,Chat,Pagamento,2025-11-10 17:52:37.372636,2025-11-11 06:52:37.372636,3,35.61
699,PED-31093,Email,Troca,2025-03-01 06:33:43.491400,2025-03-01 20:33:43.491400,3,30.65
700,PED-15235,chat,Entrega,2025-11-14 16:58:38.268681,2025-11-15 09:58:38.268681,5,7.8
701,PED-90689,Email,Pagamento,2025-07-22 03:42:11.994037,2025-07-25 09:42:11.994037,5,35.26
702,PED-51662,chat,troca,2025-12-19 17:09:09.057739,2025-12-20 00:09:09.057739,5,8.75
703,PED-30889,Telefone,Pagamento,2025-03-13 23:01:35.446878,2025-03-16 13:01:35.446878,1,24.22
704,PED-96944,Email,Entrega,2025-06-25 07:17:06.377336,2025-06-26 08:17:06.377336,3,21.15
705,PED-91039,Telefone,Troca,2025-09-20 04:22:12.073670,2025-09-24 02:22:12.073670,1,41.79
706,PED-41502,chat,Troca,2025-03-14 01:48:34.159473,2025-03-16 08:48:34.159473,3,25.98
707,PED-60577,Email,Entrega,2025-03-02 02:48:40.401953,2025-03-02 14:48:40.401953,1,55.12
708,PED-59146,Telefone,Pagamento,2025-05-09 13:10:05.200995,2025-05-13 13:10:05.200995,1,21.3
709,PED-35232,Email,Troca,2025-11-18 18:00:58.957435,2025-11-22 03:00:58.957435,1,14.21
710,PED-80513,Chat,Troca,2025-03-24 17:01:21.397731,2025-03-28 17:01:21.397731,2,41.87
711,PED-99837,Telefone,Troca,2025-10-21 11:17:05.416295,2025-10-22 12:17:05.416295,2,34.58
712,PED-67047,Chat,troca,2025-06-18 05:45:19.711159,2025-06-21 20:45:19.711159,1,30.26
713,PED-14965,Chat,Troca,2025-08-02 15:47:09.934628,2025-08-04 07:47:09.934628,1,14.79
714,PED-83149,Chat,troca,2025-11-07 23:04:51.445188,2025-11-09 05:04:51.445188,3,27.42
715,PED-92603,Telefone,Pagamento,2025-03-12 14:54:32.070677,2025-03-14 21:54:32.070677,3,5.93
716,PED-25506,Chat,Troca,2025-06-29 23:38:41.461927,2025-07-03 11:38:41.461927,5,7.5
717,PED-56884,Chat,Entrega,2025-11-06 07:44:08.526178,2025-11-06 14:44:08.526178,3,38.36
718,PED-67367,Telefone,Pagamento,2025-02-27 21:02:13.846768,2025-03-01 07:02:13.846768,1,31.07
719,PED-38818,chat,Pagamento,2025-06-23 02:32:25.240262,2025-06-25 20:32:25.240262,5,21.22
720,PED-28884,Email,Entrega,2026-01-27 06:27:34.897999,2026-01-30 13:27:34.897999,1,35.44
721,PED-28530,Chat,Troca,2025-02-22 17:55:07.480371,2025-02-25 14:55:07.480371,1,36.5
722,PED-80405,Chat,Entrega,2025-10-09 18:06:18.388624,2025-10-11 18:06:18.388624,2,46.16
723,PED-55069,chat,Pagamento,2025-07-15 06:34:13.518596,2025-07-19 00:34:13.518596,5,12.84
724,PED-38939,Email,troca,2025-10-02 22:25:57.570452,2025-10-03 19:25:57.570452,1,14.97
725,PED-17128,Telefone,Troca,2025-04-08 09:40:50.374274,2025-04-11 07:40:50.374274,3,41.94
726,PED-22871,chat,Pagamento,2025-06-15 00:41:07.811670,2025-06-16 06:41:07.811670,3,24.64
727,PED-95914,chat,Troca,2026-01-06 18:43:18.587529,2026-01-10 05:43:18.587529,3,39.07
728,PED-51652,Telefone,Pagamento,2025-09-21 19:40:05.376306,2025-09-22 17:40:05.376306,3,38.9
729,PED-86568,chat,Entrega,2025-03-19 11:50:42.427881,2025-03-21 00:50:42.427881,3,57.73
730,PED-10633,Email,troca,2026-01-06 18:01:00.021602,2026-01-07 13:01:00.021602,2,44.17
731,PED-67163,Email,Entrega,2025-06-23 01:38:06.765906,2025-06-26 09:38:06.765906,2,42.38
732,PED-72908,Telefone,Pagamento,2025-02-12 15:48:47.098580,2025-02-14 07:48:47.098580,3,47.61
733,PED-82308,Chat,troca,2025-10-05 12:11:57.710719,2025-10-08 00:11:57.710719,5,9.51
734,PED-28350,chat,Entrega,2025-09-18 17:44:05.658167,2025-09-20 02:44:05.658167,1,45.01
735,PED-76476,Chat,Pagamento,2025-11-22 06:25:22.769186,2025-11-22 06:25:22.769186,5,16.7
736,PED-82298,Email,Pagamento,2025-05-23 10:06:21.172563,2025-05-23 12:06:21.172563,2,25.12
737,PED-87280,Email,troca,2025-10-30 09:51:27.757771,2025-10-31 11:51:27.757771,4,32.56
738,PED-62007,Email,Troca,2026-01-26 12:49:07.589272,2026-01-26 21:49:07.589272,2,51.64
739,PED-99674,chat,troca,2025-12-16 09:36:05.656673,2025-12-19 13:36:05.656673,4,13.76
740,PED-84162,chat,Pagamento,2025-04-28 12:00:50.869167,2025-05-01 10:00:50.869167,3,7.22
741,PED-73916,chat,Troca,2025-02-26 22:48:26.880947,2025-03-02 21:48:26.880947,3,25.32
742,PED-97632,chat,Entrega,2025-06-01 21:19:19.392649,2025-06-02 00:19:19.392649,4,30.83
743,PED-16086,Chat,Entrega,2025-07-10 12:41:29.442169,2025-07-12 20:41:29.442169,1,43.71
744,PED-93042,Email,Entrega,2026-01-31 01:19:14.199628,2026-02-02 17:19:14.199628,5,34.94
745,PED-59369,Telefone,Entrega,2026-01-26 19:07:31.649564,2026-01-27 15:07:31.649564,5,40.93
746,PED-77720,Email,Pagamento,2025-08-03 06:58:27.891057,2025-08-03 13:58:27.891057,2,33.4
747,PED-55224,Telefone,Pagamento,2025-05-07 02:35:04.661739,2025-05-08 21:35:04.661739,5,5.36
748,PED-67658,chat,troca,2025-02-20 07:07:35.428704,2025-02-20 22:07:35.428704,1,33.3
749,PED-37723,chat,troca,2025-02-03 21:31:46.209720,2025-02-05 06:31:46.209720,2,24.92
750,PED-25509,chat,Pagamento,2025-03-06 12:09:48.460560,2025-03-10 05:09:48.460560,3,44.61
751,PED-98503,Telefone,Pagamento,2025-09-07 10:18:17.756962,2025-09-09 21:18:17.756962,2,37.49
752,PED-63857,Chat,troca,2025-03-19 19:28:14.544201,2025-03-23 03:28:14.544201,1,12.03
753,PED-31119,chat,Troca,2026-01-13 12:38:20.527427,2026-01-16 13:38:20.527427,5,13.08
754,PED-43850,chat,Pagamento,2025-05-16 07:12:46.947828,2025-05-17 02:12:46.947828,5,58.31
755,PED-12440,Email,Troca,2025-03-22 15:36:10.525747,2025-03-25 22:36:10.525747,2,29.71
756,PED-73133,chat,troca,2026-01-20 07:41:12.198337,2026-01-22 17:41:12.198337,4,38.05
757,PED-33839,Email,troca,2025-07-27 15:10:27.946285,2025-07-30 15:10:27.946285,3,55.73
758,PED-87410,Chat,troca,2025-11-24 06:13:48.701813,2025-11-27 08:13:48.701813,4,26.2
759,PED-12170,chat,Pagamento,2025-07-06 03:10:22.231558,2025-07-06 14:10:22.231558,2,38.3
760,PED-72373,Chat,Troca,2025-10-31 15:02:10.727561,2025-11-01 11:02:10.727561,1,31.52
761,PED-89098,Chat,Pagamento,2025-10-28 07:20:42.551980,2025-10-28 21:20:42.551980,5,28.14
762,PED-79444,Telefone,troca,2025-04-30 21:34:25.121756,2025-05-01 00:34:25.121756,4,48.43
763,PED-55943,Chat,Pagamento,2025-10-21 12:14:32.377568,2025-10-23 10:14:32.377568,2,19.0
764,PED-40475,Chat,Entrega,2025-12-07 07:41:00.033724,2025-12-11 07:41:00.033724,5,53.22
765,PED-43791,chat,Troca,2025-02-16 06:04:57.692522,2025-02-18 08:04:57.692522,1,36.79
766,PED-78126,Chat,Pagamento,2025-03-15 04:33:25.737489,2025-03-15 17:33:25.737489,2,42.83
767,PED-63588,Email,Troca,2025-11-14 23:57:25.602138,2025-11-16 13:57:25.602138,2,28.43
768,PED-43244,Email,Pagamento,2025-07-22 03:54:33.829252,2025-07-25 03:54:33.829252,5,25.11
769,PED-99208,Telefone,troca,2025-05-29 15:06:40.903940,2025-05-31 00:06:40.903940,4,35.37
770,PED-73238,chat,Entrega,2025-02-11 04:14:03.817964,2025-02-14 01:14:03.817964,5,35.52
771,PED-50193,Email,Pagamento,2025-03-30 07:00:57.188042,2025-03-31 13:00:57.188042,2,52.02
772,PED-25608,chat,Pagamento,2025-05-01 12:53:05.324542,2025-05-04 22:53:05.324542,2,10.52
773,PED-62502,Email,Troca,2025-03-28 21:44:57.930143,2025-03-31 12:44:57.930143,2,26.4
774,PED-10693,Chat,troca,2025-05-16 08:30:21.345695,2025-05-19 15:30:21.345695,4,55.92
775,PED-21552,Chat,Entrega,2026-01-29 00:03:28.686168,2026-01-31 05:03:28.686168,2,25.4
776,PED-14948,Telefone,Pagamento,2025-02-20 09:18:47.972921,2025-02-23 12:18:47.972921,5,41.09
777,PED-88311,Chat,troca,2025-07-07 17:32:56.395851,2025-07-09 03:32:56.395851,4,29.14
778,PED-96099,Email,troca,2025-07-20 04:40:15.273456,2025-07-21 03:40:15.273456,1,48.12
779,PED-77608,chat,troca,2025-06-06 08:02:56.682590,2025-06-08 23:02:56.682590,1,24.79
780,PED-10037,chat,Troca,2025-09-16 05:55:16.913170,2025-09-19 14:55:16.913170,3,47.88
781,PED-97773,Telefone,Pagamento,2025-12-10 07:13:40.069128,2025-12-12 02:13:40.069128,5,16.02
782,PED-18993,Chat,Entrega,2025-09-14 08:42:35.321898,2025-09-14 07:42:35.321898,5,55.33
783,PED-55544,Email,troca,2026-01-09 05:15:49.222230,2026-01-10 23:15:49.222230,5,57.97
784,PED-62947,Chat,Entrega,2025-03-01 00:47:47.906295,2025-03-03 08:47:47.906295,2,27.39
785,PED-83220,Chat,Entrega,2025-06-06 06:20:46.818562,2025-06-06 17:20:46.818562,3,57.09
786,PED-43776,Email,Pagamento,2025-06-09 04:07:17.035772,2025-06-11 19:07:17.035772,4,35.97
787,PED-41886,Email,Pagamento,2025-12-11 16:18:59.881615,2025-12-15 16:18:59.881615,4,54.31
788,PED-73172,Chat,Entrega,2025-12-19 15:20:53.998319,2025-12-19 16:20:53.998319,1,26.05
789,PED-98724,chat,Entrega,2025-12-16 00:51:24.231211,2025-12-17 02:51:24.231211,4,57.55
790,PED-80208,Chat,Entrega,2025-09-02 07:43:35.284806,2025-09-04 23:43:35.284806,2,20.8
791,PED-98302,Email,Troca,2025-12-29 18:11:13.059756,2025-12-31 19:11:13.059756,5,56.23
792,PED-51139,Email,troca,2025-03-20 02:50:10.595949,2025-03-22 12:50:10.595949,5,19.8
793,PED-99536,chat,Pagamento,2025-10-23 09:39:30.270349,2025-10-27 06:39:30.270349,2,17.92
794,PED-44787,chat,troca,2025-07-31 19:17:36.734765,2025-08-01 23:17:36.734765,2,50.92
795,PED-56665,chat,Troca,2025-07-12 22:25:31.393601,2025-07-16 03:25:31.393601,1,55.61
796,PED-96956,Telefone,Troca,2025-06-17 21:57:32.292359,2025-06-21 09:57:32.292359,5,57.69
797,PED-58653,Email,Pagamento,2025-06-28 12:15:00.326351,2025-06-30 23:15:00.326351,5,52.78
798,PED-33969,Email,Pagamento,2025-12-10 01:08:58.596118,2025-12-12 13:08:58.596118,2,46.26
799,PED-17097,Telefone,Pagamento,2025-03-29 21:42:46.922385,2025-03-30 11:42:46.922385,5,6.79
800,PED-61605,chat,Pagamento,2025-10-25 11:07:06.054913,2025-10-27 05:07:06.054913,1,43.4
801,PED-51373,Chat,Troca,2025-04-29 09:50:27.155176,2025-05-01 17:50:27.155176,2,25.87
802,PED-52655,Email,Entrega,2025-10-18 03:02:13.568236,2025-10-18 13:02:13.568236,2,35.17
803,PED-45311,Telefone,Entrega,2025-10-07 05:33:24.194934,2025-10-08 09:33:24.194934,3,15.12
804,PED-37594,Telefone,Entrega,2026-01-21 15:49:20.805706,2026-01-23 19:49:20.805706,3,51.99
805,PED-69077,chat,troca,2025-10-29 08:31:50.967389,2025-10-30 17:31:50.967389,5,42.73
806,PED-45382,chat,Pagamento,2025-03-16 07:17:20.732344,2025-03-16 17:17:20.732344,4,15.78
807,PED-29601,Telefone,Troca,2025-04-21 05:20:42.558983,2025-04-25 01:20:42.558983,2,28.18
808,PED-92660,Email,Pagamento,2025-11-30 11:03:18.372132,2025-12-01 02:03:18.372132,3,18.8
809,PED-16253,Telefone,Troca,2025-06-27 06:56:02.477927,2025-06-30 04:56:02.477927,2,8.3
810,PED-72460,Chat,Pagamento,2025-07-25 19:15:23.138835,2025-07-27 01:15:23.138835,3,19.29
811,PED-83446,Email,Entrega,2025-10-12 16:14:13.626101,2025-10-14 12:14:13.626101,1,27.65
812,PED-99074,chat,troca,2025-10-24 02:29:18.143991,2025-10-25 20:29:18.143991,3,24.53
813,PED-76904,Telefone,Pagamento,2025-08-30 07:21:11.232737,2025-09-02 19:21:11.232737,1,25.96
814,PED-70784,chat,troca,2025-05-06 04:40:37.949163,2025-05-07 14:40:37.949163,3,28.2
815,PED-84925,Telefone,Troca,2025-06-20 09:30:56.324371,2025-06-23 13:30:56.324371,1,13.91
816,PED-51088,Email,Entrega,2025-06-03 05:17:28.782357,2025-06-04 08:17:28.782357,3,38.3
817,PED-45553,Telefone,Entrega,2025-06-01 17:02:57.354948,2025-06-03 17:02:57.354948,5,33.65
818,PED-64262,chat,troca,2025-06-29 09:03:51.414887,2025-07-01 16:03:51.414887,1,11.88
819,PED-96772,Email,Troca,2025-02-09 15:34:42.975217,2025-02-10 19:34:42.975217,2,14.18
820,PED-22524,Chat,Pagamento,2025-03-17 20:45:34.768312,2025-03-18 07:45:34.768312,5,7.96
821,PED-62037,Chat,Troca,2025-03-10 02:14:27.828361,2025-03-14 02:14:27.828361,3,39.0
822,PED-95830,Telefone,Entrega,2025-04-21 03:21:05.385067,2025-04-21 11:21:05.385067,2,18.61
823,PED-68085,chat,troca,2026-01-28 13:16:01.440811,2026-01-29 23:16:01.440811,5,51.12
824,PED-14607,Email,Entrega,2025-03-09 08:17:34.006049,2025-03-09 09:17:34.006049,4,30.7
825,PED-45705,Telefone,troca,2025-03-13 18:06:05.224306,2025-03-16 13:06:05.224306,5,14.74
826,PED-69840,Telefone,Entrega,2025-04-07 06:01:12.510321,2025-04-10 08:01:12.510321,3,31.49
827,PED-21738,Telefone,Entrega,2025-08-13 02:14:39.298108,2025-08-14 05:14:39.298108,3,27.67
828,PED-49789,Chat,Troca,2025-10-26 19:58:11.775607,2025-10-27 12:58:11.775607,5,49.85
829,PED-55073,Email,Pagamento,2025-08-11 10:04:47.982572,2025-08-12 01:04:47.982572,5,5.46
830,PED-72530,Email,Troca,2025-11-03 09:32:49.467382,2025-11-05 21:32:49.467382,4,48.89
831,PED-40305,Chat,Entrega,2025-02-23 16:53:03.917486,2025-02-26 18:53:03.917486,2,27.65
832,PED-67292,Telefone,troca,2025-06-23 21:37:36.650663,2025-06-26 18:37:36.650663,2,44.32
833,PED-61081,Telefone,troca,2025-08-08 08:21:43.809351,2025-08-11 16:21:43.809351,3,9.36
834,PED-41399,Email,Entrega,2025-12-05 14:29:42.227888,2025-12-08 20:29:42.227888,5,49.48
835,PED-34641,Chat,troca,2025-07-06 07:23:42.288362,2025-07-08 09:23:42.288362,2,20.93
836,PED-69682,Telefone,Entrega,2025-02-20 22:51:00.586906,2025-02-24 05:51:00.586906,5,32.06
837,PED-12542,chat,Troca,2025-08-12 19:54:47.999353,2025-08-14 10:54:47.999353,5,6.22
838,PED-46977,Email,troca,2025-10-01 17:18:09.318678,2025-10-02 04:18:09.318678,4,44.99
839,PED-21822,chat,Troca,2025-07-09 15:37:42.108155,2025-07-10 18:37:42.108155,4,16.95
840,PED-50838,Telefone,Entrega,2025-02-15 11:22:34.653350,2025-02-17 14:22:34.653350,4,43.33
841,PED-53286,Chat,troca,2025-07-14 12:47:42.237892,2025-07-14 14:47:42.237892,1,19.66
842,PED-19356,Telefone,troca,2025-11-28 15:43:47.795088,2025-11-30 15:43:47.795088,2,54.26
843,PED-60014,Chat,Troca,2025-12-07 04:50:36.678331,2025-12-08 10:50:36.678331,2,26.16
844,PED-42396,Chat,troca,2025-09-10 12:48:59.778004,2025-09-12 18:48:59.778004,4,45.44
845,PED-78306,chat,Pagamento,2025-08-31 23:54:01.946980,2025-09-01 09:54:01.946980,4,42.48
846,PED-52344,chat,Troca,2025-07-28 15:15:44.234517,2025-07-30 04:15:44.234517,5,33.65
847,PED-73075,Email,troca,2025-12-27 07:26:16.425684,2025-12-28 13:26:16.425684,3,53.81
848,PED-38545,Chat,troca,2025-12-05 10:39:29.329010,2025-12-08 21:39:29.329010,4,22.85
849,PED-46188,Chat,Pagamento,2025-07-10 07:44:28.689534,2025-07-11 02:44:28.689534,2,5.49
850,PED-86162,Telefone,troca,2025-07-08 03:36:23.221663,2025-07-08 06:36:23.221663,3,47.39
851,PED-30669,Telefone,Troca,2025-03-17 01:44:10.888713,2025-03-18 06:44:10.888713,5,23.61
852,PED-91937,Chat,Troca,2025-05-29 09:01:52.449847,2025-06-02 08:01:52.449847,3,40.45
853,PED-80300,Chat,troca,2025-03-12 16:01:41.338284,2025-03-16 07:01:41.338284,4,17.8
854,PED-94495,Email,Pagamento,2025-06-21 07:48:14.650568,2025-06-24 04:48:14.650568,2,6.17
855,PED-56945,chat,Entrega,2026-01-02 21:56:15.087768,2026-01-04 19:56:15.087768,1,31.69
856,PED-83272,Email,Pagamento,2025-09-21 16:35:04.968246,2025-09-23 22:35:04.968246,2,36.17
857,PED-55569,Email,Pagamento,2025-10-14 16:42:08.316921,2025-10-17 11:42:08.316921,3,52.72
858,PED-82682,chat,Troca,2025-10-10 13:49:00.891410,2025-10-13 15:49:00.891410,5,13.53
859,PED-44517,Email,Pagamento,2025-05-02 18:33:06.372232,2025-05-04 05:33:06.372232,1,47.68
860,PED-59681,chat,Troca,2025-03-22 17:51:43.304136,2025-03-25 07:51:43.304136,5,52.13
861,PED-41298,Email,Troca,2025-12-30 16:22:42.233325,2026-01-02 21:22:42.233325,5,50.05
862,PED-78690,Telefone,troca,2025-06-18 04:49:01.139923,2025-06-19 02:49:01.139923,5,20.57
863,PED-94004,Email,Troca,2025-09-13 19:05:39.271942,2025-09-15 21:05:39.271942,1,33.78
864,PED-15737,chat,troca,2025-04-05 10:27:26.682505,2025-04-05 16:27:26.682505,1,16.11
865,PED-35115,Chat,Troca,2025-08-27 14:20:03.848040,2025-08-30 02:20:03.848040,5,40.3
866,PED-96235,Telefone,Entrega,2025-06-03 22:59:22.472526,2025-06-05 21:59:22.472526,1,25.15
867,PED-19289,Chat,troca,2025-08-06 15:32:10.363880,2025-08-09 18:32:10.363880,4,56.06
868,PED-71349,Chat,Entrega,2025-07-14 23:08:07.367557,2025-07-15 07:08:07.367557,5,45.89
869,PED-58374,Chat,Entrega,2026-01-23 08:21:30.234720,2026-01-25 11:21:30.234720,5,7.24
870,PED-49833,Chat,troca,2026-02-01 04:55:34.618989,2026-02-01 11:55:34.618989,5,10.34
871,PED-40279,Telefone,troca,2026-01-14 14:34:24.301176,2026-01-18 08:34:24.301176,2,33.94
872,PED-84714,chat,Pagamento,2025-06-22 19:08:25.002745,2025-06-24 00:08:25.002745,1,47.15
873,PED-56918,Telefone,Pagamento,2025-07-09 15:17:34.831199,2025-07-12 14:17:34.831199,1,14.17
874,PED-82085,Telefone,Entrega,2025-12-22 03:28:01.664839,2025-12-23 00:28:01.664839,2,34.36
875,PED-68066,Email,Entrega,2026-01-17 02:32:28.069663,2026-01-20 04:32:28.069663,5,59.53
876,PED-58722,Telefone,Pagamento,2026-01-26 03:22:24.197842,2026-01-27 18:22:24.197842,3,38.46
877,PED-81516,chat,Pagamento,2025-09-15 09:51:20.727975,2025-09-18 07:51:20.727975,5,55.94
878,PED-57187,Telefone,Pagamento,2025-05-16 09:07:52.267275,2025-05-17 15:07:52.267275,4,5.01
879,PED-47287,Chat,troca,2025-04-30 11:52:25.384207,2025-04-30 13:52:25.384207,3,5.36
880,PED-38157,Email,Troca,2025-04-09 19:21:27.759372,2025-04-10 21:21:27.759372,3,55.55
881,PED-82918,chat,Troca,2025-03-09 10:54:56.682081,2025-03-12 01:54:56.682081,1,30.32
882,PED-28141,Email,Entrega,2025-11-08 16:14:34.826231,2025-11-09 09:14:34.826231,5,18.74
883,PED-49361,Chat,Pagamento,2025-08-05 17:51:13.346426,2025-08-06 23:51:13.346426,5,55.48
884,PED-20118,Email,Pagamento,2025-08-23 10:05:11.580291,2025-08-27 05:05:11.580291,2,31.86
885,PED-85527,Chat,Entrega,2025-04-22 01:02:21.879358,2025-04-25 15:02:21.879358,1,45.19
886,PED-60010,Chat,Troca,2025-12-28 10:10:48.622950,2025-12-31 09:10:48.622950,3,24.14
887,PED-64594,Chat,troca,2025-02-22 22:32:08.652570,2025-02-25 03:32:08.652570,5,56.08
888,PED-92862,Telefone,Troca,2026-01-26 03:09:27.299970,2026-01-29 10:09:27.299970,3,33.84
889,PED-80769,chat,Entrega,2025-02-07 03:45:13.969289,2025-02-08 17:45:13.969289,5,43.38
890,PED-16621,Telefone,Pagamento,2025-10-24 00:08:52.364552,2025-10-24 17:08:52.364552,5,36.64
891,PED-39109,Telefone,Entrega,2025-12-20 06:14:41.292841,2025-12-20 15:14:41.292841,4,13.14
892,PED-20819,Telefone,Troca,2025-04-28 00:41:43.903526,2025-04-29 17:41:43.903526,5,26.96
893,PED-62235,Telefone,troca,2025-09-13 16:13:44.543581,2025-09-14 00:13:44.543581,2,31.45
894,PED-73944,Telefone,troca,2025-06-12 09:01:16.472493,2025-06-13 08:01:16.472493,5,38.88
895,PED-78714,chat,troca,2025-08-22 04:21:48.168305,2025-08-26 00:21:48.168305,1,19.64
896,PED-52390,Chat,Troca,2025-09-17 03:30:27.455528,2025-09-19 08:30:27.455528,4,28.29
897,PED-34967,Email,Entrega,2025-04-19 10:29:30.404874,2025-04-21 04:29:30.404874,5,41.05
898,PED-49953,chat,Entrega,2025-09-06 02:04:28.902333,2025-09-10 02:04:28.902333,5,50.19
899,PED-91681,chat,Pagamento,2025-05-28 07:27:47.524411,2025-05-30 13:27:47.524411,1,55.83
900,PED-36173,Email,troca,2025-08-25 23:12:59.379245,2025-08-27 02:12:59.379245,1,11.18
901,PED-41856,chat,Entrega,2025-06-10 00:40:30.919962,2025-06-10 04:40:30.919962,1,23.88
902,PED-49992,Telefone,Pagamento,2025-08-15 08:49:49.806084,2025-08-15 20:49:49.806084,1,23.25
903,PED-80517,chat,troca,2025-07-04 03:45:55.222871,2025-07-07 23:45:55.222871,5,33.78
904,PED-81932,Telefone,troca,2026-01-26 12:41:27.389408,2026-01-27 19:41:27.389408,1,25.71
905,PED-79048,Chat,Entrega,2025-08-10 14:23:15.888490,2025-08-14 00:23:15.888490,2,8.31
906,PED-90997,Email,Troca,2025-09-05 10:07:06.318130,2025-09-06 09:07:06.318130,4,41.01
907,PED-18729,Telefone,Entrega,2025-11-09 21:53:13.016478,2025-11-09 20:53:13.016478,3,52.54
908,PED-48337,Telefone,troca,2025-02-05 18:15:22.074490,2025-02-05 18:15:22.074490,4,32.97
909,PED-23055,Email,Pagamento,2025-07-21 03:50:08.044665,2025-07-24 19:50:08.044665,5,34.24
910,PED-36066,Telefone,Troca,2025-11-11 11:07:58.567878,2025-11-12 08:07:58.567878,1,18.61
911,PED-49967,Email,Pagamento,2025-11-25 12:45:05.980504,2025-11-28 05:45:05.980504,4,45.94
912,PED-55453,Email,Entrega,2025-10-20 00:30:49.818641,2025-10-20 00:30:49.818641,3,17.99
913,PED-46159,Chat,Entrega,2025-12-20 04:37:39.528875,2025-12-22 18:37:39.528875,4,53.97
914,PED-82737,Email,troca,2025-08-24 12:38:57.132445,2025-08-24 13:38:57.132445,2,23.8
915,PED-96105,chat,Troca,2025-08-15 17:25:13.611752,2025-08-17 17:25:13.611752,4,33.64
916,PED-90274,chat,Pagamento,2025-12-07 06:20:04.404239,2025-12-10 18:20:04.404239,2,36.51
917,PED-50944,Email,Pagamento,2025-12-06 05:25:32.297402,2025-12-08 09:25:32.297402,5,12.25
918,PED-28163,chat,troca,2025-04-07 21:09:21.984522,2025-04-11 06:09:21.984522,3,42.87
919,PED-27727,Telefone,troca,2025-10-14 22:11:20.303302,2025-10-17 15:11:20.303302,5,55.44
920,PED-18888,Chat,troca,2025-03-18 03:06:05.915145,2025-03-19 17:06:05.915145,3,51.17
921,PED-13864,Email,Pagamento,2025-07-05 08:29:28.123598,2025-07-06 00:29:28.123598,4,21.68
922,PED-93472,Email,troca,2025-09-22 13:20:53.173955,2025-09-26 10:20:53.173955,2,10.87
923,PED-13433,Email,troca,2025-05-01 13:39:20.207114,2025-05-02 10:39:20.207114,5,17.77
924,PED-13418,Email,Troca,2025-09-20 14:44:29.788956,2025-09-24 03:44:29.788956,4,12.37
925,PED-71441,Email,troca,2025-03-08 10:37:59.253501,2025-03-11 13:37:59.253501,4,32.03
926,PED-31467,chat,troca,2026-01-05 00:27:19.024481,2026-01-05 15:27:19.024481,1,27.47
927,PED-45370,Telefone,troca,2025-09-17 23:45:20.129951,2025-09-17 22:45:20.129951,2,46.68
928,PED-33209,Telefone,Pagamento,2025-07-09 00:48:30.290686,2025-07-09 06:48:30.290686,3,52.67
929,PED-66040,Telefone,Troca,2025-06-28 11:04:12.083122,2025-06-29 16:04:12.083122,5,45.44
930,PED-51012,Telefone,Troca,2025-05-09 15:41:24.024438,2025-05-11 13:41:24.024438,5,11.01
931,PED-15559,chat,Pagamento,2025-02-27 02:56:47.040926,2025-03-01 10:56:47.040926,1,35.67
932,PED-92660,Chat,troca,2025-03-13 01:16:31.345726,2025-03-15 17:16:31.345726,3,29.18
933,PED-47475,Telefone,troca,2025-09-29 22:26:20.180711,2025-10-01 10:26:20.180711,4,21.19
934,PED-77760,chat,Pagamento,2025-04-01 19:41:33.684201,2025-04-01 23:41:33.684201,4,9.97
935,PED-24833,chat,troca,2025-03-10 21:31:22.590136,2025-03-13 11:31:22.590136,4,27.75
936,PED-13265,chat,Pagamento,2025-02-13 13:19:39.737109,2025-02-15 20:19:39.737109,5,54.31
937,PED-69596,Chat,Entrega,2026-01-14 20:27:35.111600,2026-01-15 19:27:35.111600,3,43.04
938,PED-31495,Chat,Troca,2025-12-04 13:29:55.474558,2025-12-08 06:29:55.474558,1,43.84
939,PED-57571,Chat,Pagamento,2025-11-03 00:56:54.850961,2025-11-06 07:56:54.850961,5,38.66
940,PED-59634,Telefone,Troca,2025-04-21 13:17:49.720804,2025-04-22 07:17:49.720804,2,55.17
941,PED-96445,chat,troca,2026-02-01 17:05:20.999303,2026-02-04 15:05:20.999303,2,14.84
942,PED-16725,Telefone,Entrega,2025-06-04 16:00:24.316586,2025-06-08 09:00:24.316586,3,45.16
943,PED-47851,chat,Troca,2025-02-26 20:24:44.539257,2025-03-01 03:24:44.539257,2,57.82
944,PED-91600,Email,Troca,2025-09-06 10:39:07.908577,2025-09-06 08:39:07.908577,4,32.37
945,PED-81237,Chat,Pagamento,2025-03-16 06:45:59.225358,2025-03-18 19:45:59.225358,2,16.93
946,PED-72352,Telefone,Pagamento,2025-12-14 10:23:33.003474,2025-12-17 20:23:33.003474,4,9.37
947,PED-10861,chat,Entrega,2025-11-21 19:45:34.481951,2025-11-24 21:45:34.481951,5,39.57
948,PED-16411,chat,troca,2025-07-18 11:09:45.286107,2025-07-19 11:09:45.286107,1,40.93
949,PED-29054,Chat,Entrega,2025-06-09 23:18:47.762704,2025-06-10 01:18:47.762704,3,55.62
950,PED-24272,Telefone,troca,2025-07-18 15:34:30.578283,2025-07-18 19:34:30.578283,2,41.96
951,PED-96628,chat,Pagamento,2025-10-17 00:58:37.774333,2025-10-20 04:58:37.774333,5,24.81
952,PED-22206,Email,Entrega,2025-08-19 13:20:28.493533,2025-08-19 15:20:28.493533,3,54.36
953,PED-66010,Chat,Entrega,2026-01-06 08:34:41.884362,2026-01-06 14:34:41.884362,4,12.4
954,PED-45968,Email,Pagamento,2025-05-09 00:36:58.381627,2025-05-12 14:36:58.381627,5,16.54
955,PED-90223,Chat,Troca,2025-07-07 08:09:14.956946,2025-07-08 08:09:14.956946,5,45.14
956,PED-79330,Chat,Pagamento,2025-06-11 18:28:12.207955,2025-06-15 00:28:12.207955,5,56.36
957,PED-47642,Telefone,Entrega,2025-02-04 19:53:56.881128,2025-02-08 11:53:56.881128,3,33.9
958,PED-56380,chat,Pagamento,2026-01-06 13:42:19.764070,2026-01-09 18:42:19.764070,5,45.11
959,PED-74553,chat,troca,2025-03-26 14:07:57.109314,2025-03-29 03:07:57.109314,3,58.86
960,PED-25493,Chat,Pagamento,2025-04-16 12:20:54.954880,2025-04-16 10:20:54.954880,1,45.56
961,PED-90649,Telefone,Pagamento,2025-03-28 11:51:20.529267,2025-03-29 11:51:20.529267,1,23.36
962,PED-93558,chat,Troca,2026-01-02 21:25:32.346937,2026-01-05 18:25:32.346937,2,42.95
963,PED-18891,Email,Entrega,2025-06-20 13:38:05.566781,2025-06-21 19:38:05.566781,5,35.25
964,PED-10803,Chat,Entrega,2025-11-24 10:06:59.634221,2025-11-28 10:06:59.634221,3,26.78
965,PED-90739,Chat,troca,2025-09-20 21:32:40.064016,2025-09-23 19:32:40.064016,2,23.18
966,PED-98142,Telefone,Pagamento,2025-10-15 01:11:07.466777,2025-10-16 18:11:07.466777,1,40.51
967,PED-30366,Telefone,Entrega,2025-03-12 07:06:28.648106,2025-03-14 18:06:28.648106,4,48.12
968,PED-17342,Email,Entrega,2025-06-18 02:09:01.615249,2025-06-20 04:09:01.615249,5,34.47
969,PED-85680,Email,Entrega,2026-01-17 07:50:57.820737,2026-01-18 07:50:57.820737,1,58.33
970,PED-14085,Email,Pagamento,2025-07-07 22:49:41.292165,2025-07-09 07:49:41.292165,5,51.33
971,PED-89388,Telefone,troca,2025-12-19 01:05:07.538013,2025-12-22 00:05:07.538013,5,11.43
972,PED-50407,Email,Troca,2025-06-13 13:59:22.859465,2025-06-17 11:59:22.859465,3,27.76
973,PED-41148,Email,Pagamento,2025-10-05 19:49:47.524527,2025-10-08 08:49:47.524527,3,16.89
974,PED-32939,Chat,Entrega,2025-11-09 12:02:31.448364,2025-11-11 00:02:31.448364,1,47.78
975,PED-68166,Chat,Pagamento,2025-09-02 14:52:13.069382,2025-09-02 23:52:13.069382,5,13.47
976,PED-73369,Email,Entrega,2025-12-11 01:39:00.379853,2025-12-12 18:39:00.379853,2,47.32
977,PED-77652,chat,troca,2025-12-04 14:49:41.617579,2025-12-05 00:49:41.617579,1,30.27
978,PED-78464,Chat,Troca,2026-01-23 10:59:04.149711,2026-01-27 03:59:04.149711,3,56.28
979,PED-87894,Chat,Entrega,2025-08-13 09:17:44.635418,2025-08-16 22:17:44.635418,4,53.91
980,PED-78233,Email,Troca,2025-07-11 02:48:52.876542,2025-07-11 13:48:52.876542,5,46.72
981,PED-37504,Email,troca,2025-11-04 16:28:59.643399,2025-11-07 23:28:59.643399,2,20.76
982,PED-51831,Telefone,Troca,2025-12-16 01:55:33.156243,2025-12-18 19:55:33.156243,3,13.21
983,PED-25002,Chat,Troca,2025-11-21 23:23:27.110228,2025-11-23 08:23:27.110228,2,34.84
984,PED-51744,Email,troca,2025-05-17 17:44:25.343640,2025-05-20 13:44:25.343640,3,36.57
985,PED-19337,Email,Entrega,2026-01-05 22:49:53.212358,2026-01-06 17:49:53.212358,5,29.4
986,PED-13800,Telefone,Troca,2025-09-04 10:25:14.803173,2025-09-05 00:25:14.803173,1,26.1
987,PED-65897,Telefone,troca,2025-07-09 05:41:38.599335,2025-07-09 14:41:38.599335,5,54.02
988,PED-68436,Email,Entrega,2025-08-17 07:27:24.938497,2025-08-20 13:27:24.938497,3,49.96
989,PED-97932,Chat,Pagamento,2025-02-08 12:40:24.273877,2025-02-12 05:40:24.273877,5,12.25
990,PED-71377,Chat,Pagamento,2025-06-22 06:44:24.999793,2025-06-25 21:44:24.999793,3,42.65
991,PED-71000,Telefone,troca,2025-04-02 01:46:13.875589,2025-04-05 17:46:13.875589,2,12.9
992,PED-43823,Email,Pagamento,2025-05-15 09:06:37.148421,2025-05-18 13:06:37.148421,2,43.48
993,PED-53296,Email,Pagamento,2025-03-15 16:01:59.225096,2025-03-19 03:01:59.225096,4,6.66
994,PED-24796,Email,Pagamento,2025-09-27 06:39:33.844363,2025-09-29 16:39:33.844363,4,51.52
995,PED-55693,chat,Troca,2026-01-20 01:06:17.524082,2026-01-21 11:06:17.524082,4,49.97
996,PED-52712,Chat,Entrega,2026-01-04 00:46:12.950883,2026-01-04 11:46:12.950883,5,30.35
997,PED-64190,chat,troca,2025-03-09 07:25:22.528871,2025-03-12 08:25:22.528871,5,13.75
998,PED-60307,Chat,Entrega,2026-01-26 11:46:35.379886,2026-01-28 22:46:35.379886,2,49.77
999,PED-66511,Telefone,Entrega,2025-02-23 23:32:32.260601,2025-02-27 00:32:32.260601,5,43.18
1000,PED-96849,Chat,Pagamento,2025-02-13 00:17:03.897378,2025-02-13 20:17:03.897378,1,37.57
1001,PED-52647,Chat,Pagamento,2025-11-08 08:01:36.109983,2025-11-10 17:01:36.109983,2,21.94
1002,PED-19123,Chat,Pagamento,2025-04-15 15:28:28.932953,2025-04-17 16:28:28.932953,3,32.19
1003,PED-18058,Chat,troca,2025-09-28 15:54:36.467049,2025-10-02 01:54:36.467049,2,53.8
1004,PED-93379,Chat,troca,2025-07-08 15:43:40.053907,2025-07-12 13:43:40.053907,2,29.91
1005,PED-61115,Telefone,troca,2025-12-04 10:54:22.022659,2025-12-05 21:54:22.022659,2,42.48
1006,PED-49286,Email,Pagamento,2025-04-23 06:03:16.330678,2025-04-24 20:03:16.330678,3,59.47
1007,PED-11064,Telefone,troca,2025-04-05 09:23:43.901930,2025-04-08 09:23:43.901930,3,8.43
1008,PED-16963,Chat,Entrega,2025-07-30 05:13:06.831789,2025-08-02 01:13:06.831789,1,52.37
1009,PED-40833,Telefone,Pagamento,2025-08-09 20:24:24.050102,2025-08-09 21:24:24.050102,3,44.15
1010,PED-60012,Telefone,troca,2026-01-24 19:13:43.946382,2026-01-26 20:13:43.946382,2,31.12
1011,PED-82800,Telefone,Entrega,2025-06-10 15:22:00.190834,2025-06-11 13:22:00.190834,4,13.48
1012,PED-26455,chat,Troca,2025-06-01 14:58:47.301725,2025-06-05 01:58:47.301725,1,40.66
1013,PED-73792,Telefone,troca,2025-02-04 04:07:33.043705,2025-02-04 20:07:33.043705,1,12.55
1014,PED-69772,Telefone,troca,2025-04-26 02:51:20.144858,2025-04-28 05:51:20.144858,4,33.02
1015,PED-68988,Telefone,Entrega,2025-05-16 02:48:23.935378,2025-05-18 22:48:23.935378,2,15.22
1016,PED-10973,Telefone,troca,2025-07-05 14:53:40.354102,2025-07-08 17:53:40.354102,5,19.81
1017,PED-85543,Email,Troca,2025-07-07 07:16:04.786436,2025-07-10 02:16:04.786436,1,36.25
1018,PED-58310,Chat,Pagamento,2026-01-31 02:07:28.484020,2026-02-03 18:07:28.484020,1,12.81
1019,PED-78997,Email,Pagamento,2025-08-17 02:22:00.472825,2025-08-20 21:22:00.472825,5,9.3
1020,PED-21592,chat,Pagamento,2025-05-18 09:13:50.496986,2025-05-21 13:13:50.496986,1,42.62
1021,PED-85973,Email,Troca,2025-06-20 18:16:31.484337,2025-06-23 13:16:31.484337,3,34.43
1022,PED-71455,Telefone,Pagamento,2025-02-05 04:35:22.646122,2025-02-05 03:35:22.646122,5,45.36
1023,PED-56257,Email,Entrega,2026-01-30 21:11:37.043179,2026-02-02 00:11:37.043179,2,6.94
1024,PED-49855,Email,Troca,2025-10-24 11:42:30.609537,2025-10-27 13:42:30.609537,4,36.8
1025,PED-16765,Email,Troca,2026-01-01 18:40:18.801466,2026-01-04 17:40:18.801466,3,31.66
1026,PED-76269,Chat,Entrega,2025-12-20 23:21:21.965446,2025-12-21 13:21:21.965446,3,12.29
1027,PED-46073,Email,Troca,2025-12-21 19:13:43.913489,2025-12-23 04:13:43.913489,1,38.21
1028,PED-29809,Telefone,Entrega,2025-05-24 04:59:35.877393,2025-05-27 05:59:35.877393,2,19.37
1029,PED-40958,Telefone,troca,2025-09-23 08:55:06.160293,2025-09-26 23:55:06.160293,5,52.41
1030,PED-21062,chat,troca,2025-08-29 00:39:26.771727,2025-08-30 17:39:26.771727,4,46.4
1031,PED-60222,chat,Pagamento,2025-11-26 07:51:41.986482,2025-11-28 09:51:41.986482,2,16.6
1032,PED-55229,Chat,Entrega,2026-01-28 17:16:01.609268,2026-02-01 12:16:01.609268,1,7.89
1033,PED-62264,Telefone,Entrega,2025-12-29 10:14:10.982021,2025-12-31 19:14:10.982021,4,46.04
1034,PED-79798,chat,Pagamento,2025-04-07 06:34:31.931247,2025-04-11 04:34:31.931247,4,31.1
1035,PED-79526,Telefone,Troca,2025-03-12 17:49:13.985592,2025-03-13 09:49:13.985592,3,56.0
1036,PED-60070,Email,Troca,2025-05-27 10:43:24.951609,2025-05-29 17:43:24.951609,1,55.47
1037,PED-56376,Telefone,Entrega,2025-11-19 15:10:58.007740,2025-11-22 22:10:58.007740,3,19.87
1038,PED-43468,Telefone,Pagamento,2025-09-23 10:47:26.253081,2025-09-23 20:47:26.253081,2,45.39
1039,PED-35549,Email,troca,2025-12-01 10:14:43.005360,2025-12-04 11:14:43.005360,3,35.12
1040,PED-11110,Chat,Troca,2025-05-25 14:27:44.589841,2025-05-29 02:27:44.589841,4,10.37
1041,PED-99849,Telefone,Entrega,2025-10-16 04:42:42.981918,2025-10-16 15:42:42.981918,2,44.89
1042,PED-35307,Chat,Troca,2025-11-18 06:55:20.158379,2025-11-19 12:55:20.158379,5,10.06
1043,PED-96062,chat,Troca,2025-04-14 04:10:29.412092,2025-04-17 06:10:29.412092,1,9.75
1044,PED-27027,Telefone,troca,2025-07-17 18:58:22.406186,2025-07-20 21:58:22.406186,1,43.26
1045,PED-48609,Telefone,Troca,2025-05-30 01:34:51.651070,2025-05-31 07:34:51.651070,4,55.75
1046,PED-65965,Email,Entrega,2025-12-23 13:58:51.839484,2025-12-24 22:58:51.839484,2,47.94
1047,PED-18177,Telefone,Pagamento,2025-07-16 14:59:16.865363,2025-07-17 23:59:16.865363,3,59.78
1048,PED-44690,chat,Pagamento,2025-03-22 15:07:14.255731,2025-03-23 22:07:14.255731,1,32.04
1049,PED-89993,Telefone,troca,2025-11-09 15:52:55.823205,2025-11-10 14:52:55.823205,4,10.96
1050,PED-66525,chat,Troca,2025-05-30 17:59:22.209736,2025-06-02 12:59:22.209736,4,44.35
1051,PED-14569,Chat,Troca,2025-09-15 03:36:21.332194,2025-09-15 14:36:21.332194,5,45.01
1052,PED-12459,Telefone,troca,2025-04-25 10:19:18.785330,2025-04-27 17:19:18.785330,1,56.31
1053,PED-61181,Email,troca,2025-04-20 15:25:23.060342,2025-04-24 02:25:23.060342,3,54.75
1054,PED-10485,Telefone,Pagamento,2025-08-28 01:59:27.632163,2025-08-31 00:59:27.632163,4,27.22
1055,PED-19188,chat,Troca,2025-07-02 01:41:39.733156,2025-07-05 20:41:39.733156,4,57.48
1056,PED-25886,Email,Entrega,2025-12-24 09:01:23.750179,2025-12-26 20:01:23.750179,3,27.03
1057,PED-94813,Chat,Entrega,2025-02-16 18:21:05.545215,2025-02-20 00:21:05.545215,5,51.93
1058,PED-20545,Telefone,Entrega,2025-11-16 18:58:39.110222,2025-11-18 11:58:39.110222,2,14.71
1059,PED-60353,chat,Entrega,2025-10-06 04:10:45.609353,2025-10-06 07:10:45.609353,4,54.31
1060,PED-57089,Telefone,Troca,2026-01-03 19:04:30.453023,2026-01-07 01:04:30.453023,4,45.44
1061,PED-14679,chat,Troca,2025-03-19 02:15:44.818003,2025-03-19 17:15:44.818003,5,18.12
1062,PED-18256,Email,Pagamento,2025-10-21 10:41:51.657892,2025-10-23 09:41:51.657892,5,58.07
1063,PED-12151,Chat,Entrega,2025-09-28 21:18:28.693858,2025-10-01 04:18:28.693858,1,23.57
1064,PED-15611,Telefone,Troca,2025-06-12 17:26:48.068558,2025-06-16 11:26:48.068558,2,49.39
1065,PED-78566,Telefone,troca,2025-06-24 23:27:04.292415,2025-06-28 10:27:04.292415,5,17.81
1066,PED-14833,chat,Pagamento,2025-12-03 13:25:24.062326,2025-12-03 20:25:24.062326,1,30.92
1067,PED-16003,chat,troca,2025-11-19 18:14:16.369228,2025-11-22 23:14:16.369228,1,14.47
1068,PED-50283,Chat,Pagamento,2025-04-15 02:19:40.796926,2025-04-15 06:19:40.796926,5,14.39
1069,PED-18383,Chat,Troca,2025-05-21 23:40:33.300276,2025-05-25 00:40:33.300276,4,37.72
1070,PED-38910,Chat,troca,2025-11-29 01:29:08.481945,2025-12-02 05:29:08.481945,4,23.55
1071,PED-98918,Telefone,Entrega,2025-08-01 18:36:32.733841,2025-08-05 14:36:32.733841,1,58.67
1072,PED-81550,chat,Entrega,2025-06-05 19:23:38.331616,2025-06-08 18:23:38.331616,2,47.03
1073,PED-32734,Email,Troca,2025-04-08 12:08:42.669065,2025-04-11 13:08:42.669065,1,20.06
1074,PED-64415,chat,Entrega,2025-08-18 15:48:28.342913,2025-08-22 13:48:28.342913,5,14.08
1075,PED-86282,Chat,troca,2025-11-03 01:45:00.433636,2025-11-04 06:45:00.433636,1,48.51
1076,PED-90273,Telefone,troca,2025-05-28 10:36:10.974020,2025-05-31 16:36:10.974020,1,53.38
1077,PED-10832,Chat,troca,2025-04-26 00:45:53.390573,2025-04-26 08:45:53.390573,1,43.87
1078,PED-47189,Telefone,Pagamento,2025-03-23 13:18:22.235645,2025-03-26 14:18:22.235645,2,16.34
1079,PED-45513,Telefone,Pagamento,2025-09-28 12:38:18.320333,2025-10-01 19:38:18.320333,2,56.59
1080,PED-14931,chat,Pagamento,2026-01-16 11:07:43.641417,2026-01-19 15:07:43.641417,5,57.27
1081,PED-49478,Email,Pagamento,2025-12-12 23:18:14.302665,2025-12-16 05:18:14.302665,1,35.67
1082,PED-25401,Chat,Entrega,2025-06-10 05:30:46.925885,2025-06-11 03:30:46.925885,5,32.91
1083,PED-92111,chat,Entrega,2025-12-24 20:01:24.702683,2025-12-27 05:01:24.702683,1,15.65
1084,PED-99816,Telefone,Pagamento,2025-11-19 14:20:25.176576,2025-11-20 07:20:25.176576,2,13.79
1085,PED-17081,Email,Entrega,2025-07-17 17:36:09.058211,2025-07-17 20:36:09.058211,2,28.91
1086,PED-90847,Telefone,Troca,2025-08-27 00:07:51.138678,2025-08-28 16:07:51.138678,1,45.72
1087,PED-33053,chat,Troca,2025-11-05 13:15:31.025379,2025-11-08 07:15:31.025379,4,33.32
1088,PED-40841,Telefone,Entrega,2025-12-11 16:48:32.302147,2025-12-11 23:48:32.302147,4,15.93
1089,PED-52688,chat,Troca,2025-11-26 06:47:24.897525,2025-11-29 18:47:24.897525,3,17.53
1090,PED-64079,chat,Pagamento,2025-04-09 10:22:32.244930,2025-04-10 14:22:32.244930,2,9.04
1091,PED-73492,Chat,Pagamento,2025-06-27 18:54:04.390700,2025-06-30 18:54:04.390700,2,16.89
1092,PED-69636,chat,Pagamento,2025-04-19 11:51:02.506089,2025-04-22 15:51:02.506089,3,12.5
1093,PED-35448,Email,Entrega,2025-03-29 03:57:14.101372,2025-04-01 21:57:14.101372,2,23.47
1094,PED-84536,Chat,Entrega,2025-06-25 09:09:04.452381,2025-06-25 11:09:04.452381,2,11.11
1095,PED-70106,Telefone,troca,2025-11-04 12:36:27.781321,2025-11-06 21:36:27.781321,3,17.09
1096,PED-89119,chat,troca,2025-10-10 03:29:40.793666,2025-10-11 14:29:40.793666,5,58.36
1097,PED-21334,Telefone,Pagamento,2025-11-18 17:11:53.928008,2025-11-19 20:11:53.928008,2,37.54
1098,PED-46591,Chat,Pagamento,2025-02-06 21:07:53.683034,2025-02-09 06:07:53.683034,2,18.63
1099,PED-85951,chat,troca,2025-03-10 07:04:18.555248,2025-03-12 12:04:18.555248,5,54.4
1100,PED-15796,Chat,Pagamento,2025-06-03 21:00:05.149427,2025-06-06 00:00:05.149427,5,6.85
1101,PED-61684,Telefone,Troca,2025-06-29 03:12:48.122782,2025-07-01 20:12:48.122782,4,32.24
1102,PED-83202,Chat,Pagamento,2025-10-17 21:29:37.740165,2025-10-18 05:29:37.740165,2,12.3
1103,PED-41334,Chat,Troca,2025-05-19 19:29:22.485036,2025-05-21 06:29:22.485036,4,41.8
1104,PED-70199,Chat,Pagamento,2025-05-13 13:58:12.756943,2025-05-14 07:58:12.756943,4,47.45
1105,PED-63131,chat,Entrega,2025-08-26 14:13:57.270117,2025-08-30 06:13:57.270117,4,43.71
1106,PED-92222,Chat,Pagamento,2025-09-18 07:04:12.425058,2025-09-18 05:04:12.425058,3,34.2
1107,PED-65823,Email,troca,2025-03-15 14:08:35.068363,2025-03-17 01:08:35.068363,1,39.13
1108,PED-17184,Email,Troca,2025-11-03 11:28:33.321818,2025-11-05 03:28:33.321818,1,26.06
1109,PED-91151,Chat,Entrega,2025-05-05 09:03:09.119431,2025-05-07 18:03:09.119431,3,14.64
1110,PED-18782,chat,troca,2025-10-14 04:57:50.407585,2025-10-17 01:57:50.407585,3,18.12
1111,PED-95070,Telefone,troca,2026-01-03 12:39:01.750159,2026-01-04 00:39:01.750159,2,22.63
1112,PED-76003,Telefone,Entrega,2025-12-23 01:08:20.008739,2025-12-24 09:08:20.008739,1,8.49
1113,PED-69298,Telefone,Troca,2025-02-10 19:08:12.842293,2025-02-12 13:08:12.842293,4,44.04
1114,PED-79842,Email,Pagamento,2026-01-05 23:09:16.898799,2026-01-09 11:09:16.898799,5,25.25
1115,PED-18601,chat,Pagamento,2025-08-04 16:49:33.350755,2025-08-08 04:49:33.350755,1,9.41
1116,PED-47797,Chat,Troca,2025-06-17 03:59:31.391149,2025-06-17 23:59:31.391149,2,20.18
1117,PED-29392,Telefone,troca,2026-01-08 12:20:28.498111,2026-01-12 03:20:28.498111,2,33.64
1118,PED-12974,Email,Pagamento,2025-12-21 23:58:17.969709,2025-12-25 05:58:17.969709,5,56.24
1119,PED-55442,Telefone,Pagamento,2025-05-29 05:29:20.595954,2025-05-31 15:29:20.595954,1,21.03
1120,PED-12888,chat,Entrega,2025-03-13 05:25:01.963818,2025-03-13 11:25:01.963818,4,36.83
1121,PED-94679,Email,Pagamento,2025-04-02 01:53:59.600323,2025-04-05 10:53:59.600323,5,41.62
1122,PED-81888,Telefone,Pagamento,2025-06-12 13:27:45.942487,2025-06-15 06:27:45.942487,3,36.2
1123,PED-32509,Email,troca,2025-02-06 01:33:11.812398,2025-02-07 14:33:11.812398,4,25.45
1124,PED-16202,chat,Entrega,2025-10-14 19:18:33.187243,2025-10-16 05:18:33.187243,3,30.08
1125,PED-91085,chat,Entrega,2025-06-21 00:22:26.143422,2025-06-21 19:22:26.143422,2,58.53
1126,PED-97340,chat,troca,2025-02-15 18:20:15.077912,2025-02-19 10:20:15.077912,2,11.43
1127,PED-85304,chat,Pagamento,2025-12-31 21:36:24.825843,2026-01-02 11:36:24.825843,3,25.33
1128,PED-83726,Chat,Entrega,2025-05-24 21:06:52.859996,2025-05-25 21:06:52.859996,3,13.14
1129,PED-80761,chat,Entrega,2025-06-03 09:31:55.258579,2025-06-05 16:31:55.258579,1,55.62
1130,PED-75459,chat,Pagamento,2025-07-04 01:37:30.618595,2025-07-06 02:37:30.618595,3,13.58
1131,PED-81584,Email,Entrega,2025-02-13 00:39:52.705208,2025-02-16 20:39:52.705208,4,54.28
1132,PED-85199,chat,Pagamento,2025-12-24 12:35:16.969902,2025-12-28 10:35:16.969902,3,42.9
1133,PED-72781,Chat,troca,2025-09-11 10:49:31.333498,2025-09-15 05:49:31.333498,5,11.43
1134,PED-62642,chat,Pagamento,2025-10-26 21:04:58.285316,2025-10-26 22:04:58.285316,3,10.09
1135,PED-89711,chat,troca,2026-01-18 15:18:53.983812,2026-01-18 20:18:53.983812,3,15.76
1136,PED-80570,Telefone,Troca,2025-07-24 00:43:36.055087,2025-07-24 08:43:36.055087,5,26.69
1137,PED-51649,Chat,Entrega,2025-04-07 18:18:36.154285,2025-04-10 06:18:36.154285,4,13.14
1138,PED-58448,Telefone,Entrega,2025-03-30 06:41:33.026842,2025-04-01 10:41:33.026842,1,20.66
1139,PED-50381,Telefone,Troca,2025-07-31 10:17:17.407246,2025-08-02 04:17:17.407246,2,45.03
1140,PED-64474,Telefone,Entrega,2025-12-14 09:21:55.116327,2025-12-16 15:21:55.116327,2,49.31
1141,PED-64289,chat,Troca,2025-10-29 11:25:18.257332,2025-10-31 15:25:18.257332,2,16.43
1142,PED-78852,Email,Troca,2025-03-10 16:36:55.348495,2025-03-13 02:36:55.348495,5,46.59
1143,PED-10867,Telefone,Entrega,2026-01-09 08:20:28.658943,2026-01-09 17:20:28.658943,4,14.62
1144,PED-84437,chat,troca,2025-11-30 14:28:29.237906,2025-12-02 23:28:29.237906,2,50.78
1145,PED-82596,Telefone,Troca,2025-10-18 15:08:56.278632,2025-10-20 02:08:56.278632,3,50.9
1146,PED-74762,Telefone,troca,2025-07-11 07:09:32.134433,2025-07-12 19:09:32.134433,1,48.52
1147,PED-44429,Email,Pagamento,2026-01-14 05:30:48.495925,2026-01-14 22:30:48.495925,1,40.96
1148,PED-64677,chat,Pagamento,2025-04-19 17:48:13.185919,2025-04-21 03:48:13.185919,2,6.56
1149,PED-46335,Telefone,Troca,2025-07-30 00:31:40.292227,2025-08-02 23:31:40.292227,5,46.01
1150,PED-72978,Telefone,Entrega,2025-02-09 16:21:58.697192,2025-02-12 16:21:58.697192,4,58.58
1151,PED-58916,Chat,Entrega,2025-07-02 14:09:43.225791,2025-07-03 03:09:43.225791,2,36.99
1152,PED-51901,Telefone,troca,2025-02-26 08:17:11.887823,2025-02-27 00:17:11.887823,3,13.98
1153,PED-57338,Telefone,Entrega,2025-10-23 09:45:00.384429,2025-10-24 17:45:00.384429,1,20.94
1154,PED-93747,Chat,troca,2025-11-02 06:11:08.391850,2025-11-04 23:11:08.391850,2,47.06
1155,PED-31906,Email,Entrega,2026-01-19 17:13:48.916486,2026-01-22 19:13:48.916486,3,19.93
1156,PED-57516,Chat,Entrega,2025-07-10 12:33:17.828806,2025-07-14 03:33:17.828806,2,5.71
1157,PED-46885,Email,Pagamento,2025-12-25 00:03:26.538007,2025-12-27 16:03:26.538007,4,23.72
1158,PED-23424,chat,troca,2025-05-01 06:49:32.374635,2025-05-02 00:49:32.374635,5,17.16
1159,PED-83224,Chat,Pagamento,2025-04-05 16:39:12.177201,2025-04-06 14:39:12.177201,4,55.38
1160,PED-27200,Chat,Pagamento,2025-08-23 18:01:54.539150,2025-08-24 06:01:54.539150,3,22.14
1161,PED-28220,Telefone,Entrega,2025-04-02 01:59:58.623176,2025-04-03 21:59:58.623176,2,44.04
1162,PED-25544,chat,troca,2025-05-08 23:43:37.238321,2025-05-09 00:43:37.238321,2,42.84
1163,PED-26429,chat,troca,2025-09-17 08:39:28.483319,2025-09-18 21:39:28.483319,1,28.36
1164,PED-24643,Chat,Troca,2025-08-15 06:21:56.236771,2025-08-19 05:21:56.236771,4,46.65
1165,PED-35736,Chat,Troca,2025-09-09 08:36:33.003949,2025-09-09 11:36:33.003949,5,37.62
1166,PED-25587,Email,Troca,2025-02-28 21:06:21.212813,2025-03-03 07:06:21.212813,1,21.59
1167,PED-22648,Chat,troca,2025-03-24 13:10:51.521861,2025-03-24 12:10:51.521861,5,54.56
1168,PED-97896,Email,Troca,2025-10-25 07:22:34.830963,2025-10-26 04:22:34.830963,1,13.01
1169,PED-46356,Email,Entrega,2026-01-27 21:55:07.701644,2026-01-31 18:55:07.701644,2,52.03
1170,PED-90341,chat,Troca,2025-09-07 19:22:30.144491,2025-09-11 14:22:30.144491,1,50.08
1171,PED-11832,chat,troca,2025-11-23 23:54:34.213928,2025-11-27 22:54:34.213928,3,14.45
1172,PED-80402,Chat,Troca,2025-06-07 01:06:13.469229,2025-06-10 23:06:13.469229,2,55.63
1173,PED-72221,Email,troca,2025-02-05 20:01:10.680008,2025-02-09 12:01:10.680008,4,42.04
1174,PED-33704,Email,Pagamento,2025-05-27 09:52:40.787325,2025-05-27 20:52:40.787325,4,16.79
1175,PED-63422,Chat,Entrega,2025-08-08 00:33:51.667554,2025-08-09 03:33:51.667554,1,30.62
1176,PED-27814,Telefone,Entrega,2025-10-06 21:48:05.281661,2025-10-09 13:48:05.281661,3,35.64
1177,PED-20780,Email,Pagamento,2025-03-26 06:19:36.738839,2025-03-26 09:19:36.738839,1,26.16
1178,PED-88694,Email,Pagamento,2025-07-02 03:34:34.628996,2025-07-04 11:34:34.628996,2,35.47
1179,PED-66093,chat,Troca,2025-03-10 19:58:28.727100,2025-03-12 06:58:28.727100,4,56.65
1180,PED-33500,Chat,Pagamento,2025-12-17 05:13:57.309160,2025-12-19 02:13:57.309160,1,26.8
1181,PED-96317,Chat,Troca,2025-07-19 17:49:32.424422,2025-07-22 09:49:32.424422,2,26.71
1182,PED-87405,Chat,troca,2025-04-12 11:21:36.840507,2025-04-16 01:21:36.840507,1,25.0
1183,PED-54385,chat,Pagamento,2025-03-14 09:22:30.301488,2025-03-15 08:22:30.301488,1,17.81
1184,PED-75419,Email,Entrega,2026-01-04 03:45:36.905825,2026-01-06 07:45:36.905825,4,24.59
1185,PED-89058,Telefone,Pagamento,2025-06-13 04:22:01.286910,2025-06-16 15:22:01.286910,5,20.34
1186,PED-69589,Chat,Troca,2025-09-14 05:03:53.511538,2025-09-18 05:03:53.511538,3,31.91
1187,PED-92361,chat,Troca,2025-09-07 01:39:58.596963,2025-09-08 04:39:58.596963,1,45.58
1188,PED-75291,Chat,troca,2025-07-23 22:28:07.400395,2025-07-24 04:28:07.400395,4,38.25
1189,PED-30019,Email,Troca,2025-03-07 12:09:21.398765,2025-03-09 03:09:21.398765,1,41.36
1190,PED-74512,Telefone,troca,2026-01-16 00:56:34.384030,2026-01-18 16:56:34.384030,3,41.42
1191,PED-76164,Email,Entrega,2025-09-14 12:56:30.589982,2025-09-17 00:56:30.589982,5,35.06
1192,PED-14141,Telefone,Troca,2025-03-29 21:21:13.215527,2025-04-02 20:21:13.215527,4,29.76
1193,PED-68006,Telefone,Troca,2025-12-23 09:26:35.270912,2025-12-25 07:26:35.270912,1,14.73
1194,PED-49720,chat,Pagamento,2025-07-15 03:10:01.712936,2025-07-18 13:10:01.712936,4,12.4
1195,PED-60997,Telefone,Troca,2025-04-06 18:46:49.680203,2025-04-10 11:46:49.680203,5,42.13
1196,PED-82585,Telefone,Pagamento,2025-03-13 16:05:15.848166,2025-03-17 02:05:15.848166,5,51.99
1197,PED-17305,Telefone,Entrega,2026-01-29 04:59:27.665624,2026-01-31 18:59:27.665624,4,37.51
1198,PED-90863,Email,Entrega,2025-08-06 12:40:08.302753,2025-08-08 10:40:08.302753,3,8.38
1199,PED-15913,chat,Entrega,2025-07-08 02:19:42.767856,2025-07-11 03:19:42.767856,3,49.53
1200,PED-13525,Email,Pagamento,2025-11-24 09:49:38.144156,2025-11-27 09:49:38.144156,1,28.55
1201,PED-63992,Email,Troca,2025-07-14 17:30:23.016256,2025-07-16 12:30:23.016256,2,18.62
1202,PED-50907,Chat,Troca,2025-12-01 01:58:14.119971,2025-12-04 09:58:14.119971,3,11.3
1203,PED-12583,Email,Troca,2025-06-28 16:18:53.856332,2025-06-29 11:18:53.856332,4,41.18
1204,PED-84455,Telefone,Entrega,2025-04-03 01:21:25.156699,2025-04-05 05:21:25.156699,1,43.28
1205,PED-12914,Email,Pagamento,2025-08-30 05:06:19.656954,2025-09-02 06:06:19.656954,5,26.47
1206,PED-22809,Telefone,Troca,2026-01-30 21:27:11.349501,2026-02-02 20:27:11.349501,2,23.48
1207,PED-97475,Email,troca,2025-11-10 11:20:45.223769,2025-11-13 01:20:45.223769,5,21.47
1208,PED-36444,Telefone,Troca,2025-12-26 00:29:43.953333,2025-12-28 05:29:43.953333,5,16.77
1209,PED-16230,Email,Pagamento,2025-12-16 18:54:29.634695,2025-12-18 01:54:29.634695,2,39.35
1210,PED-85784,Chat,Entrega,2025-11-09 17:15:04.341449,2025-11-10 02:15:04.341449,3,8.7
1211,PED-72294,Telefone,troca,2025-06-02 11:48:57.669815,2025-06-05 04:48:57.669815,3,48.76
1212,PED-49563,Email,Pagamento,2025-05-18 22:57:52.586708,2025-05-22 07:57:52.586708,5,22.23
1213,PED-62730,Email,Pagamento,2025-08-20 05:35:05.674630,2025-08-22 08:35:05.674630,5,14.93
1214,PED-92292,chat,Pagamento,2025-10-04 22:27:57.034548,2025-10-04 22:27:57.034548,2,41.34
1215,PED-71249,Email,Pagamento,2025-02-25 00:41:16.443953,2025-02-28 21:41:16.443953,5,44.96
1216,PED-78454,chat,Entrega,2025-12-03 03:24:19.755595,2025-12-03 08:24:19.755595,4,13.13
1217,PED-99824,Email,Pagamento,2025-09-16 16:54:36.933519,2025-09-17 09:54:36.933519,4,22.53
1218,PED-93090,chat,Pagamento,2025-08-07 04:37:40.671807,2025-08-07 10:37:40.671807,3,50.3
1219,PED-31048,Email,troca,2025-10-27 07:10:03.466601,2025-10-30 15:10:03.466601,4,18.12
1220,PED-35154,Chat,troca,2025-04-20 07:17:12.683634,2025-04-21 00:17:12.683634,3,30.53
1221,PED-67164,Telefone,Troca,2025-11-24 23:53:54.280784,2025-11-27 20:53:54.280784,2,13.76
1222,PED-13819,Email,Entrega,2025-06-06 03:19:28.121657,2025-06-06 18:19:28.121657,5,14.68
1223,PED-73680,Chat,Troca,2025-05-12 13:28:34.041070,2025-05-12 16:28:34.041070,1,22.26
1224,PED-18333,Telefone,Entrega,2025-04-19 12:21:04.130068,2025-04-21 00:21:04.130068,1,26.83
1225,PED-28423,chat,Troca,2025-10-14 13:21:20.300654,2025-10-18 07:21:20.300654,5,45.4
1226,PED-78414,Email,Pagamento,2025-09-17 08:30:05.894778,2025-09-17 21:30:05.894778,1,18.09
1227,PED-51079,Email,Pagamento,2025-02-22 06:10:46.514396,2025-02-22 19:10:46.514396,2,56.45
1228,PED-28910,Chat,troca,2025-03-13 04:06:01.802848,2025-03-14 05:06:01.802848,2,58.35
1229,PED-63526,Email,Troca,2025-05-14 06:56:18.405350,2025-05-16 12:56:18.405350,4,34.34
1230,PED-24806,Email,Pagamento,2025-06-30 12:32:49.178594,2025-07-04 03:32:49.178594,4,42.55
1231,PED-28993,Email,Pagamento,2025-10-10 17:10:15.555704,2025-10-12 02:10:15.555704,3,50.18
1232,PED-94593,Chat,Troca,2025-05-22 19:36:51.393295,2025-05-22 19:36:51.393295,2,18.91
1233,PED-50536,Email,Troca,2026-01-31 04:02:32.771217,2026-02-02 03:02:32.771217,5,52.68
1234,PED-60917,Chat,Pagamento,2026-01-25 07:51:51.127638,2026-01-27 13:51:51.127638,3,21.55
1235,PED-40862,Email,troca,2026-02-01 15:13:14.768296,2026-02-05 13:13:14.768296,2,55.37
1236,PED-51573,Telefone,Troca,2025-02-09 18:05:37.647750,2025-02-13 00:05:37.647750,3,52.65
1237,PED-71746,Telefone,Entrega,2025-06-10 07:48:18.330895,2025-06-12 19:48:18.330895,4,53.22
1238,PED-31016,Email,Troca,2025-12-09 05:35:07.549796,2025-12-09 15:35:07.549796,3,28.15
1239,PED-81791,Email,Pagamento,2025-11-07 11:10:27.268419,2025-11-11 06:10:27.268419,1,46.91
1240,PED-94094,chat,Pagamento,2025-02-05 10:28:59.663658,2025-02-08 18:28:59.663658,2,5.17
1241,PED-92352,Email,Entrega,2025-11-07 21:21:25.630985,2025-11-08 20:21:25.630985,5,9.52
1242,PED-42716,chat,Pagamento,2026-01-09 08:33:31.017644,2026-01-10 02:33:31.017644,3,29.83
1243,PED-27499,Email,troca,2025-10-10 18:46:40.725973,2025-10-14 14:46:40.725973,5,50.47
1244,PED-36039,Chat,Pagamento,2025-10-17 03:50:54.075009,2025-10-18 13:50:54.075009,3,15.0
1245,PED-84762,chat,Troca,2025-12-05 23:34:21.044512,2025-12-07 21:34:21.044512,1,55.77
1246,PED-90216,chat,Troca,2025-04-29 23:07:07.795061,2025-05-03 07:07:07.795061,4,15.9
1247,PED-32119,Chat,Pagamento,2025-10-29 13:43:46.874952,2025-11-02 04:43:46.874952,5,28.59
1248,PED-29562,Chat,Entrega,2025-03-07 17:31:15.933637,2025-03-09 00:31:15.933637,2,57.1
1249,PED-11850,Telefone,Pagamento,2025-03-25 07:21:20.723711,2025-03-25 20:21:20.723711,4,11.52
1250,PED-36626,chat,Entrega,2025-06-30 01:44:43.955890,2025-07-03 18:44:43.955890,3,46.05
1251,PED-27065,Telefone,troca,2025-11-09 16:09:56.337263,2025-11-11 14:09:56.337263,5,16.86
1252,PED-98760,chat,Pagamento,2025-02-17 16:01:08.587709,2025-02-19 02:01:08.587709,2,27.47
1253,PED-13771,Email,Entrega,2025-12-30 02:43:04.657911,2025-12-30 18:43:04.657911,2,38.97
1254,PED-58449,Telefone,Troca,2025-04-16 00:09:20.551005,2025-04-17 05:09:20.551005,1,30.79
1255,PED-62108,chat,Pagamento,2025-06-12 01:30:22.942652,2025-06-13 16:30:22.942652,4,45.49
1256,PED-19575,Chat,Troca,2025-03-13 06:25:05.839686,2025-03-14 12:25:05.839686,1,23.31
1257,PED-71726,Email,Troca,2025-08-22 18:53:05.801872,2025-08-23 22:53:05.801872,1,18.95
1258,PED-59930,Email,Pagamento,2025-06-12 15:16:05.695480,2025-06-15 20:16:05.695480,3,12.27
1259,PED-15390,chat,Entrega,2025-09-26 20:57:21.480431,2025-09-29 17:57:21.480431,2,32.71
1260,PED-71352,chat,Troca,2025-10-26 06:43:49.420936,2025-10-27 23:43:49.420936,3,44.06
1261,PED-28585,Email,Troca,2025-07-20 10:56:09.348228,2025-07-22 15:56:09.348228,3,7.43
1262,PED-75432,Email,Entrega,2025-11-08 12:02:16.648122,2025-11-09 02:02:16.648122,4,20.56
1263,PED-90338,Email,Entrega,2025-04-30 02:23:00.286341,2025-05-01 09:23:00.286341,4,54.1
1264,PED-74392,chat,Pagamento,2025-06-27 15:34:53.058069,2025-06-29 05:34:53.058069,1,15.39
1265,PED-40128,chat,Troca,2025-02-11 15:27:51.388481,2025-02-11 19:27:51.388481,4,19.31
1266,PED-71228,Telefone,Troca,2025-10-23 13:52:07.327500,2025-10-27 05:52:07.327500,4,7.24
1267,PED-83512,Telefone,Pagamento,2025-10-20 10:34:25.398744,2025-10-22 05:34:25.398744,4,11.19
1268,PED-29405,Chat,Entrega,2025-04-01 21:18:07.698234,2025-04-05 15:18:07.698234,1,16.21
1269,PED-33678,chat,Entrega,2025-07-02 21:50:26.592439,2025-07-04 07:50:26.592439,5,54.0
1270,PED-37839,Chat,troca,2025-08-05 18:16:44.060610,2025-08-08 18:16:44.060610,4,55.62
1271,PED-75288,Chat,Entrega,2025-06-23 02:52:17.125072,2025-06-24 07:52:17.125072,1,20.64
1272,PED-25989,Telefone,Entrega,2025-04-20 17:58:41.069471,2025-04-24 06:58:41.069471,5,56.1
1273,PED-52406,chat,Troca,2025-12-05 01:48:45.626494,2025-12-05 12:48:45.626494,1,30.31
1274,PED-96447,Telefone,Pagamento,2025-02-27 10:12:24.934618,2025-03-03 02:12:24.934618,3,37.68
1275,PED-53178,Chat,Pagamento,2025-05-22 09:24:08.496895,2025-05-22 07:24:08.496895,3,57.11
1276,PED-84600,chat,troca,2025-09-15 19:12:26.937775,2025-09-19 14:12:26.937775,1,49.09
1277,PED-52358,Chat,Troca,2025-07-03 11:06:27.599451,2025-07-04 21:06:27.599451,5,57.35
1278,PED-22130,Telefone,Entrega,2025-09-12 06:51:22.246305,2025-09-14 04:51:22.246305,2,18.2
1279,PED-62286,Chat,Troca,2025-12-08 12:37:55.632931,2025-12-12 12:37:55.632931,2,13.96
1280,PED-47347,chat,Troca,2025-06-07 19:43:57.424930,2025-06-09 20:43:57.424930,3,32.0
1281,PED-50645,chat,Entrega,2025-12-23 09:20:52.453650,2025-12-25 14:20:52.453650,1,50.76
1282,PED-36197,Telefone,Pagamento,2025-06-26 14:13:41.821467,2025-06-29 05:13:41.821467,4,31.2
1283,PED-88687,Telefone,Troca,2025-04-03 14:50:02.968762,2025-04-06 12:50:02.968762,4,49.6
1284,PED-34426,Telefone,Pagamento,2025-07-10 05:59:10.798713,2025-07-13 09:59:10.798713,1,7.22
1285,PED-70755,chat,troca,2025-12-26 18:08:59.044223,2025-12-28 11:08:59.044223,4,34.0
1286,PED-78770,Chat,Entrega,2025-08-23 09:25:31.753360,2025-08-26 17:25:31.753360,4,29.05
1287,PED-49373,chat,troca,2025-05-19 23:57:03.224515,2025-05-22 10:57:03.224515,3,51.28
1288,PED-66063,Email,Troca,2025-12-30 11:47:06.525261,2026-01-02 03:47:06.525261,5,9.21
1289,PED-77294,Chat,Pagamento,2025-09-26 05:55:30.638630,2025-09-26 08:55:30.638630,4,10.2
1290,PED-84511,Email,Entrega,2025-09-03 12:17:28.665783,2025-09-06 22:17:28.665783,3,37.21
1291,PED-75987,Chat,Troca,2025-05-18 13:16:59.862015,2025-05-22 13:16:59.862015,4,14.88
1292,PED-61505,Chat,Troca,2025-07-30 10:19:20.792186,2025-07-31 07:19:20.792186,4,53.22
1293,PED-51149,Telefone,Pagamento,2025-08-26 01:58:23.164252,2025-08-27 13:58:23.164252,5,49.43
1294,PED-34535,chat,troca,2026-01-03 12:27:19.642948,2026-01-05 05:27:19.642948,1,46.09
1295,PED-43989,Chat,Pagamento,2025-09-21 16:27:11.596969,2025-09-24 19:27:11.596969,5,5.99
1296,PED-25293,Chat,troca,2025-04-13 22:54:59.833980,2025-04-15 22:54:59.833980,4,30.31
1297,PED-96208,Telefone,Entrega,2025-06-26 03:30:45.694952,2025-06-28 04:30:45.694952,5,49.72
1298,PED-57281,Telefone,Entrega,2025-04-07 16:19:51.922391,2025-04-10 20:19:51.922391,1,11.88
1299,PED-35008,Chat,Troca,2025-07-14 17:04:00.828424,2025-07-14 16:04:00.828424,2,52.25
1300,PED-73060,chat,troca,2026-01-18 07:03:11.725690,2026-01-19 07:03:11.725690,4,51.31
1301,PED-35023,Chat,Entrega,2025-03-24 12:54:27.428368,2025-03-27 06:54:27.428368,4,13.15
1302,PED-12859,Chat,troca,2025-08-28 22:42:40.426951,2025-08-31 02:42:40.426951,2,45.63
1303,PED-73576,Telefone,Troca,2025-03-04 05:11:31.315330,2025-03-06 11:11:31.315330,4,37.19
1304,PED-48644,Telefone,Troca,2026-01-09 11:23:00.437773,2026-01-10 10:23:00.437773,3,5.43
1305,PED-66595,Telefone,Pagamento,2025-07-26 04:07:04.206747,2025-07-29 10:07:04.206747,5,37.77
1306,PED-48112,Chat,Pagamento,2025-08-02 16:22:02.692908,2025-08-05 12:22:02.692908,4,31.74
1307,PED-90149,Telefone,troca,2025-10-09 23:38:28.178881,2025-10-13 00:38:28.178881,1,34.06
1308,PED-85550,Email,Troca,2025-02-10 01:07:44.942431,2025-02-12 05:07:44.942431,3,54.11
1309,PED-72041,Chat,Pagamento,2025-10-11 08:27:15.737801,2025-10-13 11:27:15.737801,5,56.64
1310,PED-68762,Telefone,Troca,2025-09-02 14:49:26.540630,2025-09-04 08:49:26.540630,2,20.84
1311,PED-71504,Email,Pagamento,2025-10-06 15:56:44.127015,2025-10-07 13:56:44.127015,2,32.92
1312,PED-99780,Email,Pagamento,2025-03-03 17:27:34.815953,2025-03-06 18:27:34.815953,2,53.57
1313,PED-61166,Telefone,Entrega,2025-04-01 23:28:06.078228,2025-04-05 17:28:06.078228,4,48.99
1314,PED-91506,chat,Entrega,2025-10-26 11:43:54.062425,2025-10-27 05:43:54.062425,1,41.69
1315,PED-32713,chat,troca,2025-05-23 05:39:30.629433,2025-05-23 19:39:30.629433,5,32.07
1316,PED-74713,Email,troca,2025-02-03 21:30:29.222445,2025-02-06 00:30:29.222445,2,35.63
1317,PED-57026,Email,Entrega,2026-01-01 11:19:22.991547,2026-01-01 11:19:22.991547,2,14.61
1318,PED-14190,Chat,Entrega,2025-02-20 08:39:03.090456,2025-02-22 22:39:03.090456,4,11.27
1319,PED-25818,chat,Pagamento,2025-06-21 20:29:25.865340,2025-06-22 23:29:25.865340,3,59.65
1320,PED-16117,Email,troca,2025-04-23 23:16:46.306285,2025-04-25 18:16:46.306285,5,38.24
1321,PED-16608,Telefone,Pagamento,2025-06-06 01:31:54.545571,2025-06-06 12:31:54.545571,1,58.61
1322,PED-89908,Chat,Troca,2025-04-01 17:49:39.930374,2025-04-04 21:49:39.930374,5,10.8
1323,PED-25474,chat,Entrega,2025-11-09 21:21:34.277594,2025-11-13 03:21:34.277594,2,45.06
1324,PED-67870,Telefone,Troca,2025-10-19 10:19:52.717189,2025-10-23 02:19:52.717189,2,40.59
1325,PED-28058,Chat,troca,2025-08-19 15:30:14.029242,2025-08-21 07:30:14.029242,4,58.33
1326,PED-10863,chat,Pagamento,2025-10-05 17:55:26.010293,2025-10-09 17:55:26.010293,3,20.77
1327,PED-21171,Email,Entrega,2025-12-16 02:41:58.482613,2025-12-16 21:41:58.482613,4,24.84
1328,PED-42171,chat,Pagamento,2025-04-18 05:47:17.862906,2025-04-21 16:47:17.862906,2,12.59
1329,PED-64186,Telefone,Pagamento,2025-02-11 11:04:51.195988,2025-02-13 15:04:51.195988,5,48.7
1330,PED-13901,Telefone,troca,2025-02-08 10:38:51.132097,2025-02-10 06:38:51.132097,1,44.47
1331,PED-19120,Chat,Entrega,2025-10-02 10:09:52.550333,2025-10-05 02:09:52.550333,3,27.09
1332,PED-31538,Telefone,Troca,2025-09-04 02:07:08.840793,2025-09-08 02:07:08.840793,4,46.76
1333,PED-94078,chat,Troca,2025-04-09 01:55:07.753732,2025-04-12 11:55:07.753732,5,58.5
1334,PED-62691,Email,Entrega,2026-01-05 03:46:06.008803,2026-01-07 06:46:06.008803,3,5.43
1335,PED-79178,chat,Pagamento,2025-09-02 03:22:19.813580,2025-09-03 12:22:19.813580,4,40.41
1336,PED-91836,Telefone,Entrega,2025-06-15 01:13:13.409881,2025-06-17 20:13:13.409881,4,47.65
1337,PED-21046,Chat,Entrega,2025-12-29 08:41:05.026540,2025-12-30 20:41:05.026540,4,44.88
1338,PED-26515,Email,troca,2025-03-09 11:23:37.136915,2025-03-13 07:23:37.136915,1,33.14
1339,PED-78332,Email,troca,2025-08-14 02:45:58.365662,2025-08-15 15:45:58.365662,1,6.53
1340,PED-87660,Email,troca,2025-09-24 00:03:06.326292,2025-09-26 19:03:06.326292,3,44.96
1341,PED-24475,Chat,Entrega,2025-11-29 05:48:54.554285,2025-12-01 19:48:54.554285,3,39.48
1342,PED-26228,Chat,Troca,2025-12-29 12:27:51.820510,2025-12-31 07:27:51.820510,4,21.39
1343,PED-10683,Telefone,Entrega,2025-05-16 09:35:39.378384,2025-05-20 05:35:39.378384,2,49.3
1344,PED-84133,chat,Entrega,2025-12-01 06:47:07.095879,2025-12-04 06:47:07.095879,3,20.65
1345,PED-85073,chat,Pagamento,2025-07-10 19:22:24.897484,2025-07-14 12:22:24.897484,5,45.56
1346,PED-52971,chat,Entrega,2025-03-25 01:17:29.098210,2025-03-25 12:17:29.098210,4,10.39
1347,PED-65796,Telefone,Troca,2025-10-04 21:34:04.766696,2025-10-08 14:34:04.766696,1,8.42
1348,PED-72423,chat,Pagamento,2025-12-24 07:07:33.297240,2025-12-24 21:07:33.297240,1,25.31
1349,PED-62789,Telefone,Entrega,2025-03-28 04:30:56.341428,2025-03-30 21:30:56.341428,5,32.44
1350,PED-67682,Telefone,Pagamento,2025-03-04 12:34:20.931814,2025-03-06 16:34:20.931814,2,12.94
1351,PED-73539,Telefone,troca,2025-07-22 13:21:54.478210,2025-07-23 03:21:54.478210,5,52.48
1352,PED-37871,Telefone,Pagamento,2025-11-19 12:15:38.220472,2025-11-20 01:15:38.220472,1,46.06
1353,PED-58409,Chat,Pagamento,2026-01-31 18:16:28.291577,2026-02-03 15:16:28.291577,1,11.65
1354,PED-47957,Chat,troca,2025-06-08 22:27:42.713159,2025-06-11 21:27:42.713159,1,25.43
1355,PED-49748,Email,Pagamento,2025-03-22 06:54:29.210977,2025-03-24 03:54:29.210977,1,48.52
1356,PED-87283,Telefone,Troca,2025-12-24 21:44:31.161909,2025-12-25 13:44:31.161909,3,53.9
1357,PED-33996,Telefone,Troca,2025-12-03 16:07:43.617934,2025-12-04 17:07:43.617934,1,35.11
1358,PED-15856,Telefone,Pagamento,2025-08-12 19:29:40.635179,2025-08-13 01:29:40.635179,5,22.03
1359,PED-54279,Telefone,Pagamento,2025-11-14 13:44:45.484104,2025-11-16 20:44:45.484104,5,12.3
1360,PED-76160,Telefone,Pagamento,2025-09-11 08:55:08.114397,2025-09-11 23:55:08.114397,4,13.19
1361,PED-52626,Chat,Pagamento,2025-08-28 19:11:37.799412,2025-09-01 14:11:37.799412,4,17.81
1362,PED-54433,Chat,Pagamento,2025-07-11 21:51:09.695400,2025-07-13 21:51:09.695400,3,40.53
1363,PED-13251,Email,Troca,2025-04-25 07:22:44.184943,2025-04-26 02:22:44.184943,5,9.68
1364,PED-81019,Chat,troca,2025-09-04 15:27:56.748757,2025-09-07 20:27:56.748757,4,32.65
1365,PED-25765,chat,Troca,2025-07-12 16:53:41.077681,2025-07-12 16:53:41.077681,3,48.27
1366,PED-85963,Telefone,Troca,2025-08-10 22:53:01.318589,2025-08-12 03:53:01.318589,5,38.38
1367,PED-87187,Chat,Pagamento,2025-03-11 00:36:59.009695,2025-03-13 01:36:59.009695,1,23.7
1368,PED-64386,Chat,Entrega,2025-08-08 20:06:35.714382,2025-08-09 17:06:35.714382,4,19.14
1369,PED-23019,chat,Entrega,2025-04-25 02:06:21.752496,2025-04-25 14:06:21.752496,2,15.05
1370,PED-21747,chat,Entrega,2025-04-07 02:44:02.568213,2025-04-11 02:44:02.568213,4,42.32
1371,PED-90540,Email,troca,2025-03-05 09:28:49.611344,2025-03-05 14:28:49.611344,1,44.23
1372,PED-61110,Chat,Entrega,2025-04-15 16:13:10.168014,2025-04-17 04:13:10.168014,2,27.71
1373,PED-43807,Telefone,Troca,2026-01-13 18:13:43.411314,2026-01-15 09:13:43.411314,1,16.14
1374,PED-88250,chat,Pagamento,2025-03-02 08:40:30.205258,2025-03-06 06:40:30.205258,5,46.38
1375,PED-25083,Email,Troca,2025-02-04 18:23:12.983457,2025-02-06 17:23:12.983457,3,30.57
1376,PED-18579,Telefone,Troca,2025-11-01 23:20:04.354136,2025-11-04 01:20:04.354136,4,39.84
1377,PED-45279,Chat,troca,2026-01-02 03:42:34.915498,2026-01-02 03:42:34.915498,5,40.84
1378,PED-49926,Telefone,Pagamento,2025-07-02 12:15:53.287652,2025-07-03 02:15:53.287652,1,51.55
1379,PED-36667,chat,Entrega,2025-06-22 23:20:36.259729,2025-06-25 13:20:36.259729,5,59.19
1380,PED-80455,Telefone,Pagamento,2025-06-22 23:04:47.960924,2025-06-24 04:04:47.960924,1,5.06
1381,PED-91360,Email,troca,2026-01-09 08:39:48.348706,2026-01-11 17:39:48.348706,1,8.31
1382,PED-45822,Email,Pagamento,2025-10-25 02:16:28.893846,2025-10-27 13:16:28.893846,3,51.33
1383,PED-86697,Email,Troca,2025-06-16 03:13:00.952838,2025-06-17 04:13:00.952838,2,45.66
1384,PED-19166,Email,Troca,2025-05-26 21:49:47.355068,2025-05-29 19:49:47.355068,4,43.41
1385,PED-82938,Email,Pagamento,2025-04-01 08:48:25.825895,2025-04-01 23:48:25.825895,2,38.57
1386,PED-99404,Email,Entrega,2025-08-02 19:24:38.576590,2025-08-04 09:24:38.576590,4,20.02
1387,PED-52157,Email,troca,2025-10-16 15:44:46.322921,2025-10-20 01:44:46.322921,4,57.74
1388,PED-12080,chat,Troca,2025-12-10 01:42:38.746983,2025-12-11 17:42:38.746983,5,31.21
1389,PED-98172,chat,Pagamento,2025-02-27 21:41:13.505948,2025-02-27 20:41:13.505948,5,54.24
1390,PED-74091,Telefone,Troca,2025-12-20 00:02:06.002306,2025-12-23 16:02:06.002306,1,34.63
1391,PED-68350,Chat,Entrega,2025-03-09 14:02:07.009286,2025-03-13 01:02:07.009286,4,50.51
1392,PED-60692,chat,Troca,2025-09-10 01:16:34.842734,2025-09-11 20:16:34.842734,1,30.45
1393,PED-68271,Chat,troca,2025-12-06 14:56:46.273381,2025-12-07 12:56:46.273381,1,46.71
1394,PED-56900,chat,Troca,2025-06-15 14:03:27.700155,2025-06-19 03:03:27.700155,5,39.39
1395,PED-38986,chat,Pagamento,2026-01-09 10:02:43.541817,2026-01-13 03:02:43.541817,3,7.02
1396,PED-89433,chat,Troca,2025-02-25 17:05:32.856680,2025-02-28 06:05:32.856680,2,59.13
1397,PED-61915,Chat,Entrega,2025-10-28 00:51:52.676260,2025-10-31 07:51:52.676260,5,32.52
1398,PED-82323,chat,troca,2025-10-07 15:46:05.917300,2025-10-08 10:46:05.917300,1,37.35
1399,PED-18526,chat,Entrega,2025-11-29 01:17:05.329938,2025-12-02 22:17:05.329938,5,52.05
1400,PED-45956,chat,Troca,2026-01-21 14:46:47.267820,2026-01-24 06:46:47.267820,5,38.8
1401,PED-83415,Telefone,Troca,2025-12-25 15:10:53.407753,2025-12-29 04:10:53.407753,4,40.25
1402,PED-16797,Email,Pagamento,2025-07-16 05:01:30.392207,2025-07-19 14:01:30.392207,4,20.07
1403,PED-77933,Telefone,Pagamento,2025-11-22 15:12:21.238068,2025-11-26 04:12:21.238068,3,33.45
1404,PED-39431,Chat,Entrega,2025-03-19 06:25:19.411757,2025-03-19 09:25:19.411757,4,34.28
1405,PED-10676,Telefone,troca,2025-06-21 00:41:27.128971,2025-06-22 14:41:27.128971,3,9.5
1406,PED-13325,chat,Pagamento,2025-12-21 08:35:14.319319,2025-12-24 07:35:14.319319,1,55.43
1407,PED-31558,Email,Entrega,2025-03-27 20:03:40.242729,2025-03-28 19:03:40.242729,1,39.43
1408,PED-13653,Telefone,Pagamento,2025-11-01 00:57:10.914351,2025-11-01 10:57:10.914351,1,37.59
1409,PED-53817,Email,troca,2025-11-10 07:57:34.173958,2025-11-13 13:57:34.173958,1,31.05
1410,PED-17134,Email,troca,2026-01-04 10:26:11.462145,2026-01-06 03:26:11.462145,1,47.67
1411,PED-67478,Chat,Pagamento,2025-03-20 08:00:15.930334,2025-03-23 13:00:15.930334,5,11.87
1412,PED-14370,Telefone,Entrega,2025-03-18 21:10:22.134890,2025-03-19 02:10:22.134890,1,48.05
1413,PED-67923,Chat,Entrega,2025-08-28 08:25:12.049984,2025-08-28 13:25:12.049984,5,39.44
1414,PED-23346,Chat,Troca,2025-05-22 00:54:42.649134,2025-05-22 06:54:42.649134,3,51.75
1415,PED-22560,Telefone,troca,2026-01-12 18:30:19.889447,2026-01-14 19:30:19.889447,5,48.31
1416,PED-11390,Telefone,Pagamento,2025-06-11 09:23:23.133823,2025-06-14 14:23:23.133823,4,48.73
1417,PED-91163,Chat,Entrega,2025-03-15 07:09:44.417603,2025-03-18 12:09:44.417603,1,29.97
1418,PED-87045,chat,Troca,2025-03-04 08:15:37.539969,2025-03-06 00:15:37.539969,1,5.68
1419,PED-18853,chat,troca,2026-01-04 19:14:52.090868,2026-01-08 12:14:52.090868,5,19.1
1420,PED-73097,Telefone,troca,2025-12-19 01:44:29.671791,2025-12-21 04:44:29.671791,2,12.57
1421,PED-17928,chat,Entrega,2025-05-25 10:36:54.601578,2025-05-25 13:36:54.601578,5,28.97
1422,PED-56890,Email,troca,2025-09-29 16:06:38.393263,2025-10-03 01:06:38.393263,2,30.82
1423,PED-54944,Email,Entrega,2025-07-02 15:24:20.808295,2025-07-05 18:24:20.808295,1,33.47
1424,PED-98906,chat,Troca,2026-01-29 06:25:19.434372,2026-02-01 16:25:19.434372,2,32.89
1425,PED-17157,Telefone,Entrega,2025-11-19 21:45:03.718491,2025-11-22 18:45:03.718491,2,58.71
1426,PED-36379,Chat,Entrega,2025-11-22 02:37:42.540868,2025-11-25 09:37:42.540868,2,41.73
1427,PED-71263,Email,Entrega,2025-04-30 15:46:29.903151,2025-05-04 05:46:29.903151,5,21.48
1428,PED-31270,Chat,Pagamento,2025-11-07 09:19:28.975567,2025-11-09 01:19:28.975567,1,32.28
1429,PED-93724,chat,troca,2025-04-27 14:34:14.076102,2025-04-27 12:34:14.076102,4,39.32
1430,PED-73012,Email,Pagamento,2026-01-14 06:33:43.819353,2026-01-15 10:33:43.819353,2,27.02
1431,PED-57555,Chat,Troca,2025-07-25 12:04:40.383479,2025-07-25 10:04:40.383479,3,6.65
1432,PED-28664,Email,Pagamento,2025-03-10 05:22:16.175411,2025-03-10 17:22:16.175411,2,39.72
1433,PED-57174,Chat,Troca,2025-08-08 09:52:13.267650,2025-08-12 08:52:13.267650,2,15.88
1434,PED-38697,Email,troca,2025-12-05 04:46:11.211918,2025-12-06 00:46:11.211918,3,51.61
1435,PED-33401,chat,Troca,2025-04-07 03:20:08.548463,2025-04-08 08:20:08.548463,2,51.36
1436,PED-12751,chat,Pagamento,2025-03-10 13:23:42.456056,2025-03-10 23:23:42.456056,1,23.61
1437,PED-49986,Telefone,troca,2025-10-19 13:48:33.531257,2025-10-20 13:48:33.531257,3,49.52
1438,PED-32460,Telefone,Troca,2025-09-13 03:49:43.793114,2025-09-16 13:49:43.793114,1,12.94
1439,PED-34856,chat,Pagamento,2025-08-16 13:44:03.707992,2025-08-17 03:44:03.707992,3,22.49
1440,PED-93380,chat,Troca,2025-03-21 14:22:54.434682,2025-03-23 18:22:54.434682,5,37.3
1441,PED-48559,chat,Entrega,2026-01-25 13:37:30.429645,2026-01-28 07:37:30.429645,2,7.93
1442,PED-26575,Telefone,troca,2025-03-23 00:03:39.190671,2025-03-24 09:03:39.190671,1,48.16
1443,PED-90594,Chat,troca,2025-04-17 15:18:08.421974,2025-04-21 01:18:08.421974,5,26.35
1444,PED-76736,Email,Pagamento,2025-11-09 04:02:26.023722,2025-11-12 12:02:26.023722,5,30.53
1445,PED-59005,Telefone,Pagamento,2025-04-04 10:21:22.453459,2025-04-06 01:21:22.453459,4,19.76
1446,PED-93637,Chat,troca,2025-08-29 10:39:42.960011,2025-08-31 11:39:42.960011,2,54.22
1447,PED-40721,Telefone,troca,2025-12-06 15:27:53.669462,2025-12-08 22:27:53.669462,3,28.38
1448,PED-84890,chat,Entrega,2025-07-13 08:40:01.396914,2025-07-15 06:40:01.396914,3,35.28
1449,PED-21013,Email,Pagamento,2025-05-06 17:41:14.904994,2025-05-07 08:41:14.904994,5,24.34
1450,PED-15392,Telefone,Entrega,2025-02-15 17:25:51.521054,2025-02-18 17:25:51.521054,4,29.81
1451,PED-63602,Email,Pagamento,2025-12-01 18:33:59.117826,2025-12-03 23:33:59.117826,3,20.02
1452,PED-33536,Telefone,troca,2025-09-04 05:30:27.423296,2025-09-04 06:30:27.423296,3,40.49
1453,PED-20802,Email,Troca,2026-01-22 03:07:36.024001,2026-01-23 22:07:36.024001,3,55.96
1454,PED-25543,Chat,Entrega,2025-02-21 18:39:28.682493,2025-02-22 04:39:28.682493,1,35.03
1455,PED-35774,Email,Entrega,2025-06-14 04:20:22.947273,2025-06-15 20:20:22.947273,3,45.99
1456,PED-99592,Email,troca,2026-01-12 19:49:33.436843,2026-01-16 19:49:33.436843,5,59.89
1457,PED-81188,Email,Troca,2025-11-16 12:20:30.856689,2025-11-20 10:20:30.856689,3,20.5
1458,PED-62928,Telefone,Troca,2025-03-22 19:06:04.373506,2025-03-24 13:06:04.373506,4,40.98
1459,PED-29566,Telefone,troca,2025-10-18 03:19:06.019368,2025-10-22 02:19:06.019368,2,44.78
1460,PED-72185,chat,Pagamento,2026-01-21 06:49:37.900675,2026-01-22 06:49:37.900675,4,23.74
1461,PED-51035,chat,Pagamento,2025-04-12 13:24:17.515945,2025-04-12 21:24:17.515945,4,16.53
1462,PED-83196,Chat,Entrega,2025-02-03 22:07:18.107080,2025-02-06 05:07:18.107080,2,36.76
1463,PED-50051,Chat,Pagamento,2025-02-18 08:55:58.259666,2025-02-18 22:55:58.259666,3,23.69
1464,PED-65799,Telefone,Entrega,2025-09-01 02:54:45.743417,2025-09-03 05:54:45.743417,3,37.28
1465,PED-14221,chat,troca,2025-10-02 20:05:41.577921,2025-10-05 18:05:41.577921,3,36.25
1466,PED-89670,Telefone,Pagamento,2026-01-27 19:24:13.717380,2026-01-30 22:24:13.717380,2,57.18
1467,PED-80056,Telefone,troca,2025-10-27 14:49:36.492338,2025-10-27 20:49:36.492338,4,10.98
1468,PED-69183,Email,Troca,2025-09-24 23:20:15.495917,2025-09-27 21:20:15.495917,2,10.74
1469,PED-33283,Chat,Pagamento,2026-01-19 22:38:36.538581,2026-01-22 18:38:36.538581,1,15.27
1470,PED-60579,Email,troca,2025-06-16 14:58:05.940945,2025-06-16 20:58:05.940945,2,21.01
1471,PED-19172,Telefone,Troca,2025-06-28 08:25:53.421689,2025-07-01 01:25:53.421689,3,33.52
1472,PED-52830,Telefone,Pagamento,2025-02-10 03:12:05.620233,2025-02-10 22:12:05.620233,2,59.43
1473,PED-80313,Telefone,Pagamento,2025-02-15 09:13:11.026562,2025-02-15 23:13:11.026562,1,26.39
1474,PED-27030,chat,Entrega,2026-01-04 07:22:47.430404,2026-01-05 07:22:47.430404,4,49.98
1475,PED-72230,chat,Entrega,2025-05-18 08:04:11.682435,2025-05-21 19:04:11.682435,5,16.16
1476,PED-99762,Telefone,Entrega,2025-04-08 21:29:49.704858,2025-04-12 14:29:49.704858,2,5.41
1477,PED-68422,Chat,Pagamento,2025-06-26 06:19:24.060772,2025-06-26 22:19:24.060772,5,49.42
1478,PED-53108,Telefone,Pagamento,2025-07-29 05:29:39.131444,2025-07-31 22:29:39.131444,4,36.69
1479,PED-21941,Email,Pagamento,2025-02-28 09:24:28.345824,2025-03-04 05:24:28.345824,3,43.52
1480,PED-48987,Telefone,troca,2025-10-06 14:27:29.644960,2025-10-10 07:27:29.644960,4,18.7
1481,PED-66633,Telefone,Pagamento,2025-07-28 23:27:25.799572,2025-08-01 04:27:25.799572,2,43.42
1482,PED-61583,Chat,troca,2025-12-02 23:23:57.783287,2025-12-03 09:23:57.783287,2,20.06
1483,PED-80482,Email,Troca,2025-02-07 22:39:24.850851,2025-02-11 04:39:24.850851,2,54.98
1484,PED-82459,Chat,Entrega,2026-01-10 03:51:50.642703,2026-01-12 05:51:50.642703,1,46.55
1485,PED-52731,Telefone,Pagamento,2025-08-27 10:08:36.103724,2025-08-30 00:08:36.103724,2,18.9
1486,PED-15850,Telefone,Troca,2025-06-12 07:45:18.989161,2025-06-14 21:45:18.989161,1,40.14
1487,PED-70542,Telefone,Entrega,2025-09-14 03:07:28.085483,2025-09-17 15:07:28.085483,4,52.07
1488,PED-14951,Chat,Entrega,2026-01-06 20:23:54.050578,2026-01-08 20:23:54.050578,1,44.0
1489,PED-52875,Telefone,Pagamento,2025-04-22 09:24:45.021353,2025-04-23 00:24:45.021353,4,8.75
1490,PED-96117,chat,Pagamento,2025-08-18 23:46:39.494588,2025-08-21 19:46:39.494588,2,30.89
1491,PED-31150,chat,Troca,2026-01-01 22:47:23.897341,2026-01-03 07:47:23.897341,5,10.53
1492,PED-26272,Telefone,troca,2025-06-16 20:37:20.226920,2025-06-18 07:37:20.226920,1,41.93
1493,PED-98785,Email,troca,2025-07-13 08:36:47.957712,2025-07-13 07:36:47.957712,4,24.69
1494,PED-14514,chat,Pagamento,2025-03-06 09:54:39.702049,2025-03-07 10:54:39.702049,1,51.01
1495,PED-94018,Chat,Pagamento,2025-10-16 12:12:17.280426,2025-10-19 04:12:17.280426,3,29.42
1496,PED-10611,Chat,Pagamento,2025-07-31 12:26:55.550222,2025-08-03 14:26:55.550222,2,56.09
1497,PED-41265,chat,Troca,2025-10-04 07:46:40.807341,2025-10-06 04:46:40.807341,1,28.19
1498,PED-54186,chat,Troca,2025-07-12 22:51:48.105899,2025-07-12 21:51:48.105899,2,57.73
1499,PED-97046,chat,troca,2025-10-25 16:00:01.803521,2025-10-26 02:00:01.803521,1,27.86
1500,PED-52879,Email,troca,2025-02-15 16:15:45.808858,2025-02-16 03:15:45.808858,5,16.39
1501,PED-61781,Telefone,Troca,2025-07-26 02:59:01.224012,2025-07-28 21:59:01.224012,2,16.76
1502,PED-52384,chat,Troca,2025-04-24 19:04:29.792026,2025-04-26 14:04:29.792026,4,40.97
1503,PED-61011,chat,Pagamento,2025-11-04 12:47:25.232140,2025-11-04 11:47:25.232140,2,8.63
1504,PED-95189,Email,Troca,2026-01-20 07:33:13.580362,2026-01-21 16:33:13.580362,1,53.7
1505,PED-49522,Telefone,Troca,2025-07-30 09:49:26.578089,2025-08-01 11:49:26.578089,5,48.52
1506,PED-32473,Email,Troca,2026-01-23 00:41:33.732169,2026-01-25 22:41:33.732169,5,22.84
1507,PED-60930,chat,Entrega,2026-01-24 22:08:21.682636,2026-01-28 04:08:21.682636,2,39.94
1508,PED-51676,Telefone,Troca,2025-08-02 20:02:41.666500,2025-08-06 10:02:41.666500,3,5.97
1509,PED-68839,Telefone,troca,2025-05-14 00:11:49.468746,2025-05-17 00:11:49.468746,5,37.31
1510,PED-40488,Chat,Troca,2025-04-24 12:05:35.044073,2025-04-24 11:05:35.044073,3,18.0
1511,PED-41922,Chat,Troca,2025-05-07 13:49:49.093641,2025-05-09 17:49:49.093641,2,25.6
1512,PED-36478,chat,Pagamento,2025-10-02 19:07:44.297827,2025-10-04 06:07:44.297827,2,40.31
1513,PED-88390,Telefone,Entrega,2025-04-11 08:37:36.286109,2025-04-12 12:37:36.286109,2,20.3
1514,PED-15191,Telefone,Entrega,2025-11-21 06:46:54.206523,2025-11-24 14:46:54.206523,1,17.6
1515,PED-53420,Email,troca,2025-06-22 22:55:00.894195,2025-06-26 17:55:00.894195,2,34.66
1516,PED-42550,chat,Pagamento,2025-05-26 20:30:54.197769,2025-05-30 07:30:54.197769,5,22.69
1517,PED-92546,Chat,Troca,2025-10-10 07:24:32.814791,2025-10-12 13:24:32.814791,4,8.85
1518,PED-16829,chat,troca,2025-03-25 22:52:01.144223,2025-03-26 20:52:01.144223,2,10.05
1519,PED-81938,chat,troca,2026-01-22 03:25:29.874750,2026-01-25 04:25:29.874750,5,9.3
1520,PED-71220,Email,troca,2025-12-14 12:50:37.160204,2025-12-18 06:50:37.160204,2,18.47
1521,PED-89410,chat,Entrega,2026-01-06 16:51:38.321373,2026-01-07 12:51:38.321373,3,36.7
1522,PED-36398,Email,Pagamento,2025-04-27 07:05:57.974886,2025-04-30 14:05:57.974886,1,57.31
1523,PED-62198,Telefone,troca,2025-03-16 10:54:02.099038,2025-03-18 06:54:02.099038,4,29.28
1524,PED-89874,Telefone,troca,2025-03-25 00:42:37.704799,2025-03-27 14:42:37.704799,4,6.09
1525,PED-66019,Chat,Entrega,2025-09-13 19:15:36.555165,2025-09-15 17:15:36.555165,5,34.55
1526,PED-33029,Email,Pagamento,2026-01-21 01:20:49.531028,2026-01-23 21:20:49.531028,4,21.82
1527,PED-59171,Telefone,Troca,2025-12-22 02:05:12.128021,2025-12-23 12:05:12.128021,3,12.52
1528,PED-35652,chat,troca,2025-02-07 21:48:40.878261,2025-02-10 07:48:40.878261,1,5.71
1529,PED-59054,Telefone,Pagamento,2025-12-06 02:20:34.769691,2025-12-08 16:20:34.769691,4,56.72
1530,PED-58908,Telefone,Pagamento,2025-04-28 00:49:51.707112,2025-05-01 21:49:51.707112,3,40.26
1531,PED-19336,Telefone,Troca,2026-01-21 21:33:40.379363,2026-01-24 22:33:40.379363,1,26.17
1532,PED-31281,chat,Pagamento,2026-01-07 23:57:24.160678,2026-01-10 21:57:24.160678,3,47.42
1533,PED-55688,Telefone,Entrega,2025-05-27 11:17:06.750768,2025-05-31 09:17:06.750768,1,40.8
1534,PED-42347,chat,Pagamento,2025-05-03 03:48:53.396556,2025-05-05 07:48:53.396556,1,55.68
1535,PED-92700,Chat,troca,2025-10-14 06:19:25.157074,2025-10-16 02:19:25.157074,3,38.3
1536,PED-29315,Email,troca,2025-04-26 13:00:06.855619,2025-04-30 02:00:06.855619,5,36.81
1537,PED-31158,Chat,Troca,2025-12-16 08:55:41.636784,2025-12-19 18:55:41.636784,1,40.44
1538,PED-62122,Chat,troca,2025-07-05 04:46:14.800500,2025-07-07 03:46:14.800500,4,14.12
1539,PED-43144,Email,Pagamento,2025-10-15 12:37:56.720198,2025-10-17 16:37:56.720198,5,21.94
1540,PED-21648,Chat,Entrega,2025-02-11 16:29:09.995837,2025-02-13 18:29:09.995837,2,19.8
1541,PED-62162,Email,Troca,2025-08-24 22:59:46.908888,2025-08-25 22:59:46.908888,2,49.9
1542,PED-22697,Chat,Pagamento,2025-02-17 19:32:25.496010,2025-02-17 17:32:25.496010,5,27.93
1543,PED-66485,chat,troca,2025-04-04 17:35:17.067305,2025-04-06 03:35:17.067305,3,15.25
1544,PED-35954,Telefone,troca,2025-05-18 06:48:49.628351,2025-05-18 21:48:49.628351,5,57.17
1545,PED-84329,chat,troca,2026-02-03 04:05:54.237016,2026-02-05 11:05:54.237016,2,8.24
1546,PED-35150,Email,Pagamento,2025-12-08 12:47:39.166129,2025-12-09 09:47:39.166129,4,39.48
1547,PED-24312,chat,Troca,2025-04-06 04:43:40.907156,2025-04-09 09:43:40.907156,3,9.71
1548,PED-46275,Chat,Entrega,2025-05-25 17:32:07.728881,2025-05-26 06:32:07.728881,1,37.21
1549,PED-73595,Chat,Troca,2025-10-04 04:57:05.022997,2025-10-06 15:57:05.022997,1,19.63
1550,PED-97205,Chat,Troca,2025-10-15 01:46:28.185946,2025-10-14 23:46:28.185946,2,33.73
1551,PED-59239,Email,Pagamento,2025-10-09 10:12:42.266622,2025-10-09 08:12:42.266622,4,46.63
1552,PED-66289,Email,Entrega,2025-02-18 10:30:39.757343,2025-02-21 13:30:39.757343,3,59.97
1553,PED-57344,Telefone,Pagamento,2025-04-18 06:57:11.687392,2025-04-19 10:57:11.687392,5,8.15
1554,PED-53287,Chat,Troca,2025-11-24 05:38:56.695029,2025-11-26 00:38:56.695029,4,52.88
1555,PED-28201,Chat,Troca,2025-08-14 19:27:35.272437,2025-08-16 20:27:35.272437,5,20.37
1556,PED-42576,Email,Pagamento,2025-05-20 18:44:00.116569,2025-05-24 09:44:00.116569,5,42.74
1557,PED-77490,Telefone,troca,2025-02-16 23:47:28.206703,2025-02-19 09:47:28.206703,1,59.24
1558,PED-12179,Email,Troca,2025-09-02 05:21:28.806850,2025-09-03 20:21:28.806850,3,42.29
1559,PED-89529,Telefone,Pagamento,2025-12-05 06:20:27.828025,2025-12-06 09:20:27.828025,5,48.67
1560,PED-66087,Telefone,Troca,2025-03-23 09:22:48.372885,2025-03-25 03:22:48.372885,4,21.16
1561,PED-28764,Chat,troca,2025-05-03 22:25:45.280094,2025-05-04 20:25:45.280094,4,48.83
1562,PED-98219,Telefone,troca,2025-12-23 01:35:39.245943,2025-12-24 13:35:39.245943,4,57.53
1563,PED-96853,chat,troca,2025-02-18 12:43:01.030914,2025-02-20 23:43:01.030914,2,14.37
1564,PED-21722,Chat,Pagamento,2025-10-30 21:42:21.057344,2025-11-03 07:42:21.057344,1,13.81
1565,PED-60264,Email,troca,2025-03-17 14:29:21.803176,2025-03-19 05:29:21.803176,3,41.63
1566,PED-26134,chat,Pagamento,2025-06-06 19:51:37.935060,2025-06-10 06:51:37.935060,1,48.75
1567,PED-39334,Chat,Entrega,2025-12-29 20:25:33.004004,2025-12-31 12:25:33.004004,4,55.06
1568,PED-60023,Telefone,troca,2025-12-09 13:29:25.658914,2025-12-13 10:29:25.658914,2,19.25
1569,PED-21492,Chat,Troca,2025-09-10 09:51:19.506455,2025-09-11 20:51:19.506455,3,45.73
1570,PED-25218,Email,troca,2025-04-20 13:15:11.497300,2025-04-21 11:15:11.497300,3,57.47
1571,PED-10220,Email,Troca,2025-02-11 00:01:34.042266,2025-02-13 23:01:34.042266,5,34.46
1572,PED-65535,Email,Entrega,2025-09-12 18:17:03.979971,2025-09-14 17:17:03.979971,2,33.59
1573,PED-87434,chat,Troca,2025-10-06 12:00:43.639955,2025-10-09 15:00:43.639955,4,5.51
1574,PED-51409,chat,Entrega,2025-02-21 19:03:45.320033,2025-02-24 03:03:45.320033,2,32.49
1575,PED-29323,Email,troca,2025-03-13 08:07:38.142691,2025-03-15 16:07:38.142691,1,37.94
1576,PED-75847,Chat,Entrega,2025-08-16 21:54:30.879650,2025-08-18 10:54:30.879650,5,31.31
1577,PED-74883,Email,Pagamento,2025-11-30 01:56:53.050148,2025-12-01 02:56:53.050148,1,58.96
1578,PED-30014,chat,troca,2025-09-14 17:32:00.930032,2025-09-16 09:32:00.930032,1,55.77
1579,PED-73898,Telefone,Entrega,2025-02-23 08:07:04.101900,2025-02-24 04:07:04.101900,2,59.51
1580,PED-61417,Email,Pagamento,2025-06-11 01:30:49.702361,2025-06-13 21:30:49.702361,4,59.47
1581,PED-61296,Telefone,Troca,2025-11-11 16:30:21.980967,2025-11-15 14:30:21.980967,5,44.97
1582,PED-35571,Telefone,Troca,2025-11-29 08:26:37.329695,2025-11-30 18:26:37.329695,2,22.79
1583,PED-17094,Email,Pagamento,2025-06-06 11:33:24.325637,2025-06-09 11:33:24.325637,2,36.74
1584,PED-73234,Email,troca,2025-08-14 01:43:54.563712,2025-08-16 07:43:54.563712,2,17.0
1585,PED-35644,Chat,Entrega,2025-09-23 10:58:41.525838,2025-09-27 07:58:41.525838,5,10.61
1586,PED-59355,Telefone,troca,2026-01-08 22:10:09.453713,2026-01-09 14:10:09.453713,1,10.28
1587,PED-33544,Chat,Troca,2025-11-20 14:12:30.770382,2025-11-23 00:12:30.770382,5,40.76
1588,PED-66861,chat,Pagamento,2025-02-15 14:53:08.062166,2025-02-18 15:53:08.062166,2,6.87
1589,PED-61989,Telefone,Entrega,2025-10-03 19:29:20.196937,2025-10-04 23:29:20.196937,5,57.5
1590,PED-59200,Chat,Pagamento,2026-01-31 14:46:04.449818,2026-02-03 23:46:04.449818,4,20.14
1591,PED-68342,Email,Troca,2025-06-21 15:12:56.871332,2025-06-25 00:12:56.871332,1,11.41
1592,PED-74122,chat,Troca,2026-01-22 10:01:28.197254,2026-01-22 23:01:28.197254,5,36.51
1593,PED-72848,Email,Troca,2025-12-22 02:35:53.740598,2025-12-25 01:35:53.740598,5,14.96
1594,PED-94488,Telefone,Entrega,2025-04-10 08:06:14.773772,2025-04-12 19:06:14.773772,5,11.89
1595,PED-18322,chat,Pagamento,2025-08-19 07:35:16.629399,2025-08-20 22:35:16.629399,1,26.66
1596,PED-79479,Telefone,Troca,2025-10-03 09:54:53.554027,2025-10-06 03:54:53.554027,5,51.04
1597,PED-95419,Chat,troca,2025-08-16 10:47:57.680839,2025-08-19 04:47:57.680839,1,14.94
1598,PED-33584,Chat,Pagamento,2025-12-20 18:11:06.911114,2025-12-23 20:11:06.911114,3,11.77
1599,PED-85377,chat,troca,2026-01-30 07:37:50.582155,2026-01-30 21:37:50.582155,1,35.94
1600,PED-14588,Chat,Troca,2025-11-05 04:17:35.033521,2025-11-09 02:17:35.033521,5,21.42
1601,PED-32492,Telefone,Troca,2025-03-14 04:48:07.631491,2025-03-16 23:48:07.631491,2,21.53
1602,PED-48456,Telefone,troca,2025-07-09 02:30:04.493845,2025-07-11 18:30:04.493845,5,31.97
1603,PED-78506,Email,troca,2025-06-14 18:34:20.953454,2025-06-16 08:34:20.953454,1,41.44
1604,PED-41077,Chat,troca,2026-01-03 00:01:34.335388,2026-01-03 03:01:34.335388,2,21.48
1605,PED-27590,chat,Entrega,2025-05-31 05:59:18.652452,2025-06-01 06:59:18.652452,3,12.07
1606,PED-65314,Chat,Entrega,2025-12-07 12:54:51.398538,2025-12-10 17:54:51.398538,3,26.0
1607,PED-62436,Telefone,Troca,2026-01-20 02:50:09.993161,2026-01-20 20:50:09.993161,3,42.21
1608,PED-28775,chat,Troca,2026-01-08 04:55:38.421876,2026-01-11 18:55:38.421876,3,59.74
1609,PED-94616,chat,Entrega,2025-06-17 00:32:56.867771,2025-06-20 15:32:56.867771,5,41.15
1610,PED-89291,chat,Pagamento,2025-02-11 20:48:34.412686,2025-02-14 11:48:34.412686,2,22.4
1611,PED-59668,Chat,troca,2025-10-19 07:48:34.617183,2025-10-21 12:48:34.617183,1,19.86
1612,PED-24416,Telefone,Troca,2025-04-12 17:12:16.658065,2025-04-15 11:12:16.658065,3,40.21
1613,PED-53714,Email,troca,2025-08-20 08:45:53.683498,2025-08-22 04:45:53.683498,2,20.05
1614,PED-59434,chat,Pagamento,2025-12-13 18:42:54.679251,2025-12-14 04:42:54.679251,1,48.05
1615,PED-33033,Email,Pagamento,2025-08-08 14:19:54.883307,2025-08-09 03:19:54.883307,1,34.09
1616,PED-84993,Email,Entrega,2025-09-08 19:14:10.607067,2025-09-12 10:14:10.607067,5,10.45
1617,PED-32380,Email,Pagamento,2025-08-18 03:41:14.738595,2025-08-18 07:41:14.738595,2,23.98
1618,PED-98842,Telefone,Pagamento,2025-10-03 05:03:38.498769,2025-10-07 01:03:38.498769,5,12.02
1619,PED-77314,chat,troca,2025-09-09 18:16:50.983774,2025-09-09 17:16:50.983774,2,25.83
1620,PED-45044,Chat,Entrega,2025-12-17 00:08:13.939766,2025-12-20 20:08:13.939766,2,42.3
1621,PED-70003,chat,Pagamento,2025-05-28 15:55:20.430816,2025-05-30 18:55:20.430816,3,48.92
1622,PED-47594,Email,Pagamento,2025-09-13 08:33:53.507449,2025-09-15 22:33:53.507449,5,56.79
1623,PED-50001,Chat,Entrega,2025-08-14 16:45:41.296849,2025-08-15 19:45:41.296849,4,47.38
1624,PED-93188,Chat,Troca,2025-10-26 05:55:13.600379,2025-10-26 14:55:13.600379,2,56.97
1625,PED-85407,Chat,Troca,2025-02-14 18:19:13.016349,2025-02-15 13:19:13.016349,3,35.48
1626,PED-11401,Telefone,troca,2025-02-06 10:56:39.533163,2025-02-08 23:56:39.533163,4,32.38
1627,PED-98706,Chat,Pagamento,2025-04-25 21:26:27.761176,2025-04-29 10:26:27.761176,1,38.9
1628,PED-10955,Telefone,Entrega,2025-09-03 02:29:17.154438,2025-09-06 23:29:17.154438,2,59.68
1629,PED-79220,Chat,Pagamento,2025-03-06 07:33:06.223442,2025-03-09 17:33:06.223442,2,42.1
1630,PED-78618,chat,troca,2025-06-01 07:55:43.294200,2025-06-05 06:55:43.294200,1,25.19
1631,PED-77329,Email,Troca,2025-04-29 00:17:19.168602,2025-04-29 15:17:19.168602,4,32.25
1632,PED-58927,Chat,Entrega,2025-11-22 01:09:14.889929,2025-11-22 20:09:14.889929,2,50.74
1633,PED-25448,Email,Entrega,2025-11-28 11:15:28.166366,2025-12-02 11:15:28.166366,4,21.14
1634,PED-10292,Telefone,troca,2025-06-06 05:49:30.401362,2025-06-07 06:49:30.401362,3,56.1
1635,PED-77571,Chat,Pagamento,2026-01-19 02:51:16.677595,2026-01-22 10:51:16.677595,5,51.66
1636,PED-56628,Chat,Pagamento,2025-07-23 18:33:59.340523,2025-07-23 23:33:59.340523,3,21.41
1637,PED-10675,Email,troca,2025-12-18 04:14:11.092229,2025-12-18 15:14:11.092229,4,24.5
1638,PED-66466,Telefone,troca,2025-05-14 03:03:14.837032,2025-05-14 13:03:14.837032,1,34.1
1639,PED-63833,Chat,Pagamento,2025-10-09 09:50:10.513207,2025-10-10 02:50:10.513207,1,13.56
1640,PED-42785,chat,Pagamento,2025-10-25 21:28:06.923802,2025-10-29 07:28:06.923802,4,25.59
1641,PED-66143,chat,Entrega,2025-12-04 20:54:13.209428,2025-12-06 16:54:13.209428,1,59.42
1642,PED-67587,chat,troca,2025-05-01 23:12:24.774730,2025-05-05 09:12:24.774730,3,46.09
1643,PED-57085,chat,Troca,2025-04-06 01:16:48.655411,2025-04-05 23:16:48.655411,2,20.67
1644,PED-61713,Telefone,Entrega,2025-08-22 18:09:20.549951,2025-08-23 09:09:20.549951,1,13.82
1645,PED-72822,Email,Troca,2025-11-20 21:57:46.962069,2025-11-21 20:57:46.962069,4,31.9
1646,PED-99356,chat,Entrega,2025-10-17 12:09:32.375645,2025-10-20 01:09:32.375645,4,32.6
1647,PED-60967,chat,Troca,2025-12-30 11:22:35.604039,2026-01-03 07:22:35.604039,1,48.6
1648,PED-30387,Email,Troca,2025-09-04 22:01:27.446182,2025-09-05 12:01:27.446182,2,7.86
1649,PED-66317,Chat,Pagamento,2025-07-12 07:33:42.329661,2025-07-14 00:33:42.329661,4,20.92
1650,PED-20828,Telefone,troca,2025-05-27 07:51:12.460788,2025-05-29 19:51:12.460788,5,13.39
1651,PED-34492,chat,Entrega,2026-02-01 16:16:29.342053,2026-02-04 07:16:29.342053,1,52.53
1652,PED-42421,Telefone,troca,2025-11-30 19:06:24.354758,2025-12-04 10:06:24.354758,4,43.86
1653,PED-75841,chat,troca,2025-12-30 21:49:21.155508,2025-12-31 08:49:21.155508,5,39.59
1654,PED-40065,Chat,troca,2025-10-08 05:23:40.193173,2025-10-08 22:23:40.193173,4,7.11
1655,PED-29163,Telefone,Troca,2025-06-16 02:11:22.818018,2025-06-17 00:11:22.818018,5,15.98
1656,PED-59853,Telefone,Entrega,2025-09-12 07:26:38.441271,2025-09-12 11:26:38.441271,2,17.2
1657,PED-72809,Chat,Pagamento,2026-01-11 00:59:02.938306,2026-01-13 04:59:02.938306,1,21.74
1658,PED-57654,Email,Entrega,2025-05-08 23:00:43.904955,2025-05-10 07:00:43.904955,4,18.58
1659,PED-33822,Chat,Troca,2026-01-13 10:40:48.656743,2026-01-13 14:40:48.656743,1,41.32
1660,PED-37784,Email,Pagamento,2025-04-25 05:31:13.687859,2025-04-26 20:31:13.687859,3,54.97
1661,PED-66479,chat,Entrega,2025-11-11 21:45:50.959311,2025-11-12 07:45:50.959311,4,25.0
1662,PED-24618,Chat,Troca,2025-03-21 10:13:16.611061,2025-03-22 22:13:16.611061,5,47.38
1663,PED-53412,Email,Entrega,2025-05-27 23:32:22.045820,2025-05-28 13:32:22.045820,5,34.09
1664,PED-41228,Email,troca,2025-03-23 09:22:42.525818,2025-03-25 06:22:42.525818,5,26.12
1665,PED-27102,Chat,Troca,2025-07-09 12:47:12.457400,2025-07-09 23:47:12.457400,5,58.26
1666,PED-34960,chat,Pagamento,2026-01-01 07:10:53.681714,2026-01-04 16:10:53.681714,1,9.12
1667,PED-91134,Email,Entrega,2025-02-08 15:44:32.000975,2025-02-11 10:44:32.000975,4,59.43
1668,PED-79934,chat,Troca,2025-03-30 10:31:42.265628,2025-03-31 09:31:42.265628,2,15.54
1669,PED-43099,Email,Entrega,2026-01-13 02:17:56.461625,2026-01-15 22:17:56.461625,4,39.64
1670,PED-67163,Chat,Pagamento,2026-01-02 05:14:12.340703,2026-01-02 18:14:12.340703,4,33.81
1671,PED-12867,chat,Entrega,2025-06-25 18:40:10.012461,2025-06-28 08:40:10.012461,2,20.93
1672,PED-17968,chat,Pagamento,2025-02-28 09:27:45.521082,2025-03-03 07:27:45.521082,4,42.66
1673,PED-19828,chat,Pagamento,2025-07-14 06:16:35.261509,2025-07-16 21:16:35.261509,5,26.13
1674,PED-62540,Email,troca,2025-10-03 13:52:06.997328,2025-10-05 12:52:06.997328,2,5.2
1675,PED-38548,Chat,Pagamento,2025-08-22 09:56:55.401930,2025-08-25 08:56:55.401930,5,43.93
1676,PED-43925,Email,troca,2025-08-03 23:15:59.841772,2025-08-06 16:15:59.841772,3,43.95
1677,PED-25611,chat,troca,2026-01-07 00:24:57.859493,2026-01-09 20:24:57.859493,1,34.35
1678,PED-15123,chat,Entrega,2026-01-05 17:32:50.448632,2026-01-07 04:32:50.448632,2,19.87
1679,PED-94202,chat,troca,2026-01-15 13:00:38.536292,2026-01-15 17:00:38.536292,5,11.39
1680,PED-55542,Email,Entrega,2025-09-23 01:18:22.934721,2025-09-26 10:18:22.934721,1,57.05
1681,PED-44608,chat,Pagamento,2025-10-23 10:49:43.149865,2025-10-26 06:49:43.149865,5,21.22
1682,PED-92045,Chat,Entrega,2026-01-12 09:53:55.079158,2026-01-12 14:53:55.079158,2,45.18
1683,PED-33165,Email,Troca,2026-01-21 21:38:54.565407,2026-01-23 06:38:54.565407,5,41.15
1684,PED-23951,Telefone,Entrega,2025-08-25 02:37:39.134338,2025-08-28 02:37:39.134338,5,35.3
1685,PED-38919,Email,Entrega,2026-01-27 23:50:10.646437,2026-01-30 05:50:10.646437,2,36.99
1686,PED-61834,chat,Pagamento,2025-07-13 05:38:57.305427,2025-07-17 03:38:57.305427,2,45.14
1687,PED-58318,chat,Pagamento,2025-03-30 07:33:04.418218,2025-04-01 12:33:04.418218,1,32.28
1688,PED-34251,chat,troca,2025-08-28 19:14:51.147468,2025-08-31 03:14:51.147468,5,31.98
1689,PED-33646,Email,Troca,2025-03-13 23:58:32.762038,2025-03-17 18:58:32.762038,3,13.96
1690,PED-61668,chat,Troca,2025-11-13 08:03:31.707761,2025-11-14 04:03:31.707761,2,8.96
1691,PED-69640,Telefone,Troca,2025-05-08 20:00:44.969326,2025-05-10 01:00:44.969326,5,12.55
1692,PED-11545,Chat,Pagamento,2025-06-09 19:02:46.457928,2025-06-13 17:02:46.457928,4,6.14
1693,PED-94473,Chat,troca,2025-08-06 04:09:01.747215,2025-08-06 03:09:01.747215,2,47.36
1694,PED-28695,Chat,Troca,2025-12-27 06:25:45.844409,2025-12-28 14:25:45.844409,1,34.83
1695,PED-21136,chat,troca,2025-04-09 05:24:40.017516,2025-04-10 22:24:40.017516,4,46.78
1696,PED-31383,Email,Entrega,2025-10-03 15:56:34.496590,2025-10-05 21:56:34.496590,4,13.5
1697,PED-81241,Email,Troca,2025-10-20 00:51:14.870042,2025-10-20 05:51:14.870042,1,50.37
1698,PED-81387,Email,Troca,2025-05-12 13:28:05.497982,2025-05-13 00:28:05.497982,5,53.76
1699,PED-28590,Chat,troca,2025-12-06 19:29:42.978434,2025-12-08 22:29:42.978434,1,17.47
1700,PED-29316,Email,Entrega,2026-01-08 17:35:28.009013,2026-01-10 16:35:28.009013,2,55.69
1701,PED-60429,Chat,Pagamento,2026-02-01 23:05:55.497679,2026-02-05 12:05:55.497679,2,59.49
1702,PED-23334,Email,Entrega,2025-04-07 14:45:37.915154,2025-04-08 16:45:37.915154,1,38.86
1703,PED-57250,Chat,Troca,2025-03-20 16:18:47.057575,2025-03-21 05:18:47.057575,5,13.31
1704,PED-79531,Email,troca,2025-03-27 10:42:02.843515,2025-03-29 14:42:02.843515,4,13.26
1705,PED-49526,Email,Entrega,2025-07-28 13:08:16.502650,2025-08-01 00:08:16.502650,1,19.91
1706,PED-96734,Email,Entrega,2025-10-19 08:51:56.326743,2025-10-21 21:51:56.326743,1,48.39
1707,PED-95964,chat,Entrega,2025-07-28 08:37:26.027615,2025-07-29 01:37:26.027615,2,26.48
1708,PED-72709,Chat,Troca,2025-10-18 11:06:35.265358,2025-10-22 05:06:35.265358,5,28.51
1709,PED-46500,chat,Troca,2025-06-06 04:58:06.243859,2025-06-09 23:58:06.243859,3,59.71
1710,PED-60465,Email,Entrega,2025-04-08 22:40:58.272760,2025-04-09 19:40:58.272760,4,28.31
1711,PED-64256,Email,troca,2025-05-03 04:14:53.516070,2025-05-06 18:14:53.516070,2,26.08
1712,PED-75156,Telefone,troca,2025-08-05 17:01:08.487426,2025-08-08 13:01:08.487426,4,9.6
1713,PED-65291,chat,Troca,2026-01-19 23:33:34.883627,2026-01-23 16:33:34.883627,2,24.89
1714,PED-12248,Email,Pagamento,2025-10-07 01:16:34.588710,2025-10-08 01:16:34.588710,2,55.65
1715,PED-55789,Email,troca,2025-12-24 07:38:44.802288,2025-12-24 12:38:44.802288,3,30.32
1716,PED-65191,chat,troca,2025-07-07 01:38:45.178525,2025-07-09 21:38:45.178525,2,8.07
1717,PED-25366,chat,Pagamento,2025-11-09 01:16:07.930357,2025-11-09 16:16:07.930357,1,43.29
1718,PED-58717,Chat,Troca,2025-05-22 00:54:32.699809,2025-05-24 04:54:32.699809,5,9.06
1719,PED-30732,Chat,troca,2025-09-01 18:34:07.940166,2025-09-04 20:34:07.940166,3,12.77
1720,PED-20101,Chat,Pagamento,2025-12-01 15:38:35.815200,2025-12-02 20:38:35.815200,2,47.1
1721,PED-28364,Email,Pagamento,2025-10-08 08:03:28.880826,2025-10-10 18:03:28.880826,4,44.74
1722,PED-94521,Chat,Entrega,2025-04-10 00:47:39.965921,2025-04-12 06:47:39.965921,1,13.57
1723,PED-14209,chat,troca,2025-09-20 18:35:41.339785,2025-09-24 02:35:41.339785,1,26.8
1724,PED-99116,Telefone,Entrega,2025-04-16 14:27:18.996253,2025-04-18 18:27:18.996253,5,32.6
1725,PED-39794,Telefone,troca,2025-05-01 18:40:10.223390,2025-05-05 10:40:10.223390,3,58.52
1726,PED-59487,chat,troca,2025-07-08 08:26:11.393475,2025-07-11 00:26:11.393475,4,39.05
1727,PED-61418,chat,Troca,2025-08-15 18:49:14.541141,2025-08-16 20:49:14.541141,4,31.26
1728,PED-94133,Telefone,Pagamento,2025-04-02 19:43:40.059002,2025-04-06 04:43:40.059002,2,8.01
1729,PED-94757,Telefone,troca,2025-07-11 01:51:10.400414,2025-07-12 22:51:10.400414,3,10.96
1730,PED-57540,Email,Troca,2025-12-07 18:04:00.688199,2025-12-08 01:04:00.688199,2,20.52
1731,PED-23954,Chat,troca,2025-10-26 12:56:20.589519,2025-10-29 07:56:20.589519,5,5.6
1732,PED-34607,chat,Troca,2025-04-15 14:25:51.030216,2025-04-17 03:25:51.030216,2,19.8
1733,PED-84029,Chat,Pagamento,2025-12-01 12:13:48.058349,2025-12-04 10:13:48.058349,1,7.64
1734,PED-50449,Chat,Entrega,2025-03-22 21:29:14.033442,2025-03-23 06:29:14.033442,3,57.73
1735,PED-35543,Email,Pagamento,2025-05-29 09:34:59.504318,2025-05-31 23:34:59.504318,3,58.56
1736,PED-98432,Chat,Entrega,2025-03-28 22:24:01.311786,2025-04-01 13:24:01.311786,4,54.31
1737,PED-23238,chat,Troca,2025-05-29 01:08:45.298034,2025-05-31 15:08:45.298034,5,48.78
1738,PED-86855,Chat,Entrega,2025-04-11 08:52:49.588268,2025-04-13 19:52:49.588268,2,13.33
1739,PED-20322,Chat,troca,2025-04-05 19:29:07.143603,2025-04-08 04:29:07.143603,2,49.41
1740,PED-28463,chat,Entrega,2025-08-16 13:04:43.021534,2025-08-19 22:04:43.021534,4,48.19
1741,PED-48121,Email,Pagamento,2025-11-22 23:45:59.936506,2025-11-24 16:45:59.936506,1,53.99
1742,PED-60807,chat,troca,2025-07-13 03:21:42.716899,2025-07-16 16:21:42.716899,5,38.38
1743,PED-84304,Telefone,Troca,2025-10-06 16:47:30.623449,2025-10-07 09:47:30.623449,1,12.84
1744,PED-81714,Chat,Pagamento,2025-07-13 20:43:13.422904,2025-07-15 09:43:13.422904,1,30.01
1745,PED-48745,chat,Troca,2025-12-10 21:32:27.705130,2025-12-11 16:32:27.705130,3,36.71
1746,PED-21695,Chat,troca,2025-03-19 12:38:17.008075,2025-03-21 07:38:17.008075,4,19.19
1747,PED-43557,Telefone,troca,2025-04-02 12:43:31.899887,2025-04-04 22:43:31.899887,1,58.44
1748,PED-15189,Email,Entrega,2025-04-06 14:01:13.933444,2025-04-09 02:01:13.933444,4,27.5
1749,PED-99205,chat,Pagamento,2025-09-21 08:08:20.601176,2025-09-24 13:08:20.601176,3,33.19
1750,PED-51110,Email,Troca,2025-03-04 21:42:45.011878,2025-03-08 02:42:45.011878,4,32.83
1751,PED-99463,Chat,Troca,2026-01-25 16:31:39.607816,2026-01-26 23:31:39.607816,2,43.49
1752,PED-11041,chat,Troca,2025-02-27 22:20:25.593961,2025-03-02 19:20:25.593961,3,25.67
1753,PED-62334,Chat,troca,2025-12-02 22:23:36.836897,2025-12-05 20:23:36.836897,4,53.08
1754,PED-22255,Email,Pagamento,2025-07-03 14:22:00.968121,2025-07-07 01:22:00.968121,4,40.34
1755,PED-24302,Chat,troca,2025-12-14 11:45:11.042876,2025-12-16 20:45:11.042876,1,55.46
1756,PED-66769,chat,Pagamento,2025-04-24 22:45:43.910431,2025-04-26 22:45:43.910431,3,8.55
1757,PED-89215,Telefone,troca,2025-12-07 16:07:37.348882,2025-12-09 09:07:37.348882,4,11.29
1758,PED-15017,chat,Pagamento,2025-07-17 20:22:54.673362,2025-07-20 04:22:54.673362,2,40.21
1759,PED-84475,Chat,Pagamento,2025-04-21 21:45:00.143713,2025-04-23 11:45:00.143713,1,56.51
1760,PED-66375,Telefone,troca,2025-06-18 15:35:47.557729,2025-06-20 11:35:47.557729,1,16.63
1761,PED-99610,Telefone,Entrega,2025-10-25 06:24:27.241839,2025-10-25 06:24:27.241839,3,39.96
1762,PED-28577,Chat,Entrega,2025-10-23 20:03:01.071063,2025-10-24 04:03:01.071063,4,9.49
1763,PED-69168,Telefone,troca,2025-09-13 21:28:56.545563,2025-09-17 14:28:56.545563,3,15.12
1764,PED-22116,Telefone,Entrega,2025-11-23 20:03:23.339906,2025-11-24 00:03:23.339906,3,14.05
1765,PED-64932,Telefone,Pagamento,2025-10-01 06:14:52.955636,2025-10-03 00:14:52.955636,5,42.89
1766,PED-67250,Email,Pagamento,2025-08-14 00:03:46.401768,2025-08-14 18:03:46.401768,1,35.85
1767,PED-36025,Chat,troca,2025-02-10 22:25:56.175434,2025-02-14 00:25:56.175434,3,41.52
1768,PED-51486,Chat,troca,2025-11-10 04:49:46.959722,2025-11-13 23:49:46.959722,4,56.36
1769,PED-51472,Chat,Pagamento,2025-02-17 10:04:07.474356,2025-02-19 23:04:07.474356,3,33.64
1770,PED-69055,chat,Pagamento,2025-08-23 00:21:17.933529,2025-08-22 22:21:17.933529,5,10.36
1771,PED-34596,Telefone,troca,2025-09-11 15:22:57.662592,2025-09-12 16:22:57.662592,5,25.77
1772,PED-37494,chat,Troca,2025-12-11 04:35:37.809870,2025-12-12 22:35:37.809870,3,49.76
1773,PED-49576,Email,Troca,2025-04-01 06:17:21.104368,2025-04-01 06:17:21.104368,4,40.69
1774,PED-64270,Telefone,Entrega,2026-01-14 22:06:40.395456,2026-01-17 06:06:40.395456,3,50.55
1775,PED-78572,Email,Troca,2025-06-27 19:33:11.326230,2025-06-29 23:33:11.326230,2,30.24
1776,PED-33186,chat,Pagamento,2025-05-21 21:32:33.648604,2025-05-23 18:32:33.648604,4,20.68
1777,PED-99165,Telefone,Entrega,2025-02-28 13:09:15.728287,2025-03-03 23:09:15.728287,5,56.58
1778,PED-21484,Chat,Troca,2025-10-09 20:38:34.253399,2025-10-10 06:38:34.253399,1,38.89
1779,PED-23588,Telefone,Troca,2025-09-22 22:53:08.070901,2025-09-25 00:53:08.070901,4,32.68
1780,PED-97518,Email,Pagamento,2025-05-18 19:05:07.126713,2025-05-18 21:05:07.126713,2,17.26
1781,PED-82297,Telefone,Troca,2025-12-10 07:54:57.784736,2025-12-12 15:54:57.784736,2,52.1
1782,PED-55955,Telefone,Pagamento,2026-01-16 04:43:10.502961,2026-01-16 17:43:10.502961,4,5.42
1783,PED-39351,Email,Entrega,2025-10-26 03:11:12.102763,2025-10-28 00:11:12.102763,3,21.91
1784,PED-98250,chat,Troca,2025-11-09 22:58:55.992456,2025-11-12 01:58:55.992456,4,6.8
1785,PED-30103,Email,Entrega,2025-06-18 06:23:43.439869,2025-06-18 07:23:43.439869,3,14.37
1786,PED-66363,chat,Pagamento,2025-04-22 13:25:29.946490,2025-04-25 12:25:29.946490,2,38.89
1787,PED-16760,Telefone,troca,2025-02-22 21:13:35.908979,2025-02-24 21:13:35.908979,4,58.75
1788,PED-62837,Email,troca,2025-12-21 20:46:32.833935,2025-12-22 16:46:32.833935,4,17.7
1789,PED-26558,Chat,Pagamento,2025-07-23 18:30:25.448987,2025-07-27 10:30:25.448987,3,51.05
1790,PED-52258,chat,Troca,2025-05-09 09:42:40.981218,2025-05-10 03:42:40.981218,1,6.41
1791,PED-92430,chat,Troca,2025-11-01 11:51:59.288654,2025-11-01 10:51:59.288654,5,43.92
1792,PED-84946,Telefone,Troca,2025-09-14 15:26:30.278235,2025-09-14 23:26:30.278235,2,59.09
1793,PED-92772,Email,troca,2025-06-21 18:27:11.228385,2025-06-25 01:27:11.228385,2,40.89
1794,PED-48918,chat,troca,2026-01-31 19:31:52.599452,2026-02-01 21:31:52.599452,4,47.37
1795,PED-16782,Email,Troca,2025-07-09 12:30:37.899929,2025-07-12 22:30:37.899929,2,39.51
1796,PED-85937,Chat,Troca,2025-09-25 23:59:29.211942,2025-09-29 06:59:29.211942,4,56.0
1797,PED-24034,chat,Entrega,2025-06-28 00:30:46.776671,2025-06-28 13:30:46.776671,3,54.2
1798,PED-20142,Telefone,Entrega,2025-09-06 09:02:37.439770,2025-09-06 18:02:37.439770,2,26.49
1799,PED-12877,Telefone,Troca,2025-04-06 06:57:47.502958,2025-04-08 18:57:47.502958,4,57.76
1800,PED-37563,Telefone,Pagamento,2025-04-14 08:42:59.151234,2025-04-14 15:42:59.151234,3,39.85
1801,PED-31116,chat,Entrega,2025-07-22 15:14:09.113259,2025-07-24 22:14:09.113259,1,54.7
1802,PED-84356,Chat,Troca,2026-01-21 04:23:11.561566,2026-01-24 14:23:11.561566,3,59.66
1803,PED-90478,Chat,troca,2025-07-20 13:14:56.493621,2025-07-23 00:14:56.493621,5,45.79
1804,PED-35276,Chat,Troca,2025-08-20 07:02:33.690309,2025-08-20 20:02:33.690309,5,33.15
1805,PED-38351,Email,Troca,2025-12-30 17:21:45.137547,2025-12-31 10:21:45.137547,2,6.62
1806,PED-38804,Chat,troca,2025-08-28 05:44:53.058929,2025-08-28 20:44:53.058929,3,20.05
1807,PED-22054,Email,Entrega,2025-09-16 08:33:17.636334,2025-09-17 07:33:17.636334,4,45.99
1808,PED-67155,Telefone,troca,2025-12-05 02:31:33.812634,2025-12-07 15:31:33.812634,3,14.51
1809,PED-46842,Telefone,Troca,2025-09-25 15:35:00.788623,2025-09-29 04:35:00.788623,5,48.62
1810,PED-50840,chat,troca,2025-11-02 05:40:22.842806,2025-11-05 06:40:22.842806,4,28.84
1811,PED-65540,Email,Entrega,2025-08-20 07:52:05.426030,2025-08-22 14:52:05.426030,5,10.92
1812,PED-66270,chat,Entrega,2025-04-30 03:56:47.644008,2025-05-02 02:56:47.644008,3,54.38
1813,PED-68904,chat,Troca,2025-03-10 13:47:44.260497,2025-03-10 19:47:44.260497,5,18.92
1814,PED-48466,Email,Pagamento,2025-06-26 10:15:21.333097,2025-06-28 12:15:21.333097,1,11.31
1815,PED-66280,chat,Entrega,2025-06-22 06:00:35.779558,2025-06-23 21:00:35.779558,2,9.0
1816,PED-58714,Email,troca,2026-01-12 03:39:11.104910,2026-01-15 13:39:11.104910,3,11.73
1817,PED-11428,Email,troca,2025-05-14 18:37:49.930833,2025-05-16 08:37:49.930833,4,36.21
1818,PED-40493,Chat,Pagamento,2025-03-27 21:35:29.985887,2025-03-29 12:35:29.985887,3,38.1
1819,PED-38503,Chat,Entrega,2025-05-21 13:43:21.841322,2025-05-24 06:43:21.841322,5,57.04
1820,PED-19807,Telefone,Pagamento,2026-01-24 06:30:25.612990,2026-01-27 17:30:25.612990,3,49.74
1821,PED-35837,Chat,Pagamento,2025-07-06 14:52:24.886301,2025-07-07 13:52:24.886301,4,7.57
1822,PED-65212,Chat,Troca,2026-01-14 15:08:43.162952,2026-01-16 00:08:43.162952,4,14.41
1823,PED-87485,Telefone,troca,2025-05-16 06:46:44.840991,2025-05-17 21:46:44.840991,5,6.17
1824,PED-94366,Chat,Pagamento,2025-03-29 03:55:15.508439,2025-03-29 03:55:15.508439,3,12.21
1825,PED-14850,Chat,Entrega,2025-07-25 08:07:50.866599,2025-07-27 09:07:50.866599,1,8.82
1826,PED-64405,Email,Entrega,2025-08-28 08:07:17.129173,2025-08-28 18:07:17.129173,3,46.45
1827,PED-20455,Email,Pagamento,2025-09-02 22:41:43.643629,2025-09-04 23:41:43.643629,5,7.59
1828,PED-69582,Telefone,Troca,2026-01-21 09:46:35.503175,2026-01-22 21:46:35.503175,3,56.57
1829,PED-13838,chat,Troca,2025-11-05 08:55:30.354544,2025-11-05 19:55:30.354544,1,12.63
1830,PED-67105,chat,troca,2025-03-09 23:00:45.290500,2025-03-11 14:00:45.290500,1,15.51
1831,PED-80458,Chat,Troca,2025-09-08 03:15:59.057796,2025-09-10 00:15:59.057796,3,53.58
1832,PED-24523,Chat,Entrega,2025-02-23 12:41:16.833963,2025-02-23 15:41:16.833963,1,19.5
1833,PED-90314,Telefone,Entrega,2025-03-14 02:02:58.559059,2025-03-17 16:02:58.559059,2,55.87
1834,PED-70384,Chat,troca,2025-10-14 13:22:45.206803,2025-10-17 13:22:45.206803,3,52.4
1835,PED-86563,Telefone,Pagamento,2025-05-24 17:55:00.409411,2025-05-28 15:55:00.409411,1,33.7
1836,PED-85744,Telefone,Pagamento,2025-09-28 04:21:52.660208,2025-09-29 08:21:52.660208,3,22.71
1837,PED-73269,chat,Troca,2025-11-19 12:39:10.415249,2025-11-23 07:39:10.415249,3,47.14
1838,PED-20852,Email,troca,2025-12-12 12:01:43.384836,2025-12-16 05:01:43.384836,2,43.22
1839,PED-74828,Chat,troca,2025-11-03 05:22:07.168507,2025-11-03 12:22:07.168507,1,41.88
1840,PED-60470,chat,Pagamento,2025-10-22 12:45:20.694102,2025-10-24 21:45:20.694102,1,23.72
1841,PED-79159,Email,Entrega,2025-08-26 08:08:31.910066,2025-08-29 09:08:31.910066,4,41.04
1842,PED-23849,chat,troca,2025-12-07 23:05:02.089458,2025-12-10 13:05:02.089458,3,26.21
1843,PED-91327,chat,Pagamento,2025-09-19 09:52:04.006460,2025-09-21 16:52:04.006460,2,8.78
1844,PED-31521,Email,Troca,2025-03-21 19:06:56.128543,2025-03-23 23:06:56.128543,2,30.35
1845,PED-24444,chat,Troca,2026-01-14 01:06:12.162787,2026-01-14 12:06:12.162787,4,15.29
1846,PED-72421,Telefone,Entrega,2025-03-08 13:47:22.474453,2025-03-08 14:47:22.474453,3,11.51
1847,PED-21018,Email,Pagamento,2025-08-07 10:46:07.356848,2025-08-10 06:46:07.356848,2,13.28
1848,PED-66472,Email,Troca,2025-02-04 02:42:08.977984,2025-02-06 16:42:08.977984,4,19.99
1849,PED-16440,Telefone,Pagamento,2025-03-12 17:37:20.236960,2025-03-13 03:37:20.236960,2,21.17
1850,PED-33153,Email,Pagamento,2025-02-28 01:26:12.334661,2025-03-02 02:26:12.334661,5,28.85
1851,PED-16536,chat,Troca,2025-07-22 22:17:54.141425,2025-07-26 11:17:54.141425,2,11.34
1852,PED-85396,Email,troca,2025-09-14 00:44:40.757433,2025-09-14 02:44:40.757433,1,34.27
1853,PED-39683,Telefone,Pagamento,2025-08-02 21:23:55.661000,2025-08-04 06:23:55.661000,4,10.57
1854,PED-45162,Telefone,troca,2025-05-23 23:12:08.377334,2025-05-27 18:12:08.377334,2,48.22
1855,PED-93479,Email,Entrega,2025-10-31 02:28:30.136082,2025-11-01 20:28:30.136082,1,10.18
1856,PED-91542,Telefone,Entrega,2025-08-20 19:43:21.298765,2025-08-23 09:43:21.298765,2,14.36
1857,PED-19103,chat,troca,2025-04-17 08:34:33.161137,2025-04-20 21:34:33.161137,3,54.49
1858,PED-11669,Telefone,Pagamento,2025-03-16 22:37:00.603533,2025-03-17 14:37:00.603533,3,6.15
1859,PED-20089,chat,Troca,2025-05-16 09:06:27.854937,2025-05-17 16:06:27.854937,5,24.37
1860,PED-86435,Chat,Pagamento,2025-12-24 08:16:35.582384,2025-12-26 18:16:35.582384,2,30.99
1861,PED-12279,Email,troca,2025-09-07 04:32:56.741288,2025-09-07 07:32:56.741288,5,32.67
1862,PED-29212,Chat,Troca,2025-04-05 10:24:30.464727,2025-04-09 08:24:30.464727,3,49.21
1863,PED-69325,Telefone,Entrega,2025-10-17 09:46:57.026984,2025-10-19 01:46:57.026984,5,19.15
1864,PED-43231,Email,Pagamento,2025-04-11 19:28:47.247163,2025-04-14 07:28:47.247163,1,50.53
1865,PED-53743,Telefone,Troca,2025-02-20 21:51:28.095860,2025-02-22 09:51:28.095860,3,42.72
1866,PED-93859,Chat,troca,2025-09-10 04:12:56.008299,2025-09-13 23:12:56.008299,4,52.09
1867,PED-28564,Email,Pagamento,2025-04-25 10:44:55.189471,2025-04-28 20:44:55.189471,1,18.44
1868,PED-66455,Email,troca,2025-07-10 07:07:06.165400,2025-07-14 03:07:06.165400,1,15.66
1869,PED-93720,Chat,Entrega,2025-12-15 02:10:03.303633,2025-12-17 00:10:03.303633,5,54.46
1870,PED-79062,chat,Entrega,2026-01-30 23:44:21.130036,2026-02-02 06:44:21.130036,3,53.84
1871,PED-87220,Telefone,Entrega,2025-03-12 08:27:58.273232,2025-03-14 08:27:58.273232,3,15.48
1872,PED-78167,Email,Troca,2025-03-31 21:18:15.600468,2025-04-03 21:18:15.600468,4,48.74
1873,PED-55481,Email,Troca,2025-03-13 12:26:21.395693,2025-03-16 10:26:21.395693,1,32.44
1874,PED-29284,Telefone,troca,2025-07-01 14:38:51.147237,2025-07-05 03:38:51.147237,5,58.17
1875,PED-83156,chat,Entrega,2025-05-01 23:00:00.993254,2025-05-05 04:00:00.993254,4,20.85
1876,PED-12043,Telefone,Troca,2025-09-09 01:55:00.934486,2025-09-10 12:55:00.934486,2,20.57
1877,PED-26178,Chat,Pagamento,2025-11-13 20:01:49.918548,2025-11-16 21:01:49.918548,3,5.28
1878,PED-96540,Chat,Troca,2025-10-25 11:47:48.757846,2025-10-27 06:47:48.757846,3,12.57
1879,PED-75797,chat,Troca,2025-06-03 08:04:31.501849,2025-06-04 18:04:31.501849,3,12.85
1880,PED-35785,Telefone,Troca,2025-04-12 03:22:50.938621,2025-04-15 22:22:50.938621,3,17.04
1881,PED-56482,chat,Pagamento,2025-04-20 14:50:52.366296,2025-04-23 00:50:52.366296,4,26.95
1882,PED-44243,Email,Entrega,2025-10-31 11:30:30.191781,2025-10-31 21:30:30.191781,2,36.01
1883,PED-52268,chat,troca,2025-08-23 19:49:30.429371,2025-08-27 07:49:30.429371,3,12.46
1884,PED-36151,Email,Entrega,2025-12-21 21:25:39.399343,2025-12-24 17:25:39.399343,1,21.35
1885,PED-70444,chat,Pagamento,2025-03-30 10:21:13.888908,2025-04-02 16:21:13.888908,4,10.28
1886,PED-67920,Email,Entrega,2025-07-10 21:37:21.421499,2025-07-13 14:37:21.421499,4,24.48
1887,PED-65116,Telefone,Pagamento,2026-01-09 21:01:47.590253,2026-01-12 06:01:47.590253,1,55.19
1888,PED-65170,Chat,troca,2025-06-13 18:51:38.754741,2025-06-13 19:51:38.754741,5,54.88
1889,PED-86064,Email,troca,2025-12-28 16:25:38.775678,2025-12-29 21:25:38.775678,5,34.88
1890,PED-48449,Chat,Pagamento,2025-02-14 09:50:00.304170,2025-02-17 07:50:00.304170,2,27.16
1891,PED-70661,Telefone,Troca,2025-02-18 03:26:19.143683,2025-02-18 01:26:19.143683,1,8.01
1892,PED-24031,Email,Troca,2025-03-16 01:54:02.054220,2025-03-19 10:54:02.054220,3,36.1
1893,PED-53425,Chat,Troca,2025-02-09 13:18:48.551251,2025-02-13 03:18:48.551251,5,42.09
1894,PED-16949,chat,troca,2025-04-11 13:14:45.864309,2025-04-15 09:14:45.864309,5,45.72
1895,PED-27878,chat,troca,2025-09-08 16:30:53.927781,2025-09-11 05:30:53.927781,3,39.55
1896,PED-10845,Telefone,troca,2026-02-03 10:27:48.229642,2026-02-07 04:27:48.229642,1,8.69
1897,PED-89140,Chat,Troca,2026-01-14 12:06:15.994140,2026-01-15 05:06:15.994140,2,16.24
1898,PED-13231,Telefone,Pagamento,2025-10-28 03:49:49.008016,2025-10-30 13:49:49.008016,1,55.93
1899,PED-63026,Telefone,troca,2026-01-25 05:43:21.966786,2026-01-26 17:43:21.966786,2,51.29
1900,PED-44114,Telefone,Troca,2026-01-26 18:42:15.291296,2026-01-29 13:42:15.291296,4,13.04
1901,PED-34223,chat,troca,2025-06-09 04:31:54.312938,2025-06-09 04:31:54.312938,2,33.13
1902,PED-81654,chat,Pagamento,2025-11-27 10:10:45.272413,2025-12-01 01:10:45.272413,4,20.95
1903,PED-23109,Telefone,Entrega,2025-10-26 22:57:04.659779,2025-10-30 09:57:04.659779,3,26.52
1904,PED-24068,Telefone,Pagamento,2025-05-09 01:41:58.646975,2025-05-12 16:41:58.646975,4,13.15
1905,PED-69910,Chat,Pagamento,2025-11-22 04:50:46.086719,2025-11-23 14:50:46.086719,1,36.93
1906,PED-94555,Telefone,Troca,2025-12-16 09:09:52.705084,2025-12-16 11:09:52.705084,3,57.95
1907,PED-70076,Email,Troca,2025-05-13 10:00:45.419743,2025-05-15 19:00:45.419743,2,24.68
1908,PED-37627,Email,Pagamento,2026-01-14 23:09:25.099191,2026-01-17 13:09:25.099191,5,8.45
1909,PED-29844,Email,Entrega,2025-05-03 08:57:58.368294,2025-05-06 17:57:58.368294,4,44.34
1910,PED-46482,Email,Pagamento,2025-12-06 17:03:49.240235,2025-12-07 08:03:49.240235,1,55.39
1911,PED-73405,Telefone,Pagamento,2025-08-22 07:05:56.968791,2025-08-25 15:05:56.968791,5,41.24
1912,PED-76450,Email,troca,2025-07-31 02:36:49.729522,2025-08-03 01:36:49.729522,3,37.39
1913,PED-55625,Telefone,Troca,2025-10-14 03:05:55.029560,2025-10-17 03:05:55.029560,1,6.62
1914,PED-30863,chat,Troca,2025-06-30 16:28:14.665373,2025-07-04 11:28:14.665373,1,32.47
1915,PED-72444,Email,troca,2025-05-12 02:02:00.649044,2025-05-15 14:02:00.649044,2,10.8
1916,PED-60342,Telefone,Troca,2025-07-14 18:33:51.371181,2025-07-15 14:33:51.371181,1,38.65
1917,PED-14904,Chat,Pagamento,2025-12-27 06:18:21.093328,2025-12-27 18:18:21.093328,3,38.36
1918,PED-32815,Email,Troca,2025-09-16 03:46:48.053974,2025-09-16 04:46:48.053974,4,25.77
1919,PED-85206,chat,troca,2025-10-07 18:24:14.491608,2025-10-11 01:24:14.491608,3,32.01
1920,PED-47498,chat,troca,2025-05-20 13:44:41.074623,2025-05-24 01:44:41.074623,2,28.87
1921,PED-35204,Chat,Troca,2025-07-28 20:21:31.404164,2025-07-31 13:21:31.404164,1,16.19
1922,PED-10686,Email,Pagamento,2025-10-10 03:00:13.505817,2025-10-10 18:00:13.505817,5,35.06
1923,PED-54657,chat,Pagamento,2025-10-01 22:24:30.047327,2025-10-02 05:24:30.047327,2,50.78
1924,PED-72093,Email,Entrega,2025-08-19 05:21:45.163800,2025-08-22 04:21:45.163800,5,54.49
1925,PED-18802,Telefone,Pagamento,2025-10-04 19:03:25.722823,2025-10-05 10:03:25.722823,4,53.07
1926,PED-20242,chat,Entrega,2025-06-29 06:16:27.030636,2025-07-02 04:16:27.030636,1,11.49
1927,PED-16747,Email,Troca,2025-11-30 05:13:48.819443,2025-12-01 08:13:48.819443,2,50.17
1928,PED-42949,Telefone,Entrega,2025-05-07 22:24:52.768005,2025-05-09 09:24:52.768005,1,52.98
1929,PED-47757,Chat,troca,2025-07-14 07:53:13.045841,2025-07-15 01:53:13.045841,5,56.25
1930,PED-50925,Telefone,Troca,2025-06-15 20:19:00.082952,2025-06-18 10:19:00.082952,5,43.36
1931,PED-86385,Telefone,Entrega,2025-02-26 18:05:37.639499,2025-02-27 06:05:37.639499,1,6.78
1932,PED-44194,chat,Entrega,2025-02-19 03:00:18.542107,2025-02-21 06:00:18.542107,1,12.66
1933,PED-53202,Chat,troca,2025-10-26 13:28:38.527215,2025-10-29 09:28:38.527215,4,9.01
1934,PED-89954,Chat,Entrega,2025-04-24 02:11:00.557672,2025-04-27 00:11:00.557672,1,57.24
1935,PED-90272,Chat,Pagamento,2025-03-01 00:16:10.323263,2025-03-04 02:16:10.323263,2,19.88
1936,PED-23639,Chat,Pagamento,2026-01-09 06:01:48.818959,2026-01-09 09:01:48.818959,5,17.39
1937,PED-66559,Telefone,Entrega,2025-03-28 16:26:05.888918,2025-03-30 10:26:05.888918,2,6.18
1938,PED-13454,chat,Pagamento,2025-08-07 06:38:46.625651,2025-08-07 11:38:46.625651,1,35.39
1939,PED-60741,Telefone,troca,2025-11-27 01:34:40.642675,2025-11-27 05:34:40.642675,4,43.57
1940,PED-28057,Chat,Pagamento,2025-07-28 07:17:32.226244,2025-07-31 03:17:32.226244,1,54.34
1941,PED-56109,chat,Entrega,2025-04-29 22:26:17.783607,2025-05-01 19:26:17.783607,4,55.49
1942,PED-40413,Chat,Troca,2025-03-22 19:33:48.366907,2025-03-23 23:33:48.366907,2,27.72
1943,PED-80283,Chat,Troca,2025-09-26 12:39:09.546026,2025-09-30 10:39:09.546026,2,49.69
1944,PED-17425,chat,Pagamento,2025-10-11 22:39:17.893168,2025-10-12 05:39:17.893168,2,20.54
1945,PED-55831,chat,Entrega,2025-02-20 16:29:56.642229,2025-02-22 06:29:56.642229,2,38.34
1946,PED-96190,Chat,Troca,2025-11-17 04:04:29.461447,2025-11-19 15:04:29.461447,1,18.76
1947,PED-36982,Telefone,Entrega,2025-09-20 08:07:35.719023,2025-09-23 03:07:35.719023,2,29.39
1948,PED-58094,Email,troca,2025-07-23 13:27:58.570177,2025-07-25 01:27:58.570177,5,54.11
1949,PED-80964,Chat,Troca,2025-07-26 01:36:24.108363,2025-07-27 15:36:24.108363,3,54.52
1950,PED-91509,Telefone,Entrega,2026-01-27 03:40:34.488884,2026-01-30 19:40:34.488884,1,16.2
1951,PED-78287,chat,Entrega,2025-09-22 01:32:52.968862,2025-09-22 16:32:52.968862,5,16.59
1952,PED-28607,Chat,troca,2025-08-17 08:11:10.561678,2025-08-19 05:11:10.561678,4,40.74
1953,PED-24973,Chat,Pagamento,2025-08-28 00:50:25.348689,2025-08-30 08:50:25.348689,1,19.87
1954,PED-60354,Email,Troca,2025-07-05 17:50:09.647195,2025-07-08 18:50:09.647195,1,20.35
1955,PED-60323,Telefone,Troca,2025-05-15 02:48:18.644880,2025-05-18 06:48:18.644880,4,26.16
1956,PED-39418,chat,Pagamento,2025-12-17 12:29:18.878316,2025-12-17 15:29:18.878316,2,41.3
1957,PED-16849,Email,Troca,2025-10-15 08:55:30.117383,2025-10-18 02:55:30.117383,5,46.96
1958,PED-89788,Email,Entrega,2025-11-26 06:38:17.558636,2025-11-26 07:38:17.558636,5,16.91
1959,PED-54688,Telefone,Pagamento,2025-10-19 03:31:38.827852,2025-10-19 04:31:38.827852,1,49.41
1960,PED-60870,Email,Pagamento,2025-06-27 16:11:10.695958,2025-06-30 12:11:10.695958,4,36.49
1961,PED-78014,Email,troca,2025-06-04 21:29:34.110535,2025-06-07 19:29:34.110535,4,30.7
1962,PED-27284,Chat,Entrega,2025-08-25 05:11:23.548796,2025-08-26 09:11:23.548796,3,9.7
1963,PED-81146,Email,Entrega,2025-03-02 10:56:31.462764,2025-03-03 15:56:31.462764,5,26.7
1964,PED-45949,Email,Entrega,2025-06-20 01:25:24.200384,2025-06-23 05:25:24.200384,3,48.03
1965,PED-89691,Chat,Troca,2025-10-07 15:30:25.564983,2025-10-11 15:30:25.564983,3,36.26
1966,PED-44670,chat,Pagamento,2025-04-18 12:48:07.433278,2025-04-20 03:48:07.433278,4,5.95
1967,PED-71137,Chat,Entrega,2025-12-08 16:01:07.193443,2025-12-08 15:01:07.193443,4,40.08
1968,PED-38553,Telefone,Troca,2025-07-13 15:07:27.572702,2025-07-16 12:07:27.572702,5,56.64
1969,PED-89996,Email,Troca,2025-03-03 00:40:01.673654,2025-03-04 09:40:01.673654,4,14.89
1970,PED-46194,Email,Pagamento,2025-05-10 23:59:49.367347,2025-05-14 23:59:49.367347,2,17.51
1971,PED-29254,Chat,troca,2025-07-13 12:36:29.078267,2025-07-14 08:36:29.078267,1,41.0
1972,PED-99711,Telefone,Entrega,2025-05-08 08:13:36.281740,2025-05-09 05:13:36.281740,1,35.44
1973,PED-17970,Email,Entrega,2025-09-16 21:09:43.619647,2025-09-18 00:09:43.619647,1,42.31
1974,PED-80836,Chat,troca,2026-01-07 11:18:42.441120,2026-01-09 06:18:42.441120,3,11.0
1975,PED-68171,Chat,Troca,2025-12-27 07:58:54.534305,2025-12-29 21:58:54.534305,2,16.22
1976,PED-58674,Telefone,Troca,2025-05-11 00:19:41.332463,2025-05-13 23:19:41.332463,4,53.17
1977,PED-13236,Email,Entrega,2025-11-22 03:29:00.528701,2025-11-22 19:29:00.528701,3,58.63
1978,PED-59114,Telefone,Entrega,2025-12-08 16:40:49.551708,2025-12-12 01:40:49.551708,5,6.71
1979,PED-15847,Email,troca,2025-12-26 22:28:53.480355,2025-12-28 19:28:53.480355,5,6.4
1980,PED-37719,Email,Entrega,2026-01-15 20:03:16.946031,2026-01-18 23:03:16.946031,2,25.84
1981,PED-14272,chat,Pagamento,2025-05-02 06:13:47.429188,2025-05-05 06:13:47.429188,1,57.53
1982,PED-84108,Telefone,Troca,2025-06-19 08:36:10.559374,2025-06-20 10:36:10.559374,5,48.9
1983,PED-71909,Telefone,Entrega,2025-04-02 10:26:50.504250,2025-04-05 13:26:50.504250,3,15.73
1984,PED-48412,chat,Entrega,2025-09-12 11:17:17.964138,2025-09-15 10:17:17.964138,2,48.95
1985,PED-40263,Telefone,Entrega,2025-10-07 03:01:41.833905,2025-10-08 23:01:41.833905,1,43.12
1986,PED-63729,Email,Troca,2026-01-06 00:32:11.232021,2026-01-08 06:32:11.232021,3,35.83
1987,PED-57486,Telefone,troca,2025-08-19 08:34:29.148672,2025-08-19 15:34:29.148672,4,48.25
1988,PED-84624,chat,troca,2025-05-08 07:17:31.556005,2025-05-09 10:17:31.556005,4,42.08
1989,PED-28106,Email,Entrega,2025-03-27 18:29:21.636045,2025-03-31 05:29:21.636045,3,22.26
1990,PED-63543,Telefone,troca,2025-12-02 07:28:07.217641,2025-12-02 15:28:07.217641,5,32.18
1991,PED-35965,chat,Pagamento,2025-11-16 17:37:43.126098,2025-11-20 17:37:43.126098,1,14.17
1992,PED-44521,Telefone,Troca,2025-06-08 07:53:11.425782,2025-06-10 10:53:11.425782,2,52.82
1993,PED-13136,chat,Troca,2025-03-17 08:26:27.541464,2025-03-19 13:26:27.541464,2,33.32
1994,PED-60870,Telefone,Entrega,2025-04-15 09:52:13.548951,2025-04-18 02:52:13.548951,2,27.13
1995,PED-41645,Email,Troca,2025-10-19 08:26:19.535543,2025-10-22 05:26:19.535543,3,54.36
1996,PED-87526,Chat,Troca,2025-08-06 16:19:59.955290,2025-08-08 09:19:59.955290,1,45.63
1997,PED-68837,Telefone,Pagamento,2026-01-15 18:35:21.782462,2026-01-17 13:35:21.782462,4,20.91
1998,PED-27643,chat,Troca,2025-10-22 21:35:40.108611,2025-10-25 08:35:40.108611,2,54.26
1999,PED-87732,Email,Pagamento,2025-04-15 13:06:36.902156,2025-04-18 14:06:36.902156,4,22.62
2000,PED-76672,Email,Troca,2025-12-09 15:01:16.714419,2025-12-10 11:01:16.714419,2,21.35
2001,PED-16329,Telefone,Entrega,2025-06-09 09:51:23.144791,2025-06-11 02:51:23.144791,3,26.12
2002,PED-33385,chat,Troca,2025-06-14 16:10:07.358783,2025-06-18 14:10:07.358783,2,28.68
2003,PED-85384,Email,Troca,2026-01-29 22:26:55.601573,2026-01-31 07:26:55.601573,3,20.66
2004,PED-47728,Email,Pagamento,2026-01-28 08:58:18.345486,2026-01-28 21:58:18.345486,4,17.3
2005,PED-47811,Email,Troca,2025-07-21 19:11:09.104767,2025-07-22 14:11:09.104767,2,41.65
2006,PED-22579,chat,troca,2025-07-21 02:07:56.690421,2025-07-21 18:07:56.690421,1,37.91
2007,PED-80756,chat,Troca,2025-05-09 01:58:17.784252,2025-05-09 04:58:17.784252,4,50.79
2008,PED-58436,chat,Entrega,2025-08-22 01:38:40.307201,2025-08-22 02:38:40.307201,5,28.46
2009,PED-78274,chat,Pagamento,2025-12-22 23:22:36.067610,2025-12-25 05:22:36.067610,3,55.49
2010,PED-25720,Telefone,Pagamento,2026-01-15 02:20:15.973664,2026-01-18 19:20:15.973664,4,19.47
2011,PED-46497,Chat,Entrega,2025-09-27 19:18:47.693212,2025-09-28 10:18:47.693212,1,45.94
2012,PED-19745,Email,troca,2025-11-11 06:47:50.130755,2025-11-12 08:47:50.130755,5,23.44
2013,PED-92657,Chat,Entrega,2025-05-13 02:31:24.922295,2025-05-15 10:31:24.922295,1,28.84
2014,PED-78327,Email,troca,2025-10-24 22:11:23.501596,2025-10-28 14:11:23.501596,5,41.36
2015,PED-14670,Chat,troca,2025-12-11 04:40:11.677979,2025-12-14 10:40:11.677979,2,37.25
2016,PED-98257,chat,Entrega,2025-06-10 21:06:24.745765,2025-06-11 23:06:24.745765,4,13.33
2017,PED-75106,Email,troca,2025-07-20 06:40:57.085444,2025-07-21 03:40:57.085444,2,39.91
2018,PED-77673,chat,Troca,2025-10-21 00:23:55.371372,2025-10-21 09:23:55.371372,4,8.7
2019,PED-90113,chat,troca,2025-12-28 23:32:37.818303,2025-12-31 20:32:37.818303,1,28.0
2020,PED-90396,Telefone,troca,2025-11-21 01:18:49.274733,2025-11-22 08:18:49.274733,3,31.63
2021,PED-33601,Email,troca,2025-09-03 05:39:06.891129,2025-09-06 15:39:06.891129,3,41.74
2022,PED-92578,Telefone,Entrega,2025-05-23 05:18:58.894166,2025-05-25 17:18:58.894166,5,31.45
2023,PED-38695,Chat,Entrega,2025-03-13 23:13:33.399248,2025-03-14 09:13:33.399248,4,58.31
2024,PED-42426,Telefone,Troca,2026-02-02 17:47:24.854468,2026-02-04 08:47:24.854468,2,30.56
2025,PED-96587,Chat,Entrega,2025-08-23 02:11:55.621557,2025-08-24 16:11:55.621557,4,43.77
2026,PED-74117,Telefone,troca,2025-04-19 05:38:13.627023,2025-04-21 16:38:13.627023,1,21.0
2027,PED-38194,Telefone,Troca,2025-08-14 12:48:25.887218,2025-08-17 02:48:25.887218,5,47.45
2028,PED-98472,Email,Pagamento,2025-03-02 00:33:46.569028,2025-03-03 07:33:46.569028,4,49.5
2029,PED-62255,Email,Troca,2025-04-29 21:37:44.758808,2025-05-02 01:37:44.758808,3,31.7
2030,PED-54543,Chat,Entrega,2025-05-01 12:19:41.611361,2025-05-02 14:19:41.611361,4,27.54
2031,PED-31828,chat,Troca,2025-12-01 12:57:16.505418,2025-12-04 11:57:16.505418,5,38.59
2032,PED-89293,Chat,Troca,2025-02-17 11:38:50.701886,2025-02-18 01:38:50.701886,4,9.96
2033,PED-53684,Email,Troca,2025-07-28 10:02:32.005021,2025-08-01 02:02:32.005021,1,33.53
2034,PED-80185,chat,troca,2025-07-12 09:14:52.746187,2025-07-14 05:14:52.746187,5,26.75
2035,PED-40059,Email,troca,2025-10-17 13:25:58.299439,2025-10-21 06:25:58.299439,3,23.23
2036,PED-82476,chat,Troca,2025-02-21 17:43:59.708467,2025-02-22 18:43:59.708467,1,51.5
2037,PED-79016,Chat,Pagamento,2025-08-02 06:30:38.602436,2025-08-06 04:30:38.602436,4,7.33
2038,PED-49513,Chat,troca,2025-11-23 20:42:41.866472,2025-11-25 06:42:41.866472,2,6.86
2039,PED-26206,Telefone,Pagamento,2025-08-06 00:02:51.553338,2025-08-09 21:02:51.553338,2,50.01
2040,PED-21130,Chat,Troca,2025-05-07 19:25:47.259815,2025-05-09 03:25:47.259815,5,44.72
2041,PED-64444,Chat,Troca,2025-09-12 13:48:50.760248,2025-09-16 12:48:50.760248,5,38.27
2042,PED-22524,Telefone,troca,2025-05-11 01:08:13.241435,2025-05-11 18:08:13.241435,5,52.26
2043,PED-65725,Chat,Entrega,2025-02-04 11:59:40.234859,2025-02-06 02:59:40.234859,3,30.24
2044,PED-44638,Telefone,Pagamento,2025-12-09 12:28:24.003427,2025-12-09 22:28:24.003427,3,28.62
2045,PED-63258,Email,Pagamento,2025-10-20 07:53:34.225517,2025-10-21 09:53:34.225517,3,54.92
2046,PED-76400,chat,Pagamento,2025-11-05 00:55:22.717072,2025-11-07 18:55:22.717072,1,59.62
2047,PED-61595,Email,Troca,2025-05-09 22:27:19.864309,2025-05-13 17:27:19.864309,4,17.32
2048,PED-62081,chat,Pagamento,2025-07-03 03:45:42.926528,2025-07-03 04:45:42.926528,3,31.22
2049,PED-94255,Email,Entrega,2025-02-05 04:15:18.058323,2025-02-05 15:15:18.058323,2,49.53
2050,PED-22502,chat,troca,2025-02-24 21:25:51.587678,2025-02-25 05:25:51.587678,4,37.64
2051,PED-28524,Telefone,Pagamento,2025-04-13 11:09:51.454832,2025-04-13 19:09:51.454832,5,44.77
2052,PED-40465,Chat,Pagamento,2025-10-23 13:35:09.030174,2025-10-26 11:35:09.030174,3,27.65
2053,PED-54285,chat,Troca,2025-12-30 17:31:41.442509,2026-01-03 13:31:41.442509,3,42.89
2054,PED-63285,Chat,Entrega,2025-06-14 07:59:57.218878,2025-06-17 09:59:57.218878,2,46.53
2055,PED-81511,Telefone,Entrega,2025-05-11 21:52:38.197266,2025-05-14 09:52:38.197266,2,22.7
2056,PED-73307,Chat,Troca,2026-01-28 20:50:21.224497,2026-02-01 12:50:21.224497,4,43.46
2057,PED-26683,Chat,troca,2025-04-28 19:01:16.250092,2025-04-30 17:01:16.250092,5,46.15
2058,PED-35869,Telefone,Troca,2025-11-23 16:44:00.007980,2025-11-24 11:44:00.007980,1,53.7
2059,PED-32376,Telefone,troca,2026-01-07 04:09:31.544669,2026-01-09 17:09:31.544669,5,28.0
2060,PED-48895,Chat,Pagamento,2025-09-12 01:42:43.739470,2025-09-12 00:42:43.739470,3,44.6
2061,PED-45534,Email,Entrega,2025-10-03 00:13:06.872491,2025-10-06 12:13:06.872491,5,40.76
2062,PED-48036,chat,Entrega,2025-04-17 13:43:06.182414,2025-04-18 05:43:06.182414,5,38.25
2063,PED-70670,chat,Entrega,2025-05-19 10:55:37.079767,2025-05-21 20:55:37.079767,2,14.03
2064,PED-72111,Chat,Entrega,2025-09-15 18:00:45.215911,2025-09-19 11:00:45.215911,4,14.86
2065,PED-18788,Chat,Entrega,2025-11-30 21:57:21.667065,2025-12-03 07:57:21.667065,2,15.96
2066,PED-80481,Telefone,Entrega,2025-11-27 15:26:30.339196,2025-11-28 01:26:30.339196,1,8.36
2067,PED-87916,chat,Troca,2026-01-13 21:10:59.074320,2026-01-16 06:10:59.074320,3,40.0
2068,PED-55214,Chat,troca,2025-12-18 07:50:13.844738,2025-12-19 09:50:13.844738,3,20.63
2069,PED-86607,Email,Entrega,2025-10-04 06:35:56.219337,2025-10-06 10:35:56.219337,5,47.18
2070,PED-83546,chat,Troca,2025-08-31 00:48:24.771595,2025-09-01 06:48:24.771595,5,13.38
2071,PED-38369,Email,troca,2025-05-11 03:03:05.225306,2025-05-14 22:03:05.225306,3,36.0
2072,PED-78461,Telefone,Entrega,2025-06-05 18:44:35.563751,2025-06-06 08:44:35.563751,5,47.46
2073,PED-89269,Email,Pagamento,2025-03-17 05:44:31.460316,2025-03-20 06:44:31.460316,2,14.25
2074,PED-38369,Chat,troca,2025-04-29 10:01:07.188215,2025-04-30 13:01:07.188215,2,14.07
2075,PED-52380,Chat,Troca,2025-08-28 08:46:35.521083,2025-08-28 06:46:35.521083,2,33.14
2076,PED-65758,Telefone,Entrega,2025-07-12 14:44:02.986827,2025-07-14 20:44:02.986827,3,32.52
2077,PED-41558,Telefone,Pagamento,2025-09-10 21:17:54.776960,2025-09-11 10:17:54.776960,4,43.84
2078,PED-50863,Email,Troca,2025-05-30 04:43:29.714370,2025-05-31 23:43:29.714370,5,51.32
2079,PED-93069,Email,troca,2025-11-27 22:26:10.724760,2025-11-28 17:26:10.724760,4,35.83
2080,PED-42838,Chat,Pagamento,2025-05-18 09:10:42.708522,2025-05-20 21:10:42.708522,3,14.79
2081,PED-71089,Email,Pagamento,2025-10-15 09:29:49.048307,2025-10-17 05:29:49.048307,2,38.93
2082,PED-60129,Email,troca,2025-04-27 20:17:09.490758,2025-04-28 18:17:09.490758,1,15.77
2083,PED-78944,chat,Troca,2025-03-02 00:42:31.668835,2025-03-03 20:42:31.668835,5,22.07
2084,PED-58348,Email,Troca,2025-12-06 15:25:09.465168,2025-12-07 01:25:09.465168,5,20.02
2085,PED-46038,Telefone,Pagamento,2025-11-04 07:04:47.743939,2025-11-07 15:04:47.743939,1,59.77
2086,PED-43166,Email,Troca,2025-06-25 12:20:21.498354,2025-06-29 04:20:21.498354,5,50.28
2087,PED-71709,Telefone,Pagamento,2025-11-07 14:05:17.068388,2025-11-11 07:05:17.068388,2,31.04
2088,PED-81511,Chat,Troca,2025-05-13 14:20:01.205586,2025-05-16 22:20:01.205586,3,6.59
2089,PED-30079,chat,troca,2025-06-02 09:50:56.972314,2025-06-06 02:50:56.972314,1,28.08
2090,PED-17346,Telefone,Troca,2025-06-22 12:26:43.429083,2025-06-23 01:26:43.429083,3,10.36
2091,PED-46369,chat,Troca,2025-10-21 05:36:56.690928,2025-10-24 00:36:56.690928,3,51.05
2092,PED-32179,Email,Troca,2025-04-07 11:53:28.433292,2025-04-09 01:53:28.433292,4,27.9
2093,PED-97771,Chat,Troca,2025-03-08 15:16:27.726286,2025-03-12 02:16:27.726286,2,50.38
2094,PED-29334,Email,Troca,2025-06-07 01:23:29.135547,2025-06-09 15:23:29.135547,2,29.39
2095,PED-89761,chat,Pagamento,2025-03-04 04:58:45.179438,2025-03-05 13:58:45.179438,2,39.94
2096,PED-50784,Email,Entrega,2025-12-24 02:06:36.994388,2025-12-24 00:06:36.994388,1,23.78
2097,PED-21284,Telefone,Troca,2025-11-21 06:51:58.362847,2025-11-24 04:51:58.362847,1,55.49
2098,PED-21326,chat,Entrega,2025-03-18 23:22:20.656109,2025-03-19 20:22:20.656109,5,39.46
2099,PED-32195,Chat,troca,2025-05-13 18:24:52.315938,2025-05-13 18:24:52.315938,3,30.32
2100,PED-42339,Email,troca,2025-09-19 10:17:26.969987,2025-09-23 04:17:26.969987,2,22.08
2101,PED-47627,chat,Entrega,2025-12-02 10:06:21.626984,2025-12-04 08:06:21.626984,2,36.08
2102,PED-39617,chat,Entrega,2025-12-23 15:56:22.059802,2025-12-25 17:56:22.059802,2,14.74
2103,PED-43994,Telefone,Entrega,2025-08-26 05:14:48.649468,2025-08-27 16:14:48.649468,1,31.94
2104,PED-57659,Email,Pagamento,2025-09-15 11:58:10.685206,2025-09-18 11:58:10.685206,2,7.02
2105,PED-60551,chat,troca,2025-03-14 11:22:28.025680,2025-03-17 11:22:28.025680,4,24.08
2106,PED-47839,chat,Entrega,2025-03-22 05:28:37.734174,2025-03-25 18:28:37.734174,5,35.34
2107,PED-45251,Chat,troca,2025-02-27 06:05:59.572802,2025-03-03 03:05:59.572802,3,17.0
2108,PED-14121,Chat,troca,2025-07-08 13:46:46.642662,2025-07-09 20:46:46.642662,4,12.69
2109,PED-52335,Email,Pagamento,2025-05-06 13:18:41.321761,2025-05-09 14:18:41.321761,5,54.57
2110,PED-23711,Email,Troca,2025-07-04 07:30:23.805533,2025-07-05 22:30:23.805533,2,28.18
2111,PED-54128,Chat,troca,2025-09-18 13:09:17.834096,2025-09-20 05:09:17.834096,3,21.85
2112,PED-81667,chat,Troca,2025-03-31 18:49:29.995189,2025-04-03 03:49:29.995189,4,49.51
2113,PED-87801,Telefone,Pagamento,2025-11-07 11:29:52.319664,2025-11-09 19:29:52.319664,4,50.88
2114,PED-58918,Email,Pagamento,2025-06-28 22:47:56.198113,2025-06-30 04:47:56.198113,4,21.51
2115,PED-76448,Chat,Pagamento,2025-11-30 22:53:43.989667,2025-12-02 01:53:43.989667,4,47.57
2116,PED-62527,Chat,troca,2025-09-22 22:22:56.899889,2025-09-25 21:22:56.899889,5,14.15
2117,PED-88230,chat,troca,2025-07-16 17:55:40.509925,2025-07-18 05:55:40.509925,2,41.49
2118,PED-21848,Email,troca,2025-10-14 15:40:18.990333,2025-10-14 19:40:18.990333,3,30.23
2119,PED-70370,Chat,troca,2025-12-16 02:46:57.369335,2025-12-16 21:46:57.369335,2,53.56
2120,PED-50308,Chat,troca,2025-05-29 00:54:48.851933,2025-05-30 12:54:48.851933,2,52.18
2121,PED-21818,chat,troca,2025-04-23 21:02:23.897767,2025-04-26 02:02:23.897767,5,51.51
2122,PED-10648,Telefone,troca,2026-01-30 03:22:19.471797,2026-02-01 00:22:19.471797,3,10.5
2123,PED-61648,chat,Pagamento,2025-05-07 04:58:37.172604,2025-05-10 00:58:37.172604,4,50.72
2124,PED-41816,Chat,Pagamento,2025-04-18 20:30:58.698307,2025-04-22 12:30:58.698307,2,22.51
2125,PED-62413,Email,Entrega,2025-02-22 04:31:43.486167,2025-02-22 19:31:43.486167,4,37.83
2126,PED-19392,Email,Pagamento,2026-01-03 06:13:50.296069,2026-01-06 00:13:50.296069,5,6.48
2127,PED-33351,chat,Entrega,2025-07-22 09:54:04.249367,2025-07-25 12:54:04.249367,3,23.69
2128,PED-90028,Telefone,Troca,2025-11-13 06:27:42.712868,2025-11-13 04:27:42.712868,2,12.59
2129,PED-15799,chat,Entrega,2025-08-17 03:00:15.293301,2025-08-18 01:00:15.293301,4,10.11
2130,PED-95726,chat,Pagamento,2025-02-12 12:01:20.720013,2025-02-14 11:01:20.720013,2,20.67
2131,PED-98509,Telefone,Troca,2025-08-17 23:42:22.875728,2025-08-19 22:42:22.875728,3,57.72
2132,PED-33529,chat,Pagamento,2025-12-18 18:38:09.149369,2025-12-20 21:38:09.149369,5,50.88
2133,PED-20831,Email,Troca,2025-05-19 12:55:06.555718,2025-05-21 21:55:06.555718,4,49.2
2134,PED-31087,Email,troca,2025-04-03 09:34:29.072226,2025-04-03 08:34:29.072226,5,32.88
2135,PED-69597,Chat,Pagamento,2025-05-02 20:06:07.169863,2025-05-06 09:06:07.169863,4,28.24
2136,PED-49708,Telefone,Entrega,2025-12-07 20:30:42.206824,2025-12-08 00:30:42.206824,1,38.2
2137,PED-75806,Email,Pagamento,2025-03-17 12:20:05.661362,2025-03-19 19:20:05.661362,3,51.43
2138,PED-24637,chat,Pagamento,2025-02-17 00:13:07.725029,2025-02-18 20:13:07.725029,5,46.78
2139,PED-20486,chat,Troca,2025-07-01 06:00:00.208945,2025-07-04 18:00:00.208945,3,57.15
2140,PED-87352,Email,troca,2025-06-05 19:11:49.251638,2025-06-09 11:11:49.251638,5,49.71
2141,PED-69636,Telefone,Troca,2025-02-08 02:20:11.348067,2025-02-11 21:20:11.348067,4,20.49
2142,PED-74175,Telefone,Entrega,2025-09-25 02:20:10.052218,2025-09-25 15:20:10.052218,1,53.9
2143,PED-58404,Email,Pagamento,2025-07-14 02:13:30.891208,2025-07-17 15:13:30.891208,3,42.12
2144,PED-13084,Email,troca,2025-09-06 08:32:29.152773,2025-09-10 08:32:29.152773,3,24.63
2145,PED-68559,Email,Entrega,2025-09-11 11:23:57.531061,2025-09-11 11:23:57.531061,1,37.77
2146,PED-14798,Telefone,troca,2025-06-14 04:13:04.084159,2025-06-15 23:13:04.084159,2,9.62
2147,PED-26522,chat,Pagamento,2025-12-09 10:32:53.203658,2025-12-09 20:32:53.203658,4,54.1
2148,PED-70035,chat,Pagamento,2025-07-07 15:09:52.660288,2025-07-09 09:09:52.660288,1,9.21
2149,PED-15018,chat,Troca,2025-08-31 14:40:54.853056,2025-09-02 11:40:54.853056,4,33.19
2150,PED-20323,Email,Entrega,2025-09-04 04:26:58.250344,2025-09-07 22:26:58.250344,4,27.04
2151,PED-43666,Chat,Pagamento,2025-07-27 17:03:15.100224,2025-07-28 14:03:15.100224,1,48.65
2152,PED-44206,Email,troca,2025-02-22 15:42:10.333866,2025-02-25 14:42:10.333866,1,25.58
2153,PED-38207,Telefone,Entrega,2025-02-11 08:07:31.244683,2025-02-13 18:07:31.244683,2,20.23
2154,PED-15995,Telefone,troca,2025-06-18 12:47:59.456095,2025-06-21 23:47:59.456095,3,20.0
2155,PED-37149,Chat,Pagamento,2025-12-13 18:35:30.037872,2025-12-15 20:35:30.037872,2,20.11
2156,PED-88522,Email,Troca,2025-07-02 11:48:59.398704,2025-07-04 20:48:59.398704,2,17.37
2157,PED-52547,chat,Troca,2025-06-10 12:16:02.255393,2025-06-14 04:16:02.255393,5,20.83
2158,PED-89864,Telefone,Pagamento,2025-04-29 10:58:04.157495,2025-05-03 03:58:04.157495,5,23.08
2159,PED-72338,Chat,Entrega,2025-10-05 22:15:07.730306,2025-10-07 21:15:07.730306,3,22.58
2160,PED-29893,Telefone,Pagamento,2025-10-30 16:59:58.635725,2025-11-01 22:59:58.635725,2,34.27
2161,PED-98209,Telefone,Entrega,2025-07-18 22:22:49.973776,2025-07-19 17:22:49.973776,4,6.77
2162,PED-20303,Telefone,Entrega,2025-12-11 07:04:40.448655,2025-12-14 06:04:40.448655,1,16.42
2163,PED-58390,Email,Entrega,2025-03-30 07:54:19.041538,2025-04-02 00:54:19.041538,3,29.83
2164,PED-13875,chat,troca,2025-11-04 02:11:16.774361,2025-11-06 11:11:16.774361,5,24.34
2165,PED-64446,Chat,Entrega,2025-07-26 17:21:14.289922,2025-07-28 22:21:14.289922,5,45.92
2166,PED-59189,chat,Pagamento,2026-02-01 03:00:09.301915,2026-02-02 07:00:09.301915,5,57.19
2167,PED-22711,Telefone,troca,2025-04-07 07:41:41.752468,2025-04-07 20:41:41.752468,2,59.57
2168,PED-47925,chat,troca,2025-06-19 23:03:28.572331,2025-06-22 22:03:28.572331,4,35.25
2169,PED-38541,Telefone,Entrega,2025-08-12 02:17:44.310012,2025-08-13 21:17:44.310012,3,47.38
2170,PED-23846,Email,Pagamento,2025-03-07 06:41:37.177882,2025-03-10 12:41:37.177882,2,52.25
2171,PED-70806,Email,Pagamento,2025-11-17 04:03:44.794858,2025-11-19 17:03:44.794858,2,55.82
2172,PED-62435,Email,Troca,2025-02-13 00:12:45.418005,2025-02-13 20:12:45.418005,5,50.64
2173,PED-70820,chat,Troca,2025-12-09 16:56:55.565987,2025-12-13 15:56:55.565987,4,36.91
2174,PED-64823,Telefone,troca,2025-08-14 21:22:50.151849,2025-08-17 00:22:50.151849,1,39.04
2175,PED-89915,Chat,Pagamento,2025-12-20 05:13:37.180594,2025-12-20 20:13:37.180594,1,22.88
2176,PED-31818,Telefone,Troca,2025-12-21 20:10:50.548963,2025-12-23 01:10:50.548963,3,6.25
2177,PED-95736,Telefone,troca,2025-05-09 21:36:04.257581,2025-05-12 23:36:04.257581,2,30.18
2178,PED-41367,chat,Pagamento,2025-11-20 05:00:33.182651,2025-11-23 23:00:33.182651,2,22.75
2179,PED-18495,Chat,troca,2025-03-25 17:44:37.760871,2025-03-27 04:44:37.760871,5,30.36
2180,PED-99610,Telefone,troca,2025-11-30 06:32:36.539642,2025-12-01 11:32:36.539642,2,58.5
2181,PED-94066,Chat,Entrega,2025-10-16 00:46:47.615182,2025-10-18 14:46:47.615182,2,18.47
2182,PED-19154,Chat,Troca,2025-04-15 00:35:34.147119,2025-04-18 18:35:34.147119,4,52.69
2183,PED-60504,Chat,Pagamento,2025-06-01 22:04:19.744215,2025-06-04 08:04:19.744215,3,53.58
2184,PED-25857,Chat,Pagamento,2025-03-17 15:38:53.487328,2025-03-20 09:38:53.487328,4,50.53
2185,PED-48399,Telefone,Troca,2025-04-22 19:53:25.712542,2025-04-23 00:53:25.712542,3,26.97
2186,PED-92479,Telefone,Pagamento,2025-04-20 18:41:48.947808,2025-04-23 09:41:48.947808,1,10.7
2187,PED-85997,Chat,troca,2025-05-02 07:02:27.693782,2025-05-03 14:02:27.693782,3,27.71
2188,PED-28605,chat,Pagamento,2025-06-09 18:48:09.280401,2025-06-11 11:48:09.280401,2,19.55
2189,PED-94152,Chat,Pagamento,2025-12-16 03:13:12.861447,2025-12-17 19:13:12.861447,4,46.39
2190,PED-44078,Email,Entrega,2025-11-07 17:57:30.359115,2025-11-11 15:57:30.359115,4,23.19
2191,PED-43806,Email,Troca,2026-01-24 17:05:53.071507,2026-01-27 00:05:53.071507,2,13.14
2192,PED-13400,chat,Entrega,2025-11-16 15:05:39.761386,2025-11-18 01:05:39.761386,5,24.95
2193,PED-50194,chat,Entrega,2025-04-05 05:02:44.544807,2025-04-06 16:02:44.544807,4,44.22
2194,PED-48650,chat,troca,2025-07-16 11:26:55.113685,2025-07-19 23:26:55.113685,2,38.41
2195,PED-43725,chat,Troca,2025-05-15 23:31:47.120229,2025-05-17 22:31:47.120229,2,37.08
2196,PED-86576,Chat,Entrega,2025-12-02 23:31:44.667048,2025-12-03 15:31:44.667048,3,44.66
2197,PED-77740,Telefone,Pagamento,2025-04-21 12:25:40.188803,2025-04-25 09:25:40.188803,5,54.5
2198,PED-94390,chat,Entrega,2025-09-14 16:34:14.707181,2025-09-16 10:34:14.707181,5,25.59
2199,PED-94984,chat,Pagamento,2025-03-02 03:25:46.336362,2025-03-04 15:25:46.336362,2,31.62
2200,PED-11865,Chat,Entrega,2025-08-29 14:54:48.295609,2025-08-31 12:54:48.295609,2,22.01
2201,PED-29672,Email,Troca,2025-07-07 17:36:28.005607,2025-07-08 19:36:28.005607,2,24.61
2202,PED-84633,Chat,troca,2025-07-18 07:11:10.625178,2025-07-20 15:11:10.625178,2,25.0
2203,PED-62231,Chat,Entrega,2025-12-17 09:29:56.667851,2025-12-17 11:29:56.667851,5,8.7
2204,PED-80091,Chat,Troca,2025-09-01 01:34:03.937404,2025-09-03 21:34:03.937404,4,36.17
2205,PED-42072,Email,troca,2025-04-18 21:48:57.765422,2025-04-20 02:48:57.765422,2,17.56
2206,PED-69777,chat,Troca,2025-11-24 18:06:24.030445,2025-11-28 11:06:24.030445,5,19.62
2207,PED-21974,chat,Troca,2025-05-14 15:47:12.990495,2025-05-16 00:47:12.990495,2,33.74
2208,PED-37227,chat,troca,2025-09-21 00:12:17.152278,2025-09-21 05:12:17.152278,5,46.89
2209,PED-70852,Chat,Troca,2025-11-21 09:59:05.691595,2025-11-23 20:59:05.691595,3,48.45
2210,PED-35745,Telefone,Troca,2025-12-11 12:16:58.755969,2025-12-11 19:16:58.755969,4,9.59
2211,PED-23090,chat,Pagamento,2025-07-03 18:37:24.890751,2025-07-04 17:37:24.890751,3,36.31
2212,PED-66328,Chat,Pagamento,2025-03-02 10:57:44.738552,2025-03-05 10:57:44.738552,2,37.39
2213,PED-90532,Telefone,Troca,2025-03-29 17:05:26.771823,2025-04-02 00:05:26.771823,3,46.5
2214,PED-45486,Telefone,troca,2025-08-24 11:17:51.006967,2025-08-27 13:17:51.006967,3,32.9
2215,PED-47192,Email,Entrega,2026-02-03 00:07:57.213192,2026-02-05 15:07:57.213192,5,18.7
2216,PED-98846,Email,Pagamento,2025-07-22 14:02:23.193026,2025-07-23 23:02:23.193026,1,58.75
2217,PED-73908,Chat,Entrega,2025-06-08 20:45:47.252927,2025-06-09 17:45:47.252927,5,30.88
2218,PED-33435,Chat,Pagamento,2025-03-26 05:19:04.898701,2025-03-26 23:19:04.898701,3,10.2
2219,PED-54883,chat,troca,2025-03-21 21:34:51.913299,2025-03-24 03:34:51.913299,1,46.96
2220,PED-50265,Email,Entrega,2025-04-23 22:38:24.775182,2025-04-24 23:38:24.775182,5,30.95
2221,PED-49329,chat,troca,2025-04-04 05:11:59.197641,2025-04-07 18:11:59.197641,3,13.6
2222,PED-61935,chat,troca,2025-12-04 23:33:56.896251,2025-12-08 23:33:56.896251,5,41.44
2223,PED-77694,Telefone,Pagamento,2026-01-09 11:25:13.802948,2026-01-11 02:25:13.802948,3,17.58
2224,PED-71863,Email,Entrega,2025-05-06 10:55:19.823102,2025-05-07 17:55:19.823102,2,21.84
2225,PED-56390,Email,Pagamento,2025-03-13 14:17:03.808406,2025-03-17 09:17:03.808406,3,28.39
2226,PED-64673,Chat,Pagamento,2025-07-27 13:07:05.511519,2025-07-29 13:07:05.511519,1,58.28
2227,PED-94645,chat,Pagamento,2025-03-16 11:35:24.131763,2025-03-18 06:35:24.131763,3,6.07
2228,PED-36504,chat,Entrega,2025-06-25 13:18:48.474589,2025-06-29 05:18:48.474589,3,50.79
2229,PED-52184,Telefone,Pagamento,2025-03-04 03:46:43.782954,2025-03-04 04:46:43.782954,3,35.69
2230,PED-36142,chat,Pagamento,2026-01-10 21:14:23.773320,2026-01-14 17:14:23.773320,3,10.88
2231,PED-31026,Email,Pagamento,2025-11-24 22:35:33.397012,2025-11-26 03:35:33.397012,5,30.84
2232,PED-96431,Telefone,Pagamento,2025-07-17 09:32:27.681655,2025-07-17 12:32:27.681655,2,20.41
2233,PED-86823,Telefone,Troca,2025-03-18 08:47:10.404037,2025-03-21 11:47:10.404037,1,8.09
2234,PED-46181,Email,Pagamento,2025-12-09 19:59:58.692561,2025-12-11 12:59:58.692561,3,11.11
2235,PED-19697,Email,Pagamento,2025-05-24 14:47:49.913615,2025-05-25 05:47:49.913615,2,53.07
2236,PED-49171,chat,Troca,2025-10-07 13:45:15.932252,2025-10-10 14:45:15.932252,4,18.49
2237,PED-81642,Email,Entrega,2025-05-15 09:26:40.483247,2025-05-18 08:26:40.483247,1,12.73
2238,PED-18913,Email,Entrega,2025-06-29 03:43:05.090952,2025-07-03 03:43:05.090952,4,46.1
2239,PED-34135,Email,Pagamento,2025-04-27 10:32:41.981992,2025-04-28 11:32:41.981992,2,30.34
2240,PED-36081,Email,Entrega,2025-08-28 06:46:46.667868,2025-08-29 22:46:46.667868,5,46.12
2241,PED-28385,Chat,Pagamento,2025-04-09 20:01:56.992596,2025-04-09 20:01:56.992596,4,26.8
2242,PED-16295,Chat,Entrega,2025-06-26 03:43:36.771271,2025-06-28 15:43:36.771271,1,36.11
2243,PED-76088,Email,Pagamento,2025-11-03 14:25:50.445126,2025-11-03 16:25:50.445126,3,36.61
2244,PED-18796,Chat,Troca,2025-04-18 00:53:12.823151,2025-04-21 07:53:12.823151,5,47.93
2245,PED-30738,Chat,Pagamento,2025-05-23 06:42:57.680549,2025-05-26 00:42:57.680549,5,40.76
2246,PED-19579,Telefone,Entrega,2025-05-11 19:40:05.170897,2025-05-12 17:40:05.170897,4,29.82
2247,PED-29949,Email,Troca,2025-12-13 02:39:36.989100,2025-12-16 22:39:36.989100,2,40.63
2248,PED-69512,Telefone,Troca,2025-03-25 12:21:13.246799,2025-03-27 05:21:13.246799,4,36.61
2249,PED-91748,Telefone,Troca,2025-05-11 10:37:27.752087,2025-05-11 08:37:27.752087,1,17.39
2250,PED-29725,Email,troca,2025-04-23 15:40:17.462679,2025-04-25 19:40:17.462679,5,42.1
2251,PED-79778,Telefone,troca,2025-05-29 11:54:32.029838,2025-05-31 02:54:32.029838,5,55.89
2252,PED-85609,chat,troca,2025-02-14 10:45:59.607457,2025-02-18 03:45:59.607457,2,16.34
2253,PED-23224,Chat,Troca,2025-04-29 02:58:57.388669,2025-04-29 23:58:57.388669,2,34.7
2254,PED-52920,Email,troca,2026-01-18 13:02:09.381716,2026-01-18 19:02:09.381716,2,16.09
2255,PED-65611,Email,troca,2025-07-02 11:28:55.373629,2025-07-03 05:28:55.373629,2,47.48
2256,PED-27997,Telefone,Troca,2025-04-15 17:24:48.301527,2025-04-15 18:24:48.301527,4,6.4
2257,PED-37339,Telefone,Troca,2025-04-22 06:47:10.029101,2025-04-26 03:47:10.029101,4,29.12
2258,PED-36952,Telefone,Troca,2025-03-09 23:57:38.694525,2025-03-10 22:57:38.694525,1,58.31
2259,PED-85799,Chat,troca,2026-01-28 11:01:23.783882,2026-01-31 01:01:23.783882,2,11.62
2260,PED-89278,Email,Entrega,2025-09-08 16:25:07.279843,2025-09-11 04:25:07.279843,4,15.5
2261,PED-76441,Email,Pagamento,2026-01-07 14:33:38.144523,2026-01-07 23:33:38.144523,3,32.98
2262,PED-12116,Chat,Pagamento,2025-08-25 10:15:41.996752,2025-08-27 18:15:41.996752,4,27.02
2263,PED-56488,Email,Entrega,2025-08-17 21:24:06.084720,2025-08-18 07:24:06.084720,1,28.88
2264,PED-49412,chat,Troca,2025-04-24 21:59:11.912526,2025-04-28 06:59:11.912526,4,53.18
2265,PED-46007,Email,Troca,2025-04-05 00:32:55.623140,2025-04-05 00:32:55.623140,2,51.61
2266,PED-84000,Chat,troca,2025-12-25 02:21:19.371838,2025-12-25 22:21:19.371838,5,13.57
2267,PED-71579,Chat,Troca,2025-11-29 16:18:37.378966,2025-12-03 06:18:37.378966,5,49.13
2268,PED-96632,Email,Entrega,2025-05-05 06:09:49.282226,2025-05-09 02:09:49.282226,5,27.82
2269,PED-64950,chat,troca,2025-12-02 04:54:48.324441,2025-12-02 22:54:48.324441,5,58.09
2270,PED-97643,chat,Entrega,2025-08-15 07:44:13.520198,2025-08-19 03:44:13.520198,1,48.26
2271,PED-75215,chat,Entrega,2025-04-02 23:51:18.378622,2025-04-03 00:51:18.378622,4,39.39
2272,PED-91515,Email,Troca,2026-01-16 20:41:00.170233,2026-01-18 03:41:00.170233,1,23.24
2273,PED-14485,chat,Pagamento,2025-02-18 14:50:21.590612,2025-02-21 00:50:21.590612,1,34.67
2274,PED-88447,chat,troca,2025-04-30 21:28:49.942729,2025-05-04 20:28:49.942729,1,5.82
2275,PED-22074,Telefone,Troca,2025-06-12 03:37:43.434405,2025-06-13 05:37:43.434405,1,58.28
2276,PED-64404,Telefone,troca,2025-11-14 17:20:06.433642,2025-11-17 02:20:06.433642,5,49.52
2277,PED-50819,Telefone,Pagamento,2025-08-04 06:23:45.531189,2025-08-04 04:23:45.531189,3,12.05
2278,PED-80777,Email,Troca,2025-10-09 18:31:32.469415,2025-10-13 04:31:32.469415,4,32.1
2279,PED-35727,chat,troca,2025-11-28 01:23:54.463567,2025-12-01 00:23:54.463567,5,12.14
2280,PED-39563,Chat,Troca,2025-03-28 00:02:02.755147,2025-03-28 16:02:02.755147,4,20.53
2281,PED-23792,chat,troca,2025-08-06 22:12:44.010819,2025-08-10 02:12:44.010819,3,15.15
2282,PED-49466,Email,Pagamento,2025-09-24 04:35:13.227341,2025-09-27 14:35:13.227341,5,33.6
2283,PED-44960,chat,Entrega,2026-01-14 05:32:30.089861,2026-01-17 04:32:30.089861,4,25.61
2284,PED-85938,Chat,Pagamento,2025-03-03 14:10:05.320776,2025-03-04 06:10:05.320776,1,48.68
2285,PED-11877,chat,Troca,2025-03-22 02:09:33.013773,2025-03-22 23:09:33.013773,2,13.9
2286,PED-11535,Telefone,Pagamento,2025-10-19 21:56:28.916516,2025-10-21 12:56:28.916516,3,15.33
2287,PED-63170,Telefone,troca,2025-09-16 11:16:23.008316,2025-09-19 10:16:23.008316,4,39.17
2288,PED-67653,Chat,Entrega,2025-12-18 18:47:29.830781,2025-12-21 13:47:29.830781,5,55.81
2289,PED-34421,Email,Entrega,2025-06-27 16:33:50.841613,2025-06-29 09:33:50.841613,4,47.46
2290,PED-96933,Chat,Entrega,2025-11-05 10:58:32.504618,2025-11-07 18:58:32.504618,5,19.46
2291,PED-65904,Chat,troca,2025-12-24 18:32:56.166578,2025-12-26 14:32:56.166578,1,17.49
2292,PED-24566,Chat,Entrega,2025-06-30 18:55:09.916129,2025-07-03 02:55:09.916129,2,53.03
2293,PED-69318,Telefone,Troca,2025-04-11 15:29:47.191280,2025-04-13 04:29:47.191280,5,15.04
2294,PED-35543,chat,troca,2025-04-19 15:22:09.484409,2025-04-22 06:22:09.484409,1,15.93
2295,PED-56391,chat,Troca,2025-09-27 00:47:51.845344,2025-09-30 21:47:51.845344,5,24.95
2296,PED-79582,chat,Entrega,2025-07-28 22:57:45.803808,2025-07-30 01:57:45.803808,2,10.51
2297,PED-93218,chat,troca,2025-11-07 22:14:31.850825,2025-11-08 17:14:31.850825,5,56.82
2298,PED-65576,chat,Entrega,2025-03-17 02:14:10.736221,2025-03-20 06:14:10.736221,1,57.75
2299,PED-48862,Telefone,Pagamento,2025-06-17 17:49:10.411464,2025-06-19 18:49:10.411464,4,30.74
2300,PED-49320,Chat,Troca,2025-08-19 02:15:51.746122,2025-08-19 17:15:51.746122,3,43.96
2301,PED-50842,chat,Troca,2025-03-07 12:01:55.539825,2025-03-10 23:01:55.539825,1,46.53
2302,PED-28847,Telefone,troca,2025-05-21 09:42:39.343576,2025-05-22 00:42:39.343576,2,26.52
2303,PED-94683,Telefone,Pagamento,2026-01-19 02:03:40.457725,2026-01-19 20:03:40.457725,5,15.64
2304,PED-19244,chat,Entrega,2025-06-29 23:33:26.649364,2025-07-01 17:33:26.649364,2,54.1
2305,PED-86798,chat,troca,2025-10-09 14:01:34.830932,2025-10-10 03:01:34.830932,4,12.83
2306,PED-52922,Chat,Troca,2025-03-04 14:20:58.001661,2025-03-05 23:20:58.001661,5,22.11
2307,PED-92384,Telefone,troca,2025-09-20 02:04:54.828484,2025-09-20 13:04:54.828484,4,21.44
2308,PED-80943,Telefone,troca,2025-12-11 11:45:16.621368,2025-12-12 00:45:16.621368,1,53.41
2309,PED-54744,Email,Troca,2025-12-17 13:45:17.149768,2025-12-21 11:45:17.149768,4,51.09
2310,PED-24789,Telefone,Pagamento,2025-05-29 09:53:25.892854,2025-05-30 15:53:25.892854,5,14.27
2311,PED-73871,Email,troca,2025-08-08 03:36:07.760555,2025-08-11 19:36:07.760555,5,10.67
2312,PED-89077,Email,troca,2025-12-20 08:22:55.073726,2025-12-24 03:22:55.073726,4,51.02
2313,PED-65269,Chat,Troca,2025-08-23 01:53:42.180252,2025-08-25 06:53:42.180252,3,51.33
2314,PED-46158,Email,Entrega,2025-03-03 15:44:41.256395,2025-03-07 10:44:41.256395,4,41.68
2315,PED-56748,Chat,Troca,2025-12-29 08:58:53.699315,2025-12-30 14:58:53.699315,1,44.22
2316,PED-41816,Telefone,troca,2025-03-08 20:27:10.245771,2025-03-11 08:27:10.245771,5,28.86
2317,PED-23626,Telefone,Pagamento,2025-03-31 03:15:24.790725,2025-04-01 11:15:24.790725,5,33.54
2318,PED-60146,Chat,Troca,2025-07-13 12:08:08.360124,2025-07-16 23:08:08.360124,5,51.1
2319,PED-22920,Chat,Troca,2025-12-01 19:06:55.551555,2025-12-05 03:06:55.551555,2,24.84
2320,PED-89142,Telefone,Pagamento,2025-09-23 13:19:55.459774,2025-09-27 01:19:55.459774,1,24.1
2321,PED-70390,Chat,Pagamento,2025-04-18 21:02:17.990700,2025-04-21 03:02:17.990700,4,41.8
2322,PED-38316,chat,Troca,2026-01-29 01:39:37.372400,2026-01-29 02:39:37.372400,3,10.43
2323,PED-13719,Telefone,Entrega,2025-11-04 15:48:24.960450,2025-11-06 17:48:24.960450,3,50.01
2324,PED-56186,chat,Entrega,2025-05-19 21:45:45.892305,2025-05-21 15:45:45.892305,4,48.1
2325,PED-70057,Email,troca,2026-01-22 10:15:05.456777,2026-01-24 01:15:05.456777,2,35.72
2326,PED-94972,Email,Pagamento,2025-07-28 08:15:51.391994,2025-07-31 04:15:51.391994,3,47.95
2327,PED-75514,Chat,Entrega,2025-10-21 08:13:42.555047,2025-10-22 04:13:42.555047,3,38.9
2328,PED-39828,Email,Entrega,2025-07-08 19:08:33.455439,2025-07-12 15:08:33.455439,1,55.28
2329,PED-93814,Telefone,Entrega,2026-01-31 03:26:13.855247,2026-01-31 12:26:13.855247,5,32.35
2330,PED-60160,chat,Entrega,2025-12-09 16:45:06.073183,2025-12-10 13:45:06.073183,4,24.28
2331,PED-57377,chat,troca,2025-12-12 19:13:31.973877,2025-12-15 01:13:31.973877,3,5.88
2332,PED-86263,Email,Entrega,2025-08-09 21:27:06.829797,2025-08-10 19:27:06.829797,5,34.6
2333,PED-91064,Chat,troca,2025-07-13 01:06:58.256979,2025-07-15 01:06:58.256979,1,9.98
2334,PED-96925,Telefone,Entrega,2025-08-22 16:43:25.917766,2025-08-25 18:43:25.917766,2,44.37
2335,PED-56373,Telefone,troca,2025-09-20 14:26:07.581163,2025-09-23 08:26:07.581163,4,10.7
2336,PED-48523,Chat,Entrega,2025-11-16 10:10:29.674179,2025-11-20 06:10:29.674179,2,29.34
2337,PED-42231,chat,Entrega,2025-07-16 02:24:42.587401,2025-07-16 05:24:42.587401,1,32.2
2338,PED-38701,chat,troca,2025-09-03 22:36:38.081686,2025-09-07 12:36:38.081686,4,40.63
2339,PED-29054,Chat,Entrega,2025-03-18 00:12:16.649934,2025-03-19 01:12:16.649934,2,58.05
2340,PED-73343,Telefone,Pagamento,2026-01-30 12:19:39.491691,2026-02-02 16:19:39.491691,5,35.32
2341,PED-35197,Telefone,troca,2025-02-16 11:46:19.919376,2025-02-19 09:46:19.919376,5,36.95
2342,PED-85426,Telefone,Entrega,2025-03-07 00:25:21.114166,2025-03-10 06:25:21.114166,3,49.19
2343,PED-66533,Email,Entrega,2025-06-06 07:21:20.349066,2025-06-07 14:21:20.349066,2,22.61
2344,PED-20097,chat,Entrega,2025-11-30 20:12:39.542222,2025-12-02 15:12:39.542222,2,48.76
2345,PED-26877,Chat,Pagamento,2025-09-22 11:10:28.190847,2025-09-25 11:10:28.190847,5,22.24
2346,PED-39861,Email,troca,2026-01-02 07:51:47.768941,2026-01-05 10:51:47.768941,4,19.8
2347,PED-70324,Telefone,Pagamento,2025-09-22 14:32:57.695408,2025-09-22 18:32:57.695408,5,28.99
2348,PED-12898,Telefone,Troca,2025-05-22 21:52:01.106239,2025-05-23 16:52:01.106239,3,31.21
2349,PED-29382,Chat,Entrega,2025-05-29 05:09:00.568834,2025-06-01 21:09:00.568834,1,57.51
2350,PED-84678,Email,Troca,2025-07-28 17:25:13.875958,2025-07-30 02:25:13.875958,5,31.99
2351,PED-27479,Telefone,troca,2025-10-08 20:42:56.426521,2025-10-12 12:42:56.426521,4,22.04
2352,PED-98430,Email,Entrega,2025-12-20 15:08:20.265398,2025-12-24 06:08:20.265398,2,36.34
2353,PED-63364,chat,Entrega,2025-09-04 13:35:19.864333,2025-09-07 04:35:19.864333,1,58.4
2354,PED-56969,Chat,Troca,2025-12-18 13:15:54.693700,2025-12-18 17:15:54.693700,5,8.5
2355,PED-31129,chat,troca,2025-10-27 15:43:44.275534,2025-10-29 17:43:44.275534,5,47.56
2356,PED-33755,Chat,Pagamento,2025-02-12 10:19:43.922537,2025-02-13 06:19:43.922537,1,23.25
2357,PED-62894,Telefone,Pagamento,2025-10-24 22:24:11.299165,2025-10-25 08:24:11.299165,4,43.3
2358,PED-54996,chat,Troca,2025-11-02 22:07:00.953282,2025-11-03 13:07:00.953282,3,24.53
2359,PED-66408,Email,Pagamento,2025-05-27 06:50:53.399346,2025-05-30 22:50:53.399346,1,15.15
2360,PED-36293,chat,Entrega,2025-12-22 20:20:47.543017,2025-12-24 21:20:47.543017,1,23.68
2361,PED-22324,Email,Troca,2025-09-25 09:13:14.304617,2025-09-29 07:13:14.304617,5,8.35
2362,PED-17752,Email,Troca,2025-11-16 04:00:09.592058,2025-11-19 01:00:09.592058,2,5.1
2363,PED-11648,Chat,Entrega,2025-06-13 02:14:05.738255,2025-06-15 19:14:05.738255,4,21.84
2364,PED-83841,Email,Troca,2025-09-22 05:49:59.809797,2025-09-25 03:49:59.809797,2,15.37
2365,PED-75300,chat,troca,2025-05-16 03:46:45.907164,2025-05-19 08:46:45.907164,3,10.33
2366,PED-30273,Email,troca,2025-06-22 21:51:27.600264,2025-06-26 10:51:27.600264,4,43.85
2367,PED-33264,chat,Pagamento,2025-06-06 19:14:46.999408,2025-06-10 19:14:46.999408,1,39.21
2368,PED-25765,Email,Entrega,2026-01-26 04:46:34.834468,2026-01-28 22:46:34.834468,1,24.2
2369,PED-87346,chat,Troca,2026-01-12 02:59:37.368037,2026-01-12 23:59:37.368037,4,15.62
2370,PED-90372,Email,Pagamento,2025-05-07 13:57:10.412812,2025-05-08 06:57:10.412812,5,50.75
2371,PED-25254,Chat,Entrega,2025-12-23 16:23:36.611966,2025-12-25 23:23:36.611966,2,25.11
2372,PED-74325,chat,Pagamento,2025-03-10 06:30:14.941115,2025-03-11 10:30:14.941115,1,24.71
2373,PED-96462,Chat,Troca,2025-06-11 13:05:53.370968,2025-06-14 00:05:53.370968,3,55.15
2374,PED-85377,Telefone,troca,2025-02-07 02:48:59.725796,2025-02-10 00:48:59.725796,3,22.62
2375,PED-35957,Email,Pagamento,2025-07-25 11:04:27.524961,2025-07-27 18:04:27.524961,4,28.93
2376,PED-74286,Chat,Pagamento,2025-12-10 22:52:24.299294,2025-12-11 06:52:24.299294,1,22.68
2377,PED-89909,Telefone,Entrega,2025-08-31 15:02:41.069970,2025-09-03 02:02:41.069970,4,59.58
2378,PED-47643,Chat,Troca,2025-12-17 18:38:47.311889,2025-12-21 18:38:47.311889,2,57.07
2379,PED-87000,chat,Entrega,2025-12-04 23:06:30.505254,2025-12-06 12:06:30.505254,1,34.39
2380,PED-49707,Telefone,troca,2025-06-28 20:27:24.749632,2025-06-29 00:27:24.749632,3,58.03
2381,PED-99674,Telefone,troca,2025-08-01 21:00:28.263076,2025-08-02 01:00:28.263076,5,25.4
2382,PED-15861,chat,Troca,2025-12-12 23:24:52.200701,2025-12-16 14:24:52.200701,4,57.25
2383,PED-51983,Chat,troca,2025-07-30 19:27:11.907616,2025-07-31 21:27:11.907616,4,16.37
2384,PED-90349,Chat,Troca,2025-09-27 00:01:59.640873,2025-09-30 07:01:59.640873,4,16.33
2385,PED-25247,Email,Troca,2025-06-24 06:25:44.266466,2025-06-27 20:25:44.266466,2,41.28
2386,PED-33207,Telefone,troca,2025-03-16 04:42:52.472884,2025-03-17 20:42:52.472884,3,55.47
2387,PED-15866,chat,troca,2025-05-25 03:15:49.932303,2025-05-27 04:15:49.932303,5,18.54
2388,PED-43840,Telefone,Entrega,2025-02-24 08:47:32.372292,2025-02-27 19:47:32.372292,2,56.72
2389,PED-45732,Telefone,Troca,2025-03-26 12:57:52.676259,2025-03-29 21:57:52.676259,4,50.3
2390,PED-46449,chat,Pagamento,2025-03-28 00:14:47.647442,2025-03-29 22:14:47.647442,3,38.01
2391,PED-61834,Chat,Pagamento,2025-12-23 08:32:44.682194,2025-12-26 14:32:44.682194,2,41.46
2392,PED-19243,Chat,Troca,2025-04-14 01:32:19.592366,2025-04-15 03:32:19.592366,2,54.62
2393,PED-18716,chat,Entrega,2025-12-09 09:46:18.245060,2025-12-11 21:46:18.245060,2,56.89
2394,PED-99247,Telefone,Entrega,2025-03-28 23:51:45.642977,2025-03-30 05:51:45.642977,5,20.75
2395,PED-44275,Chat,Troca,2025-08-10 22:54:45.681237,2025-08-13 20:54:45.681237,4,50.26
2396,PED-21338,Telefone,troca,2025-06-11 15:28:27.088195,2025-06-12 14:28:27.088195,2,33.5
2397,PED-71467,Telefone,Troca,2025-10-25 20:55:38.852857,2025-10-25 22:55:38.852857,1,17.58
2398,PED-34179,Chat,Troca,2025-07-07 01:17:05.636101,2025-07-09 00:17:05.636101,2,28.98
2399,PED-67423,chat,Pagamento,2025-10-29 21:24:28.982725,2025-10-31 18:24:28.982725,5,47.3
2400,PED-76010,chat,troca,2026-01-16 22:39:11.858233,2026-01-20 08:39:11.858233,3,7.41
2401,PED-30016,Email,Entrega,2025-12-23 17:18:10.964521,2025-12-23 16:18:10.964521,2,24.26
2402,PED-94428,Chat,Pagamento,2025-07-28 08:02:59.830274,2025-07-29 07:02:59.830274,4,13.42
2403,PED-76269,Chat,troca,2025-03-01 16:15:48.005814,2025-03-03 03:15:48.005814,2,39.5
2404,PED-96246,Telefone,Troca,2026-01-12 11:06:10.044612,2026-01-14 03:06:10.044612,4,8.82
2405,PED-88860,Email,troca,2025-04-04 14:27:41.249332,2025-04-05 19:27:41.249332,2,35.09
2406,PED-17433,Chat,Troca,2025-09-30 18:15:27.983078,2025-10-02 08:15:27.983078,4,33.49
2407,PED-91079,chat,Entrega,2025-08-16 23:05:21.824086,2025-08-16 23:05:21.824086,3,7.11
2408,PED-99694,chat,Troca,2025-08-01 04:32:15.311717,2025-08-01 15:32:15.311717,4,5.19
2409,PED-60793,Chat,troca,2025-08-05 04:01:13.040060,2025-08-05 09:01:13.040060,1,36.0
2410,PED-12594,Telefone,Pagamento,2026-02-02 21:58:42.037832,2026-02-03 04:58:42.037832,3,42.71
2411,PED-68939,chat,Pagamento,2025-11-09 20:27:09.478038,2025-11-11 19:27:09.478038,5,18.75
2412,PED-69635,Telefone,troca,2025-08-24 10:30:20.855387,2025-08-27 17:30:20.855387,4,34.51
2413,PED-39339,chat,Entrega,2025-04-29 10:26:28.746712,2025-05-01 06:26:28.746712,2,57.97
2414,PED-43713,chat,Entrega,2025-05-31 01:25:27.619740,2025-06-02 00:25:27.619740,1,28.75
2415,PED-28872,Chat,Pagamento,2025-05-19 22:38:02.004637,2025-05-21 10:38:02.004637,4,44.09
2416,PED-39751,Telefone,troca,2025-07-22 11:55:51.548295,2025-07-25 06:55:51.548295,3,16.45
2417,PED-65199,Telefone,Pagamento,2025-02-10 07:13:18.948522,2025-02-12 08:13:18.948522,4,29.41
2418,PED-70754,Email,Entrega,2025-09-11 05:36:50.008259,2025-09-13 04:36:50.008259,3,41.6
2419,PED-79459,chat,troca,2025-05-28 19:31:39.013106,2025-05-29 10:31:39.013106,2,44.19
2420,PED-35506,Email,Pagamento,2025-02-26 23:10:31.201668,2025-03-01 21:10:31.201668,5,52.43
2421,PED-59127,Email,troca,2025-10-26 17:22:08.918081,2025-10-28 19:22:08.918081,4,12.77
2422,PED-81149,Telefone,Entrega,2025-10-31 02:48:56.380385,2025-10-31 13:48:56.380385,5,27.67
2423,PED-38465,Email,troca,2026-01-22 11:09:09.905154,2026-01-23 10:09:09.905154,4,56.54
2424,PED-33634,Telefone,Troca,2025-08-28 21:03:24.397470,2025-08-31 02:03:24.397470,2,26.23
2425,PED-32589,Email,troca,2025-10-17 15:59:28.324455,2025-10-21 02:59:28.324455,4,36.63
2426,PED-29750,Telefone,Entrega,2025-08-24 11:10:31.638826,2025-08-25 10:10:31.638826,4,18.51
2427,PED-27112,Telefone,Entrega,2025-10-16 02:11:49.847213,2025-10-19 22:11:49.847213,5,56.32
2428,PED-79545,Chat,Troca,2025-08-26 17:25:33.262008,2025-08-29 21:25:33.262008,1,9.72
2429,PED-16914,Email,Troca,2025-11-04 11:11:43.295291,2025-11-04 10:11:43.295291,3,56.24
2430,PED-36608,chat,troca,2025-12-27 03:08:21.033158,2025-12-28 22:08:21.033158,3,51.24
2431,PED-91688,Email,Pagamento,2025-07-21 20:48:37.845299,2025-07-23 16:48:37.845299,4,23.62
2432,PED-47976,Email,Troca,2025-08-17 15:42:04.331954,2025-08-18 11:42:04.331954,5,13.79
2433,PED-31398,Telefone,Troca,2025-03-04 22:27:35.777840,2025-03-05 15:27:35.777840,5,55.06
2434,PED-30746,Telefone,Entrega,2025-05-16 20:11:00.274567,2025-05-18 22:11:00.274567,2,58.69
2435,PED-29221,Telefone,Troca,2025-04-24 06:55:10.451724,2025-04-27 16:55:10.451724,1,12.46
2436,PED-71972,Telefone,Pagamento,2025-11-19 16:41:28.347281,2025-11-21 14:41:28.347281,2,47.19
2437,PED-57498,Telefone,troca,2025-05-14 12:11:39.491721,2025-05-17 13:11:39.491721,4,54.17
2438,PED-98049,Email,Entrega,2025-07-11 12:43:12.760713,2025-07-14 00:43:12.760713,1,53.76
2439,PED-33230,chat,Entrega,2025-03-09 08:22:07.241047,2025-03-09 14:22:07.241047,4,55.42
2440,PED-97674,chat,Entrega,2025-05-26 23:00:54.459731,2025-05-27 11:00:54.459731,3,44.13
2441,PED-56492,Telefone,Troca,2025-03-09 11:22:54.829103,2025-03-09 19:22:54.829103,5,54.01
2442,PED-32159,Email,Entrega,2025-03-21 17:15:31.364852,2025-03-23 20:15:31.364852,2,33.24
2443,PED-13072,Telefone,Entrega,2025-06-25 14:47:42.059947,2025-06-28 06:47:42.059947,2,7.86
2444,PED-50191,Email,Pagamento,2025-06-13 07:19:47.629618,2025-06-14 11:19:47.629618,4,23.56
2445,PED-96074,Telefone,Troca,2025-09-05 07:16:23.006604,2025-09-06 15:16:23.006604,3,35.32
2446,PED-91811,Chat,Troca,2025-06-28 20:54:57.958359,2025-06-29 10:54:57.958359,3,25.94
2447,PED-59809,Telefone,Troca,2025-05-20 03:38:34.930565,2025-05-22 13:38:34.930565,3,43.33
2448,PED-58076,Telefone,Pagamento,2025-06-25 14:12:12.329463,2025-06-27 06:12:12.329463,3,12.28
2449,PED-44286,chat,Pagamento,2025-04-23 04:40:47.955374,2025-04-24 22:40:47.955374,3,19.67
2450,PED-98055,Chat,Entrega,2025-11-03 14:36:02.662963,2025-11-05 21:36:02.662963,5,54.27
2451,PED-26846,Chat,troca,2025-10-16 09:13:13.587191,2025-10-16 09:13:13.587191,1,14.74
2452,PED-30185,chat,Troca,2025-03-10 19:46:44.540721,2025-03-11 01:46:44.540721,1,5.53
2453,PED-54713,Chat,troca,2025-08-04 09:39:39.309448,2025-08-04 08:39:39.309448,5,39.44
2454,PED-92706,Email,Troca,2025-02-04 01:22:54.460176,2025-02-06 09:22:54.460176,5,11.71
2455,PED-28181,chat,Troca,2025-11-16 12:59:01.878877,2025-11-20 04:59:01.878877,2,10.04
2456,PED-10503,Telefone,troca,2025-07-10 11:49:23.531993,2025-07-10 20:49:23.531993,2,7.75
2457,PED-60711,Email,troca,2025-10-15 03:30:21.880045,2025-10-15 11:30:21.880045,4,49.97
2458,PED-74920,chat,Pagamento,2025-05-23 18:39:00.610376,2025-05-27 10:39:00.610376,3,45.24
2459,PED-18030,Telefone,troca,2025-11-20 19:33:49.707944,2025-11-23 20:33:49.707944,5,5.35
2460,PED-35915,Email,troca,2026-01-26 22:58:43.236394,2026-01-27 18:58:43.236394,5,36.65
2461,PED-26254,Chat,troca,2025-10-22 01:31:39.572718,2025-10-22 23:31:39.572718,2,51.67
2462,PED-39847,chat,Pagamento,2025-11-12 07:14:00.287525,2025-11-16 05:14:00.287525,5,21.32
2463,PED-76408,Email,troca,2025-06-16 13:40:16.495906,2025-06-18 15:40:16.495906,4,18.8
2464,PED-41558,Chat,Entrega,2025-03-25 06:26:19.696543,2025-03-27 00:26:19.696543,3,46.49
2465,PED-18076,Chat,Pagamento,2025-04-09 03:11:04.399037,2025-04-09 09:11:04.399037,3,54.65
2466,PED-91244,Telefone,Troca,2025-12-12 17:29:53.302933,2025-12-12 22:29:53.302933,4,5.66
2467,PED-98408,Chat,Entrega,2025-12-04 23:07:57.504874,2025-12-08 20:07:57.504874,5,47.43
2468,PED-99270,Chat,Entrega,2026-01-01 05:12:58.722062,2026-01-03 01:12:58.722062,3,29.79
2469,PED-72973,Email,Pagamento,2025-12-12 19:12:22.700702,2025-12-16 16:12:22.700702,3,46.99
2470,PED-81554,chat,troca,2025-08-07 10:30:58.067443,2025-08-09 00:30:58.067443,5,14.38
2471,PED-56254,Telefone,Pagamento,2025-12-03 21:53:21.151744,2025-12-07 11:53:21.151744,4,22.84
2472,PED-70768,Telefone,Pagamento,2025-10-12 09:21:32.462669,2025-10-14 10:21:32.462669,2,12.81
2473,PED-60536,Telefone,Troca,2025-06-13 10:29:38.800157,2025-06-17 08:29:38.800157,2,48.35
2474,PED-92862,chat,Pagamento,2025-02-23 08:20:38.627683,2025-02-25 06:20:38.627683,3,5.77
2475,PED-32646,chat,troca,2025-05-24 15:47:37.450517,2025-05-28 01:47:37.450517,2,10.22
2476,PED-71903,chat,Entrega,2025-03-12 10:38:39.403568,2025-03-14 10:38:39.403568,3,15.88
2477,PED-61410,chat,Entrega,2026-01-11 15:07:50.869302,2026-01-14 04:07:50.869302,5,20.27
2478,PED-73771,Telefone,Pagamento,2025-10-10 15:08:39.366889,2025-10-11 13:08:39.366889,4,57.1
2479,PED-73876,Chat,Entrega,2025-11-03 12:49:49.856310,2025-11-04 06:49:49.856310,1,8.68
2480,PED-72482,Email,troca,2026-01-18 22:12:56.679828,2026-01-20 13:12:56.679828,2,33.53
2481,PED-38364,Telefone,Pagamento,2025-11-14 19:49:32.066406,2025-11-17 08:49:32.066406,1,57.63
2482,PED-30788,Email,Entrega,2025-12-04 09:48:46.365749,2025-12-07 15:48:46.365749,5,28.59
2483,PED-88527,chat,Entrega,2025-06-06 20:49:30.069297,2025-06-07 09:49:30.069297,3,44.86
2484,PED-26794,Email,Pagamento,2025-04-16 14:14:40.092788,2025-04-20 04:14:40.092788,1,5.97
2485,PED-64657,chat,troca,2025-11-23 00:31:23.652443,2025-11-24 21:31:23.652443,3,42.86
2486,PED-93082,Telefone,Entrega,2025-02-04 13:52:30.793576,2025-02-06 03:52:30.793576,5,23.74
2487,PED-35477,chat,Entrega,2026-01-10 09:27:53.131709,2026-01-12 01:27:53.131709,5,58.41
2488,PED-87704,chat,troca,2025-08-28 22:26:18.650686,2025-08-30 01:26:18.650686,4,35.98
2489,PED-51085,Chat,Pagamento,2026-01-16 22:31:54.901238,2026-01-16 22:31:54.901238,2,39.3
2490,PED-79367,Telefone,Pagamento,2025-10-31 17:11:41.425918,2025-11-01 01:11:41.425918,5,54.52
2491,PED-44866,Chat,Pagamento,2025-06-11 11:18:34.818339,2025-06-15 06:18:34.818339,4,47.76
2492,PED-46203,chat,Entrega,2025-12-17 07:48:38.311352,2025-12-21 07:48:38.311352,1,31.06
2493,PED-92977,Chat,Entrega,2025-12-30 13:14:53.809020,2025-12-31 15:14:53.809020,3,50.37
2494,PED-83646,chat,Entrega,2025-12-03 13:52:11.110115,2025-12-06 00:52:11.110115,3,31.66
2495,PED-89268,chat,troca,2025-04-08 05:07:03.510875,2025-04-09 19:07:03.510875,5,38.28
2496,PED-17938,chat,Entrega,2025-05-26 21:42:37.185560,2025-05-28 08:42:37.185560,2,48.49
2497,PED-11430,Email,Entrega,2025-05-28 00:32:16.371160,2025-05-30 04:32:16.371160,2,12.92
2498,PED-13777,Telefone,Troca,2025-09-08 03:10:52.204539,2025-09-08 04:10:52.204539,3,30.57
2499,PED-68547,Telefone,troca,2025-02-12 13:52:17.785071,2025-02-13 05:52:17.785071,5,29.43
2500,PED-24122,Email,Pagamento,2025-07-21 22:53:55.264658,2025-07-23 12:53:55.264658,3,15.88
2501,PED-69419,Email,troca,2025-09-22 21:47:51.041333,2025-09-26 00:47:51.041333,5,12.07
2502,PED-26241,Chat,Entrega,2025-07-14 15:37:01.052508,2025-07-14 15:37:01.052508,5,31.24
2503,PED-51322,Telefone,Troca,2025-12-02 12:13:44.366434,2025-12-03 04:13:44.366434,4,40.55
2504,PED-33330,Email,Troca,2025-03-27 23:12:12.423544,2025-03-29 23:12:12.423544,3,22.82
2505,PED-84518,Chat,Troca,2025-05-18 10:18:57.689357,2025-05-22 08:18:57.689357,2,32.32
2506,PED-28338,chat,Troca,2025-10-30 14:07:17.726116,2025-10-30 20:07:17.726116,5,13.99
2507,PED-40803,Chat,Entrega,2025-08-28 19:28:55.125344,2025-09-01 12:28:55.125344,3,23.6
2508,PED-55032,Chat,Pagamento,2025-10-02 04:24:08.273612,2025-10-04 06:24:08.273612,4,34.98
2509,PED-64572,Telefone,troca,2026-01-18 12:55:29.946862,2026-01-21 05:55:29.946862,5,50.26
2510,PED-68785,chat,Troca,2025-04-19 20:34:23.978344,2025-04-20 20:34:23.978344,3,17.51
2511,PED-94509,Chat,Troca,2025-09-26 06:31:33.658465,2025-09-26 11:31:33.658465,2,31.33
2512,PED-38704,chat,troca,2026-01-05 12:54:37.118395,2026-01-05 15:54:37.118395,2,32.53
2513,PED-60793,Telefone,Troca,2025-07-18 15:50:33.627443,2025-07-20 06:50:33.627443,5,47.1
2514,PED-13081,Telefone,Troca,2025-06-20 13:31:56.826529,2025-06-23 02:31:56.826529,1,16.01
2515,PED-37372,chat,Pagamento,2025-05-30 12:11:51.158073,2025-05-30 14:11:51.158073,1,24.22
2516,PED-86229,Email,troca,2025-08-30 07:13:28.023934,2025-08-30 15:13:28.023934,4,16.7
2517,PED-10963,Email,Entrega,2025-02-20 13:19:34.086179,2025-02-23 07:19:34.086179,5,25.59
2518,PED-30953,chat,Entrega,2025-03-04 07:16:32.070180,2025-03-06 06:16:32.070180,3,15.77
2519,PED-61463,Chat,Entrega,2025-11-18 02:18:55.311822,2025-11-19 09:18:55.311822,4,6.58
2520,PED-95381,Telefone,troca,2025-10-16 10:06:05.417606,2025-10-19 13:06:05.417606,2,11.2
2521,PED-23989,chat,troca,2025-05-27 07:36:41.242484,2025-05-29 06:36:41.242484,5,45.46
2522,PED-98369,chat,Entrega,2025-04-20 16:34:10.893365,2025-04-22 04:34:10.893365,3,30.51
2523,PED-92066,chat,Entrega,2025-09-29 04:27:36.980366,2025-10-02 12:27:36.980366,2,33.11
2524,PED-11620,chat,troca,2025-11-01 11:33:38.046793,2025-11-03 00:33:38.046793,3,16.35
2525,PED-60930,Email,Pagamento,2025-06-15 08:35:29.730104,2025-06-19 02:35:29.730104,4,38.1
2526,PED-74445,Telefone,Entrega,2025-04-22 13:32:28.788016,2025-04-23 08:32:28.788016,2,9.27
2527,PED-10035,Chat,Troca,2025-11-21 02:45:47.994917,2025-11-21 13:45:47.994917,1,57.07
2528,PED-49773,Telefone,Pagamento,2025-12-26 04:36:42.276962,2025-12-26 02:36:42.276962,5,57.87
2529,PED-17017,Email,troca,2025-04-01 03:43:20.614141,2025-04-01 13:43:20.614141,2,58.4
2530,PED-58866,Chat,Entrega,2025-10-29 20:17:27.159478,2025-11-02 16:17:27.159478,4,40.95
2531,PED-14586,Chat,Entrega,2025-04-25 21:06:16.202150,2025-04-27 09:06:16.202150,2,19.45
2532,PED-25771,Chat,Pagamento,2025-08-28 07:04:29.258854,2025-08-29 07:04:29.258854,2,5.79
2533,PED-40776,Telefone,Entrega,2025-05-31 13:18:53.716397,2025-05-31 22:18:53.716397,3,6.24
2534,PED-72878,Chat,troca,2025-02-10 17:54:25.038088,2025-02-13 15:54:25.038088,2,8.58
2535,PED-59469,Chat,Troca,2025-08-20 09:08:40.342109,2025-08-23 21:08:40.342109,4,28.79
2536,PED-64057,chat,Troca,2026-01-30 12:01:14.121822,2026-02-01 21:01:14.121822,5,54.36
2537,PED-18258,Email,Entrega,2025-11-08 07:36:27.036180,2025-11-11 17:36:27.036180,4,16.15
2538,PED-13199,Email,troca,2025-10-10 22:05:01.745927,2025-10-12 06:05:01.745927,2,42.93
2539,PED-95220,Chat,Pagamento,2025-12-14 04:44:41.096294,2025-12-14 02:44:41.096294,5,57.37
2540,PED-40345,Chat,Entrega,2025-07-10 15:31:29.346560,2025-07-13 03:31:29.346560,3,9.86
2541,PED-69802,Telefone,troca,2026-01-18 23:38:40.475653,2026-01-20 20:38:40.475653,3,41.22
2542,PED-82223,chat,Entrega,2025-07-10 21:59:34.499888,2025-07-12 18:59:34.499888,3,27.39
2543,PED-62662,Email,Pagamento,2025-05-29 00:02:55.118427,2025-06-01 00:02:55.118427,3,47.2
2544,PED-98166,Telefone,Pagamento,2025-12-13 03:23:35.557911,2025-12-13 19:23:35.557911,3,57.88
2545,PED-88925,Email,troca,2025-05-30 10:38:12.226787,2025-05-30 19:38:12.226787,3,55.86
2546,PED-71152,Telefone,troca,2025-06-05 15:05:22.091331,2025-06-08 23:05:22.091331,1,23.89
2547,PED-29012,Email,troca,2025-04-07 14:52:27.202722,2025-04-10 20:52:27.202722,5,12.67
2548,PED-61950,Chat,Pagamento,2025-07-19 13:35:49.507746,2025-07-20 13:35:49.507746,1,59.48
2549,PED-15502,Chat,Troca,2025-09-15 06:21:13.684111,2025-09-18 01:21:13.684111,3,56.4
2550,PED-31587,chat,Entrega,2025-03-23 18:52:51.358070,2025-03-27 05:52:51.358070,4,11.43
2551,PED-58932,Telefone,Pagamento,2025-02-23 14:24:35.295799,2025-02-27 09:24:35.295799,2,36.74
2552,PED-63477,Chat,troca,2025-04-03 20:08:34.099264,2025-04-07 17:08:34.099264,4,13.56
2553,PED-34684,Chat,Troca,2025-10-23 11:11:06.619833,2025-10-27 01:11:06.619833,4,12.94
2554,PED-50180,chat,Pagamento,2025-12-26 23:58:52.117945,2025-12-27 06:58:52.117945,3,50.39
2555,PED-93656,Chat,troca,2025-08-07 07:48:08.766276,2025-08-10 02:48:08.766276,1,5.89
2556,PED-25869,chat,troca,2025-10-27 02:04:20.273712,2025-10-28 13:04:20.273712,1,8.69
2557,PED-25591,Telefone,Entrega,2025-02-09 21:23:08.406265,2025-02-12 04:23:08.406265,4,5.58
2558,PED-49349,Email,Pagamento,2025-02-28 15:19:07.512827,2025-03-03 17:19:07.512827,3,16.46
2559,PED-91167,Telefone,Troca,2025-08-22 04:27:37.992703,2025-08-24 08:27:37.992703,4,58.74
2560,PED-51894,Email,Troca,2025-10-18 10:32:31.530199,2025-10-20 23:32:31.530199,3,43.53
2561,PED-80650,Chat,Pagamento,2025-12-07 17:40:14.917253,2025-12-09 16:40:14.917253,5,39.11
2562,PED-99764,Telefone,Troca,2026-01-24 12:00:34.539508,2026-01-26 06:00:34.539508,4,7.13
2563,PED-21380,Telefone,Entrega,2025-04-20 18:10:17.476115,2025-04-23 06:10:17.476115,5,10.06
2564,PED-92745,Chat,Pagamento,2025-05-30 08:07:21.322816,2025-05-31 13:07:21.322816,4,46.2
2565,PED-89116,Telefone,Troca,2025-10-15 11:06:03.150821,2025-10-16 15:06:03.150821,3,22.04
2566,PED-69139,chat,Pagamento,2025-06-06 01:04:58.224239,2025-06-09 17:04:58.224239,1,5.57
2567,PED-87781,Chat,Pagamento,2025-04-23 13:35:36.764919,2025-04-24 03:35:36.764919,1,32.61
2568,PED-46010,Telefone,Troca,2025-10-11 16:34:15.003673,2025-10-14 01:34:15.003673,3,37.21
2569,PED-77729,Telefone,troca,2025-10-23 23:40:49.205294,2025-10-27 14:40:49.205294,4,21.14
2570,PED-15218,Email,Entrega,2025-05-11 01:53:15.122416,2025-05-11 19:53:15.122416,4,11.03
2571,PED-20069,chat,Pagamento,2025-04-01 14:53:49.553676,2025-04-02 07:53:49.553676,4,18.7
2572,PED-95704,chat,Pagamento,2025-09-22 17:18:42.669624,2025-09-24 16:18:42.669624,1,21.63
2573,PED-54573,Telefone,troca,2025-07-26 06:29:53.337624,2025-07-27 08:29:53.337624,4,49.46
2574,PED-23308,chat,troca,2025-03-27 06:29:19.496166,2025-03-27 18:29:19.496166,2,45.72
2575,PED-83763,Chat,Pagamento,2025-03-13 10:54:53.398574,2025-03-16 13:54:53.398574,4,25.17
2576,PED-66357,Chat,Entrega,2025-02-21 07:25:22.059612,2025-02-24 22:25:22.059612,5,10.85
2577,PED-14395,Email,Pagamento,2025-07-12 01:03:00.969753,2025-07-14 11:03:00.969753,5,43.61
2578,PED-18542,Chat,Entrega,2025-10-10 10:06:26.783793,2025-10-10 16:06:26.783793,3,31.1
2579,PED-41880,chat,Troca,2025-05-22 16:11:15.329592,2025-05-25 06:11:15.329592,1,13.91
2580,PED-34483,chat,Pagamento,2026-01-27 00:21:17.395221,2026-01-29 23:21:17.395221,5,25.53
2581,PED-72636,Chat,troca,2025-10-29 22:34:29.806477,2025-10-31 05:34:29.806477,5,27.73
2582,PED-15210,chat,troca,2025-11-24 05:07:55.471771,2025-11-27 02:07:55.471771,2,21.52
2583,PED-61211,Chat,Entrega,2025-09-27 12:34:47.048336,2025-10-01 09:34:47.048336,1,33.06
2584,PED-24778,Email,Troca,2025-11-08 17:01:36.486807,2025-11-08 16:01:36.486807,3,53.42
2585,PED-51881,chat,Pagamento,2025-12-28 05:51:02.354013,2025-12-28 20:51:02.354013,2,15.38
2586,PED-72688,Telefone,troca,2025-04-18 19:43:48.569984,2025-04-21 05:43:48.569984,1,14.48
2587,PED-93020,Chat,troca,2025-04-06 09:37:04.623425,2025-04-09 05:37:04.623425,2,52.18
2588,PED-18912,Telefone,Troca,2025-04-12 21:29:05.777831,2025-04-13 13:29:05.777831,5,14.06
2589,PED-64199,Email,troca,2025-04-08 01:16:10.177420,2025-04-11 07:16:10.177420,3,27.35
2590,PED-66606,Chat,Entrega,2025-05-01 12:00:31.286999,2025-05-05 10:00:31.286999,4,6.52
2591,PED-58979,Telefone,Pagamento,2025-05-31 05:32:04.130888,2025-06-03 16:32:04.130888,5,51.0
2592,PED-26688,Telefone,Pagamento,2025-09-22 06:56:43.577844,2025-09-23 08:56:43.577844,2,18.27
2593,PED-47699,Telefone,Troca,2025-02-23 21:10:41.339524,2025-02-26 13:10:41.339524,4,37.99
2594,PED-18694,Chat,troca,2025-07-01 12:32:47.890610,2025-07-03 15:32:47.890610,1,25.32
2595,PED-46809,Telefone,Entrega,2025-08-02 20:29:52.188771,2025-08-04 20:29:52.188771,3,51.0
2596,PED-52872,Email,Pagamento,2025-06-18 22:59:59.168061,2025-06-22 01:59:59.168061,5,31.83
2597,PED-87274,chat,Pagamento,2025-08-04 21:49:20.071582,2025-08-08 19:49:20.071582,3,10.0
2598,PED-54880,Chat,Entrega,2025-03-31 06:48:40.177695,2025-04-02 18:48:40.177695,3,56.38
2599,PED-87913,chat,Entrega,2025-09-21 14:19:51.855791,2025-09-23 00:19:51.855791,3,54.9
2600,PED-35069,Email,Entrega,2025-05-30 10:33:22.293555,2025-06-02 08:33:22.293555,2,50.42
2601,PED-98617,Telefone,Entrega,2025-10-12 06:12:56.391160,2025-10-14 22:12:56.391160,3,37.88
2602,PED-96391,chat,troca,2025-03-17 16:57:07.488353,2025-03-21 03:57:07.488353,3,15.45
2603,PED-57380,Email,troca,2025-12-26 11:08:02.758057,2025-12-30 00:08:02.758057,4,37.0
2604,PED-25363,Email,troca,2025-05-18 01:39:25.754213,2025-05-18 21:39:25.754213,2,37.9
2605,PED-54220,chat,Pagamento,2025-06-24 15:52:08.734114,2025-06-27 22:52:08.734114,3,18.51
2606,PED-45486,Telefone,Entrega,2025-11-02 16:55:56.685950,2025-11-05 03:55:56.685950,2,19.01
2607,PED-43100,Chat,Pagamento,2025-07-30 16:26:27.166852,2025-07-30 23:26:27.166852,5,59.11
2608,PED-18722,chat,Entrega,2025-09-20 07:22:39.100998,2025-09-20 05:22:39.100998,4,30.01
2609,PED-86491,Email,Pagamento,2025-06-26 10:05:17.403360,2025-06-29 06:05:17.403360,2,19.61
2610,PED-92327,Telefone,Troca,2025-12-22 22:49:31.531150,2025-12-25 02:49:31.531150,4,29.04
2611,PED-25655,chat,troca,2025-12-10 02:43:49.966929,2025-12-11 16:43:49.966929,1,24.87
2612,PED-15378,Chat,Entrega,2025-03-26 02:43:24.504093,2025-03-26 06:43:24.504093,1,35.17
2613,PED-26701,Chat,Pagamento,2026-01-01 11:23:49.761693,2026-01-02 19:23:49.761693,2,7.2
2614,PED-84261,Chat,Troca,2025-07-10 03:23:18.235106,2025-07-13 13:23:18.235106,1,23.57
2615,PED-46329,Email,Pagamento,2025-06-19 12:39:53.504480,2025-06-22 17:39:53.504480,2,17.68
2616,PED-89123,Email,Entrega,2026-01-06 04:37:06.927154,2026-01-09 09:37:06.927154,2,13.34
2617,PED-86561,Email,troca,2025-06-22 05:39:23.097863,2025-06-25 01:39:23.097863,2,49.31
2618,PED-36626,Chat,troca,2025-05-17 23:08:57.561791,2025-05-19 22:08:57.561791,1,36.42
2619,PED-45353,Telefone,Troca,2025-10-17 09:24:07.506349,2025-10-20 13:24:07.506349,1,18.54
2620,PED-38963,chat,Pagamento,2025-06-09 03:36:05.013455,2025-06-11 05:36:05.013455,5,14.11
2621,PED-38880,Email,Troca,2026-01-05 03:07:11.529347,2026-01-05 23:07:11.529347,1,18.13
2622,PED-67041,Telefone,Pagamento,2025-12-31 03:59:55.097645,2026-01-01 16:59:55.097645,2,17.77
2623,PED-63547,Telefone,Pagamento,2025-06-24 16:14:59.605337,2025-06-25 00:14:59.605337,2,45.65
2624,PED-90616,Telefone,Troca,2025-02-19 15:20:12.113923,2025-02-21 14:20:12.113923,5,47.08
2625,PED-98252,Telefone,Pagamento,2025-08-01 09:14:54.971744,2025-08-02 09:14:54.971744,5,23.83
2626,PED-75409,Telefone,Pagamento,2025-02-24 01:14:14.791626,2025-02-24 01:14:14.791626,5,16.3
2627,PED-20139,Telefone,troca,2025-10-01 07:19:53.592808,2025-10-01 23:19:53.592808,4,16.39
2628,PED-56303,Telefone,Entrega,2025-06-21 03:48:44.356941,2025-06-22 17:48:44.356941,2,44.32
2629,PED-59734,Telefone,Troca,2025-09-22 11:33:54.526279,2025-09-23 14:33:54.526279,5,18.42
2630,PED-18479,Telefone,Troca,2025-03-03 15:57:37.258080,2025-03-07 06:57:37.258080,4,36.44
2631,PED-59934,Chat,Pagamento,2025-03-29 08:18:15.581411,2025-03-31 04:18:15.581411,4,44.83
2632,PED-21725,Telefone,Entrega,2026-01-24 11:56:32.571286,2026-01-26 15:56:32.571286,3,17.57
2633,PED-44060,Telefone,troca,2025-04-15 23:37:09.661482,2025-04-17 19:37:09.661482,2,17.05
2634,PED-94542,chat,Troca,2025-11-19 23:06:16.449688,2025-11-22 23:06:16.449688,4,25.05
2635,PED-39960,Chat,troca,2025-12-23 21:23:45.409451,2025-12-27 20:23:45.409451,1,38.85
2636,PED-16562,Email,Troca,2025-08-05 10:17:37.305256,2025-08-08 06:17:37.305256,5,56.26
2637,PED-29533,Email,troca,2025-08-16 05:01:23.993158,2025-08-18 12:01:23.993158,4,20.32
2638,PED-40027,Telefone,Entrega,2025-09-11 09:37:04.840916,2025-09-12 06:37:04.840916,2,33.63
2639,PED-22094,Chat,troca,2025-10-14 17:12:11.485736,2025-10-15 20:12:11.485736,3,35.14
2640,PED-32010,chat,Troca,2025-09-03 05:43:01.184408,2025-09-05 09:43:01.184408,2,38.14
2641,PED-18831,Chat,Entrega,2025-09-11 19:55:29.415121,2025-09-12 02:55:29.415121,2,34.37
2642,PED-82540,Email,troca,2025-10-02 00:47:28.355411,2025-10-04 09:47:28.355411,2,34.35
2643,PED-42197,Chat,Entrega,2025-02-08 01:36:43.203228,2025-02-08 22:36:43.203228,2,47.15
2644,PED-12715,Chat,Pagamento,2025-11-17 05:12:07.799421,2025-11-19 20:12:07.799421,2,14.19
2645,PED-30435,chat,troca,2026-01-21 15:59:26.270516,2026-01-24 01:59:26.270516,5,50.89
2646,PED-46605,Telefone,troca,2025-10-13 18:10:41.522025,2025-10-16 17:10:41.522025,4,14.63
2647,PED-42534,chat,Troca,2025-12-25 06:24:43.902549,2025-12-25 18:24:43.902549,1,59.06
2648,PED-10075,Email,Pagamento,2025-09-19 02:46:11.140939,2025-09-19 17:46:11.140939,5,48.94
2649,PED-61775,Telefone,Pagamento,2026-02-03 19:20:15.264242,2026-02-07 07:20:15.264242,5,24.47
2650,PED-85690,Telefone,Entrega,2025-09-26 15:33:22.321093,2025-09-29 18:33:22.321093,5,56.53
2651,PED-75949,Telefone,troca,2025-10-07 22:28:38.798931,2025-10-08 17:28:38.798931,1,16.38
2652,PED-58169,Email,Troca,2026-01-08 02:05:06.868654,2026-01-11 04:05:06.868654,5,54.73
2653,PED-59275,Email,Entrega,2025-07-24 18:16:49.309201,2025-07-26 16:16:49.309201,1,22.3
2654,PED-12102,chat,Pagamento,2026-01-27 14:35:43.780957,2026-01-28 13:35:43.780957,2,29.75
2655,PED-28329,Email,Pagamento,2025-04-30 13:00:20.168165,2025-05-03 14:00:20.168165,2,12.83
2656,PED-67544,Email,Pagamento,2025-05-19 16:53:19.775286,2025-05-20 19:53:19.775286,4,30.65
2657,PED-58702,chat,Pagamento,2025-11-08 03:07:17.501006,2025-11-10 12:07:17.501006,2,27.87
2658,PED-42160,chat,Troca,2026-01-28 01:47:20.161997,2026-01-28 05:47:20.161997,3,25.57
2659,PED-70960,Telefone,Pagamento,2025-08-05 14:06:02.239845,2025-08-07 08:06:02.239845,1,37.9
2660,PED-77182,Telefone,Troca,2025-03-08 13:10:47.461176,2025-03-10 08:10:47.461176,4,8.73
2661,PED-35359,Email,troca,2025-04-24 08:52:46.333109,2025-04-26 00:52:46.333109,1,59.57
2662,PED-83608,Email,Troca,2026-02-02 10:50:25.878591,2026-02-03 02:50:25.878591,1,33.02
2663,PED-78300,Email,Troca,2025-12-19 19:09:36.499834,2025-12-23 01:09:36.499834,4,27.19
2664,PED-70331,Email,Entrega,2025-07-31 12:18:26.134428,2025-08-03 16:18:26.134428,3,25.24
2665,PED-86758,Chat,Pagamento,2025-02-22 02:00:08.264550,2025-02-24 18:00:08.264550,4,28.84
2666,PED-14739,Chat,troca,2025-02-05 18:55:14.949855,2025-02-08 09:55:14.949855,4,23.16
2667,PED-67653,Email,troca,2025-03-18 20:40:36.744975,2025-03-22 13:40:36.744975,2,46.92
2668,PED-22214,Telefone,Entrega,2025-06-14 01:55:03.844358,2025-06-15 00:55:03.844358,4,17.11
2669,PED-49703,Chat,troca,2025-06-06 18:46:04.009816,2025-06-06 21:46:04.009816,2,28.01
2670,PED-64734,chat,Pagamento,2025-08-09 08:15:17.909735,2025-08-10 06:15:17.909735,5,36.25
2671,PED-10074,Chat,troca,2025-03-02 21:30:55.746825,2025-03-03 21:30:55.746825,1,19.6
2672,PED-18662,chat,Pagamento,2025-08-08 12:36:40.007872,2025-08-10 23:36:40.007872,2,55.87
2673,PED-24973,Chat,Pagamento,2025-11-13 09:21:18.051296,2025-11-15 22:21:18.051296,3,38.92
2674,PED-71463,Email,Entrega,2025-02-25 10:14:45.198431,2025-02-27 07:14:45.198431,3,33.97
2675,PED-99385,Email,troca,2025-10-24 08:16:04.531929,2025-10-27 19:16:04.531929,2,49.82
2676,PED-73359,Email,Entrega,2025-09-11 03:08:50.440286,2025-09-13 08:08:50.440286,5,21.53
2677,PED-63046,Chat,Entrega,2025-06-18 00:24:08.916506,2025-06-21 18:24:08.916506,3,10.86
2678,PED-82746,chat,troca,2025-08-20 02:33:10.481381,2025-08-20 18:33:10.481381,2,30.54
2679,PED-22923,Email,Pagamento,2025-11-24 03:14:10.124095,2025-11-24 20:14:10.124095,4,28.06
2680,PED-49201,Chat,troca,2025-07-27 14:21:14.947071,2025-07-29 06:21:14.947071,2,39.27
2681,PED-18692,Email,Troca,2025-02-27 11:01:52.113404,2025-03-02 21:01:52.113404,4,27.33
2682,PED-30191,Telefone,Pagamento,2025-12-14 06:16:30.902557,2025-12-16 11:16:30.902557,1,23.36
2683,PED-25496,Email,troca,2026-01-06 20:09:02.244431,2026-01-08 17:09:02.244431,4,53.35
2684,PED-61949,chat,Pagamento,2025-10-21 20:52:40.004508,2025-10-24 08:52:40.004508,4,51.72
2685,PED-41881,chat,Entrega,2026-02-02 18:35:29.085347,2026-02-04 04:35:29.085347,2,37.89
2686,PED-59394,Chat,Troca,2025-05-06 09:17:45.227856,2025-05-09 10:17:45.227856,1,9.53
2687,PED-11112,chat,Pagamento,2025-12-29 21:20:48.415022,2026-01-02 17:20:48.415022,4,54.31
2688,PED-94930,chat,Troca,2025-10-20 04:55:40.492124,2025-10-23 19:55:40.492124,1,30.92
2689,PED-27495,Email,Entrega,2025-09-23 21:37:01.312541,2025-09-23 23:37:01.312541,3,41.63
2690,PED-15299,chat,Entrega,2025-05-30 21:11:46.575307,2025-05-31 06:11:46.575307,3,10.5
2691,PED-20793,Chat,Troca,2025-05-01 09:09:18.815081,2025-05-04 09:09:18.815081,2,48.42
2692,PED-74272,Chat,Entrega,2025-11-12 02:57:28.187474,2025-11-14 02:57:28.187474,5,21.03
2693,PED-19395,Email,troca,2025-11-13 21:52:52.057471,2025-11-16 14:52:52.057471,1,30.43
2694,PED-30629,Chat,Pagamento,2025-09-15 01:57:15.162126,2025-09-16 08:57:15.162126,5,17.31
2695,PED-14198,Telefone,Entrega,2025-05-22 12:07:42.887609,2025-05-23 22:07:42.887609,2,43.22
2696,PED-57022,Email,Entrega,2025-09-17 13:28:48.660357,2025-09-19 20:28:48.660357,4,27.99
2697,PED-50543,Email,troca,2025-05-19 08:17:35.412285,2025-05-20 12:17:35.412285,2,30.37
2698,PED-30344,Chat,Troca,2026-01-21 02:16:33.651842,2026-01-24 18:16:33.651842,1,37.32
2699,PED-29356,Chat,Pagamento,2025-06-24 07:37:31.381520,2025-06-24 20:37:31.381520,2,13.21
2700,PED-47024,Email,Entrega,2025-09-16 06:28:17.049901,2025-09-16 13:28:17.049901,5,18.16
2701,PED-67060,Telefone,Troca,2025-12-18 13:31:56.939363,2025-12-21 00:31:56.939363,5,45.12
2702,PED-37495,Telefone,Troca,2025-03-23 11:49:43.165296,2025-03-24 23:49:43.165296,3,13.61
2703,PED-55231,Chat,Troca,2025-10-21 03:56:57.693423,2025-10-22 01:56:57.693423,1,51.26
2704,PED-61060,chat,Pagamento,2025-08-10 13:49:54.400159,2025-08-11 19:49:54.400159,4,41.21
2705,PED-52412,Telefone,troca,2025-04-03 18:42:30.718897,2025-04-05 18:42:30.718897,3,45.99
2706,PED-65358,Email,troca,2025-07-09 00:22:55.124369,2025-07-12 16:22:55.124369,1,52.8
2707,PED-42846,Telefone,Troca,2025-05-07 16:02:06.394026,2025-05-08 11:02:06.394026,4,53.15
2708,PED-29420,Chat,troca,2025-10-31 05:20:43.460727,2025-11-01 21:20:43.460727,2,33.2
2709,PED-46419,chat,troca,2025-10-17 03:56:57.969829,2025-10-19 16:56:57.969829,4,7.11
2710,PED-92776,Email,Entrega,2025-06-08 07:01:49.405194,2025-06-08 06:01:49.405194,5,25.52
2711,PED-23709,Telefone,troca,2025-12-15 01:49:43.593212,2025-12-14 23:49:43.593212,2,13.13
2712,PED-96332,Email,Pagamento,2025-03-16 18:12:28.626168,2025-03-20 07:12:28.626168,5,59.65
2713,PED-90245,chat,Pagamento,2025-03-07 03:53:04.984119,2025-03-10 07:53:04.984119,1,30.02
2714,PED-87460,Email,Pagamento,2025-11-13 10:33:24.796952,2025-11-17 04:33:24.796952,1,20.65
2715,PED-63390,Chat,Pagamento,2025-08-18 05:50:25.188824,2025-08-18 05:50:25.188824,4,56.1
2716,PED-84959,chat,Entrega,2026-01-19 19:18:21.862411,2026-01-22 22:18:21.862411,5,17.26
2717,PED-49358,Chat,troca,2025-07-10 07:33:47.064965,2025-07-11 14:33:47.064965,5,18.98
2718,PED-10561,chat,Troca,2025-04-06 23:02:16.885460,2025-04-08 06:02:16.885460,2,57.36
2719,PED-41323,Telefone,Troca,2025-10-29 20:58:18.755347,2025-11-01 03:58:18.755347,4,7.63
2720,PED-45865,Telefone,Troca,2025-06-04 05:11:35.790810,2025-06-04 12:11:35.790810,5,52.77
2721,PED-93888,Email,Troca,2025-02-21 20:24:53.222187,2025-02-25 15:24:53.222187,4,59.39
2722,PED-80004,Email,Troca,2025-03-06 03:27:21.089000,2025-03-07 04:27:21.089000,2,55.91
2723,PED-83499,Email,troca,2025-11-26 18:53:06.863544,2025-11-28 17:53:06.863544,5,41.09
2724,PED-99795,Telefone,Troca,2025-03-17 23:45:54.006618,2025-03-17 22:45:54.006618,3,40.58
2725,PED-12711,Chat,troca,2025-03-07 06:25:43.639999,2025-03-09 17:25:43.639999,3,14.3
2726,PED-98055,Email,Pagamento,2025-11-23 00:57:10.272597,2025-11-24 11:57:10.272597,2,54.83
2727,PED-31483,Email,Troca,2025-09-18 11:40:52.006822,2025-09-19 11:40:52.006822,3,22.02
2728,PED-81916,Chat,Troca,2025-06-25 16:30:46.906419,2025-06-28 11:30:46.906419,2,53.03
2729,PED-41398,Chat,Entrega,2025-04-10 23:51:56.880279,2025-04-10 21:51:56.880279,2,11.24
2730,PED-54240,Chat,Pagamento,2025-11-24 16:53:22.068266,2025-11-26 23:53:22.068266,5,11.72
2731,PED-90526,Email,Troca,2025-07-05 08:04:46.966427,2025-07-08 19:04:46.966427,3,48.4
2732,PED-33120,Telefone,troca,2025-08-03 04:02:20.308420,2025-08-04 23:02:20.308420,5,56.97
2733,PED-12389,Chat,Troca,2025-12-02 22:24:24.452772,2025-12-06 16:24:24.452772,2,13.02
2734,PED-78430,chat,Pagamento,2025-07-21 06:08:08.283975,2025-07-22 00:08:08.283975,3,6.64
2735,PED-66675,Chat,Pagamento,2025-07-08 11:41:14.033214,2025-07-10 10:41:14.033214,2,14.21
2736,PED-93556,Telefone,Troca,2026-01-21 06:43:31.177412,2026-01-24 11:43:31.177412,2,50.9
2737,PED-83067,Telefone,Pagamento,2025-02-19 05:16:32.288435,2025-02-21 18:16:32.288435,3,40.34
2738,PED-15500,Chat,Pagamento,2025-09-07 11:45:35.126345,2025-09-08 10:45:35.126345,2,5.2
2739,PED-12244,Email,Entrega,2025-12-11 20:34:59.720445,2025-12-13 15:34:59.720445,4,46.24
2740,PED-51309,Telefone,Troca,2025-02-12 01:56:54.944292,2025-02-11 23:56:54.944292,2,51.37
2741,PED-78224,Chat,troca,2025-05-24 08:17:34.868756,2025-05-27 10:17:34.868756,4,32.19
2742,PED-54656,Chat,Troca,2025-09-12 23:33:39.455811,2025-09-15 19:33:39.455811,3,18.53
2743,PED-65789,Email,Troca,2025-08-22 01:56:08.961605,2025-08-24 19:56:08.961605,1,8.02
2744,PED-97139,chat,Entrega,2025-12-13 21:55:06.133129,2025-12-15 09:55:06.133129,4,59.96
2745,PED-54556,Telefone,Troca,2025-03-17 19:26:07.198319,2025-03-19 04:26:07.198319,5,25.01
2746,PED-50420,Email,Pagamento,2025-10-26 04:00:51.909197,2025-10-28 17:00:51.909197,1,6.44
2747,PED-52959,chat,Troca,2025-05-01 00:50:32.925066,2025-05-02 10:50:32.925066,2,56.23
2748,PED-88583,Chat,Entrega,2025-04-07 20:52:28.815875,2025-04-10 23:52:28.815875,1,10.23
2749,PED-53749,Email,Troca,2025-02-16 09:45:55.306881,2025-02-17 16:45:55.306881,2,36.7
2750,PED-20333,chat,Troca,2025-06-03 22:52:50.516869,2025-06-06 22:52:50.516869,3,22.13
2751,PED-82116,Chat,Entrega,2025-11-17 17:17:58.790532,2025-11-21 16:17:58.790532,5,41.18
2752,PED-62907,Chat,Entrega,2025-02-10 06:36:21.268755,2025-02-10 16:36:21.268755,4,10.11
2753,PED-45264,Chat,troca,2025-03-28 18:16:32.060977,2025-03-30 10:16:32.060977,1,10.19
2754,PED-10525,Chat,Pagamento,2025-10-08 04:33:39.036595,2025-10-11 05:33:39.036595,1,30.81
2755,PED-63213,Chat,Entrega,2025-03-28 00:35:29.970038,2025-03-29 20:35:29.970038,2,37.5
2756,PED-42450,Chat,Entrega,2025-04-06 11:19:11.340383,2025-04-09 08:19:11.340383,2,15.18
2757,PED-23614,Chat,Pagamento,2025-10-31 04:17:40.719375,2025-11-03 02:17:40.719375,2,45.08
2758,PED-32199,chat,Pagamento,2025-10-04 22:42:57.721887,2025-10-05 12:42:57.721887,1,42.48
2759,PED-85588,chat,Pagamento,2025-04-01 12:48:43.352759,2025-04-02 20:48:43.352759,5,18.09
2760,PED-37657,Telefone,troca,2025-02-28 11:47:40.628652,2025-03-02 16:47:40.628652,5,21.1
2761,PED-63021,Telefone,Entrega,2025-04-30 21:03:01.442745,2025-05-01 12:03:01.442745,3,18.7
2762,PED-65079,Email,Pagamento,2026-01-05 07:08:01.154080,2026-01-05 20:08:01.154080,1,58.78
2763,PED-87429,chat,Entrega,2025-05-07 12:42:02.416072,2025-05-09 13:42:02.416072,2,36.71
2764,PED-86048,Chat,troca,2025-12-17 15:42:42.438732,2025-12-20 23:42:42.438732,2,44.11
2765,PED-42767,Chat,Troca,2025-11-28 18:05:44.272413,2025-11-29 21:05:44.272413,4,12.31
2766,PED-46247,Chat,Troca,2025-04-14 00:33:51.798060,2025-04-15 01:33:51.798060,2,44.45
2767,PED-11803,Telefone,Troca,2025-07-04 02:52:26.347098,2025-07-07 17:52:26.347098,3,16.35
2768,PED-29265,Chat,Entrega,2025-11-27 19:18:37.008063,2025-11-28 11:18:37.008063,3,58.75
2769,PED-96444,Email,Pagamento,2025-05-10 13:04:57.526223,2025-05-12 11:04:57.526223,2,52.18
2770,PED-37103,Telefone,Entrega,2026-01-01 15:19:53.466358,2026-01-02 07:19:53.466358,2,52.85
2771,PED-41820,Telefone,Pagamento,2025-10-22 18:37:26.860144,2025-10-26 04:37:26.860144,3,29.06
2772,PED-10400,Telefone,Pagamento,2025-04-15 00:06:15.126091,2025-04-16 06:06:15.126091,2,8.38
2773,PED-70128,Email,troca,2025-10-03 18:29:19.022092,2025-10-03 23:29:19.022092,4,11.07
2774,PED-28441,Email,Entrega,2025-07-11 09:29:39.245419,2025-07-12 19:29:39.245419,2,28.44
2775,PED-72027,Chat,Pagamento,2025-03-20 00:45:00.707282,2025-03-19 23:45:00.707282,3,21.68
2776,PED-68896,chat,Entrega,2025-03-30 02:45:07.701214,2025-03-31 04:45:07.701214,4,57.99
2777,PED-31031,Telefone,troca,2025-12-07 09:03:53.574325,2025-12-08 17:03:53.574325,4,54.76
2778,PED-40726,Telefone,Pagamento,2026-01-19 12:03:54.602544,2026-01-19 12:03:54.602544,2,59.26
2779,PED-76807,chat,Troca,2025-10-13 06:57:31.683555,2025-10-16 02:57:31.683555,3,44.67
2780,PED-43398,Chat,Entrega,2025-03-27 17:22:32.628787,2025-03-30 09:22:32.628787,5,48.97
2781,PED-62915,Chat,Troca,2025-11-03 19:54:45.401998,2025-11-07 16:54:45.401998,5,57.64
2782,PED-41617,Email,Entrega,2025-10-05 08:26:23.549449,2025-10-05 19:26:23.549449,2,46.68
2783,PED-82870,chat,Pagamento,2025-12-02 07:42:44.928738,2025-12-05 18:42:44.928738,5,5.19
2784,PED-52909,Telefone,Entrega,2025-06-04 02:04:11.463588,2025-06-04 02:04:11.463588,1,31.46
2785,PED-24216,Email,Pagamento,2025-05-04 18:30:44.069420,2025-05-05 15:30:44.069420,3,43.28
2786,PED-86833,chat,Pagamento,2025-10-30 12:14:31.547397,2025-10-31 20:14:31.547397,5,36.09
2787,PED-22594,Telefone,Pagamento,2025-03-05 20:38:13.606260,2025-03-07 15:38:13.606260,5,15.79
2788,PED-52561,Chat,Entrega,2025-07-29 21:04:38.475594,2025-07-31 02:04:38.475594,3,30.93
2789,PED-79794,Email,Pagamento,2025-03-03 23:03:20.247742,2025-03-05 03:03:20.247742,2,28.7
2790,PED-12153,Chat,Troca,2025-11-29 08:28:14.279743,2025-12-02 05:28:14.279743,5,54.28
2791,PED-63835,Chat,troca,2026-01-25 23:20:44.152524,2026-01-27 02:20:44.152524,4,27.68
2792,PED-19516,Chat,Pagamento,2025-05-07 04:15:40.095113,2025-05-11 00:15:40.095113,2,17.14
2793,PED-38635,Email,Troca,2025-03-29 23:00:44.432786,2025-03-31 00:00:44.432786,1,19.11
2794,PED-63626,Chat,Entrega,2025-07-24 09:05:12.711011,2025-07-27 10:05:12.711011,5,53.94
2795,PED-22252,Email,troca,2025-09-26 10:58:10.866631,2025-09-27 10:58:10.866631,5,11.53
2796,PED-88423,chat,Troca,2025-07-18 19:06:59.639368,2025-07-20 01:06:59.639368,4,42.89
2797,PED-31893,Chat,Pagamento,2025-07-30 17:11:41.044412,2025-08-02 12:11:41.044412,2,48.76
2798,PED-23119,Chat,troca,2025-05-27 04:13:38.554711,2025-05-28 20:13:38.554711,5,20.27
2799,PED-55738,Email,Pagamento,2025-04-28 05:42:58.215512,2025-04-30 09:42:58.215512,5,43.28
2800,PED-22780,Chat,Entrega,2026-01-04 04:23:14.223363,2026-01-04 05:23:14.223363,2,14.46
2801,PED-40699,Chat,troca,2026-02-03 00:14:13.254249,2026-02-03 18:14:13.254249,2,50.5
2802,PED-27383,Email,Pagamento,2025-02-14 21:56:24.998118,2025-02-15 20:56:24.998118,1,41.39
2803,PED-91087,chat,Troca,2025-10-21 22:00:28.571727,2025-10-23 00:00:28.571727,1,44.92
2804,PED-36760,Email,Entrega,2025-09-05 12:20:32.754287,2025-09-09 06:20:32.754287,4,13.47
2805,PED-30849,Telefone,Pagamento,2025-09-28 15:17:17.980629,2025-09-28 21:17:17.980629,1,14.43
2806,PED-79865,chat,Pagamento,2025-08-25 21:01:52.296752,2025-08-25 23:01:52.296752,1,9.67
2807,PED-37759,Chat,troca,2025-07-21 21:56:23.052100,2025-07-22 15:56:23.052100,4,10.96
2808,PED-31782,Email,Entrega,2025-09-12 18:42:24.032720,2025-09-13 21:42:24.032720,4,13.66
2809,PED-79841,chat,Pagamento,2026-01-11 23:01:47.190016,2026-01-15 01:01:47.190016,4,14.47
2810,PED-46592,Email,Entrega,2025-02-11 08:09:47.470512,2025-02-13 14:09:47.470512,5,16.78
2811,PED-12625,chat,Pagamento,2025-07-23 10:42:53.806871,2025-07-27 05:42:53.806871,3,25.65
2812,PED-70931,Chat,Troca,2025-09-24 00:48:12.750154,2025-09-26 18:48:12.750154,2,54.55
2813,PED-79932,Chat,Pagamento,2025-04-09 15:40:10.356071,2025-04-10 18:40:10.356071,4,55.01
2814,PED-27723,Chat,troca,2025-10-26 09:17:05.981233,2025-10-29 09:17:05.981233,5,53.17
2815,PED-41520,Chat,Troca,2026-01-18 16:23:07.499790,2026-01-19 06:23:07.499790,2,34.65
2816,PED-54448,Chat,Entrega,2025-10-01 11:36:00.089934,2025-10-01 19:36:00.089934,3,23.26
2817,PED-33371,Chat,Pagamento,2025-08-19 14:33:53.976588,2025-08-20 05:33:53.976588,4,51.76
2818,PED-28312,chat,Troca,2025-03-25 16:20:49.111163,2025-03-26 16:20:49.111163,5,13.13
2819,PED-19363,Telefone,Troca,2025-11-08 12:07:09.132953,2025-11-10 18:07:09.132953,3,30.35
2820,PED-46216,Email,Troca,2025-12-07 19:43:10.169239,2025-12-11 08:43:10.169239,1,47.1
2821,PED-97147,Chat,Troca,2025-10-21 08:29:15.195504,2025-10-21 09:29:15.195504,1,22.74
2822,PED-93498,Chat,Troca,2026-01-01 15:21:16.557388,2026-01-05 13:21:16.557388,2,31.44
2823,PED-67537,Email,Troca,2025-12-23 13:57:59.975508,2025-12-23 23:57:59.975508,5,6.42
2824,PED-56312,Email,Pagamento,2025-06-13 18:24:51.067686,2025-06-14 11:24:51.067686,1,48.71
2825,PED-94621,Email,Entrega,2025-11-10 04:05:41.629198,2025-11-12 18:05:41.629198,3,13.76
2826,PED-29391,Telefone,Entrega,2025-09-14 17:54:40.274638,2025-09-17 12:54:40.274638,4,33.72
2827,PED-20040,chat,troca,2025-08-26 08:21:54.685858,2025-08-30 08:21:54.685858,3,32.58
2828,PED-51171,Telefone,Pagamento,2025-07-06 01:44:23.522025,2025-07-06 04:44:23.522025,1,32.89
2829,PED-13440,Chat,Troca,2025-12-30 08:18:52.575044,2026-01-01 17:18:52.575044,1,41.41
2830,PED-59531,Email,Entrega,2025-10-29 18:26:04.647866,2025-10-30 23:26:04.647866,1,24.88
2831,PED-46055,chat,Pagamento,2025-04-18 16:56:54.894524,2025-04-21 08:56:54.894524,4,35.97
2832,PED-64129,chat,Entrega,2025-02-25 04:39:14.846801,2025-02-26 08:39:14.846801,5,17.53
2833,PED-58439,Chat,Entrega,2025-11-01 23:38:40.608082,2025-11-03 14:38:40.608082,3,50.19
2834,PED-59194,Chat,Troca,2025-05-18 02:23:43.717021,2025-05-21 01:23:43.717021,4,7.92
2835,PED-41508,Telefone,Pagamento,2025-10-01 09:03:35.928824,2025-10-02 09:03:35.928824,5,24.53
2836,PED-91841,chat,troca,2026-01-10 22:33:49.842980,2026-01-10 22:33:49.842980,1,8.34
2837,PED-26044,Telefone,Entrega,2025-11-10 16:15:58.974308,2025-11-10 20:15:58.974308,5,11.83
2838,PED-79375,Chat,Entrega,2025-02-12 04:22:02.164102,2025-02-15 01:22:02.164102,3,57.92
2839,PED-33258,Telefone,Pagamento,2025-04-22 12:02:08.988972,2025-04-25 20:02:08.988972,2,33.36
2840,PED-34600,Chat,Pagamento,2025-10-05 07:57:36.547497,2025-10-07 05:57:36.547497,3,18.32
2841,PED-18589,chat,Pagamento,2025-02-15 13:42:10.774173,2025-02-19 01:42:10.774173,5,42.28
2842,PED-32396,Email,Pagamento,2025-07-11 22:13:43.324027,2025-07-15 16:13:43.324027,3,13.72
2843,PED-65023,chat,Entrega,2025-08-07 21:52:19.316392,2025-08-09 02:52:19.316392,5,28.7
2844,PED-50577,Email,Troca,2025-12-25 23:52:47.414233,2025-12-26 10:52:47.414233,4,53.04
2845,PED-48223,Telefone,troca,2025-03-03 01:48:13.902979,2025-03-05 00:48:13.902979,3,57.04
2846,PED-48091,Chat,troca,2026-01-28 07:09:26.051442,2026-01-30 04:09:26.051442,4,48.38
2847,PED-98572,Email,Entrega,2025-07-04 03:33:28.408415,2025-07-07 21:33:28.408415,5,42.58
2848,PED-35122,Chat,Troca,2025-04-28 15:11:11.006868,2025-04-30 02:11:11.006868,4,25.75
2849,PED-46672,Email,Troca,2025-12-14 15:20:35.446127,2025-12-16 17:20:35.446127,2,45.19
2850,PED-41646,chat,Entrega,2025-10-17 09:40:41.982914,2025-10-19 06:40:41.982914,3,44.9
2851,PED-71037,Chat,Entrega,2025-12-05 17:23:51.700968,2025-12-06 08:23:51.700968,1,20.93
2852,PED-17539,Email,troca,2025-07-08 20:04:22.716930,2025-07-12 03:04:22.716930,2,55.41
2853,PED-56538,chat,Entrega,2025-04-18 21:16:10.058132,2025-04-19 21:16:10.058132,5,22.33
2854,PED-26014,Telefone,troca,2025-10-03 10:28:04.705503,2025-10-07 02:28:04.705503,2,49.33
2855,PED-22396,Telefone,Pagamento,2025-05-11 08:59:53.201538,2025-05-11 17:59:53.201538,1,34.94
2856,PED-36033,chat,Troca,2025-06-06 01:01:04.621454,2025-06-09 04:01:04.621454,2,32.09
2857,PED-63083,Email,troca,2025-06-20 12:56:15.825820,2025-06-21 03:56:15.825820,1,53.53
2858,PED-20071,Chat,Pagamento,2025-07-27 19:03:00.658816,2025-07-27 21:03:00.658816,3,59.53
2859,PED-70517,Telefone,Troca,2025-04-28 23:34:07.926130,2025-04-29 09:34:07.926130,1,55.13
2860,PED-13482,Chat,Troca,2025-06-13 05:29:45.733659,2025-06-14 05:29:45.733659,3,47.82
2861,PED-82055,chat,Troca,2025-08-11 08:35:18.051494,2025-08-11 20:35:18.051494,2,42.86
2862,PED-71901,Telefone,Entrega,2025-07-08 07:56:51.787945,2025-07-09 23:56:51.787945,3,50.27
2863,PED-25689,Telefone,Troca,2025-03-27 13:42:03.284040,2025-03-30 15:42:03.284040,5,42.41
2864,PED-58222,Email,troca,2025-12-23 09:52:06.499599,2025-12-25 09:52:06.499599,1,9.19
2865,PED-19294,Chat,Entrega,2026-01-30 13:02:04.496821,2026-02-02 16:02:04.496821,1,34.66
2866,PED-40323,Telefone,Pagamento,2025-07-22 05:35:19.286150,2025-07-23 07:35:19.286150,3,51.09
2867,PED-28257,Telefone,troca,2025-02-07 10:20:05.532474,2025-02-10 11:20:05.532474,2,49.82
2868,PED-38257,chat,Troca,2025-04-21 15:49:26.838460,2025-04-22 09:49:26.838460,2,29.82
2869,PED-54262,Telefone,Troca,2025-06-14 13:57:23.519503,2025-06-16 05:57:23.519503,1,19.03
2870,PED-48528,chat,Pagamento,2025-04-11 15:32:26.133033,2025-04-11 17:32:26.133033,1,50.63
2871,PED-12785,Email,troca,2025-06-07 18:24:58.740673,2025-06-11 00:24:58.740673,4,56.46
2872,PED-67064,Chat,Troca,2025-09-28 06:25:29.758000,2025-09-30 10:25:29.758000,1,46.05
2873,PED-12355,Chat,troca,2025-02-26 08:20:56.386042,2025-02-28 12:20:56.386042,1,33.61
2874,PED-57359,Telefone,Pagamento,2025-11-26 14:07:24.747751,2025-11-27 14:07:24.747751,5,9.86
2875,PED-13574,Telefone,troca,2025-02-14 09:00:58.176303,2025-02-18 08:00:58.176303,4,9.0
2876,PED-37899,Chat,troca,2025-02-06 09:03:48.643593,2025-02-10 06:03:48.643593,2,18.97
2877,PED-56634,Chat,Pagamento,2025-06-26 11:57:44.747756,2025-06-28 04:57:44.747756,5,35.27
2878,PED-84978,Chat,Pagamento,2025-09-21 07:56:49.402287,2025-09-23 12:56:49.402287,4,28.35
2879,PED-94430,chat,troca,2025-10-07 22:36:49.456090,2025-10-10 19:36:49.456090,5,50.73
2880,PED-15287,Chat,troca,2025-05-07 01:45:56.743556,2025-05-08 12:45:56.743556,3,54.3
2881,PED-79181,Telefone,troca,2025-09-08 11:00:49.554340,2025-09-08 09:00:49.554340,3,21.41
2882,PED-97439,chat,Pagamento,2025-08-01 16:22:05.951594,2025-08-04 03:22:05.951594,1,16.66
2883,PED-59060,Chat,Troca,2025-12-22 07:10:23.374624,2025-12-25 15:10:23.374624,1,41.69
2884,PED-12366,Chat,Entrega,2025-06-13 15:12:13.171766,2025-06-15 22:12:13.171766,5,36.95
2885,PED-47925,Email,troca,2025-04-28 06:55:48.253975,2025-04-28 12:55:48.253975,1,44.31
2886,PED-43455,chat,Pagamento,2025-06-22 05:15:08.658528,2025-06-24 12:15:08.658528,5,43.84
2887,PED-92046,Telefone,Pagamento,2025-05-10 05:52:27.108680,2025-05-13 10:52:27.108680,3,50.67
2888,PED-89254,Telefone,Troca,2025-09-04 13:01:25.731217,2025-09-07 21:01:25.731217,5,21.26
2889,PED-57996,Telefone,troca,2025-07-12 07:51:03.018193,2025-07-15 01:51:03.018193,2,23.17
2890,PED-48588,Chat,Entrega,2025-06-28 10:53:49.957926,2025-06-28 21:53:49.957926,5,39.03
2891,PED-32953,chat,Troca,2025-10-18 12:42:08.562619,2025-10-19 10:42:08.562619,2,51.16
2892,PED-48591,chat,Pagamento,2025-12-08 06:03:07.046802,2025-12-09 08:03:07.046802,4,36.02
2893,PED-63453,Chat,Pagamento,2025-03-19 06:25:39.037434,2025-03-19 11:25:39.037434,2,26.89
2894,PED-69923,Telefone,Troca,2025-10-18 00:52:55.577973,2025-10-18 13:52:55.577973,4,14.57
2895,PED-50567,chat,troca,2025-12-20 06:09:47.323225,2025-12-21 07:09:47.323225,3,41.86
2896,PED-57422,chat,troca,2026-01-22 04:26:07.701421,2026-01-25 07:26:07.701421,5,46.64
2897,PED-10402,Email,Pagamento,2025-04-17 21:22:19.529417,2025-04-19 07:22:19.529417,1,58.99
2898,PED-84221,Telefone,Entrega,2025-04-30 04:52:57.667261,2025-05-03 18:52:57.667261,1,35.21
2899,PED-63245,Email,troca,2025-03-08 19:25:02.235915,2025-03-09 11:25:02.235915,4,41.35
2900,PED-82170,Telefone,Pagamento,2025-03-01 16:48:36.632367,2025-03-02 01:48:36.632367,3,27.38
2901,PED-38394,Chat,Pagamento,2025-10-08 05:17:04.162765,2025-10-08 12:17:04.162765,4,10.4
2902,PED-29099,chat,Entrega,2025-11-21 04:16:12.758201,2025-11-24 17:16:12.758201,5,23.53
2903,PED-25753,Email,troca,2025-04-08 23:59:19.256063,2025-04-12 21:59:19.256063,3,26.93
2904,PED-41536,Email,Entrega,2025-03-26 06:46:57.473211,2025-03-26 23:46:57.473211,1,52.01
2905,PED-72707,chat,Troca,2025-09-10 08:26:38.626547,2025-09-11 03:26:38.626547,1,41.72
2906,PED-66917,Telefone,Pagamento,2025-05-16 04:51:13.879133,2025-05-18 19:51:13.879133,1,59.91
2907,PED-60749,chat,Troca,2025-10-09 01:57:29.722198,2025-10-09 13:57:29.722198,1,41.76
2908,PED-53888,Chat,Troca,2026-01-23 18:12:06.463816,2026-01-26 22:12:06.463816,1,25.64
2909,PED-90224,Email,Troca,2025-02-19 12:17:22.099255,2025-02-19 17:17:22.099255,3,39.64
2910,PED-52125,Chat,Pagamento,2025-10-26 05:58:22.765735,2025-10-26 12:58:22.765735,4,47.55
2911,PED-78394,chat,Pagamento,2025-11-08 16:03:22.535846,2025-11-11 22:03:22.535846,4,39.48
2912,PED-58281,chat,Entrega,2025-09-02 16:42:06.214215,2025-09-02 20:42:06.214215,3,5.92
2913,PED-67756,Telefone,Entrega,2025-10-12 14:15:15.445642,2025-10-15 03:15:15.445642,4,13.93
2914,PED-68854,chat,Pagamento,2025-06-15 22:36:41.834105,2025-06-19 15:36:41.834105,4,41.93
2915,PED-27982,Email,Troca,2026-01-24 05:23:52.260524,2026-01-27 07:23:52.260524,5,48.93
2916,PED-74499,Telefone,Pagamento,2025-10-12 16:24:37.997517,2025-10-16 13:24:37.997517,1,59.01
2917,PED-88878,Chat,Entrega,2025-03-31 15:06:47.615987,2025-04-03 13:06:47.615987,1,26.85
2918,PED-98425,Email,Troca,2025-07-04 22:00:03.061362,2025-07-07 15:00:03.061362,2,15.91
2919,PED-40423,Chat,troca,2025-09-08 18:17:12.724036,2025-09-11 02:17:12.724036,3,24.68
2920,PED-36557,Email,Pagamento,2025-08-18 01:42:18.915674,2025-08-18 20:42:18.915674,1,30.7
2921,PED-70850,Chat,troca,2025-04-21 22:44:38.578304,2025-04-22 06:44:38.578304,2,42.29
2922,PED-89026,chat,Troca,2025-04-28 11:12:36.521733,2025-04-28 19:12:36.521733,4,11.19
2923,PED-65299,chat,Entrega,2026-01-14 18:25:22.665650,2026-01-18 16:25:22.665650,2,30.73
2924,PED-85161,Email,Pagamento,2025-12-12 01:17:29.148148,2025-12-14 20:17:29.148148,1,15.47
2925,PED-19743,Email,Entrega,2025-12-26 17:32:52.294459,2025-12-29 00:32:52.294459,3,37.59
2926,PED-32111,Email,Troca,2025-07-11 02:01:02.472049,2025-07-14 20:01:02.472049,2,52.53
2927,PED-76881,Chat,Troca,2025-03-28 12:21:43.540929,2025-03-29 23:21:43.540929,4,20.15
2928,PED-40999,Telefone,troca,2025-03-27 06:22:31.778479,2025-03-27 10:22:31.778479,3,50.76
2929,PED-71656,Chat,troca,2025-02-24 21:40:13.692184,2025-02-26 21:40:13.692184,4,45.75
2930,PED-97461,chat,troca,2025-11-24 21:25:43.391993,2025-11-27 10:25:43.391993,1,5.77
2931,PED-93763,Chat,Pagamento,2025-02-18 06:41:35.169678,2025-02-19 00:41:35.169678,5,34.49
2932,PED-23413,chat,Entrega,2025-06-13 08:42:09.333302,2025-06-14 05:42:09.333302,5,56.18
2933,PED-32494,Email,Pagamento,2025-05-29 22:49:31.780658,2025-06-01 01:49:31.780658,5,29.09
2934,PED-65839,chat,troca,2025-12-17 00:44:17.751005,2025-12-20 23:44:17.751005,1,51.64
2935,PED-81239,Email,Pagamento,2025-07-21 19:19:27.129567,2025-07-22 15:19:27.129567,1,23.62
2936,PED-68935,Chat,Pagamento,2025-08-23 07:50:42.145636,2025-08-26 06:50:42.145636,5,34.95
2937,PED-66189,Telefone,Troca,2026-01-03 05:44:24.791248,2026-01-06 12:44:24.791248,4,31.31
2938,PED-62777,Telefone,troca,2025-02-23 21:07:07.019385,2025-02-24 02:07:07.019385,4,33.51
2939,PED-12026,Email,Troca,2025-05-26 08:36:25.012243,2025-05-27 00:36:25.012243,4,34.73
2940,PED-96364,chat,troca,2025-07-29 02:07:32.983502,2025-07-29 10:07:32.983502,2,39.6
2941,PED-98327,chat,Troca,2025-06-16 17:53:32.343975,2025-06-18 08:53:32.343975,4,42.33
2942,PED-57977,Chat,Entrega,2025-04-05 14:13:42.673282,2025-04-09 00:13:42.673282,5,59.39
2943,PED-44722,Telefone,troca,2025-12-17 15:16:33.032951,2025-12-18 02:16:33.032951,1,33.76
2944,PED-32834,Chat,troca,2025-02-15 10:38:28.526046,2025-02-19 10:38:28.526046,3,36.23
2945,PED-87879,Chat,Entrega,2025-12-17 12:30:36.010725,2025-12-19 20:30:36.010725,2,28.65
2946,PED-81022,Email,Troca,2026-01-21 04:39:02.585344,2026-01-24 07:39:02.585344,2,11.98
2947,PED-53369,Chat,troca,2025-06-02 04:54:14.348318,2025-06-02 06:54:14.348318,5,28.82
2948,PED-88410,Email,Entrega,2025-08-22 01:58:45.423802,2025-08-25 19:58:45.423802,2,21.4
2949,PED-54265,Chat,Troca,2025-02-06 01:57:51.671151,2025-02-09 04:57:51.671151,3,24.07
2950,PED-81524,Telefone,Troca,2025-04-24 15:17:42.756528,2025-04-27 21:17:42.756528,4,10.04
2951,PED-40838,Telefone,Pagamento,2025-04-29 00:16:16.114775,2025-04-29 20:16:16.114775,4,31.27
2952,PED-96078,chat,Troca,2025-10-10 17:12:24.935959,2025-10-13 12:12:24.935959,5,29.86
2953,PED-20222,Chat,Pagamento,2025-08-31 02:56:06.730678,2025-09-02 00:56:06.730678,4,38.57
2954,PED-60393,chat,Pagamento,2025-06-21 18:04:39.795420,2025-06-24 07:04:39.795420,5,32.35
2955,PED-26972,Email,troca,2025-08-21 07:03:24.346503,2025-08-22 00:03:24.346503,4,59.68
2956,PED-94319,Email,Troca,2025-10-17 14:44:14.173055,2025-10-17 16:44:14.173055,4,40.4
2957,PED-91946,chat,Entrega,2025-05-06 23:41:21.566176,2025-05-10 12:41:21.566176,1,43.25
2958,PED-96975,Email,Pagamento,2026-01-24 09:14:25.216756,2026-01-24 10:14:25.216756,4,45.02
2959,PED-99864,Telefone,Troca,2025-08-28 08:53:13.964569,2025-08-30 00:53:13.964569,1,42.02
2960,PED-46647,chat,Entrega,2025-09-15 11:17:33.459207,2025-09-16 06:17:33.459207,3,19.76
2961,PED-78627,Telefone,Pagamento,2025-05-23 20:20:06.347830,2025-05-24 17:20:06.347830,5,26.67
2962,PED-56271,Email,troca,2025-08-09 10:36:56.421158,2025-08-10 01:36:56.421158,2,39.87
2963,PED-99591,Email,Pagamento,2025-12-07 05:59:17.142143,2025-12-07 20:59:17.142143,2,52.65
2964,PED-81589,Chat,Entrega,2025-06-17 20:07:21.735355,2025-06-18 18:07:21.735355,4,14.04
2965,PED-99714,Email,troca,2025-04-08 19:31:06.873314,2025-04-09 03:31:06.873314,5,46.88
2966,PED-73347,chat,Entrega,2025-08-11 14:17:34.750907,2025-08-15 08:17:34.750907,4,14.22
2967,PED-32525,Telefone,troca,2025-04-09 18:31:15.978159,2025-04-12 17:31:15.978159,2,23.88
2968,PED-99972,Email,Troca,2025-12-08 07:54:41.236732,2025-12-11 10:54:41.236732,2,52.32
2969,PED-23921,Telefone,Entrega,2025-04-25 00:27:56.353028,2025-04-27 14:27:56.353028,3,6.41
2970,PED-74177,Email,Pagamento,2025-11-11 13:42:07.437685,2025-11-14 21:42:07.437685,5,22.84
2971,PED-52000,Telefone,Entrega,2025-10-28 00:18:18.214313,2025-10-31 04:18:18.214313,3,17.33
2972,PED-50189,Chat,Troca,2025-04-19 21:56:36.409025,2025-04-20 19:56:36.409025,1,55.26
2973,PED-73471,chat,Troca,2025-12-24 15:49:54.026414,2025-12-27 17:49:54.026414,2,33.68
2974,PED-53727,chat,Entrega,2025-10-14 02:44:43.742986,2025-10-17 18:44:43.742986,1,9.73
2975,PED-37549,Telefone,Entrega,2025-02-04 10:35:43.811164,2025-02-06 06:35:43.811164,1,22.89
2976,PED-24093,Email,Entrega,2025-12-18 17:33:30.407467,2025-12-21 01:33:30.407467,2,10.9
2977,PED-32742,Email,troca,2025-04-11 18:02:15.802470,2025-04-15 13:02:15.802470,4,31.17
2978,PED-22763,chat,Pagamento,2025-11-24 00:43:39.245843,2025-11-26 17:43:39.245843,4,51.84
2979,PED-12104,Email,troca,2025-12-10 16:28:36.669060,2025-12-10 19:28:36.669060,1,20.59
2980,PED-21421,Chat,Entrega,2025-02-09 11:31:52.419340,2025-02-13 11:31:52.419340,2,30.11
2981,PED-79364,Chat,Pagamento,2025-05-13 05:14:37.224038,2025-05-16 09:14:37.224038,5,8.31
2982,PED-27253,Telefone,Troca,2025-09-28 17:15:59.891702,2025-10-02 12:15:59.891702,3,24.85
2983,PED-77404,Email,Pagamento,2026-01-02 09:33:37.552486,2026-01-03 13:33:37.552486,2,53.96
2984,PED-83060,Telefone,Pagamento,2025-10-30 17:21:58.780545,2025-11-01 09:21:58.780545,1,57.56
2985,PED-86489,Telefone,Pagamento,2025-10-18 21:16:59.908815,2025-10-22 21:16:59.908815,5,29.32
2986,PED-31966,chat,Pagamento,2025-02-13 14:28:44.351278,2025-02-15 02:28:44.351278,3,33.06
2987,PED-97728,Email,Entrega,2025-07-24 03:43:51.990205,2025-07-27 23:43:51.990205,5,28.21
2988,PED-51592,Email,troca,2025-06-12 02:44:21.855141,2025-06-13 22:44:21.855141,5,12.09
2989,PED-25552,Chat,Pagamento,2025-08-26 13:34:50.235145,2025-08-29 17:34:50.235145,3,6.4
2990,PED-15164,Chat,troca,2025-10-03 05:35:27.819056,2025-10-03 03:35:27.819056,3,25.49
2991,PED-86851,chat,Troca,2025-10-12 12:57:50.483980,2025-10-13 15:57:50.483980,2,12.21
2992,PED-52726,Email,Troca,2025-11-20 03:25:33.990910,2025-11-20 15:25:33.990910,2,5.31
2993,PED-72983,Chat,troca,2025-03-15 00:09:50.609246,2025-03-16 17:09:50.609246,4,35.56
2994,PED-99390,Chat,Entrega,2026-01-10 11:55:13.825081,2026-01-11 08:55:13.825081,3,20.64
2995,PED-78785,Telefone,Pagamento,2025-05-12 14:07:44.683023,2025-05-15 06:07:44.683023,5,39.1
2996,PED-74307,chat,Pagamento,2025-06-29 03:05:52.281762,2025-07-02 20:05:52.281762,2,28.27
2997,PED-67811,Email,Pagamento,2025-12-19 10:00:52.133939,2025-12-22 17:00:52.133939,2,46.08
2998,PED-58010,chat,Entrega,2025-09-05 17:32:33.860760,2025-09-06 07:32:33.860760,3,16.5
2999,PED-78921,chat,troca,2025-08-22 00:34:37.179223,2025-08-22 06:34:37.179223,5,49.43
3000,PED-27527,chat,Troca,2026-01-30 16:02:04.982801,2026-01-31 03:02:04.982801,2,16.01
3001,PED-94560,Chat,Entrega,2025-08-12 17:27:43.341230,2025-08-13 09:27:43.341230,5,10.09
3002,PED-11063,Chat,troca,2025-04-22 11:12:46.520828,2025-04-24 09:12:46.520828,4,19.43
3003,PED-36733,Telefone,Entrega,2025-07-02 23:32:25.394552,2025-07-03 17:32:25.394552,1,34.29
3004,PED-71821,Telefone,Troca,2025-03-10 13:56:05.012734,2025-03-14 13:56:05.012734,4,14.73
3005,PED-55886,Telefone,Pagamento,2025-12-20 19:55:45.191464,2025-12-21 16:55:45.191464,3,19.32
3006,PED-83667,Email,Pagamento,2025-07-04 16:02:22.747684,2025-07-06 12:02:22.747684,2,25.84
3007,PED-14285,Email,troca,2025-03-23 08:41:14.236017,2025-03-26 07:41:14.236017,5,9.96
3008,PED-69450,Telefone,troca,2025-04-26 05:01:12.816622,2025-04-29 16:01:12.816622,1,26.59
3009,PED-33809,Telefone,Troca,2025-03-09 00:43:37.744309,2025-03-11 20:43:37.744309,4,14.66
3010,PED-38189,chat,Pagamento,2025-07-23 17:04:48.608688,2025-07-26 01:04:48.608688,2,55.92
3011,PED-86356,chat,Troca,2025-04-28 02:21:37.646159,2025-05-01 11:21:37.646159,3,15.0
3012,PED-85582,chat,Pagamento,2025-07-10 10:46:35.922407,2025-07-11 03:46:35.922407,2,57.54
3013,PED-65980,Email,Troca,2025-10-22 16:39:51.518459,2025-10-26 11:39:51.518459,3,17.99
3014,PED-28857,chat,troca,2025-04-06 19:30:41.987178,2025-04-09 15:30:41.987178,3,40.93
3015,PED-42049,chat,Entrega,2025-09-11 07:21:56.914203,2025-09-14 22:21:56.914203,5,56.68
3016,PED-64771,Chat,Pagamento,2025-10-10 06:20:50.356484,2025-10-11 14:20:50.356484,4,45.54
3017,PED-38687,chat,Pagamento,2025-11-21 04:37:09.503372,2025-11-23 17:37:09.503372,3,18.59
3018,PED-84847,Email,Entrega,2026-01-16 09:56:45.171108,2026-01-16 09:56:45.171108,3,36.77
3019,PED-90112,Chat,troca,2025-02-08 23:05:34.107663,2025-02-11 12:05:34.107663,4,38.2
3020,PED-67513,Chat,troca,2025-07-27 03:06:40.904697,2025-07-30 03:06:40.904697,5,14.59
3021,PED-31245,Chat,Entrega,2025-08-23 21:29:23.725073,2025-08-24 03:29:23.725073,2,41.67
3022,PED-71408,Telefone,Troca,2025-07-17 04:37:34.027852,2025-07-20 06:37:34.027852,2,31.97
3023,PED-28124,chat,troca,2025-12-24 06:09:09.953365,2025-12-25 21:09:09.953365,2,6.54
3024,PED-22917,chat,Entrega,2025-04-19 16:47:21.930577,2025-04-23 04:47:21.930577,4,45.11
3025,PED-17115,chat,troca,2025-07-19 21:40:20.362694,2025-07-23 15:40:20.362694,1,53.59
3026,PED-82641,Telefone,Pagamento,2025-11-06 12:03:37.207219,2025-11-07 19:03:37.207219,5,32.69
3027,PED-67458,Email,troca,2025-07-01 07:57:36.486819,2025-07-04 05:57:36.486819,3,41.7
3028,PED-34203,chat,Pagamento,2026-01-24 02:37:09.384099,2026-01-25 21:37:09.384099,1,48.93
3029,PED-15300,chat,Troca,2025-10-30 22:22:01.078617,2025-11-03 20:22:01.078617,3,58.79
3030,PED-60836,Chat,Entrega,2025-02-05 04:22:24.090448,2025-02-06 08:22:24.090448,1,30.31
3031,PED-31365,chat,Troca,2025-07-14 04:56:44.990497,2025-07-15 22:56:44.990497,1,47.84
3032,PED-85653,chat,Entrega,2025-07-30 13:47:16.385146,2025-08-02 21:47:16.385146,1,10.09
3033,PED-72648,Email,troca,2025-09-05 21:30:52.240062,2025-09-06 20:30:52.240062,1,38.66
3034,PED-10643,Telefone,Pagamento,2025-06-23 21:01:29.715250,2025-06-24 20:01:29.715250,1,16.57
3035,PED-75518,Chat,Troca,2025-06-04 15:11:35.716434,2025-06-07 16:11:35.716434,2,26.88
3036,PED-29782,chat,Troca,2025-03-09 15:18:59.869027,2025-03-12 22:18:59.869027,2,13.66
3037,PED-70338,Telefone,Pagamento,2026-01-08 18:18:53.112174,2026-01-12 07:18:53.112174,2,7.94
3038,PED-98268,Chat,Troca,2025-10-07 07:19:28.854614,2025-10-10 10:19:28.854614,1,26.04
3039,PED-26974,chat,Troca,2025-09-08 14:42:15.862460,2025-09-09 01:42:15.862460,1,38.96
3040,PED-68522,chat,Entrega,2025-04-20 20:01:26.238877,2025-04-20 22:01:26.238877,5,46.8
3041,PED-35945,chat,Troca,2025-09-07 07:00:10.640964,2025-09-08 12:00:10.640964,3,36.45
3042,PED-59844,Email,troca,2025-05-31 05:55:49.277755,2025-06-02 10:55:49.277755,5,5.74
3043,PED-69682,Email,Troca,2025-11-19 10:01:40.225781,2025-11-20 06:01:40.225781,2,47.04
3044,PED-33086,Chat,Troca,2025-05-08 04:42:35.396148,2025-05-09 14:42:35.396148,3,6.25
3045,PED-99527,Telefone,troca,2025-05-25 02:31:51.944904,2025-05-27 23:31:51.944904,3,52.29
3046,PED-97152,Email,troca,2025-12-17 18:33:22.756671,2025-12-20 17:33:22.756671,2,37.8
3047,PED-26883,Chat,troca,2025-12-22 10:23:24.632549,2025-12-24 08:23:24.632549,3,59.7
3048,PED-59872,Chat,Troca,2025-04-28 02:06:26.587706,2025-04-29 20:06:26.587706,2,44.36
3049,PED-88145,Email,troca,2025-03-04 20:33:23.558609,2025-03-07 18:33:23.558609,5,32.31
3050,PED-22736,chat,Pagamento,2025-08-27 22:59:44.263690,2025-08-27 22:59:44.263690,1,12.8
3051,PED-65556,Email,Entrega,2025-04-23 19:00:20.678838,2025-04-24 17:00:20.678838,5,25.17
3052,PED-27083,chat,Troca,2025-05-05 07:05:29.052864,2025-05-06 20:05:29.052864,3,56.78
3053,PED-30469,Chat,troca,2025-05-12 17:07:24.247054,2025-05-16 14:07:24.247054,4,56.16
3054,PED-26136,Email,troca,2025-06-13 18:35:03.724554,2025-06-15 22:35:03.724554,4,17.69
3055,PED-46428,Chat,troca,2025-06-05 23:08:46.780110,2025-06-08 12:08:46.780110,5,39.07
3056,PED-21190,Telefone,Pagamento,2025-03-17 09:42:46.516615,2025-03-19 15:42:46.516615,5,6.23
3057,PED-27037,chat,Entrega,2025-04-20 22:34:41.694377,2025-04-22 01:34:41.694377,5,40.76
3058,PED-54877,Email,Entrega,2025-11-23 14:53:17.340966,2025-11-24 01:53:17.340966,2,50.53
3059,PED-92802,Chat,troca,2025-12-14 13:22:27.793020,2025-12-18 02:22:27.793020,3,6.78
3060,PED-26343,Chat,Entrega,2025-02-28 14:09:24.848244,2025-02-28 19:09:24.848244,4,57.61
3061,PED-93864,Telefone,Entrega,2026-01-31 06:10:31.674139,2026-02-03 04:10:31.674139,4,54.12
3062,PED-91645,Chat,Entrega,2025-10-03 00:45:13.672954,2025-10-04 13:45:13.672954,4,37.46
3063,PED-58754,Email,Pagamento,2025-02-12 18:20:18.630678,2025-02-14 12:20:18.630678,2,57.02
3064,PED-72858,Chat,troca,2025-05-24 23:15:55.085248,2025-05-26 05:15:55.085248,3,30.4
3065,PED-24491,Chat,Troca,2026-02-01 17:43:44.478744,2026-02-01 15:43:44.478744,1,48.85
3066,PED-26074,Chat,troca,2025-09-11 06:27:49.783264,2025-09-13 21:27:49.783264,1,49.34
3067,PED-64076,chat,Troca,2025-03-05 00:49:31.674102,2025-03-08 20:49:31.674102,4,26.93
3068,PED-21793,Telefone,troca,2026-01-27 22:57:05.963954,2026-01-31 21:57:05.963954,4,33.4
3069,PED-11720,Chat,Entrega,2025-08-08 10:00:08.268294,2025-08-11 05:00:08.268294,4,10.91
3070,PED-13995,Chat,Entrega,2025-05-08 19:28:24.054857,2025-05-11 20:28:24.054857,1,30.49
3071,PED-76632,Chat,Pagamento,2026-01-05 09:20:58.666166,2026-01-06 08:20:58.666166,4,10.59
3072,PED-70548,chat,Entrega,2025-06-30 04:44:50.677261,2025-06-30 08:44:50.677261,1,58.28
3073,PED-57332,Email,Pagamento,2025-09-07 06:42:07.750431,2025-09-08 16:42:07.750431,3,15.97
3074,PED-32935,Chat,troca,2025-06-25 11:08:18.835023,2025-06-27 12:08:18.835023,1,5.96
3075,PED-33819,Email,Entrega,2025-09-23 18:16:08.545824,2025-09-25 23:16:08.545824,4,28.42
3076,PED-88139,Email,Pagamento,2025-08-29 10:57:25.801237,2025-08-31 14:57:25.801237,1,16.25
3077,PED-10716,Email,troca,2025-12-16 17:41:05.462739,2025-12-19 14:41:05.462739,2,38.38
3078,PED-67603,Email,Pagamento,2025-05-21 07:22:02.279989,2025-05-22 01:22:02.279989,4,29.02
3079,PED-20345,Email,Troca,2025-06-17 16:54:42.211190,2025-06-18 09:54:42.211190,5,18.23
3080,PED-72259,Chat,Troca,2025-10-27 11:37:29.124041,2025-10-28 02:37:29.124041,1,58.89
3081,PED-64369,Telefone,Troca,2026-01-18 06:51:57.367703,2026-01-20 07:51:57.367703,3,58.08
3082,PED-87242,Chat,Troca,2026-01-29 00:25:49.900427,2026-02-01 06:25:49.900427,1,7.78
3083,PED-73655,Telefone,Troca,2025-09-04 01:06:56.248261,2025-09-07 02:06:56.248261,3,7.05
3084,PED-95865,Email,troca,2025-12-21 08:46:43.329118,2025-12-25 05:46:43.329118,5,47.25
3085,PED-18905,Email,Troca,2025-02-22 20:17:29.321675,2025-02-25 16:17:29.321675,3,18.71
3086,PED-18621,Email,troca,2025-08-01 15:55:27.641748,2025-08-05 07:55:27.641748,1,19.05
3087,PED-75776,Chat,Entrega,2025-06-28 07:59:27.972895,2025-07-01 10:59:27.972895,5,50.19
3088,PED-89443,Telefone,troca,2025-05-22 12:57:56.758851,2025-05-24 12:57:56.758851,1,15.93
3089,PED-67542,Chat,Pagamento,2025-09-03 19:59:40.966397,2025-09-06 20:59:40.966397,4,38.16
3090,PED-48353,Chat,Pagamento,2025-03-22 09:28:39.946269,2025-03-26 06:28:39.946269,4,57.55
3091,PED-38348,Telefone,Entrega,2025-06-27 20:26:18.628490,2025-06-28 13:26:18.628490,1,31.68
3092,PED-44887,chat,troca,2025-09-05 20:19:14.487583,2025-09-08 19:19:14.487583,2,46.92
3093,PED-33988,chat,Entrega,2025-11-26 00:37:09.036267,2025-11-28 05:37:09.036267,5,36.27
3094,PED-90025,Telefone,Troca,2025-05-29 04:09:16.500844,2025-05-29 16:09:16.500844,1,44.13
3095,PED-31645,Telefone,troca,2025-05-31 13:08:45.513951,2025-06-01 20:08:45.513951,1,16.79
3096,PED-77576,Telefone,troca,2025-09-02 00:42:37.316483,2025-09-02 04:42:37.316483,1,9.9
3097,PED-30756,Chat,Entrega,2025-09-02 19:43:39.934193,2025-09-03 00:43:39.934193,1,51.73
3098,PED-20969,chat,Entrega,2025-02-14 16:27:04.119029,2025-02-17 11:27:04.119029,5,36.44
3099,PED-76120,Telefone,troca,2025-05-21 13:24:21.420736,2025-05-24 15:24:21.420736,1,9.59
3100,PED-12937,Email,Troca,2025-10-01 06:07:30.034591,2025-10-03 12:07:30.034591,1,58.38
3101,PED-44083,Email,troca,2025-09-10 11:14:25.619662,2025-09-12 12:14:25.619662,2,46.68
3102,PED-56668,chat,Pagamento,2025-02-17 23:05:29.511902,2025-02-20 06:05:29.511902,5,25.56
3103,PED-80660,chat,Troca,2026-01-06 02:25:01.069730,2026-01-06 01:25:01.069730,1,19.27
3104,PED-64891,Telefone,Entrega,2025-04-01 17:42:51.649341,2025-04-01 20:42:51.649341,4,41.66
3105,PED-34761,Telefone,Troca,2025-07-04 06:44:16.512361,2025-07-05 03:44:16.512361,3,37.76
3106,PED-94928,Chat,troca,2025-03-04 07:28:09.032611,2025-03-04 16:28:09.032611,5,54.0
3107,PED-87388,Email,troca,2025-04-07 06:06:10.481581,2025-04-10 18:06:10.481581,5,41.87
3108,PED-76150,chat,Pagamento,2025-05-14 23:43:48.228258,2025-05-17 20:43:48.228258,4,36.82
3109,PED-72539,Chat,Entrega,2025-07-11 15:50:31.072918,2025-07-15 02:50:31.072918,1,37.39
3110,PED-25455,Email,Troca,2025-08-21 00:33:13.006031,2025-08-22 03:33:13.006031,5,28.29
3111,PED-65987,Chat,Pagamento,2025-04-20 08:35:24.061953,2025-04-22 03:35:24.061953,5,40.33
3112,PED-73898,Email,troca,2025-08-02 13:09:41.068635,2025-08-03 09:09:41.068635,3,44.76
3113,PED-24025,Telefone,Pagamento,2025-10-04 08:34:44.001132,2025-10-06 03:34:44.001132,2,21.11
3114,PED-89265,Telefone,Entrega,2025-12-20 14:30:30.548040,2025-12-20 17:30:30.548040,5,25.7
3115,PED-42591,Email,Pagamento,2025-04-26 03:33:48.051249,2025-04-28 22:33:48.051249,1,19.61
3116,PED-50946,chat,Troca,2025-12-03 13:22:54.025310,2025-12-06 04:22:54.025310,4,5.64
3117,PED-54304,Chat,Pagamento,2025-04-09 19:47:06.766893,2025-04-12 16:47:06.766893,2,13.79
3118,PED-86021,chat,Pagamento,2025-02-06 03:52:08.300793,2025-02-07 22:52:08.300793,3,34.84
3119,PED-10044,chat,Entrega,2025-10-12 19:22:28.244062,2025-10-13 09:22:28.244062,5,27.01
3120,PED-75773,chat,Troca,2025-05-01 09:55:41.522616,2025-05-05 00:55:41.522616,4,12.56
3121,PED-61798,Telefone,troca,2025-08-25 18:20:48.403566,2025-08-27 01:20:48.403566,5,29.48
3122,PED-18932,Telefone,Troca,2025-03-27 11:46:35.948814,2025-03-30 10:46:35.948814,5,50.82
3123,PED-49308,Chat,troca,2025-12-30 13:10:42.101181,2025-12-30 22:10:42.101181,1,37.26
3124,PED-42543,Email,troca,2025-04-08 14:26:41.877747,2025-04-12 12:26:41.877747,2,44.31
3125,PED-40493,chat,Pagamento,2026-01-21 05:40:55.909205,2026-01-21 16:40:55.909205,4,54.19
3126,PED-34455,chat,Troca,2025-12-02 10:33:31.604546,2025-12-04 03:33:31.604546,3,22.67
3127,PED-22372,Telefone,Entrega,2025-05-13 00:36:21.834731,2025-05-15 15:36:21.834731,1,55.05
3128,PED-46492,Email,Pagamento,2025-12-17 11:23:38.930019,2025-12-19 07:23:38.930019,2,19.42
3129,PED-22761,Telefone,Entrega,2025-04-11 15:37:41.653208,2025-04-14 19:37:41.653208,1,53.02
3130,PED-47899,Email,Troca,2025-02-07 08:06:55.758619,2025-02-10 23:06:55.758619,5,27.9
3131,PED-71609,Telefone,Troca,2025-09-24 07:12:41.817960,2025-09-24 13:12:41.817960,5,11.97
3132,PED-87928,Chat,Troca,2025-12-28 04:00:11.563161,2025-12-29 11:00:11.563161,4,30.39
3133,PED-29065,Chat,Entrega,2025-03-09 12:41:50.876986,2025-03-12 08:41:50.876986,1,29.36
3134,PED-77760,Chat,troca,2025-04-29 00:36:11.298484,2025-05-01 02:36:11.298484,3,39.24
3135,PED-92128,Telefone,Entrega,2025-03-13 19:07:21.930007,2025-03-15 19:07:21.930007,5,28.22
3136,PED-80569,chat,Pagamento,2025-10-24 09:46:25.435619,2025-10-27 19:46:25.435619,5,35.23
3137,PED-76417,Telefone,Entrega,2025-12-06 03:46:22.623695,2025-12-07 16:46:22.623695,1,23.0
3138,PED-44238,Email,Troca,2025-02-10 01:35:48.708411,2025-02-13 02:35:48.708411,1,11.83
3139,PED-88526,chat,Troca,2025-09-17 00:49:22.949270,2025-09-17 15:49:22.949270,4,59.71
3140,PED-60002,Chat,Entrega,2025-05-05 06:17:31.167428,2025-05-06 11:17:31.167428,1,8.87
3141,PED-65375,Chat,troca,2025-03-11 21:31:40.072258,2025-03-12 05:31:40.072258,5,34.58
3142,PED-82776,Telefone,troca,2025-04-05 18:52:01.697344,2025-04-09 18:52:01.697344,4,22.29
3143,PED-94884,chat,Troca,2025-03-12 09:44:40.247528,2025-03-14 11:44:40.247528,5,36.86
3144,PED-58809,Chat,Pagamento,2025-11-22 08:16:34.002840,2025-11-23 23:16:34.002840,4,5.42
3145,PED-87872,Email,troca,2025-06-17 12:11:47.890264,2025-06-17 13:11:47.890264,3,34.17
3146,PED-42796,chat,Troca,2025-07-18 00:46:20.928328,2025-07-21 00:46:20.928328,3,55.63
3147,PED-99444,Email,Pagamento,2025-03-08 14:34:39.742992,2025-03-10 12:34:39.742992,4,32.36
3148,PED-52844,Telefone,Entrega,2025-08-28 12:14:47.089720,2025-08-28 16:14:47.089720,2,5.79
3149,PED-51254,Telefone,Entrega,2025-06-03 11:45:02.129294,2025-06-05 00:45:02.129294,4,46.59
3150,PED-80453,Chat,Pagamento,2025-06-02 00:54:54.956366,2025-06-03 17:54:54.956366,3,47.24
3151,PED-35203,Chat,Pagamento,2025-03-15 03:43:47.905449,2025-03-16 05:43:47.905449,2,18.34
3152,PED-43828,Telefone,Pagamento,2025-10-04 06:15:41.755851,2025-10-06 03:15:41.755851,2,51.99
3153,PED-64884,Email,Entrega,2025-04-21 21:02:17.577987,2025-04-22 18:02:17.577987,1,10.96
3154,PED-53778,Email,troca,2025-10-31 18:33:09.154306,2025-11-04 00:33:09.154306,1,5.5
3155,PED-65770,chat,troca,2025-07-30 04:19:40.849901,2025-08-02 16:19:40.849901,1,14.62
3156,PED-33729,Telefone,Pagamento,2025-07-04 08:09:49.214638,2025-07-05 19:09:49.214638,4,43.17
3157,PED-50713,Telefone,troca,2025-12-21 04:56:31.323479,2025-12-23 14:56:31.323479,3,38.73
3158,PED-13637,Chat,Troca,2025-10-28 06:38:53.355287,2025-10-30 05:38:53.355287,2,20.45
3159,PED-22097,Email,Entrega,2026-01-03 12:36:04.817244,2026-01-03 22:36:04.817244,5,48.83
3160,PED-60888,Chat,Troca,2025-05-19 04:00:32.541099,2025-05-22 11:00:32.541099,5,5.83
3161,PED-87176,Telefone,Pagamento,2026-01-10 01:14:36.200342,2026-01-12 11:14:36.200342,4,59.54
3162,PED-35674,Chat,troca,2025-03-10 21:06:31.232389,2025-03-11 11:06:31.232389,5,37.75
3163,PED-68207,Chat,Entrega,2025-09-09 06:38:33.498255,2025-09-11 01:38:33.498255,4,12.42
3164,PED-63549,Email,troca,2025-07-23 13:27:57.982424,2025-07-27 06:27:57.982424,4,9.19
3165,PED-24536,chat,Troca,2025-09-20 12:10:54.324542,2025-09-24 07:10:54.324542,2,34.08
3166,PED-72747,Email,troca,2025-05-05 00:01:51.135290,2025-05-06 03:01:51.135290,4,24.01
3167,PED-60576,Chat,Pagamento,2025-07-22 20:28:44.265019,2025-07-25 21:28:44.265019,5,24.27
3168,PED-32125,Email,Entrega,2025-09-28 19:55:31.214736,2025-10-02 02:55:31.214736,5,14.62
3169,PED-26175,chat,Entrega,2026-02-03 14:03:55.382298,2026-02-04 04:03:55.382298,3,24.91
3170,PED-45173,Chat,Troca,2025-11-25 05:42:19.347218,2025-11-29 03:42:19.347218,4,19.0
3171,PED-58159,Email,Pagamento,2025-07-27 03:08:02.305924,2025-07-30 12:08:02.305924,3,45.69
3172,PED-20053,Chat,troca,2025-08-13 08:19:50.505235,2025-08-14 07:19:50.505235,2,13.48
3173,PED-68648,Email,Pagamento,2025-03-27 10:42:25.972697,2025-03-31 03:42:25.972697,5,45.34
3174,PED-69080,Telefone,Pagamento,2025-02-17 16:32:45.892992,2025-02-18 00:32:45.892992,2,18.36
3175,PED-94549,chat,Pagamento,2025-09-02 16:53:49.006286,2025-09-04 03:53:49.006286,2,6.69
3176,PED-80634,Telefone,troca,2025-08-31 06:35:02.077813,2025-09-03 03:35:02.077813,1,54.38
3177,PED-11653,Chat,Troca,2025-03-11 22:09:17.259042,2025-03-13 17:09:17.259042,5,48.12
3178,PED-15466,Email,Entrega,2025-10-13 00:11:29.982440,2025-10-14 05:11:29.982440,2,6.83
3179,PED-40086,Email,troca,2025-06-01 20:04:09.898621,2025-06-04 23:04:09.898621,3,39.33
3180,PED-53387,chat,Entrega,2025-05-19 22:07:56.159753,2025-05-21 01:07:56.159753,1,6.97
3181,PED-93148,Chat,Troca,2025-06-14 14:17:50.700201,2025-06-18 05:17:50.700201,4,29.23
3182,PED-47565,Chat,Pagamento,2025-04-10 19:51:29.025294,2025-04-13 09:51:29.025294,3,59.39
3183,PED-43305,Email,Entrega,2025-07-23 21:40:19.373026,2025-07-25 06:40:19.373026,3,19.4
3184,PED-79695,chat,Entrega,2025-12-16 15:08:38.988263,2025-12-16 19:08:38.988263,1,31.13
3185,PED-38500,Telefone,Troca,2025-04-04 06:56:06.514554,2025-04-07 11:56:06.514554,1,40.3
3186,PED-97755,Email,troca,2025-09-25 19:12:56.120043,2025-09-29 04:12:56.120043,5,11.78
3187,PED-69833,Email,Pagamento,2025-12-31 03:58:44.751822,2026-01-02 21:58:44.751822,5,36.23
3188,PED-86850,chat,Troca,2025-05-13 00:45:48.411665,2025-05-15 04:45:48.411665,3,59.63
3189,PED-73077,chat,Pagamento,2025-05-31 22:46:57.131596,2025-06-02 12:46:57.131596,1,20.08
3190,PED-99263,chat,Entrega,2025-09-30 08:24:11.023473,2025-10-02 15:24:11.023473,4,17.79
3191,PED-88409,Telefone,Entrega,2025-12-24 23:33:24.872545,2025-12-25 08:33:24.872545,2,19.73
3192,PED-82973,chat,Pagamento,2026-01-10 08:32:47.307220,2026-01-11 08:32:47.307220,2,33.68
3193,PED-84450,Chat,troca,2025-05-26 11:20:52.576980,2025-05-27 15:20:52.576980,1,59.19
3194,PED-82051,Telefone,Troca,2025-05-22 22:59:01.875644,2025-05-26 08:59:01.875644,4,55.6
3195,PED-84262,chat,troca,2025-12-01 13:25:47.631008,2025-12-02 07:25:47.631008,5,52.68
3196,PED-85769,chat,troca,2025-04-17 19:47:55.575753,2025-04-17 23:47:55.575753,2,11.66
3197,PED-11953,chat,troca,2025-06-07 07:52:34.972109,2025-06-07 19:52:34.972109,2,53.89
3198,PED-18261,Telefone,Pagamento,2025-06-23 19:46:39.823863,2025-06-23 19:46:39.823863,4,25.87
3199,PED-13906,Telefone,Pagamento,2025-03-22 13:39:11.263225,2025-03-22 16:39:11.263225,1,5.62
3200,PED-48728,chat,Entrega,2025-11-09 12:35:49.668149,2025-11-09 20:35:49.668149,4,48.83
3201,PED-18088,chat,Entrega,2025-02-23 12:29:29.457129,2025-02-24 22:29:29.457129,3,40.74
3202,PED-21147,Chat,Pagamento,2025-07-27 21:06:39.288941,2025-07-31 05:06:39.288941,3,28.16
3203,PED-82133,chat,troca,2025-05-18 06:25:41.409475,2025-05-22 04:25:41.409475,3,22.01
3204,PED-51470,Chat,Troca,2025-04-26 06:17:16.837316,2025-04-29 07:17:16.837316,1,15.92
3205,PED-12215,Telefone,Pagamento,2025-03-09 02:18:05.169207,2025-03-13 02:18:05.169207,2,5.19
3206,PED-53178,Telefone,Pagamento,2025-07-03 10:16:11.515504,2025-07-04 19:16:11.515504,1,23.23
3207,PED-16039,Telefone,Pagamento,2025-06-24 05:34:53.024548,2025-06-27 19:34:53.024548,4,28.21
3208,PED-19676,Chat,Pagamento,2025-10-26 12:48:09.201133,2025-10-26 21:48:09.201133,3,21.45
3209,PED-21835,chat,Entrega,2025-06-09 00:03:52.582969,2025-06-09 09:03:52.582969,1,49.43
3210,PED-52458,Chat,Pagamento,2026-02-02 09:09:00.568858,2026-02-05 04:09:00.568858,5,49.99
3211,PED-45240,Telefone,Troca,2025-12-12 07:29:14.364485,2025-12-15 08:29:14.364485,5,38.83
3212,PED-83622,chat,Pagamento,2025-11-26 23:06:31.996645,2025-11-28 20:06:31.996645,4,35.15
3213,PED-82608,chat,Pagamento,2026-01-04 00:36:28.011263,2026-01-05 11:36:28.011263,5,44.91
3214,PED-91504,Telefone,troca,2025-08-28 06:37:14.507353,2025-08-31 04:37:14.507353,4,38.38
3215,PED-79200,chat,Pagamento,2026-01-21 19:51:56.757516,2026-01-21 18:51:56.757516,5,35.55
3216,PED-84154,Chat,Pagamento,2025-03-20 04:23:28.015828,2025-03-23 11:23:28.015828,5,59.73
3217,PED-93996,Telefone,Troca,2025-07-24 05:55:55.054469,2025-07-27 15:55:55.054469,3,6.68
3218,PED-66197,chat,Entrega,2025-09-29 09:00:55.063030,2025-10-02 10:00:55.063030,4,51.41
3219,PED-69568,Telefone,Troca,2025-06-19 07:40:35.663053,2025-06-22 05:40:35.663053,5,18.02
3220,PED-21400,chat,Pagamento,2025-02-17 13:27:22.028050,2025-02-17 13:27:22.028050,3,30.0
3221,PED-78416,chat,Pagamento,2025-06-28 15:07:25.806013,2025-07-01 21:07:25.806013,1,21.65
3222,PED-82521,Chat,Entrega,2025-09-08 01:43:36.268992,2025-09-08 09:43:36.268992,2,56.74
3223,PED-57344,Email,Entrega,2026-01-09 17:37:47.643144,2026-01-12 02:37:47.643144,1,30.33
3224,PED-48114,Chat,troca,2025-06-10 19:22:50.863491,2025-06-13 03:22:50.863491,4,21.32
3225,PED-34232,Chat,Troca,2025-08-05 02:34:16.076056,2025-08-08 05:34:16.076056,5,42.01
3226,PED-82276,chat,Entrega,2025-04-07 21:55:40.297081,2025-04-11 05:55:40.297081,1,38.47
3227,PED-62797,chat,Pagamento,2025-09-30 09:42:43.183773,2025-10-03 10:42:43.183773,3,14.74
3228,PED-89057,Telefone,Entrega,2025-04-14 06:41:27.210473,2025-04-14 22:41:27.210473,5,37.32
3229,PED-16998,Email,Entrega,2025-11-19 12:07:26.597075,2025-11-21 19:07:26.597075,3,55.39
3230,PED-82555,Email,Entrega,2025-10-30 09:10:41.186819,2025-10-30 20:10:41.186819,3,31.74
3231,PED-51806,Telefone,troca,2025-11-13 02:48:13.439504,2025-11-13 05:48:13.439504,1,51.47
3232,PED-26558,Email,Pagamento,2026-01-31 06:21:55.205653,2026-01-31 22:21:55.205653,1,44.07
3233,PED-16524,Chat,Pagamento,2025-09-07 05:24:35.193939,2025-09-07 05:24:35.193939,2,55.89
3234,PED-63740,Email,Troca,2026-01-24 08:17:55.156693,2026-01-26 01:17:55.156693,4,14.44
3235,PED-46496,Telefone,troca,2026-01-04 00:00:19.594104,2026-01-04 15:00:19.594104,5,13.96
3236,PED-90088,Email,Entrega,2025-07-09 03:15:20.159197,2025-07-12 00:15:20.159197,1,8.21
3237,PED-78179,chat,troca,2025-06-24 08:25:17.145561,2025-06-26 20:25:17.145561,3,44.44
3238,PED-21808,chat,Pagamento,2025-07-11 02:19:48.517152,2025-07-12 06:19:48.517152,1,26.42
3239,PED-58908,Chat,Pagamento,2025-10-30 20:53:47.262015,2025-11-02 15:53:47.262015,1,8.24
3240,PED-83722,Chat,Troca,2025-10-22 12:51:17.790052,2025-10-24 06:51:17.790052,1,36.59
3241,PED-90008,chat,Pagamento,2025-09-24 12:53:13.161445,2025-09-24 10:53:13.161445,1,58.96
3242,PED-21294,Email,troca,2025-09-04 21:22:29.337723,2025-09-08 07:22:29.337723,4,9.45
3243,PED-57543,chat,Pagamento,2025-06-25 12:51:29.499212,2025-06-25 15:51:29.499212,1,50.14
3244,PED-36163,Chat,Troca,2025-11-07 10:45:44.009738,2025-11-08 01:45:44.009738,4,8.9
3245,PED-87810,Email,Troca,2026-01-15 14:22:56.850806,2026-01-17 19:22:56.850806,1,57.63
3246,PED-95674,Chat,Entrega,2025-09-24 20:47:24.993154,2025-09-26 02:47:24.993154,5,44.13
3247,PED-48408,chat,troca,2025-12-28 14:36:04.512723,2026-01-01 05:36:04.512723,5,33.7
3248,PED-87738,chat,Pagamento,2025-08-26 15:32:52.958725,2025-08-28 17:32:52.958725,3,12.23
3249,PED-46572,Telefone,Troca,2025-04-01 09:36:54.067752,2025-04-02 15:36:54.067752,4,51.0
3250,PED-91842,chat,Pagamento,2025-06-16 14:15:53.600955,2025-06-16 23:15:53.600955,2,49.26
3251,PED-20832,chat,Troca,2025-06-03 18:51:28.150489,2025-06-06 12:51:28.150489,1,19.18
3252,PED-30149,Email,Pagamento,2026-01-08 03:33:10.353746,2026-01-08 06:33:10.353746,2,42.65
3253,PED-71377,Email,troca,2026-01-08 10:04:40.327191,2026-01-08 16:04:40.327191,3,29.08
3254,PED-41713,Email,troca,2025-07-08 07:25:11.024653,2025-07-11 00:25:11.024653,4,34.15
3255,PED-45783,Telefone,Troca,2025-11-27 20:28:10.938157,2025-11-29 21:28:10.938157,4,29.63
3256,PED-81821,chat,Entrega,2025-03-10 13:28:35.832191,2025-03-13 14:28:35.832191,3,56.2
3257,PED-35589,Email,troca,2025-11-02 05:45:52.566380,2025-11-04 19:45:52.566380,3,49.01
3258,PED-92656,Email,Pagamento,2025-12-18 07:42:02.976424,2025-12-20 05:42:02.976424,2,34.71
3259,PED-53777,Chat,Pagamento,2025-10-05 07:09:05.065930,2025-10-06 23:09:05.065930,4,55.99
3260,PED-16569,Telefone,Entrega,2025-06-10 11:30:58.549924,2025-06-14 03:30:58.549924,4,39.09
3261,PED-20493,Email,Pagamento,2025-06-15 23:00:23.967289,2025-06-17 18:00:23.967289,2,16.33
3262,PED-11275,Chat,Entrega,2025-10-21 12:02:46.135760,2025-10-22 09:02:46.135760,3,10.89
3263,PED-92436,Email,Troca,2025-05-15 16:05:17.964242,2025-05-18 05:05:17.964242,5,10.59
3264,PED-23071,Chat,Troca,2025-11-19 06:27:55.919378,2025-11-20 09:27:55.919378,4,47.84
3265,PED-22419,Chat,troca,2025-03-11 21:27:54.173194,2025-03-13 20:27:54.173194,3,49.3
3266,PED-68351,Telefone,Troca,2025-08-29 18:57:24.015575,2025-09-02 10:57:24.015575,2,14.25
3267,PED-63231,Email,troca,2025-06-20 22:30:11.362179,2025-06-20 23:30:11.362179,3,49.97
3268,PED-20899,chat,Troca,2025-09-15 19:58:20.562659,2025-09-17 03:58:20.562659,1,41.68
3269,PED-67375,Email,Entrega,2026-01-15 13:58:33.077414,2026-01-16 10:58:33.077414,1,5.58
3270,PED-16655,Chat,Entrega,2025-11-05 19:16:49.652281,2025-11-07 22:16:49.652281,1,23.55
3271,PED-33998,Email,Entrega,2025-08-05 07:10:47.445656,2025-08-09 01:10:47.445656,4,39.85
3272,PED-54536,Chat,Pagamento,2025-08-04 13:24:30.132779,2025-08-07 18:24:30.132779,3,7.41
3273,PED-23093,Telefone,troca,2026-01-14 03:53:30.904007,2026-01-16 16:53:30.904007,2,30.5
3274,PED-16490,Email,Entrega,2025-12-29 04:17:39.592984,2026-01-01 00:17:39.592984,1,55.24
3275,PED-18619,Chat,Troca,2025-09-26 00:01:40.254767,2025-09-29 11:01:40.254767,4,20.83
3276,PED-91532,chat,Entrega,2025-05-16 13:09:36.894522,2025-05-20 01:09:36.894522,1,16.18
3277,PED-25534,Chat,Entrega,2025-06-17 12:03:43.965223,2025-06-20 12:03:43.965223,3,11.93
3278,PED-38116,Telefone,Troca,2025-08-14 10:26:55.702017,2025-08-14 12:26:55.702017,5,38.64
3279,PED-47252,Chat,Troca,2025-05-22 07:39:56.125833,2025-05-26 06:39:56.125833,5,21.49
3280,PED-22293,chat,Entrega,2025-07-05 07:21:28.547148,2025-07-08 11:21:28.547148,5,38.91
3281,PED-81492,Email,Entrega,2026-01-07 18:26:39.533932,2026-01-08 14:26:39.533932,2,55.01
3282,PED-84328,Email,troca,2025-04-13 17:03:38.704576,2025-04-17 06:03:38.704576,1,24.87
3283,PED-14359,Chat,Pagamento,2025-06-22 20:25:58.708163,2025-06-23 03:25:58.708163,4,36.32
3284,PED-11710,Chat,Pagamento,2025-03-14 20:35:41.610791,2025-03-17 19:35:41.610791,5,28.57
3285,PED-17705,Chat,Pagamento,2025-07-22 12:58:06.969259,2025-07-25 08:58:06.969259,4,31.26
3286,PED-41671,Telefone,Entrega,2025-09-18 03:07:35.001439,2025-09-18 06:07:35.001439,2,44.42
3287,PED-96797,chat,Entrega,2025-12-25 02:45:54.252945,2025-12-26 03:45:54.252945,3,36.96
3288,PED-39494,Chat,Troca,2025-11-04 12:48:16.954587,2025-11-06 09:48:16.954587,4,31.99
3289,PED-30601,Email,Entrega,2025-04-10 18:26:23.655982,2025-04-12 16:26:23.655982,1,16.99
3290,PED-55605,Chat,Troca,2025-09-16 07:21:32.775384,2025-09-19 14:21:32.775384,4,16.69
3291,PED-51039,Email,troca,2025-02-04 01:09:22.432709,2025-02-05 23:09:22.432709,4,15.1
3292,PED-70211,Email,troca,2025-05-10 07:44:12.987376,2025-05-10 18:44:12.987376,5,8.36
3293,PED-96703,chat,troca,2025-08-15 01:57:38.050160,2025-08-15 22:57:38.050160,2,21.92
3294,PED-19141,Chat,Troca,2025-03-15 12:44:47.394037,2025-03-15 22:44:47.394037,5,7.19
3295,PED-98705,Chat,Entrega,2025-09-05 18:17:08.277357,2025-09-07 21:17:08.277357,2,5.31
3296,PED-80911,Telefone,Entrega,2025-02-28 08:29:55.512934,2025-03-04 07:29:55.512934,2,5.77
3297,PED-21584,Telefone,Pagamento,2025-03-01 03:36:37.944305,2025-03-01 15:36:37.944305,4,17.1
3298,PED-90775,Chat,Entrega,2025-11-22 09:26:07.219306,2025-11-23 00:26:07.219306,3,57.67
3299,PED-53788,Telefone,Entrega,2025-12-21 18:10:35.687058,2025-12-24 02:10:35.687058,5,52.34
3300,PED-32412,Telefone,Entrega,2025-05-18 08:53:22.758790,2025-05-18 17:53:22.758790,2,26.74
3301,PED-41492,Telefone,troca,2025-11-03 19:16:17.204978,2025-11-04 22:16:17.204978,1,53.66
3302,PED-69975,Email,Entrega,2025-09-26 18:21:33.826436,2025-09-27 10:21:33.826436,5,15.26
3303,PED-70547,Telefone,Troca,2025-08-09 13:49:46.949157,2025-08-10 19:49:46.949157,5,11.93
3304,PED-25012,Chat,Entrega,2025-05-10 18:28:23.798966,2025-05-13 00:28:23.798966,2,17.41
3305,PED-82185,Chat,troca,2025-04-26 21:29:38.849112,2025-04-30 19:29:38.849112,2,28.73
3306,PED-22972,chat,Troca,2025-11-22 22:12:01.741383,2025-11-23 17:12:01.741383,3,54.88
3307,PED-26317,Telefone,Troca,2025-11-21 17:32:44.822549,2025-11-24 10:32:44.822549,3,36.1
3308,PED-23948,Chat,Pagamento,2025-05-26 15:06:24.487151,2025-05-28 20:06:24.487151,2,34.45
3309,PED-82120,Chat,Entrega,2025-02-13 17:06:55.334665,2025-02-15 09:06:55.334665,5,46.23
3310,PED-71662,chat,Troca,2025-05-14 22:37:39.190484,2025-05-18 12:37:39.190484,4,35.58
3311,PED-16598,Email,troca,2025-05-28 03:12:34.936960,2025-05-28 06:12:34.936960,4,34.42
3312,PED-89150,chat,Troca,2025-03-22 23:52:01.288063,2025-03-26 14:52:01.288063,5,58.85
3313,PED-30260,Telefone,troca,2025-10-15 21:26:02.117595,2025-10-19 00:26:02.117595,5,20.19
3314,PED-17001,Chat,troca,2025-07-04 19:57:08.260165,2025-07-06 08:57:08.260165,2,44.73
3315,PED-31300,Chat,Troca,2025-03-26 05:22:21.349913,2025-03-28 16:22:21.349913,2,35.32
3316,PED-48606,chat,troca,2025-08-18 12:35:31.303218,2025-08-21 16:35:31.303218,2,41.44
3317,PED-17754,Email,Troca,2025-05-16 06:34:31.079300,2025-05-16 23:34:31.079300,3,20.33
3318,PED-95830,chat,troca,2025-06-18 06:28:37.241787,2025-06-19 15:28:37.241787,5,46.13
3319,PED-65241,Email,troca,2025-04-14 13:25:05.461597,2025-04-14 19:25:05.461597,1,42.02
3320,PED-92221,Chat,troca,2025-05-24 11:09:55.162335,2025-05-28 07:09:55.162335,1,39.87
3321,PED-46306,chat,troca,2025-12-02 19:39:49.962388,2025-12-02 23:39:49.962388,2,12.18
3322,PED-75277,Email,troca,2025-10-02 23:55:18.070146,2025-10-05 05:55:18.070146,1,18.4
3323,PED-35423,Chat,troca,2025-12-30 03:42:18.996778,2026-01-02 20:42:18.996778,5,10.14
3324,PED-16164,Telefone,Entrega,2025-02-11 02:41:26.744074,2025-02-12 18:41:26.744074,4,15.84
3325,PED-17528,Email,troca,2025-04-03 16:38:01.766193,2025-04-07 05:38:01.766193,4,30.13
3326,PED-62151,Chat,troca,2025-09-05 23:01:34.689397,2025-09-07 18:01:34.689397,2,47.23
3327,PED-13003,chat,Troca,2025-02-11 01:56:16.254780,2025-02-14 14:56:16.254780,4,42.54
3328,PED-19702,Telefone,Entrega,2025-10-06 05:03:36.037495,2025-10-09 18:03:36.037495,4,52.59
3329,PED-30856,chat,Troca,2025-05-09 00:27:02.522693,2025-05-09 03:27:02.522693,1,19.5
3330,PED-80937,Email,Troca,2025-11-14 01:28:32.150221,2025-11-17 21:28:32.150221,5,26.29
3331,PED-29770,Chat,troca,2025-12-14 20:39:18.003373,2025-12-15 14:39:18.003373,1,28.09
3332,PED-75678,Chat,Entrega,2025-08-04 05:50:41.341636,2025-08-04 04:50:41.341636,4,35.64
3333,PED-64746,Telefone,Pagamento,2026-01-10 23:15:23.765692,2026-01-12 20:15:23.765692,1,26.07
3334,PED-61642,chat,Troca,2025-07-24 09:43:45.743895,2025-07-28 00:43:45.743895,5,33.17
3335,PED-57454,Email,Troca,2025-04-28 19:37:50.116409,2025-04-30 19:37:50.116409,3,36.97
3336,PED-43388,Email,Troca,2026-01-03 17:23:24.679995,2026-01-07 16:23:24.679995,4,58.09
3337,PED-35735,Email,troca,2025-12-25 00:48:41.842704,2025-12-27 00:48:41.842704,2,36.22
3338,PED-11118,Email,Pagamento,2026-01-19 10:12:01.377346,2026-01-21 04:12:01.377346,2,29.95
3339,PED-32143,Telefone,troca,2025-03-13 15:13:18.688660,2025-03-14 05:13:18.688660,4,53.51
3340,PED-21594,Email,troca,2025-11-11 04:04:45.750520,2025-11-11 17:04:45.750520,3,16.9
3341,PED-97223,chat,Entrega,2025-07-17 18:46:47.676868,2025-07-19 20:46:47.676868,5,43.25
3342,PED-98277,chat,Troca,2025-03-08 12:03:39.140704,2025-03-09 20:03:39.140704,5,51.76
3343,PED-15149,Telefone,Troca,2025-05-23 06:16:14.900640,2025-05-26 13:16:14.900640,5,56.17
3344,PED-93816,chat,Entrega,2026-02-02 04:30:49.654675,2026-02-02 20:30:49.654675,1,41.19
3345,PED-99482,Telefone,Entrega,2026-01-18 23:27:25.607929,2026-01-21 22:27:25.607929,2,16.06
3346,PED-41381,chat,Entrega,2026-01-06 11:06:51.312854,2026-01-08 04:06:51.312854,4,58.58
3347,PED-57924,Chat,Entrega,2026-01-05 22:45:46.264660,2026-01-06 19:45:46.264660,5,17.97
3348,PED-44175,chat,Troca,2025-05-28 07:01:52.279579,2025-05-29 12:01:52.279579,2,9.27
3349,PED-57951,Telefone,Pagamento,2025-02-15 13:38:48.317116,2025-02-19 05:38:48.317116,1,25.56
3350,PED-45006,Email,Pagamento,2025-04-12 07:18:13.155389,2025-04-16 01:18:13.155389,4,55.39
3351,PED-98491,Email,Pagamento,2025-08-30 04:28:17.699695,2025-09-02 02:28:17.699695,3,48.78
3352,PED-86916,Email,Entrega,2025-10-23 11:39:20.756335,2025-10-25 12:39:20.756335,2,24.83
3353,PED-67224,Email,Pagamento,2025-07-15 10:38:26.798297,2025-07-16 14:38:26.798297,3,26.62
3354,PED-87941,Telefone,Troca,2025-09-07 14:36:49.416060,2025-09-11 09:36:49.416060,4,16.47
3355,PED-26577,Chat,troca,2025-09-08 21:42:28.534649,2025-09-10 06:42:28.534649,3,20.71
3356,PED-80187,Chat,Entrega,2025-06-24 17:49:33.446074,2025-06-24 17:49:33.446074,5,55.44
3357,PED-76590,Chat,Entrega,2025-11-09 01:40:22.761276,2025-11-10 14:40:22.761276,2,46.82
3358,PED-28690,Email,Entrega,2025-04-22 23:35:16.655397,2025-04-26 01:35:16.655397,5,25.97
3359,PED-68547,chat,Troca,2025-11-09 06:14:59.564510,2025-11-10 18:14:59.564510,2,5.75
3360,PED-27918,chat,Entrega,2025-08-03 17:56:26.025584,2025-08-05 02:56:26.025584,5,59.3
3361,PED-33801,Telefone,Troca,2025-04-09 18:14:46.313687,2025-04-11 02:14:46.313687,3,7.9
3362,PED-44704,chat,troca,2025-12-29 14:58:17.519788,2026-01-02 01:58:17.519788,2,56.75
3363,PED-49452,Email,Entrega,2025-03-23 14:58:25.843467,2025-03-24 02:58:25.843467,2,44.51
3364,PED-69350,Telefone,troca,2025-09-20 19:31:04.911030,2025-09-21 00:31:04.911030,4,17.43
3365,PED-12368,Chat,Troca,2025-07-21 03:29:59.476926,2025-07-24 16:29:59.476926,4,56.71
3366,PED-31890,chat,Troca,2025-10-15 12:57:28.056748,2025-10-17 07:57:28.056748,1,25.26
3367,PED-68541,Chat,Entrega,2025-11-19 18:11:22.923365,2025-11-22 14:11:22.923365,3,13.6
3368,PED-96237,Email,troca,2025-07-09 12:34:29.589769,2025-07-11 08:34:29.589769,4,53.9
3369,PED-70378,Email,Entrega,2025-02-08 15:08:21.298030,2025-02-11 05:08:21.298030,4,7.67
3370,PED-35427,chat,Troca,2025-05-03 21:03:09.464752,2025-05-06 10:03:09.464752,5,27.6
3371,PED-29344,chat,Pagamento,2025-03-07 12:11:47.428266,2025-03-09 05:11:47.428266,4,29.91
3372,PED-66357,Telefone,Entrega,2025-12-09 14:35:06.321653,2025-12-12 13:35:06.321653,4,15.36
3373,PED-10446,Chat,Entrega,2025-05-21 20:08:06.968753,2025-05-24 05:08:06.968753,1,40.51
3374,PED-92483,Email,troca,2025-09-06 18:17:49.451779,2025-09-06 21:17:49.451779,4,56.28
3375,PED-13222,Email,Entrega,2025-12-19 08:41:00.680491,2025-12-19 14:41:00.680491,5,41.21
3376,PED-14766,Chat,troca,2025-09-28 17:15:57.969829,2025-09-28 20:15:57.969829,4,52.1
3377,PED-26780,Chat,Entrega,2025-03-01 01:05:23.463522,2025-03-01 21:05:23.463522,2,22.59
3378,PED-35541,Chat,Pagamento,2026-01-03 08:27:45.726577,2026-01-06 18:27:45.726577,1,38.23
3379,PED-85191,Chat,troca,2025-11-19 01:23:02.771044,2025-11-20 04:23:02.771044,4,34.1
3380,PED-21382,Telefone,troca,2025-11-15 12:38:03.476222,2025-11-18 18:38:03.476222,1,15.92
3381,PED-59556,Email,Entrega,2025-06-09 05:59:37.152324,2025-06-10 04:59:37.152324,2,33.5
3382,PED-33070,Chat,troca,2025-06-04 18:42:05.336237,2025-06-06 18:42:05.336237,5,44.94
3383,PED-42260,Email,troca,2025-11-28 22:59:47.520594,2025-12-01 10:59:47.520594,3,58.15
3384,PED-96412,chat,troca,2025-07-29 05:26:44.863370,2025-07-31 00:26:44.863370,2,14.29
3385,PED-68024,chat,troca,2026-01-14 04:45:07.763775,2026-01-17 11:45:07.763775,5,38.19
3386,PED-10186,Email,Entrega,2025-03-24 11:15:11.913276,2025-03-25 07:15:11.913276,4,43.02
3387,PED-56404,chat,troca,2025-11-21 07:21:12.870411,2025-11-22 09:21:12.870411,2,28.28
3388,PED-76489,Email,Troca,2025-12-26 06:35:31.323875,2025-12-26 15:35:31.323875,4,26.84
3389,PED-82250,Telefone,Troca,2025-06-28 17:15:04.136939,2025-06-28 21:15:04.136939,5,15.31
3390,PED-75252,Chat,troca,2025-02-17 12:33:35.479171,2025-02-20 15:33:35.479171,2,25.96
3391,PED-11855,Telefone,Troca,2025-12-08 00:17:31.548751,2025-12-08 10:17:31.548751,2,26.8
3392,PED-94516,chat,troca,2025-09-17 01:09:27.492099,2025-09-18 20:09:27.492099,1,58.0
3393,PED-97322,Telefone,Entrega,2025-04-23 21:57:07.187772,2025-04-26 10:57:07.187772,5,52.27
3394,PED-72714,chat,Entrega,2025-04-06 13:39:49.526291,2025-04-08 14:39:49.526291,4,46.46
3395,PED-29024,chat,troca,2025-04-17 16:27:58.452532,2025-04-18 06:27:58.452532,2,12.79
3396,PED-76631,Chat,Troca,2025-05-10 16:37:31.190585,2025-05-11 10:37:31.190585,5,21.06
3397,PED-55364,chat,troca,2026-02-01 16:29:04.362765,2026-02-02 09:29:04.362765,2,45.38
3398,PED-63087,Chat,Pagamento,2025-10-10 13:11:32.770727,2025-10-12 08:11:32.770727,2,50.16
3399,PED-54241,chat,Entrega,2025-07-17 09:28:19.159693,2025-07-20 14:28:19.159693,1,54.51
3400,PED-93287,Telefone,troca,2025-04-24 06:40:01.613985,2025-04-25 11:40:01.613985,1,52.03
3401,PED-79674,Chat,Entrega,2025-07-09 12:12:53.371472,2025-07-10 00:12:53.371472,4,42.6
3402,PED-46146,Chat,troca,2026-01-12 06:12:02.927778,2026-01-14 18:12:02.927778,1,31.71
3403,PED-40030,Email,Troca,2025-04-19 06:15:41.463888,2025-04-20 20:15:41.463888,5,22.82
3404,PED-96506,Chat,troca,2025-05-04 18:04:37.888285,2025-05-04 17:04:37.888285,4,14.6
3405,PED-17514,Email,Pagamento,2025-07-14 00:32:02.495257,2025-07-17 10:32:02.495257,2,36.4
3406,PED-72066,Email,Pagamento,2025-12-01 01:23:31.957583,2025-12-04 19:23:31.957583,1,22.26
3407,PED-72409,Chat,Entrega,2025-10-26 00:51:58.620104,2025-10-27 09:51:58.620104,3,18.83
3408,PED-32843,Chat,Entrega,2025-12-21 20:36:35.950022,2025-12-22 03:36:35.950022,1,28.55
3409,PED-45083,Chat,Troca,2025-08-01 15:10:58.806669,2025-08-05 09:10:58.806669,5,47.15
3410,PED-54855,Email,Pagamento,2025-08-16 18:39:21.964854,2025-08-20 06:39:21.964854,3,5.93
3411,PED-21970,Telefone,troca,2025-06-16 13:29:42.630073,2025-06-20 00:29:42.630073,5,22.66
3412,PED-75097,Email,troca,2025-02-09 04:34:59.627118,2025-02-12 00:34:59.627118,1,31.24
3413,PED-27968,Chat,Entrega,2026-01-25 21:10:07.131073,2026-01-25 19:10:07.131073,2,28.9
3414,PED-97380,Chat,Troca,2025-07-17 22:28:23.123356,2025-07-18 16:28:23.123356,5,52.68
3415,PED-22595,chat,Troca,2025-02-19 08:37:08.031233,2025-02-21 21:37:08.031233,2,21.91
3416,PED-84917,chat,Pagamento,2026-01-14 09:45:48.215113,2026-01-15 08:45:48.215113,5,27.19
3417,PED-84256,Telefone,Pagamento,2025-06-14 19:01:39.046751,2025-06-17 13:01:39.046751,1,36.15
3418,PED-72202,chat,Troca,2025-06-04 17:58:40.305888,2025-06-07 09:58:40.305888,2,28.45
3419,PED-40320,Chat,troca,2025-07-19 01:46:02.878447,2025-07-21 12:46:02.878447,2,29.08
3420,PED-98467,Chat,Pagamento,2025-11-30 15:36:00.075859,2025-12-02 14:36:00.075859,3,43.25
3421,PED-80092,Telefone,Pagamento,2025-08-01 14:44:05.168975,2025-08-04 07:44:05.168975,3,18.05
3422,PED-37263,Email,troca,2025-06-09 11:40:29.034908,2025-06-12 18:40:29.034908,1,38.14
3423,PED-60099,Email,Entrega,2025-09-19 03:22:26.761351,2025-09-22 09:22:26.761351,2,6.7
3424,PED-98095,Email,troca,2025-11-25 16:50:45.417725,2025-11-28 07:50:45.417725,2,11.86
3425,PED-30780,Chat,Troca,2025-09-29 01:13:56.090353,2025-09-29 04:13:56.090353,3,51.32
3426,PED-73738,Telefone,Entrega,2025-05-19 16:35:35.750052,2025-05-21 10:35:35.750052,3,35.97
3427,PED-47236,Telefone,Troca,2025-06-27 20:54:38.152461,2025-06-30 04:54:38.152461,1,5.07
3428,PED-83565,Telefone,Pagamento,2025-05-24 12:55:04.567811,2025-05-26 15:55:04.567811,3,22.01
3429,PED-67050,Telefone,Pagamento,2025-12-06 05:26:56.223823,2025-12-09 16:26:56.223823,3,36.48
3430,PED-69000,Email,Troca,2025-02-12 01:12:23.919304,2025-02-15 02:12:23.919304,4,49.89
3431,PED-55555,Telefone,Troca,2025-09-02 23:42:45.606320,2025-09-04 22:42:45.606320,3,52.18
3432,PED-13021,Telefone,troca,2025-02-15 17:21:25.977344,2025-02-15 19:21:25.977344,3,22.31
3433,PED-71637,chat,Troca,2025-09-05 13:04:26.304235,2025-09-06 15:04:26.304235,5,45.65
3434,PED-84061,Telefone,troca,2026-02-01 06:52:26.725523,2026-02-02 14:52:26.725523,4,29.28
3435,PED-93229,Email,troca,2025-10-21 00:55:20.325444,2025-10-21 12:55:20.325444,5,43.28
3436,PED-52086,chat,Troca,2026-01-03 12:53:05.462374,2026-01-04 14:53:05.462374,3,37.65
3437,PED-11042,chat,Entrega,2026-01-31 17:12:14.608659,2026-02-04 11:12:14.608659,3,11.06
3438,PED-31115,Telefone,Pagamento,2025-08-25 06:51:28.577671,2025-08-27 23:51:28.577671,2,28.46
3439,PED-20271,Email,Entrega,2025-09-12 15:48:04.639961,2025-09-13 19:48:04.639961,5,39.14
3440,PED-84700,Email,Pagamento,2025-03-28 12:13:39.028219,2025-03-31 09:13:39.028219,3,55.74
3441,PED-96174,Telefone,troca,2025-12-17 17:29:57.979985,2025-12-19 19:29:57.979985,3,58.48
3442,PED-44304,Email,troca,2025-08-27 21:43:39.232424,2025-08-31 19:43:39.232424,3,44.0
3443,PED-50023,Chat,Pagamento,2025-11-04 12:03:13.977723,2025-11-04 19:03:13.977723,5,56.04
3444,PED-42058,chat,Entrega,2025-06-12 07:00:23.597341,2025-06-15 08:00:23.597341,3,36.81
3445,PED-39676,Email,Pagamento,2025-10-19 15:00:00.851182,2025-10-21 01:00:00.851182,3,5.94
3446,PED-98607,chat,troca,2025-05-30 12:34:28.740631,2025-06-03 11:34:28.740631,2,7.63
3447,PED-75602,Telefone,troca,2025-05-05 14:27:54.626560,2025-05-07 06:27:54.626560,5,44.76
3448,PED-38642,Email,Troca,2025-07-07 02:26:49.098282,2025-07-10 20:26:49.098282,2,13.67
3449,PED-84843,Telefone,troca,2025-06-10 16:05:05.156989,2025-06-10 15:05:05.156989,1,43.02
3450,PED-72749,Chat,Pagamento,2025-10-13 05:20:59.804915,2025-10-13 17:20:59.804915,3,21.57
3451,PED-55579,chat,Entrega,2025-03-25 23:11:51.893317,2025-03-28 15:11:51.893317,4,25.38
3452,PED-86756,chat,troca,2025-09-28 16:18:13.626312,2025-10-01 02:18:13.626312,1,18.44
3453,PED-49553,Email,Pagamento,2025-11-10 05:18:54.072972,2025-11-10 08:18:54.072972,3,25.98
3454,PED-29448,chat,Troca,2025-08-26 07:15:16.231754,2025-08-26 13:15:16.231754,1,12.78
3455,PED-56631,Chat,troca,2025-03-15 17:53:52.926936,2025-03-19 13:53:52.926936,1,16.22
3456,PED-53688,Telefone,Entrega,2026-01-30 19:36:03.637295,2026-02-02 04:36:03.637295,5,43.88
3457,PED-34944,Email,Entrega,2025-06-11 16:02:23.163909,2025-06-13 16:02:23.163909,4,58.01
3458,PED-66392,Chat,troca,2026-02-02 07:10:02.940826,2026-02-05 04:10:02.940826,1,19.36
3459,PED-82423,Email,troca,2026-01-07 10:17:23.090260,2026-01-09 06:17:23.090260,3,43.27
3460,PED-60841,chat,Troca,2025-08-23 05:09:38.106361,2025-08-25 05:09:38.106361,1,17.26
3461,PED-82185,Email,Troca,2025-12-30 11:54:20.208722,2026-01-02 06:54:20.208722,2,21.31
3462,PED-34968,Telefone,troca,2025-09-28 07:13:58.267163,2025-09-29 04:13:58.267163,2,6.84
3463,PED-35546,Email,Pagamento,2025-06-27 04:32:43.456145,2025-06-28 09:32:43.456145,3,15.07
3464,PED-37251,Chat,Troca,2025-10-30 11:28:27.885867,2025-11-01 13:28:27.885867,3,17.76
3465,PED-85949,Telefone,Pagamento,2025-03-06 12:20:44.078526,2025-03-08 19:20:44.078526,5,50.72
3466,PED-82373,Email,troca,2025-03-30 01:42:12.317708,2025-03-30 03:42:12.317708,5,52.32
3467,PED-86358,Chat,troca,2025-12-18 01:50:07.339002,2025-12-19 23:50:07.339002,1,40.56
3468,PED-67429,Email,Troca,2025-05-08 20:04:00.196667,2025-05-11 08:04:00.196667,4,19.49
3469,PED-49596,chat,Entrega,2025-12-31 11:20:49.370051,2025-12-31 13:20:49.370051,1,13.53
3470,PED-58052,Chat,troca,2025-06-12 20:28:46.006995,2025-06-15 14:28:46.006995,2,49.83
3471,PED-46743,Telefone,Pagamento,2025-12-12 13:13:47.176263,2025-12-15 17:13:47.176263,3,14.96
3472,PED-54141,chat,troca,2025-12-05 06:19:57.069085,2025-12-09 04:19:57.069085,2,12.34
3473,PED-91737,chat,Troca,2025-09-26 03:09:11.275137,2025-09-26 20:09:11.275137,2,5.89
3474,PED-62595,Chat,troca,2025-07-06 22:01:51.554610,2025-07-08 14:01:51.554610,2,53.28
3475,PED-12879,chat,troca,2025-11-09 00:14:05.383134,2025-11-10 03:14:05.383134,3,27.46
3476,PED-18876,Chat,Pagamento,2025-02-14 18:58:05.520555,2025-02-17 00:58:05.520555,4,25.09
3477,PED-67349,Telefone,troca,2025-11-23 02:28:18.505429,2025-11-23 01:28:18.505429,4,38.53
3478,PED-51312,chat,Troca,2025-11-30 09:02:05.683187,2025-12-02 03:02:05.683187,2,20.29
3479,PED-37604,Chat,Troca,2025-07-29 15:31:13.530691,2025-07-31 12:31:13.530691,2,55.06
3480,PED-86247,Email,Pagamento,2025-07-09 15:29:56.913735,2025-07-13 11:29:56.913735,2,17.92
3481,PED-45501,chat,Troca,2025-03-13 00:05:43.691400,2025-03-14 01:05:43.691400,2,34.71
3482,PED-18926,Chat,Troca,2025-05-22 19:58:42.387111,2025-05-25 03:58:42.387111,4,44.47
3483,PED-96758,chat,Entrega,2025-05-24 22:41:30.415431,2025-05-25 16:41:30.415431,1,53.46
3484,PED-67586,Telefone,Entrega,2025-06-15 01:55:44.927094,2025-06-15 06:55:44.927094,5,30.44
3485,PED-72427,Telefone,Entrega,2025-02-28 12:52:43.130403,2025-02-28 23:52:43.130403,3,27.77
3486,PED-88737,chat,Entrega,2025-09-13 09:59:05.780191,2025-09-16 14:59:05.780191,1,26.25
3487,PED-80991,chat,Pagamento,2025-04-18 19:37:14.719440,2025-04-22 02:37:14.719440,2,48.37
3488,PED-92434,chat,Entrega,2025-05-09 22:19:09.200677,2025-05-12 08:19:09.200677,5,52.97
3489,PED-33577,chat,Entrega,2025-10-11 16:19:33.750864,2025-10-11 22:19:33.750864,5,7.21
3490,PED-54989,Telefone,Pagamento,2025-02-21 02:45:07.893426,2025-02-24 02:45:07.893426,5,20.5
3491,PED-76470,chat,troca,2025-12-20 16:35:29.511601,2025-12-21 22:35:29.511601,4,18.7
3492,PED-69161,Chat,troca,2025-09-25 18:14:34.614172,2025-09-26 16:14:34.614172,1,12.15
3493,PED-16179,Chat,Pagamento,2025-11-02 21:56:55.228400,2025-11-03 06:56:55.228400,5,7.31
3494,PED-55436,Telefone,Troca,2025-02-21 14:29:05.965816,2025-02-25 05:29:05.965816,1,29.99
3495,PED-73534,Email,Troca,2025-11-22 11:52:20.155428,2025-11-22 15:52:20.155428,2,37.9
3496,PED-23574,Email,Entrega,2025-11-20 11:54:01.479827,2025-11-22 06:54:01.479827,2,37.9
3497,PED-24338,Telefone,Troca,2025-05-31 01:49:16.012941,2025-06-03 21:49:16.012941,2,14.65
3498,PED-60831,Email,troca,2025-08-11 22:47:15.941023,2025-08-14 11:47:15.941023,2,35.67
3499,PED-31436,Chat,Entrega,2025-04-30 18:27:16.359785,2025-05-01 15:27:16.359785,3,13.23
3500,PED-59241,chat,Pagamento,2025-03-10 05:25:33.751808,2025-03-10 17:25:33.751808,3,42.68
3501,PED-87477,Telefone,troca,2025-03-10 05:33:18.742580,2025-03-11 12:33:18.742580,2,45.7
3502,PED-80723,chat,troca,2025-07-09 16:45:53.816505,2025-07-09 14:45:53.816505,3,21.19
3503,PED-12427,Email,Pagamento,2025-04-29 04:36:51.571927,2025-05-01 10:36:51.571927,5,37.96
3504,PED-11539,Email,Pagamento,2025-07-06 23:26:22.629593,2025-07-08 15:26:22.629593,1,49.24
3505,PED-59045,Telefone,Entrega,2025-11-01 18:39:53.725682,2025-11-01 17:39:53.725682,1,38.66
3506,PED-34833,Telefone,Pagamento,2026-01-11 04:59:26.546956,2026-01-12 18:59:26.546956,3,39.32
3507,PED-62069,Telefone,troca,2025-06-24 00:59:41.764236,2025-06-24 21:59:41.764236,2,57.12
3508,PED-51488,Telefone,troca,2025-09-01 04:51:34.751537,2025-09-04 06:51:34.751537,3,15.17
3509,PED-72149,Email,troca,2025-07-08 11:05:02.776222,2025-07-11 00:05:02.776222,2,55.16
3510,PED-30134,Chat,Pagamento,2025-04-07 05:14:06.092278,2025-04-10 03:14:06.092278,1,53.72
3511,PED-81137,Chat,troca,2025-12-17 13:22:05.432803,2025-12-19 07:22:05.432803,5,12.36
3512,PED-58350,chat,troca,2025-06-23 22:00:08.852121,2025-06-27 07:00:08.852121,5,20.72
3513,PED-52281,Telefone,troca,2025-09-06 12:37:15.354793,2025-09-06 19:37:15.354793,1,13.34
3514,PED-51393,Telefone,troca,2025-03-11 13:43:32.359632,2025-03-13 03:43:32.359632,4,18.44
3515,PED-30207,Telefone,troca,2026-01-30 16:21:15.347025,2026-02-03 03:21:15.347025,5,44.75
3516,PED-33577,Chat,Pagamento,2025-05-13 23:38:57.942642,2025-05-17 10:38:57.942642,4,9.18
3517,PED-43975,Chat,Entrega,2025-05-18 10:49:07.769798,2025-05-21 20:49:07.769798,1,15.7
3518,PED-24020,chat,Troca,2025-03-03 06:51:29.648585,2025-03-07 00:51:29.648585,1,19.99
3519,PED-39419,chat,Troca,2026-01-04 12:37:16.863075,2026-01-07 06:37:16.863075,1,14.72
3520,PED-22368,chat,Troca,2025-10-30 14:36:51.910144,2025-10-31 07:36:51.910144,3,46.21
3521,PED-96867,Chat,Entrega,2025-07-15 11:21:11.888168,2025-07-18 02:21:11.888168,5,13.45
3522,PED-81229,Telefone,Pagamento,2025-07-01 09:46:43.813375,2025-07-03 14:46:43.813375,4,21.39
3523,PED-23629,Chat,Entrega,2025-07-08 16:06:09.267825,2025-07-08 15:06:09.267825,3,35.59
3524,PED-61047,Email,Entrega,2026-01-22 11:26:37.425664,2026-01-22 16:26:37.425664,2,51.04
3525,PED-10125,Chat,Pagamento,2025-11-30 00:18:13.056533,2025-12-03 12:18:13.056533,2,36.35
3526,PED-75251,Telefone,Pagamento,2025-10-07 07:36:00.017721,2025-10-09 21:36:00.017721,2,50.75
3527,PED-52898,Telefone,Pagamento,2025-03-20 08:58:52.221425,2025-03-23 00:58:52.221425,3,57.02
3528,PED-50736,Chat,Pagamento,2025-09-29 05:11:22.764180,2025-10-01 06:11:22.764180,2,16.97
3529,PED-33631,Chat,troca,2025-07-29 11:21:58.587548,2025-08-01 21:21:58.587548,4,49.48
3530,PED-19843,chat,troca,2025-09-13 04:28:24.803744,2025-09-14 00:28:24.803744,1,21.81
3531,PED-15960,Email,troca,2026-01-23 08:46:50.995075,2026-01-23 14:46:50.995075,5,18.91
3532,PED-24780,Email,Pagamento,2025-10-30 05:45:30.287643,2025-10-31 06:45:30.287643,5,55.44
3533,PED-24669,Chat,Pagamento,2025-03-14 09:44:33.887776,2025-03-17 07:44:33.887776,5,29.56
3534,PED-63248,Email,Troca,2025-09-02 16:51:46.773862,2025-09-06 15:51:46.773862,2,33.25
3535,PED-24535,Chat,Troca,2025-12-06 13:45:54.617795,2025-12-07 12:45:54.617795,2,53.14
3536,PED-63716,Chat,troca,2025-08-27 20:05:51.538707,2025-08-30 00:05:51.538707,1,8.43
3537,PED-35782,chat,Entrega,2025-09-07 16:10:14.231982,2025-09-09 10:10:14.231982,2,34.92
3538,PED-22630,Chat,Entrega,2025-05-10 07:24:27.336840,2025-05-11 05:24:27.336840,1,22.97
3539,PED-45409,chat,troca,2025-06-27 04:07:00.211617,2025-06-28 00:07:00.211617,5,44.04
3540,PED-82502,chat,Pagamento,2025-03-07 12:43:57.414265,2025-03-09 07:43:57.414265,5,14.4
3541,PED-90145,Chat,Troca,2025-08-20 05:23:15.998086,2025-08-23 03:23:15.998086,4,26.9
3542,PED-66648,chat,Pagamento,2025-07-06 12:23:43.043888,2025-07-10 03:23:43.043888,4,56.35
3543,PED-33240,chat,Pagamento,2025-07-08 07:58:27.999337,2025-07-09 10:58:27.999337,2,16.8
3544,PED-63413,Chat,Entrega,2025-06-16 08:35:59.225389,2025-06-18 19:35:59.225389,1,53.58
3545,PED-62755,chat,Pagamento,2025-03-22 00:28:28.551480,2025-03-24 19:28:28.551480,4,10.76
3546,PED-82371,Email,Troca,2025-12-27 20:29:45.954388,2025-12-30 01:29:45.954388,1,58.52
3547,PED-30323,chat,troca,2025-05-22 04:54:27.212183,2025-05-23 02:54:27.212183,2,44.43
3548,PED-22995,chat,Entrega,2025-05-25 02:08:34.751844,2025-05-25 19:08:34.751844,2,30.36
3549,PED-18296,Telefone,Entrega,2025-04-23 08:49:27.843173,2025-04-26 10:49:27.843173,1,27.33
3550,PED-74619,Telefone,Troca,2025-06-09 11:54:15.390283,2025-06-11 22:54:15.390283,1,28.24
3551,PED-58527,chat,Troca,2026-01-03 08:53:03.552462,2026-01-06 14:53:03.552462,5,33.75
3552,PED-44917,chat,Troca,2025-05-02 18:08:36.892140,2025-05-06 03:08:36.892140,5,12.01
3553,PED-68273,Telefone,Troca,2025-06-04 23:22:27.314205,2025-06-08 02:22:27.314205,4,55.5
3554,PED-24505,Email,Pagamento,2025-12-22 14:27:19.392743,2025-12-26 04:27:19.392743,5,51.93
3555,PED-42368,Email,Entrega,2026-01-31 01:37:29.756775,2026-02-03 09:37:29.756775,4,14.8
3556,PED-12180,chat,Pagamento,2025-05-09 17:12:29.207671,2025-05-13 05:12:29.207671,4,25.28
3557,PED-79974,Telefone,troca,2025-06-26 03:56:59.180187,2025-06-28 04:56:59.180187,5,52.84
3558,PED-22347,chat,Entrega,2025-09-16 14:06:41.925908,2025-09-19 13:06:41.925908,4,16.23
3559,PED-76483,chat,Entrega,2025-03-02 02:53:53.821109,2025-03-05 06:53:53.821109,3,17.29
3560,PED-97970,Telefone,Troca,2025-06-17 19:28:50.956817,2025-06-19 03:28:50.956817,4,45.6
3561,PED-85934,Chat,Pagamento,2025-07-27 16:39:01.292640,2025-07-28 07:39:01.292640,3,39.51
3562,PED-90916,Telefone,Pagamento,2025-12-26 18:23:49.730431,2025-12-27 10:23:49.730431,5,59.37
3563,PED-18248,Telefone,Pagamento,2025-12-03 23:56:38.514028,2025-12-05 11:56:38.514028,4,6.19
3564,PED-82515,Telefone,Entrega,2025-07-29 17:38:22.059753,2025-07-29 15:38:22.059753,4,19.02
3565,PED-99860,Email,Pagamento,2025-05-19 11:14:11.984351,2025-05-21 06:14:11.984351,3,9.14
3566,PED-35367,Email,Troca,2025-03-01 13:29:43.171052,2025-03-04 04:29:43.171052,4,30.41
3567,PED-70074,Email,troca,2025-06-08 07:02:51.082477,2025-06-09 17:02:51.082477,4,45.32
3568,PED-79889,Chat,Pagamento,2025-10-02 01:26:41.280061,2025-10-04 19:26:41.280061,3,47.7
3569,PED-13664,Email,Entrega,2026-01-20 07:38:49.146562,2026-01-23 01:38:49.146562,3,5.54
3570,PED-31845,Telefone,Troca,2025-03-04 11:24:29.573155,2025-03-07 14:24:29.573155,3,58.07
3571,PED-14115,chat,Pagamento,2025-04-13 04:28:34.531859,2025-04-13 17:28:34.531859,2,57.86
3572,PED-61997,Telefone,Entrega,2026-01-15 06:21:21.020604,2026-01-15 09:21:21.020604,5,38.1
3573,PED-12369,chat,Entrega,2025-07-21 09:27:29.212037,2025-07-21 14:27:29.212037,5,50.85
3574,PED-78168,Chat,troca,2025-05-30 15:21:43.544656,2025-06-01 10:21:43.544656,1,35.6
3575,PED-85121,chat,Troca,2025-03-05 05:46:34.626503,2025-03-08 00:46:34.626503,3,31.54
3576,PED-80891,chat,Pagamento,2026-01-09 17:21:26.575264,2026-01-13 04:21:26.575264,3,50.84
3577,PED-23891,Email,Pagamento,2025-02-09 02:29:27.964900,2025-02-12 23:29:27.964900,2,5.8
3578,PED-58569,Chat,Troca,2025-04-21 10:45:09.537821,2025-04-23 17:45:09.537821,1,16.71
3579,PED-55208,Telefone,Pagamento,2025-06-03 18:41:27.549674,2025-06-07 06:41:27.549674,1,37.57
3580,PED-56647,chat,Troca,2025-10-17 13:06:09.603233,2025-10-20 15:06:09.603233,3,26.31
3581,PED-83132,Email,troca,2025-10-10 01:02:37.381993,2025-10-10 11:02:37.381993,4,58.83
3582,PED-48560,Telefone,Pagamento,2025-11-14 02:36:00.468197,2025-11-17 13:36:00.468197,5,7.85
3583,PED-72895,Chat,Troca,2025-09-20 00:46:55.293869,2025-09-23 23:46:55.293869,5,30.97
3584,PED-94245,Chat,Troca,2025-03-25 19:12:45.424957,2025-03-27 22:12:45.424957,1,39.71
3585,PED-66063,Email,Troca,2025-09-12 03:39:19.005540,2025-09-13 03:39:19.005540,1,17.7
3586,PED-49716,Email,troca,2025-02-08 11:20:41.850137,2025-02-09 22:20:41.850137,5,37.74
3587,PED-61563,Telefone,Entrega,2025-09-08 12:58:00.167059,2025-09-08 15:58:00.167059,3,57.51
3588,PED-62542,Email,troca,2025-08-20 04:36:12.273323,2025-08-23 01:36:12.273323,3,56.7
3589,PED-28581,chat,Troca,2025-09-02 17:20:27.362575,2025-09-04 15:20:27.362575,3,55.06
3590,PED-88296,Telefone,Pagamento,2025-10-04 05:23:54.221003,2025-10-07 09:23:54.221003,2,22.35
3591,PED-33364,chat,troca,2025-04-01 00:59:55.351397,2025-04-03 04:59:55.351397,1,38.49
3592,PED-40921,chat,Entrega,2025-06-02 21:38:14.421871,2025-06-04 13:38:14.421871,4,48.62
3593,PED-75392,Email,Pagamento,2025-12-03 00:57:39.672023,2025-12-04 07:57:39.672023,4,21.7
3594,PED-99749,Email,Entrega,2025-03-04 14:02:33.969054,2025-03-06 00:02:33.969054,5,17.26
3595,PED-52763,chat,Troca,2025-10-02 08:13:04.988884,2025-10-04 13:13:04.988884,2,34.39
3596,PED-10800,Telefone,Troca,2025-06-07 02:40:51.758730,2025-06-08 16:40:51.758730,2,20.81
3597,PED-55573,chat,Troca,2025-03-15 23:06:46.729715,2025-03-19 18:06:46.729715,2,43.58
3598,PED-17386,Chat,troca,2025-11-21 21:49:44.243732,2025-11-24 23:49:44.243732,4,12.02
3599,PED-21980,Chat,Pagamento,2025-07-29 01:22:22.718825,2025-07-29 22:22:22.718825,2,55.77
3600,PED-28767,Telefone,Pagamento,2025-06-27 13:47:42.991481,2025-06-30 20:47:42.991481,2,28.41
3601,PED-80263,chat,Entrega,2025-06-01 22:04:29.238519,2025-06-03 06:04:29.238519,5,22.65
3602,PED-52104,Email,troca,2025-12-20 19:43:34.169931,2025-12-24 07:43:34.169931,2,37.15
3603,PED-32323,Email,troca,2025-11-28 04:06:53.431523,2025-11-29 17:06:53.431523,3,10.58
3604,PED-75844,Email,Pagamento,2025-12-15 10:22:27.260432,2025-12-15 22:22:27.260432,3,38.82
3605,PED-18724,Chat,Entrega,2025-09-23 20:58:27.964111,2025-09-26 03:58:27.964111,1,34.1
3606,PED-16181,Email,Entrega,2025-02-24 19:40:42.554187,2025-02-28 02:40:42.554187,5,10.1
3607,PED-69520,Email,Entrega,2025-10-01 22:56:33.772692,2025-10-04 05:56:33.772692,4,17.67
3608,PED-93706,chat,Entrega,2025-10-11 01:04:01.513094,2025-10-12 21:04:01.513094,2,21.37
3609,PED-48770,Chat,Pagamento,2025-12-11 21:52:43.616038,2025-12-14 14:52:43.616038,1,24.6
3610,PED-84852,Telefone,troca,2025-03-12 07:36:27.704027,2025-03-13 19:36:27.704027,3,20.92
3611,PED-36630,Chat,Entrega,2025-02-05 06:50:39.075297,2025-02-08 09:50:39.075297,2,31.86
3612,PED-13969,chat,troca,2025-08-11 02:54:02.798710,2025-08-13 20:54:02.798710,1,34.14
3613,PED-20898,Chat,troca,2025-09-13 02:20:30.018083,2025-09-15 05:20:30.018083,2,50.4
3614,PED-88757,chat,Pagamento,2025-11-25 22:16:07.146181,2025-11-28 14:16:07.146181,1,33.21
3615,PED-80116,chat,Troca,2025-10-06 23:58:35.562716,2025-10-09 13:58:35.562716,3,48.69
3616,PED-81212,Telefone,troca,2025-12-22 07:00:22.174576,2025-12-24 18:00:22.174576,1,20.69
3617,PED-66989,chat,Entrega,2025-07-14 00:31:06.609837,2025-07-16 21:31:06.609837,1,22.24
3618,PED-68349,Email,Pagamento,2025-02-13 04:29:08.904646,2025-02-13 17:29:08.904646,3,50.75
3619,PED-52917,chat,Pagamento,2025-11-21 10:38:23.092004,2025-11-22 11:38:23.092004,5,7.75
3620,PED-83993,Chat,Entrega,2025-03-22 11:57:08.320872,2025-03-25 02:57:08.320872,4,42.71
3621,PED-48343,Email,Pagamento,2025-05-04 22:04:49.601938,2025-05-05 20:04:49.601938,4,9.82
3622,PED-68024,Telefone,troca,2025-10-20 12:09:28.347099,2025-10-22 23:09:28.347099,5,49.5
3623,PED-18559,Email,troca,2025-07-04 11:04:24.964071,2025-07-07 12:04:24.964071,2,49.75
3624,PED-87025,Email,Pagamento,2025-03-28 18:24:37.797997,2025-03-29 09:24:37.797997,4,19.41
3625,PED-16902,Chat,Troca,2025-10-13 08:19:21.081537,2025-10-15 01:19:21.081537,1,7.65
3626,PED-82627,Email,Pagamento,2025-08-07 16:44:27.820831,2025-08-10 18:44:27.820831,2,36.76
3627,PED-40664,Email,troca,2025-12-12 21:08:43.162759,2025-12-15 15:08:43.162759,1,43.73
3628,PED-87915,Telefone,Entrega,2025-04-02 16:44:34.812804,2025-04-05 11:44:34.812804,3,14.36
3629,PED-61100,Email,Entrega,2026-01-04 09:08:52.602062,2026-01-05 20:08:52.602062,5,46.31
3630,PED-90618,Telefone,Entrega,2025-08-01 14:38:50.256922,2025-08-05 01:38:50.256922,4,14.39
3631,PED-74261,Email,Entrega,2025-04-16 12:33:57.495319,2025-04-18 09:33:57.495319,5,11.95
3632,PED-24570,Chat,troca,2025-09-25 18:38:28.883828,2025-09-28 10:38:28.883828,2,8.93
3633,PED-86520,Telefone,Troca,2026-01-19 00:47:42.637295,2026-01-22 21:47:42.637295,2,21.46
3634,PED-34580,Telefone,Troca,2026-01-12 16:25:55.549981,2026-01-15 11:25:55.549981,4,5.79
3635,PED-86100,Email,Entrega,2025-07-27 04:34:57.442506,2025-07-28 20:34:57.442506,3,49.6
3636,PED-37015,Telefone,Pagamento,2025-08-15 12:48:20.002878,2025-08-16 20:48:20.002878,2,33.77
3637,PED-78599,Chat,Troca,2025-07-29 22:34:09.626291,2025-07-31 22:34:09.626291,2,44.94
3638,PED-13890,chat,Entrega,2025-02-12 21:32:23.046678,2025-02-16 04:32:23.046678,4,51.69
3639,PED-20736,chat,Pagamento,2025-11-08 14:55:46.816729,2025-11-09 02:55:46.816729,5,9.39
3640,PED-85554,Chat,Troca,2025-11-25 12:57:59.300311,2025-11-27 05:57:59.300311,5,41.12
3641,PED-85085,chat,Troca,2025-03-23 00:49:42.183449,2025-03-26 18:49:42.183449,4,30.74
3642,PED-58549,Email,troca,2025-08-28 13:35:36.955696,2025-08-28 17:35:36.955696,5,52.38
3643,PED-86703,chat,troca,2025-11-22 05:27:41.266362,2025-11-24 09:27:41.266362,3,9.92
3644,PED-51036,Chat,Pagamento,2025-03-20 04:31:42.377115,2025-03-23 14:31:42.377115,1,47.28
3645,PED-51735,chat,troca,2025-02-16 16:25:31.933466,2025-02-20 03:25:31.933466,4,6.1
3646,PED-25930,Chat,troca,2026-01-18 03:58:31.926210,2026-01-22 00:58:31.926210,5,9.39
3647,PED-79813,chat,Pagamento,2025-11-26 11:42:20.628564,2025-11-27 16:42:20.628564,3,12.39
3648,PED-55817,Chat,troca,2025-02-23 15:01:27.915957,2025-02-25 05:01:27.915957,4,7.32
3649,PED-79614,Email,Troca,2025-02-20 00:06:20.939070,2025-02-20 05:06:20.939070,5,44.44
3650,PED-47146,Email,Troca,2025-11-03 07:42:05.264169,2025-11-03 10:42:05.264169,2,21.46
3651,PED-70429,chat,Pagamento,2025-04-15 04:34:15.651522,2025-04-18 21:34:15.651522,1,54.82
3652,PED-79590,Telefone,troca,2026-01-21 01:42:43.794717,2026-01-24 16:42:43.794717,4,46.66
3653,PED-67654,Chat,troca,2025-04-30 10:36:42.443974,2025-05-01 01:36:42.443974,3,33.03
3654,PED-62552,chat,troca,2026-01-14 13:18:17.271770,2026-01-17 15:18:17.271770,3,18.31
3655,PED-17910,Chat,Entrega,2026-01-03 13:12:16.383059,2026-01-06 18:12:16.383059,5,22.7
3656,PED-66387,Chat,Entrega,2025-09-23 10:32:49.022186,2025-09-27 08:32:49.022186,3,29.77
3657,PED-21265,Email,Pagamento,2025-10-21 05:58:31.898959,2025-10-22 10:58:31.898959,4,18.17
3658,PED-84461,chat,Entrega,2025-06-19 01:55:56.024323,2025-06-21 13:55:56.024323,3,48.44
3659,PED-23272,Telefone,Entrega,2025-06-14 02:04:36.535021,2025-06-14 14:04:36.535021,2,26.61
3660,PED-90405,Chat,troca,2025-10-01 14:13:36.206233,2025-10-05 02:13:36.206233,5,55.11
3661,PED-73721,chat,Pagamento,2025-10-21 22:21:30.271811,2025-10-24 08:21:30.271811,1,52.04
3662,PED-87922,Telefone,Pagamento,2025-08-25 05:20:36.962418,2025-08-28 00:20:36.962418,4,5.26
3663,PED-48664,chat,Troca,2025-04-13 01:04:10.567082,2025-04-14 06:04:10.567082,4,49.4
3664,PED-19003,Telefone,Troca,2025-11-27 15:31:25.020980,2025-11-28 21:31:25.020980,1,54.13
3665,PED-70532,Email,troca,2025-04-10 15:40:50.568937,2025-04-13 20:40:50.568937,3,34.45
3666,PED-49270,Telefone,Entrega,2025-06-08 04:36:46.153461,2025-06-11 11:36:46.153461,1,58.64
3667,PED-14911,chat,Troca,2025-11-10 21:39:18.705915,2025-11-11 10:39:18.705915,2,31.97
3668,PED-11084,Email,troca,2025-05-09 14:48:03.326308,2025-05-10 15:48:03.326308,4,28.08
3669,PED-27605,Chat,Entrega,2025-11-14 12:15:57.272731,2025-11-16 16:15:57.272731,3,42.2
3670,PED-25212,chat,Entrega,2025-06-07 03:47:04.006909,2025-06-09 11:47:04.006909,2,55.96
3671,PED-63970,Chat,Pagamento,2025-05-14 18:46:34.813258,2025-05-17 17:46:34.813258,4,27.12
3672,PED-96412,Chat,troca,2026-01-27 05:14:20.151338,2026-01-30 19:14:20.151338,2,32.81
3673,PED-46466,Telefone,Entrega,2025-08-21 11:30:47.172945,2025-08-25 10:30:47.172945,3,46.49
3674,PED-24665,chat,Entrega,2025-07-08 09:31:38.870196,2025-07-10 03:31:38.870196,5,46.17
3675,PED-27797,Telefone,Troca,2025-12-30 06:29:35.443098,2026-01-01 14:29:35.443098,4,19.62
3676,PED-12788,Telefone,Troca,2025-04-01 11:10:02.669386,2025-04-02 10:10:02.669386,1,46.67
3677,PED-14602,chat,Entrega,2025-10-07 08:52:40.557623,2025-10-08 16:52:40.557623,2,37.49
3678,PED-78513,Chat,Pagamento,2025-02-16 17:59:37.565047,2025-02-20 16:59:37.565047,2,35.16
3679,PED-95445,Email,troca,2026-01-22 01:12:37.276195,2026-01-24 07:12:37.276195,2,16.79
3680,PED-72245,Telefone,Troca,2025-03-05 05:14:32.437764,2025-03-06 15:14:32.437764,3,10.19
3681,PED-11104,Chat,Troca,2025-12-09 03:36:11.227434,2025-12-12 20:36:11.227434,3,15.62
3682,PED-64936,Chat,troca,2025-08-27 10:14:39.086267,2025-08-30 17:14:39.086267,5,12.02
3683,PED-55702,Email,troca,2025-04-15 05:21:18.486954,2025-04-15 20:21:18.486954,1,55.81
3684,PED-95879,chat,troca,2025-03-10 19:59:57.901569,2025-03-11 01:59:57.901569,1,38.62
3685,PED-95507,Email,Pagamento,2025-11-20 13:44:56.277627,2025-11-24 07:44:56.277627,4,12.37
3686,PED-46634,Chat,Troca,2025-10-17 15:27:36.755304,2025-10-18 23:27:36.755304,1,43.9
3687,PED-87537,Email,Troca,2025-04-28 17:19:00.859525,2025-05-01 06:19:00.859525,5,16.83
3688,PED-58658,chat,Troca,2025-02-24 11:12:13.920269,2025-02-25 19:12:13.920269,1,39.18
3689,PED-90756,Email,Troca,2025-03-26 19:11:12.680234,2025-03-30 12:11:12.680234,2,12.93
3690,PED-81301,Telefone,Troca,2025-11-29 09:32:44.965094,2025-11-30 18:32:44.965094,5,45.16
3691,PED-72215,chat,Pagamento,2025-09-23 00:30:15.490421,2025-09-25 21:30:15.490421,3,52.61
3692,PED-63329,chat,troca,2025-06-15 12:46:52.765211,2025-06-18 11:46:52.765211,2,25.53
3693,PED-49131,chat,troca,2026-01-09 07:05:50.447818,2026-01-11 20:05:50.447818,3,5.77
3694,PED-94631,chat,troca,2025-11-20 00:20:57.306169,2025-11-23 14:20:57.306169,4,10.48
3695,PED-91508,Chat,Troca,2025-07-23 15:51:44.473551,2025-07-26 09:51:44.473551,2,21.8
3696,PED-66573,Chat,Pagamento,2026-01-24 02:39:06.884407,2026-01-26 19:39:06.884407,2,7.76
3697,PED-29570,Telefone,Pagamento,2025-07-18 13:20:01.994886,2025-07-18 12:20:01.994886,2,8.08
3698,PED-14606,Chat,Entrega,2025-08-23 09:43:02.840181,2025-08-24 02:43:02.840181,2,26.5
3699,PED-27765,Chat,Entrega,2025-05-07 09:03:25.971382,2025-05-09 12:03:25.971382,2,27.51
3700,PED-86466,Chat,Troca,2025-11-15 11:55:53.980879,2025-11-18 06:55:53.980879,3,30.57
3701,PED-51024,Chat,Troca,2025-08-20 16:12:38.071054,2025-08-23 19:12:38.071054,1,32.22
3702,PED-53717,Chat,Troca,2025-09-09 12:09:03.031982,2025-09-10 03:09:03.031982,4,16.89
3703,PED-21727,chat,Troca,2025-08-11 12:56:59.717228,2025-08-13 21:56:59.717228,4,14.44
3704,PED-24307,chat,Pagamento,2025-08-13 06:35:55.365365,2025-08-13 15:35:55.365365,5,7.27
3705,PED-71946,Chat,Pagamento,2025-11-29 13:29:33.788610,2025-12-02 04:29:33.788610,4,12.84
3706,PED-13270,Email,Entrega,2025-10-04 21:57:34.321634,2025-10-05 10:57:34.321634,3,45.89
3707,PED-75008,Chat,troca,2025-11-29 03:00:12.130568,2025-11-29 15:00:12.130568,5,49.43
3708,PED-72123,Chat,Pagamento,2026-01-04 20:30:06.507455,2026-01-05 02:30:06.507455,3,21.85
3709,PED-17050,chat,troca,2025-12-28 13:29:10.586341,2025-12-30 15:29:10.586341,3,21.12
3710,PED-34073,Email,troca,2025-11-10 04:39:53.755809,2025-11-10 18:39:53.755809,1,40.64
3711,PED-28883,Email,troca,2025-12-02 06:50:22.508661,2025-12-02 05:50:22.508661,2,55.13
3712,PED-20784,chat,Troca,2025-09-11 00:52:02.300902,2025-09-12 08:52:02.300902,5,19.94
3713,PED-68468,Telefone,troca,2025-03-11 17:15:28.226411,2025-03-15 13:15:28.226411,4,38.94
3714,PED-98395,chat,Pagamento,2025-09-15 23:51:19.592517,2025-09-16 23:51:19.592517,3,22.37
3715,PED-27111,Telefone,Pagamento,2025-10-18 20:36:06.467695,2025-10-19 22:36:06.467695,1,40.84
3716,PED-49335,Chat,troca,2025-05-26 10:55:51.500702,2025-05-29 13:55:51.500702,3,57.14
3717,PED-57066,Email,Troca,2025-05-08 00:32:03.698349,2025-05-11 14:32:03.698349,4,7.04
3718,PED-23933,Chat,Entrega,2025-12-04 02:46:24.850433,2025-12-04 13:46:24.850433,5,36.98
3719,PED-32377,Telefone,Pagamento,2025-10-25 18:40:17.915615,2025-10-26 03:40:17.915615,3,45.29
3720,PED-64214,Email,Pagamento,2026-01-14 03:52:27.113898,2026-01-16 21:52:27.113898,5,28.54
3721,PED-98403,Telefone,troca,2025-12-26 07:53:21.624470,2025-12-28 22:53:21.624470,2,30.5
3722,PED-11267,Email,Entrega,2025-03-08 20:20:39.370461,2025-03-09 01:20:39.370461,4,19.23
3723,PED-40241,Telefone,Troca,2025-11-27 03:25:32.845389,2025-11-29 18:25:32.845389,5,11.02
3724,PED-74316,Email,troca,2025-02-08 19:21:07.687087,2025-02-08 21:21:07.687087,1,29.05
3725,PED-16599,Telefone,troca,2025-06-14 13:57:09.839217,2025-06-14 16:57:09.839217,4,38.44
3726,PED-91962,chat,troca,2025-04-07 17:30:05.869566,2025-04-11 12:30:05.869566,3,58.88
3727,PED-80822,Email,Pagamento,2025-05-17 09:52:55.988290,2025-05-18 18:52:55.988290,3,29.7
3728,PED-76082,chat,Troca,2026-01-04 03:16:27.195911,2026-01-04 06:16:27.195911,2,36.57
3729,PED-63768,Email,Entrega,2025-06-19 14:08:14.430234,2025-06-22 07:08:14.430234,4,15.31
3730,PED-11275,chat,Troca,2025-03-08 20:20:59.453208,2025-03-12 13:20:59.453208,2,15.96
3731,PED-74443,chat,Troca,2025-03-08 16:27:32.972490,2025-03-12 11:27:32.972490,3,54.65
3732,PED-37280,chat,Troca,2025-10-22 20:49:44.473079,2025-10-22 18:49:44.473079,1,6.13
3733,PED-78025,Telefone,troca,2026-01-18 09:36:49.719625,2026-01-21 05:36:49.719625,3,45.91
3734,PED-69432,chat,Troca,2025-08-16 06:04:35.493346,2025-08-18 07:04:35.493346,5,5.27
3735,PED-78300,Chat,Troca,2025-05-31 22:49:45.742813,2025-06-03 14:49:45.742813,3,11.55
3736,PED-13033,Chat,Pagamento,2025-09-20 19:03:17.568684,2025-09-20 17:03:17.568684,5,46.41
3737,PED-29958,chat,troca,2025-06-18 13:27:52.780918,2025-06-21 19:27:52.780918,4,16.08
3738,PED-86280,Telefone,Troca,2025-08-18 08:57:39.681222,2025-08-20 16:57:39.681222,4,5.49
3739,PED-54150,Email,Troca,2025-06-29 10:53:41.645529,2025-07-03 05:53:41.645529,5,28.39
3740,PED-60922,chat,Troca,2025-11-02 06:14:25.721054,2025-11-03 13:14:25.721054,1,6.27
3741,PED-87265,Email,troca,2025-11-29 13:03:50.236248,2025-12-02 15:03:50.236248,2,28.9
3742,PED-42023,Telefone,Troca,2025-10-08 12:17:09.438148,2025-10-08 22:17:09.438148,1,33.79
3743,PED-51725,Chat,Entrega,2026-01-23 09:25:55.051050,2026-01-23 17:25:55.051050,3,23.13
3744,PED-85147,Email,troca,2025-11-22 23:03:54.789456,2025-11-23 15:03:54.789456,1,15.4
3745,PED-97127,Chat,Troca,2025-12-10 15:03:08.959320,2025-12-11 22:03:08.959320,3,16.19
3746,PED-41348,Email,Pagamento,2025-10-21 18:12:26.030254,2025-10-25 17:12:26.030254,4,6.65
3747,PED-59160,Email,Entrega,2025-02-15 20:31:34.645841,2025-02-17 11:31:34.645841,5,53.98
3748,PED-63008,Telefone,Pagamento,2025-09-12 11:42:53.717452,2025-09-13 19:42:53.717452,2,44.39
3749,PED-17675,chat,Entrega,2025-04-25 09:50:07.522102,2025-04-25 19:50:07.522102,1,49.56
3750,PED-80657,Chat,troca,2025-02-04 19:35:49.772724,2025-02-08 11:35:49.772724,2,40.89
3751,PED-68554,Email,Troca,2025-06-10 06:45:15.358491,2025-06-12 21:45:15.358491,2,57.85
3752,PED-28446,Chat,Entrega,2026-01-04 11:27:46.472881,2026-01-06 11:27:46.472881,5,53.8
3753,PED-44351,Email,troca,2025-08-18 09:11:35.812430,2025-08-20 22:11:35.812430,4,17.51
3754,PED-93515,chat,Pagamento,2025-03-25 01:55:21.430253,2025-03-26 20:55:21.430253,3,13.79
3755,PED-55146,Telefone,Troca,2025-03-29 23:54:40.357177,2025-03-31 01:54:40.357177,1,21.21
3756,PED-91232,Chat,troca,2025-08-26 15:31:12.961915,2025-08-27 09:31:12.961915,5,43.57
3757,PED-81952,Chat,Pagamento,2025-09-09 15:20:01.752725,2025-09-10 02:20:01.752725,1,39.56
3758,PED-52908,Email,Troca,2025-10-14 22:39:36.465586,2025-10-18 04:39:36.465586,3,41.61
3759,PED-24997,Chat,Troca,2025-05-02 21:02:45.009244,2025-05-04 21:02:45.009244,4,38.09
3760,PED-17258,Email,Pagamento,2025-06-21 08:26:37.891523,2025-06-22 10:26:37.891523,4,6.29
3761,PED-26749,chat,troca,2025-09-09 10:02:56.530288,2025-09-09 18:02:56.530288,4,9.77
3762,PED-33039,chat,troca,2026-01-14 15:38:27.131245,2026-01-15 00:38:27.131245,5,45.43
3763,PED-65996,Chat,Entrega,2025-11-02 10:48:06.722649,2025-11-05 16:48:06.722649,1,11.88
3764,PED-44667,Email,Troca,2025-03-16 08:25:48.695979,2025-03-19 17:25:48.695979,4,45.45
3765,PED-52611,chat,Entrega,2025-03-26 06:58:39.940165,2025-03-28 11:58:39.940165,3,26.0
3766,PED-50037,chat,troca,2025-03-07 13:01:34.910458,2025-03-07 16:01:34.910458,4,28.04
3767,PED-93101,Email,Pagamento,2025-11-14 21:14:38.601850,2025-11-15 23:14:38.601850,1,10.89
3768,PED-53633,chat,Troca,2025-07-12 08:50:16.870251,2025-07-12 17:50:16.870251,3,32.46
3769,PED-92040,chat,Entrega,2025-05-10 17:53:55.861405,2025-05-14 14:53:55.861405,4,51.49
3770,PED-40785,Email,Pagamento,2025-10-30 03:56:01.336016,2025-10-31 10:56:01.336016,1,32.01
3771,PED-80091,chat,troca,2025-12-04 06:25:47.531847,2025-12-06 08:25:47.531847,3,46.63
3772,PED-99048,chat,Pagamento,2025-03-18 04:50:10.673660,2025-03-22 01:50:10.673660,2,26.68
3773,PED-76766,Telefone,Pagamento,2025-02-14 14:07:18.764356,2025-02-14 12:07:18.764356,4,56.42
3774,PED-62453,chat,troca,2025-11-30 12:45:00.420289,2025-12-04 03:45:00.420289,3,59.1
3775,PED-67924,Telefone,Pagamento,2025-05-25 09:55:42.181028,2025-05-28 14:55:42.181028,5,52.09
3776,PED-91729,Email,Pagamento,2025-12-05 09:35:32.518750,2025-12-06 17:35:32.518750,4,50.64
3777,PED-30924,Chat,troca,2025-07-28 06:29:14.591416,2025-07-31 16:29:14.591416,3,5.83
3778,PED-24267,Email,Pagamento,2025-12-22 17:55:02.028319,2025-12-24 19:55:02.028319,3,58.55
3779,PED-40840,Email,Entrega,2025-08-26 15:01:19.845754,2025-08-27 05:01:19.845754,2,21.92
3780,PED-64955,Telefone,troca,2025-02-07 08:59:27.573894,2025-02-08 21:59:27.573894,1,13.29
3781,PED-93518,Telefone,Entrega,2025-10-22 16:59:08.058087,2025-10-24 09:59:08.058087,5,45.6
3782,PED-31446,Email,Entrega,2025-02-26 02:27:44.212327,2025-02-27 21:27:44.212327,5,48.21
3783,PED-62385,Email,Entrega,2025-07-05 06:57:12.027189,2025-07-05 06:57:12.027189,1,47.15
3784,PED-97894,Telefone,troca,2025-02-28 12:08:32.023821,2025-02-28 22:08:32.023821,5,35.27
3785,PED-29235,Telefone,troca,2025-02-07 00:06:41.333933,2025-02-09 17:06:41.333933,1,52.14
3786,PED-40605,Email,troca,2026-01-11 13:44:59.886119,2026-01-13 17:44:59.886119,3,42.24
3787,PED-75594,chat,Troca,2025-03-05 07:52:06.511336,2025-03-06 17:52:06.511336,5,33.42
3788,PED-65020,Chat,Pagamento,2025-09-13 18:28:09.047367,2025-09-16 19:28:09.047367,4,19.28
3789,PED-55523,Chat,Troca,2025-09-30 01:52:47.496650,2025-09-30 01:52:47.496650,1,15.0
3790,PED-58636,Email,troca,2025-12-22 07:01:47.613150,2025-12-23 01:01:47.613150,3,9.52
3791,PED-34443,chat,Troca,2025-07-12 14:05:54.827009,2025-07-16 08:05:54.827009,1,43.95
3792,PED-50757,Telefone,Troca,2025-10-26 03:05:25.340371,2025-10-26 07:05:25.340371,2,32.32
3793,PED-94129,Telefone,Troca,2025-06-02 08:37:38.116530,2025-06-02 18:37:38.116530,1,16.14
3794,PED-36429,Chat,Pagamento,2025-05-08 00:57:57.824068,2025-05-08 05:57:57.824068,5,50.54
3795,PED-89218,Chat,Troca,2025-04-29 00:42:57.947272,2025-05-02 05:42:57.947272,1,49.42
3796,PED-11730,chat,Entrega,2025-08-19 19:17:34.542931,2025-08-19 21:17:34.542931,4,49.73
3797,PED-24016,Telefone,Troca,2026-02-03 04:09:42.355991,2026-02-04 08:09:42.355991,5,50.24
3798,PED-95489,Telefone,Troca,2025-12-14 01:34:00.392171,2025-12-18 00:34:00.392171,1,53.65
3799,PED-60849,chat,Entrega,2025-03-16 09:17:25.125459,2025-03-20 07:17:25.125459,5,58.78
3800,PED-76496,Email,Troca,2025-12-07 15:37:02.474947,2025-12-07 19:37:02.474947,5,40.64
3801,PED-71165,Email,Entrega,2025-12-10 08:03:53.674697,2025-12-13 15:03:53.674697,1,39.58
3802,PED-37005,Telefone,Entrega,2025-08-20 13:28:03.617230,2025-08-20 20:28:03.617230,2,23.57
3803,PED-25647,Chat,Pagamento,2025-04-16 01:07:56.082256,2025-04-16 20:07:56.082256,2,35.7
3804,PED-68148,Chat,Pagamento,2025-05-08 22:09:44.703511,2025-05-12 10:09:44.703511,2,47.87
3805,PED-17371,chat,Pagamento,2026-01-25 21:56:40.400681,2026-01-28 23:56:40.400681,1,57.0
3806,PED-65935,Chat,Troca,2025-04-11 14:55:02.313790,2025-04-12 01:55:02.313790,5,30.85
3807,PED-27010,chat,Pagamento,2025-03-15 21:53:13.406299,2025-03-16 14:53:13.406299,3,31.46
3808,PED-80185,chat,Pagamento,2025-05-15 14:37:20.532845,2025-05-16 03:37:20.532845,3,51.06
3809,PED-68642,Telefone,Troca,2025-11-24 19:17:57.711832,2025-11-24 22:17:57.711832,1,15.01
3810,PED-81700,Chat,Entrega,2025-08-24 17:43:11.490465,2025-08-26 03:43:11.490465,3,30.6
3811,PED-14125,Chat,troca,2025-07-06 05:07:15.408990,2025-07-08 19:07:15.408990,3,41.8
3812,PED-35448,chat,troca,2025-05-14 09:17:36.030294,2025-05-15 20:17:36.030294,4,58.02
3813,PED-25930,Telefone,Troca,2026-01-20 20:39:51.975352,2026-01-21 14:39:51.975352,4,38.14
3814,PED-60125,Email,Pagamento,2025-04-05 16:09:42.124471,2025-04-09 15:09:42.124471,3,26.91
3815,PED-12611,Telefone,Pagamento,2026-01-15 07:52:45.742241,2026-01-17 17:52:45.742241,3,8.65
3816,PED-25518,chat,Entrega,2025-08-30 21:05:10.359010,2025-09-03 02:05:10.359010,2,9.92
3817,PED-25130,Telefone,Entrega,2025-09-11 12:37:03.347193,2025-09-11 17:37:03.347193,2,26.36
3818,PED-72959,Chat,troca,2025-06-15 12:12:40.502438,2025-06-15 10:12:40.502438,2,25.02
3819,PED-78508,Email,troca,2025-03-19 23:24:27.505333,2025-03-23 08:24:27.505333,3,51.67
3820,PED-24746,chat,troca,2025-10-05 11:31:12.432575,2025-10-09 02:31:12.432575,3,34.8
3821,PED-75980,Chat,troca,2026-01-30 23:44:01.140449,2026-02-01 10:44:01.140449,1,5.56
3822,PED-65716,Chat,Troca,2025-04-30 01:57:41.544298,2025-04-30 12:57:41.544298,3,52.2
3823,PED-29314,Chat,Entrega,2025-11-22 17:43:49.625662,2025-11-22 20:43:49.625662,1,25.74
3824,PED-57805,Telefone,Entrega,2025-11-21 21:48:37.396619,2025-11-25 15:48:37.396619,4,44.21
3825,PED-40289,Email,troca,2025-06-15 17:49:52.624112,2025-06-16 22:49:52.624112,3,35.25
3826,PED-10411,Email,Troca,2025-04-28 08:26:07.132720,2025-04-28 17:26:07.132720,1,53.43
3827,PED-75361,Telefone,Entrega,2025-11-22 18:51:41.818341,2025-11-24 03:51:41.818341,2,31.98
3828,PED-65638,Chat,Entrega,2025-06-20 19:48:43.439654,2025-06-23 19:48:43.439654,4,18.57
3829,PED-52067,Chat,troca,2025-04-17 09:40:56.372378,2025-04-19 02:40:56.372378,5,47.37
3830,PED-74576,Email,Troca,2025-06-23 15:14:00.051205,2025-06-25 22:14:00.051205,2,17.88
3831,PED-83765,Telefone,Troca,2025-07-30 03:53:15.001770,2025-08-01 00:53:15.001770,3,24.93
3832,PED-59332,Chat,Pagamento,2025-10-23 14:12:08.112229,2025-10-24 07:12:08.112229,2,17.49
3833,PED-12472,chat,Entrega,2025-08-10 12:51:45.528685,2025-08-12 11:51:45.528685,3,28.93
3834,PED-58471,Email,Pagamento,2025-09-11 03:00:59.361717,2025-09-14 23:00:59.361717,4,30.77
3835,PED-56937,Chat,Pagamento,2025-03-29 07:20:12.791125,2025-03-29 09:20:12.791125,1,6.5
3836,PED-18014,Telefone,Troca,2025-04-30 06:32:36.681943,2025-05-01 06:32:36.681943,3,26.14
3837,PED-95503,Telefone,troca,2025-08-07 18:47:59.960766,2025-08-09 01:47:59.960766,4,41.55
3838,PED-38378,Chat,Pagamento,2025-02-05 13:29:15.682027,2025-02-05 18:29:15.682027,3,21.88
3839,PED-79478,Chat,troca,2025-11-30 11:26:58.001002,2025-12-01 14:26:58.001002,4,21.31
3840,PED-49546,Email,Pagamento,2025-12-01 01:02:22.324194,2025-12-01 08:02:22.324194,2,26.08
3841,PED-83744,chat,Entrega,2025-12-29 22:45:52.037807,2025-12-30 16:45:52.037807,3,47.38
3842,PED-99817,Telefone,troca,2025-05-01 09:27:52.082871,2025-05-03 09:27:52.082871,4,15.23
3843,PED-49355,Chat,Pagamento,2025-02-16 19:44:31.569698,2025-02-19 11:44:31.569698,4,28.57
3844,PED-11348,Telefone,Pagamento,2025-08-08 21:51:10.938657,2025-08-09 12:51:10.938657,2,12.91
3845,PED-37069,Email,troca,2025-05-21 14:58:33.137181,2025-05-21 20:58:33.137181,5,58.18
3846,PED-72375,Telefone,troca,2025-03-28 20:13:39.965544,2025-03-30 21:13:39.965544,3,38.21
3847,PED-79338,Telefone,Pagamento,2025-09-25 08:32:53.504346,2025-09-26 09:32:53.504346,5,7.87
3848,PED-13959,Email,Pagamento,2025-04-29 02:28:58.147555,2025-05-02 13:28:58.147555,5,42.37
3849,PED-17541,Email,Entrega,2025-04-05 21:23:33.518265,2025-04-06 17:23:33.518265,2,19.28
3850,PED-13329,chat,Pagamento,2025-03-15 23:26:25.209378,2025-03-17 17:26:25.209378,2,36.77
3851,PED-20984,Email,Pagamento,2025-05-05 00:47:16.826940,2025-05-08 21:47:16.826940,4,57.33
3852,PED-51192,chat,Entrega,2025-05-27 08:16:07.592188,2025-05-27 07:16:07.592188,4,29.76
3853,PED-72087,Telefone,Pagamento,2026-01-08 01:44:37.284978,2026-01-11 21:44:37.284978,3,23.93
3854,PED-67191,Chat,Troca,2025-09-03 02:01:32.223067,2025-09-03 20:01:32.223067,2,50.71
3855,PED-44035,chat,troca,2025-07-28 09:12:53.662645,2025-07-31 02:12:53.662645,4,16.55
3856,PED-27070,Telefone,troca,2025-07-15 19:23:29.133893,2025-07-17 20:23:29.133893,2,8.28
3857,PED-32995,chat,Pagamento,2025-05-25 13:12:46.160850,2025-05-26 09:12:46.160850,1,10.85
3858,PED-70920,Email,Pagamento,2026-01-17 07:03:37.138447,2026-01-17 14:03:37.138447,4,38.37
3859,PED-23973,Telefone,troca,2025-10-29 16:23:12.116210,2025-11-01 04:23:12.116210,1,47.87
3860,PED-90843,Email,Troca,2025-09-03 14:05:00.844113,2025-09-04 08:05:00.844113,3,19.75
3861,PED-62972,chat,Troca,2025-09-01 17:08:07.506184,2025-09-04 13:08:07.506184,3,14.66
3862,PED-65683,Chat,troca,2025-07-24 16:56:53.956327,2025-07-25 03:56:53.956327,5,52.11
3863,PED-34534,Chat,troca,2025-06-22 06:20:54.512883,2025-06-23 02:20:54.512883,4,59.72
3864,PED-82036,Chat,Troca,2025-03-01 09:41:22.569742,2025-03-04 07:41:22.569742,3,15.14
3865,PED-45210,Telefone,Troca,2025-08-05 14:31:17.305922,2025-08-07 14:31:17.305922,1,28.23
3866,PED-19365,Telefone,Pagamento,2025-10-10 17:44:13.221989,2025-10-10 18:44:13.221989,1,55.69
3867,PED-62436,chat,Pagamento,2025-07-27 19:41:14.422663,2025-07-28 03:41:14.422663,1,53.85
3868,PED-11412,Chat,Entrega,2025-10-04 23:28:21.563473,2025-10-08 12:28:21.563473,5,15.91
3869,PED-64167,Telefone,troca,2025-11-15 01:38:27.738539,2025-11-15 22:38:27.738539,3,55.43
3870,PED-85703,chat,Troca,2025-07-03 03:37:52.763344,2025-07-05 01:37:52.763344,4,13.8
3871,PED-68143,Telefone,troca,2025-02-11 02:29:45.243659,2025-02-12 11:29:45.243659,5,5.29
3872,PED-83770,Chat,Pagamento,2025-05-26 17:00:17.091555,2025-05-27 19:00:17.091555,3,19.31
3873,PED-55848,Email,Troca,2025-09-25 23:47:37.252765,2025-09-26 17:47:37.252765,5,17.04
3874,PED-39473,chat,Pagamento,2026-02-03 21:52:22.810344,2026-02-07 00:52:22.810344,2,59.52
3875,PED-33616,Chat,troca,2025-08-11 19:59:42.284489,2025-08-14 08:59:42.284489,5,11.48
3876,PED-39125,Email,Troca,2025-04-11 21:44:12.212652,2025-04-13 20:44:12.212652,3,58.62
3877,PED-66261,Chat,troca,2025-09-11 23:43:37.939428,2025-09-14 21:43:37.939428,4,44.52
3878,PED-61790,Email,troca,2025-08-14 02:41:01.675564,2025-08-16 09:41:01.675564,4,52.47
3879,PED-94478,Email,Entrega,2025-03-31 05:50:01.438829,2025-04-03 01:50:01.438829,2,37.35
3880,PED-91714,Email,Troca,2025-07-01 08:20:31.590059,2025-07-02 15:20:31.590059,4,44.75
3881,PED-81582,Telefone,Entrega,2025-09-17 21:33:32.305609,2025-09-20 11:33:32.305609,1,28.03
3882,PED-57629,Telefone,Troca,2025-12-16 10:51:50.056495,2025-12-18 23:51:50.056495,2,7.45
3883,PED-97176,Chat,troca,2026-01-10 22:49:52.722566,2026-01-10 21:49:52.722566,5,7.56
3884,PED-20191,Email,Entrega,2025-09-12 17:59:32.300281,2025-09-13 14:59:32.300281,2,39.08
3885,PED-43953,Chat,troca,2025-03-03 14:21:04.693320,2025-03-04 23:21:04.693320,2,54.43
3886,PED-35221,chat,troca,2025-08-30 01:21:22.324378,2025-08-31 19:21:22.324378,2,5.36
3887,PED-42070,Email,Troca,2025-11-22 08:54:33.910318,2025-11-23 03:54:33.910318,1,13.47
3888,PED-95455,Email,Entrega,2025-04-23 05:01:55.366104,2025-04-25 02:01:55.366104,1,11.24
3889,PED-39654,Email,Entrega,2025-04-05 19:54:25.809440,2025-04-09 14:54:25.809440,3,48.79
3890,PED-14376,chat,Pagamento,2025-03-13 01:50:09.249456,2025-03-16 14:50:09.249456,5,32.74
3891,PED-83434,Email,troca,2026-01-08 12:21:33.611300,2026-01-11 08:21:33.611300,5,15.65
3892,PED-35263,chat,Entrega,2025-10-11 23:38:47.379517,2025-10-13 04:38:47.379517,2,26.68
3893,PED-87607,Telefone,troca,2025-06-18 02:25:36.305454,2025-06-18 20:25:36.305454,1,49.65
3894,PED-55458,chat,Troca,2025-09-21 03:34:00.231514,2025-09-21 04:34:00.231514,2,50.74
3895,PED-45418,Chat,troca,2025-08-08 03:34:25.647270,2025-08-09 11:34:25.647270,5,8.16
3896,PED-88439,Telefone,Entrega,2025-07-01 15:19:44.760852,2025-07-03 07:19:44.760852,5,38.06
3897,PED-17397,Chat,troca,2025-09-16 15:42:18.841866,2025-09-17 06:42:18.841866,2,58.18
3898,PED-35963,Chat,Pagamento,2026-01-24 02:59:06.923115,2026-01-26 03:59:06.923115,4,21.99
3899,PED-46419,chat,Troca,2025-09-16 05:03:33.254534,2025-09-18 02:03:33.254534,1,26.12
3900,PED-45153,Chat,troca,2025-12-18 05:41:44.015981,2025-12-21 07:41:44.015981,4,23.8
3901,PED-86802,chat,troca,2025-03-07 10:34:03.132326,2025-03-07 20:34:03.132326,4,29.55
3902,PED-40025,Chat,Pagamento,2025-07-26 01:31:26.976080,2025-07-29 16:31:26.976080,3,17.77
3903,PED-26791,Telefone,Entrega,2025-03-16 18:52:22.864325,2025-03-18 19:52:22.864325,4,22.52
3904,PED-76675,Telefone,Entrega,2025-03-04 03:58:27.940337,2025-03-07 14:58:27.940337,4,10.66
3905,PED-13329,Telefone,Troca,2025-12-19 03:03:12.615488,2025-12-19 19:03:12.615488,4,49.48
3906,PED-13466,Chat,troca,2025-09-22 00:26:01.222767,2025-09-23 03:26:01.222767,5,54.63
3907,PED-28013,Email,Troca,2025-02-11 04:07:57.094907,2025-02-12 18:07:57.094907,2,14.14
3908,PED-18230,Email,troca,2025-05-20 08:37:03.046182,2025-05-20 19:37:03.046182,3,24.5
3909,PED-22332,Email,troca,2025-11-06 20:28:26.124775,2025-11-08 10:28:26.124775,2,10.52
3910,PED-23771,Email,troca,2025-03-18 18:20:03.238803,2025-03-22 01:20:03.238803,1,33.46
3911,PED-73584,Telefone,troca,2025-09-22 16:16:08.270342,2025-09-24 22:16:08.270342,3,30.64
3912,PED-59068,Email,troca,2025-03-13 03:12:53.276405,2025-03-13 17:12:53.276405,2,58.39
3913,PED-81467,chat,Entrega,2025-09-16 08:17:28.265434,2025-09-18 22:17:28.265434,3,43.52
3914,PED-24347,chat,Troca,2025-03-18 21:03:16.645831,2025-03-21 16:03:16.645831,3,47.44
3915,PED-74571,Chat,Pagamento,2025-09-02 10:37:08.639566,2025-09-04 21:37:08.639566,4,39.87
3916,PED-35988,chat,troca,2025-09-14 02:10:14.992069,2025-09-17 01:10:14.992069,2,37.39
3917,PED-66360,Email,Troca,2026-02-02 20:58:06.180160,2026-02-05 17:58:06.180160,3,52.99
3918,PED-31748,Email,Pagamento,2025-09-30 09:27:53.662158,2025-09-30 14:27:53.662158,5,41.6
3919,PED-46036,Chat,Entrega,2025-06-24 13:38:11.212876,2025-06-26 18:38:11.212876,5,48.21
3920,PED-79113,chat,troca,2025-03-25 17:41:11.924149,2025-03-27 12:41:11.924149,3,43.47
3921,PED-72629,chat,Pagamento,2025-03-04 08:45:49.384684,2025-03-08 00:45:49.384684,2,5.99
3922,PED-44881,Telefone,Pagamento,2025-05-28 21:46:33.487096,2025-05-31 12:46:33.487096,2,41.22
3923,PED-57502,Email,troca,2025-04-14 12:24:10.643121,2025-04-15 07:24:10.643121,3,45.54
3924,PED-86756,Telefone,troca,2026-02-02 05:44:50.078462,2026-02-02 13:44:50.078462,5,13.75
3925,PED-55922,Chat,Troca,2025-06-28 13:23:33.864973,2025-06-29 10:23:33.864973,5,15.08
3926,PED-96990,Telefone,troca,2025-04-03 21:57:39.041139,2025-04-07 16:57:39.041139,3,29.6
3927,PED-63895,chat,Entrega,2025-04-23 02:43:42.606992,2025-04-25 22:43:42.606992,2,40.54
3928,PED-32220,chat,troca,2025-04-11 20:59:50.267971,2025-04-12 05:59:50.267971,3,9.8
3929,PED-85156,chat,Troca,2025-06-25 22:27:16.288620,2025-06-28 20:27:16.288620,1,38.3
3930,PED-64723,Telefone,troca,2025-07-11 18:16:36.960551,2025-07-15 03:16:36.960551,4,7.19
3931,PED-62232,Chat,Entrega,2025-03-16 06:17:25.157561,2025-03-18 08:17:25.157561,3,50.54
3932,PED-86115,Email,Pagamento,2025-11-28 20:50:15.322731,2025-11-29 00:50:15.322731,2,15.18
3933,PED-47360,Chat,Troca,2025-10-04 08:02:41.609414,2025-10-06 19:02:41.609414,2,38.8
3934,PED-21062,chat,troca,2025-09-26 11:30:55.949971,2025-09-26 15:30:55.949971,3,46.97
3935,PED-91158,chat,troca,2025-03-25 11:26:36.015283,2025-03-28 05:26:36.015283,2,21.38
3936,PED-22274,Chat,troca,2025-03-22 12:59:55.178862,2025-03-24 21:59:55.178862,4,51.87
3937,PED-16131,Telefone,Troca,2025-09-23 20:43:10.868318,2025-09-27 10:43:10.868318,5,12.9
3938,PED-96386,Chat,Entrega,2025-03-25 04:29:30.980491,2025-03-27 16:29:30.980491,4,20.45
3939,PED-99795,Telefone,Troca,2025-02-21 20:14:38.363343,2025-02-22 08:14:38.363343,4,58.66
3940,PED-61238,Email,troca,2025-07-18 17:10:53.408752,2025-07-19 07:10:53.408752,5,44.23
3941,PED-11353,Chat,Entrega,2025-06-13 06:36:10.345330,2025-06-15 01:36:10.345330,2,30.47
3942,PED-45569,Telefone,Troca,2025-04-08 20:37:57.473068,2025-04-09 19:37:57.473068,4,50.44
3943,PED-29216,chat,Troca,2025-05-14 10:35:29.701368,2025-05-17 20:35:29.701368,2,59.07
3944,PED-63787,Chat,Troca,2025-02-15 05:14:29.343442,2025-02-16 04:14:29.343442,5,19.24
3945,PED-22209,Telefone,Entrega,2025-11-30 22:44:02.888824,2025-12-04 15:44:02.888824,2,56.63
3946,PED-22994,Telefone,Entrega,2025-09-03 09:14:14.511938,2025-09-07 02:14:14.511938,3,54.5
3947,PED-25244,chat,Pagamento,2026-01-12 00:07:16.872322,2026-01-13 10:07:16.872322,2,30.52
3948,PED-60903,Email,Pagamento,2025-11-17 09:18:13.577918,2025-11-20 19:18:13.577918,4,54.19
3949,PED-14147,Telefone,troca,2025-07-20 00:01:52.280912,2025-07-23 22:01:52.280912,3,38.24
3950,PED-91746,Chat,Entrega,2025-05-10 22:04:36.012091,2025-05-11 19:04:36.012091,4,49.49
3951,PED-52964,Email,Troca,2025-06-25 13:16:41.033326,2025-06-27 23:16:41.033326,5,35.28
3952,PED-21343,Telefone,troca,2025-10-31 19:31:43.364192,2025-10-31 19:31:43.364192,2,21.49
3953,PED-15397,chat,Entrega,2025-03-27 00:32:01.840971,2025-03-27 21:32:01.840971,5,17.06
3954,PED-44944,Email,Troca,2025-02-20 03:33:23.493148,2025-02-21 16:33:23.493148,4,14.25
3955,PED-55265,Telefone,Entrega,2025-07-25 21:15:17.731074,2025-07-27 05:15:17.731074,2,32.55
3956,PED-85051,Email,Pagamento,2025-11-17 16:51:29.199809,2025-11-19 15:51:29.199809,5,46.85
3957,PED-31693,Email,Entrega,2025-12-02 12:37:00.790205,2025-12-02 11:37:00.790205,5,25.33
3958,PED-59610,chat,Pagamento,2025-10-26 15:10:51.191852,2025-10-27 17:10:51.191852,5,36.23
3959,PED-71290,chat,troca,2025-04-17 09:51:14.869172,2025-04-18 18:51:14.869172,5,28.86
3960,PED-44894,Chat,Troca,2025-08-14 08:06:37.996397,2025-08-18 00:06:37.996397,1,37.76
3961,PED-75648,Email,Entrega,2025-06-07 19:24:45.672713,2025-06-08 22:24:45.672713,4,45.81
3962,PED-32856,Chat,Pagamento,2025-03-26 21:16:17.641036,2025-03-28 05:16:17.641036,3,17.9
3963,PED-89089,Chat,Troca,2025-03-26 23:39:26.429685,2025-03-30 00:39:26.429685,5,47.96
3964,PED-79944,Chat,Entrega,2025-11-10 03:59:10.121507,2025-11-12 14:59:10.121507,4,7.75
3965,PED-94874,Telefone,Troca,2025-05-30 18:13:53.840268,2025-06-02 06:13:53.840268,3,17.22
3966,PED-78491,Email,Entrega,2025-08-07 20:02:36.378751,2025-08-10 10:02:36.378751,2,30.14
3967,PED-59175,Chat,Pagamento,2025-10-13 06:37:06.302767,2025-10-15 06:37:06.302767,3,53.32
3968,PED-64276,Telefone,troca,2025-07-13 01:36:05.928013,2025-07-14 07:36:05.928013,4,46.53
3969,PED-82542,Chat,Entrega,2025-10-20 05:33:31.197520,2025-10-22 06:33:31.197520,3,53.52
3970,PED-78087,Email,Troca,2025-07-25 02:40:37.617264,2025-07-25 11:40:37.617264,1,13.2
3971,PED-31880,Chat,Troca,2025-02-11 01:18:48.425099,2025-02-13 11:18:48.425099,5,21.94
3972,PED-69562,Telefone,Troca,2025-08-11 14:28:29.684222,2025-08-11 17:28:29.684222,3,58.7
3973,PED-63988,Telefone,Troca,2025-04-10 08:55:01.316435,2025-04-12 04:55:01.316435,3,54.47
3974,PED-42503,Telefone,Entrega,2025-09-01 22:24:03.806858,2025-09-03 01:24:03.806858,4,37.57
3975,PED-37692,Chat,Pagamento,2025-11-27 02:20:01.601349,2025-11-28 07:20:01.601349,4,40.45
3976,PED-37654,Chat,Pagamento,2025-10-22 21:15:16.656858,2025-10-26 08:15:16.656858,4,43.55
3977,PED-81826,chat,troca,2025-06-08 17:13:17.391671,2025-06-09 06:13:17.391671,2,28.13
3978,PED-85318,Email,Troca,2025-08-09 19:43:17.608832,2025-08-12 05:43:17.608832,5,5.89
3979,PED-69260,Telefone,Entrega,2026-01-22 16:32:59.089343,2026-01-25 07:32:59.089343,2,32.63
3980,PED-98637,Chat,Pagamento,2025-07-16 15:34:33.132821,2025-07-18 07:34:33.132821,4,46.33
3981,PED-64356,chat,Entrega,2025-03-18 01:26:38.016802,2025-03-21 00:26:38.016802,2,43.3
3982,PED-90991,Telefone,Pagamento,2025-03-15 09:35:47.127280,2025-03-18 23:35:47.127280,1,45.8
3983,PED-93582,Email,Troca,2025-06-26 08:46:25.333095,2025-06-27 22:46:25.333095,3,36.41
3984,PED-25459,Telefone,Troca,2026-01-11 22:11:03.442421,2026-01-12 13:11:03.442421,3,40.64
3985,PED-65389,Chat,Pagamento,2026-01-08 00:38:45.737703,2026-01-10 21:38:45.737703,4,6.64
3986,PED-36992,chat,Troca,2025-11-26 13:29:46.394608,2025-11-28 13:29:46.394608,1,27.12
3987,PED-85743,Chat,Pagamento,2025-06-11 04:51:33.702259,2025-06-11 22:51:33.702259,2,56.89
3988,PED-86199,chat,Troca,2025-10-03 17:56:12.148262,2025-10-06 17:56:12.148262,5,49.9
3989,PED-74295,Chat,troca,2025-07-29 18:21:58.648980,2025-07-30 12:21:58.648980,4,43.63
3990,PED-36748,chat,Pagamento,2025-11-05 13:43:50.901986,2025-11-09 13:43:50.901986,1,30.16
3991,PED-79978,Telefone,Entrega,2025-05-15 21:43:55.409429,2025-05-15 19:43:55.409429,5,19.43
3992,PED-86980,Email,troca,2025-06-23 10:40:47.861758,2025-06-25 11:40:47.861758,1,16.34
3993,PED-87510,chat,Troca,2025-11-18 20:36:50.061226,2025-11-22 11:36:50.061226,2,57.67
3994,PED-93851,Chat,Troca,2025-09-11 07:07:06.647506,2025-09-12 19:07:06.647506,3,24.73
3995,PED-90018,Telefone,Pagamento,2025-03-14 00:02:09.634602,2025-03-16 22:02:09.634602,1,59.66
3996,PED-33544,Chat,Entrega,2025-06-29 00:52:20.210283,2025-07-02 02:52:20.210283,5,29.16
3997,PED-58216,Email,troca,2025-02-07 00:16:35.539361,2025-02-06 22:16:35.539361,3,17.76
3998,PED-46429,chat,Troca,2025-06-29 10:42:56.152251,2025-07-02 01:42:56.152251,2,48.05
3999,PED-98905,Chat,Pagamento,2026-01-31 12:17:14.852989,2026-02-04 02:17:14.852989,5,11.14
4000,PED-75797,Chat,Pagamento,2025-07-05 14:42:56.955551,2025-07-08 00:42:56.955551,4,57.46
4001,PED-96943,chat,Troca,2025-10-13 23:09:55.489480,2025-10-15 07:09:55.489480,3,53.57
4002,PED-86008,Chat,Troca,2025-07-08 01:57:34.425403,2025-07-10 18:57:34.425403,4,40.78
4003,PED-86142,chat,Troca,2025-12-15 11:34:07.795268,2025-12-16 17:34:07.795268,3,5.08
4004,PED-16079,Chat,Pagamento,2025-02-07 15:48:39.111177,2025-02-09 22:48:39.111177,1,56.53
4005,PED-64036,Email,Troca,2025-03-04 03:28:10.941454,2025-03-04 20:28:10.941454,4,53.39
4006,PED-14074,Chat,Troca,2025-04-20 23:22:26.076296,2025-04-21 23:22:26.076296,4,13.76
4007,PED-79296,chat,Pagamento,2025-04-13 18:33:46.325508,2025-04-14 11:33:46.325508,5,14.56
4008,PED-48795,Email,Entrega,2025-04-15 09:13:57.179245,2025-04-19 09:13:57.179245,1,41.33
4009,PED-69984,chat,Entrega,2025-10-22 22:28:31.434434,2025-10-22 22:28:31.434434,5,15.11
4010,PED-71201,Email,Troca,2025-12-18 09:22:23.718379,2025-12-21 17:22:23.718379,1,28.04
4011,PED-65441,Chat,Pagamento,2025-04-19 09:38:32.269457,2025-04-19 07:38:32.269457,1,14.43
4012,PED-63234,Telefone,troca,2025-07-11 03:15:08.945024,2025-07-13 13:15:08.945024,1,35.66
4013,PED-27494,Chat,troca,2025-10-14 10:17:43.751002,2025-10-17 03:17:43.751002,5,11.6
4014,PED-93309,chat,Pagamento,2025-05-13 03:38:07.510626,2025-05-13 08:38:07.510626,2,41.99
4015,PED-46780,Email,troca,2025-11-30 06:03:51.274690,2025-12-01 13:03:51.274690,3,49.17
4016,PED-92603,chat,Entrega,2025-07-31 23:35:01.452217,2025-08-02 21:35:01.452217,3,59.91
4017,PED-73511,Chat,Troca,2025-08-14 09:49:09.595135,2025-08-17 22:49:09.595135,2,5.6
4018,PED-48697,chat,Entrega,2025-03-31 06:47:43.396670,2025-04-04 03:47:43.396670,2,41.17
4019,PED-38173,Telefone,Troca,2025-09-07 03:50:10.309620,2025-09-09 00:50:10.309620,5,9.95
4020,PED-39206,Telefone,Entrega,2025-06-01 00:12:55.498048,2025-06-01 17:12:55.498048,2,5.49
4021,PED-44899,Telefone,Pagamento,2025-05-15 17:51:22.851304,2025-05-18 13:51:22.851304,1,18.75
4022,PED-95069,Telefone,Troca,2025-03-08 18:51:16.209489,2025-03-10 16:51:16.209489,2,55.51
4023,PED-41756,Telefone,Entrega,2025-12-21 10:18:24.456796,2025-12-22 21:18:24.456796,2,51.45
4024,PED-50414,Chat,Entrega,2025-10-19 00:48:37.780415,2025-10-22 14:48:37.780415,3,17.23
4025,PED-65694,Email,Troca,2025-08-05 22:24:21.405438,2025-08-09 21:24:21.405438,5,49.83
4026,PED-46488,Chat,troca,2025-05-16 00:48:29.597777,2025-05-17 21:48:29.597777,4,50.49
4027,PED-76849,chat,Troca,2025-09-01 01:33:58.391429,2025-09-02 09:33:58.391429,3,53.09
4028,PED-69214,Telefone,troca,2025-07-20 07:59:16.473483,2025-07-23 05:59:16.473483,5,25.32
4029,PED-62437,Telefone,troca,2025-10-25 16:54:58.870584,2025-10-29 09:54:58.870584,2,57.84
4030,PED-66084,Chat,Pagamento,2025-12-04 13:38:13.994282,2025-12-05 16:38:13.994282,4,49.37
4031,PED-91910,Telefone,Entrega,2025-10-23 02:59:48.893019,2025-10-26 05:59:48.893019,5,9.05
4032,PED-86215,Email,Pagamento,2025-09-04 20:30:18.706103,2025-09-06 17:30:18.706103,2,12.42
4033,PED-43629,chat,Pagamento,2025-09-12 03:47:19.088303,2025-09-12 07:47:19.088303,2,14.12
4034,PED-83882,chat,Troca,2025-03-28 06:31:49.933148,2025-03-30 08:31:49.933148,4,27.93
4035,PED-69468,Telefone,troca,2025-07-11 05:27:26.437781,2025-07-11 12:27:26.437781,2,54.09
4036,PED-89989,chat,troca,2025-02-20 14:18:32.932226,2025-02-22 12:18:32.932226,2,22.63
4037,PED-72581,Telefone,Pagamento,2025-09-15 13:54:25.839020,2025-09-18 09:54:25.839020,4,29.8
4038,PED-58780,Telefone,Troca,2025-11-27 04:15:21.382480,2025-11-28 01:15:21.382480,3,11.68
4039,PED-78837,chat,Troca,2026-01-30 23:19:33.251212,2026-02-01 05:19:33.251212,5,57.11
4040,PED-89692,chat,Troca,2025-12-02 16:19:14.808290,2025-12-03 22:19:14.808290,3,16.01
4041,PED-34851,Chat,troca,2025-05-16 01:42:10.919216,2025-05-18 18:42:10.919216,2,27.13
4042,PED-10579,Chat,Entrega,2025-02-21 04:21:44.797406,2025-02-21 05:21:44.797406,3,7.73
4043,PED-71133,Telefone,troca,2026-01-25 11:13:22.313685,2026-01-28 21:13:22.313685,5,44.84
4044,PED-49971,chat,Troca,2025-11-22 17:18:24.584028,2025-11-22 23:18:24.584028,3,45.21
4045,PED-19269,chat,Entrega,2025-11-15 10:24:37.651867,2025-11-18 08:24:37.651867,1,5.92
4046,PED-85354,Telefone,Entrega,2025-12-26 10:28:09.622278,2025-12-29 02:28:09.622278,2,54.56
4047,PED-71613,chat,Troca,2025-04-27 00:06:06.623362,2025-04-29 19:06:06.623362,5,38.71
4048,PED-94466,Email,Pagamento,2025-04-29 07:01:25.453131,2025-05-01 12:01:25.453131,3,13.79
4049,PED-27751,Email,Troca,2025-06-28 13:59:20.852036,2025-07-02 00:59:20.852036,3,39.16
4050,PED-95061,chat,Troca,2025-06-22 09:24:23.003211,2025-06-26 01:24:23.003211,5,15.05
4051,PED-40425,Chat,Pagamento,2025-09-30 05:00:49.253809,2025-10-01 22:00:49.253809,4,28.55
4052,PED-91577,Email,Pagamento,2025-12-11 01:14:38.633998,2025-12-11 12:14:38.633998,2,55.35
4053,PED-81460,Chat,Entrega,2025-10-20 11:11:00.176365,2025-10-23 09:11:00.176365,4,34.37
4054,PED-21164,Telefone,Entrega,2025-02-26 22:06:42.543779,2025-02-26 20:06:42.543779,2,39.54
4055,PED-68794,Telefone,Pagamento,2025-09-14 20:21:49.815977,2025-09-14 18:21:49.815977,1,56.5
4056,PED-84956,Email,Pagamento,2025-03-30 13:29:20.109483,2025-04-01 18:29:20.109483,2,46.67
4057,PED-94142,Email,Troca,2025-02-23 15:27:21.008534,2025-02-27 00:27:21.008534,3,18.63
4058,PED-74323,Email,Troca,2025-04-11 04:54:40.088933,2025-04-12 17:54:40.088933,2,22.49
4059,PED-96068,chat,Pagamento,2026-01-09 00:38:27.211759,2026-01-09 07:38:27.211759,5,22.37
4060,PED-22705,Chat,Troca,2025-04-03 15:09:26.906214,2025-04-05 16:09:26.906214,4,31.96
4061,PED-94195,chat,Troca,2025-10-29 10:36:23.164881,2025-10-30 09:36:23.164881,4,59.48
4062,PED-18140,chat,Pagamento,2025-03-13 16:58:00.159796,2025-03-15 10:58:00.159796,1,46.67
4063,PED-96932,chat,Troca,2025-03-22 00:00:09.666641,2025-03-25 23:00:09.666641,2,43.23
4064,PED-86523,Chat,troca,2025-09-16 19:32:22.273580,2025-09-20 00:32:22.273580,5,31.64
4065,PED-70243,Chat,troca,2025-03-20 22:28:16.015228,2025-03-21 22:28:16.015228,3,45.25
4066,PED-50699,Email,Pagamento,2025-04-15 05:28:53.377217,2025-04-16 16:28:53.377217,3,35.25
4067,PED-45511,Telefone,Pagamento,2025-02-22 21:30:07.871932,2025-02-22 19:30:07.871932,1,29.42
4068,PED-64523,chat,troca,2025-05-18 20:27:59.427805,2025-05-21 14:27:59.427805,3,59.25
4069,PED-71660,Telefone,Entrega,2025-02-04 16:27:19.561769,2025-02-04 14:27:19.561769,1,47.76
4070,PED-19344,Telefone,Troca,2025-03-23 02:12:57.121693,2025-03-26 05:12:57.121693,5,51.93
4071,PED-21773,Telefone,troca,2026-01-19 16:37:11.245193,2026-01-21 11:37:11.245193,2,52.51
4072,PED-55496,Chat,Entrega,2025-05-15 16:47:26.255496,2025-05-18 17:47:26.255496,3,26.09
4073,PED-14854,Chat,Entrega,2025-06-04 17:30:31.115924,2025-06-05 23:30:31.115924,5,5.08
4074,PED-81382,Chat,Troca,2025-03-16 01:33:24.449483,2025-03-17 19:33:24.449483,3,54.24
4075,PED-44153,Email,Pagamento,2026-01-17 03:37:28.502548,2026-01-19 10:37:28.502548,3,18.69
4076,PED-25331,Telefone,Troca,2025-03-03 20:57:03.010667,2025-03-07 07:57:03.010667,4,50.17
4077,PED-16629,Email,Troca,2025-04-21 22:24:26.660204,2025-04-21 20:24:26.660204,5,18.52
4078,PED-50826,Email,Entrega,2025-08-14 22:54:59.318961,2025-08-14 21:54:59.318961,1,34.68
4079,PED-42590,chat,troca,2025-09-03 00:01:27.002746,2025-09-03 00:01:27.002746,1,49.23
4080,PED-99256,chat,Pagamento,2025-04-07 03:43:19.380313,2025-04-07 04:43:19.380313,4,47.29
4081,PED-15230,chat,Entrega,2025-08-11 02:51:19.694494,2025-08-15 02:51:19.694494,5,35.51
4082,PED-46529,Chat,Pagamento,2025-12-04 16:18:33.295694,2025-12-08 05:18:33.295694,5,34.73
4083,PED-61346,Email,troca,2025-06-16 16:58:34.853915,2025-06-17 09:58:34.853915,5,43.38
4084,PED-60087,Email,Pagamento,2025-05-16 03:55:05.120716,2025-05-16 12:55:05.120716,5,16.37
4085,PED-41028,Email,Pagamento,2025-09-09 07:23:58.585862,2025-09-10 07:23:58.585862,2,16.0
4086,PED-89285,Telefone,Entrega,2025-03-09 13:13:27.545377,2025-03-10 11:13:27.545377,3,51.75
4087,PED-76483,Chat,Pagamento,2025-11-20 14:01:39.838626,2025-11-23 04:01:39.838626,4,7.34
4088,PED-89314,Telefone,Troca,2025-04-10 14:07:57.265332,2025-04-14 08:07:57.265332,5,14.25
4089,PED-25398,Chat,Entrega,2025-12-28 20:23:35.328249,2026-01-01 08:23:35.328249,2,9.34
4090,PED-99227,chat,Pagamento,2026-01-31 09:14:27.168872,2026-02-01 08:14:27.168872,4,10.51
4091,PED-80400,Email,Entrega,2025-03-31 00:16:19.351213,2025-04-01 16:16:19.351213,5,7.59
4092,PED-62342,chat,troca,2026-01-16 05:45:51.332071,2026-01-16 23:45:51.332071,1,11.13
4093,PED-62858,Chat,Entrega,2026-01-14 04:54:05.369083,2026-01-17 13:54:05.369083,4,48.93
4094,PED-30831,chat,Troca,2025-03-17 10:33:27.977785,2025-03-20 22:33:27.977785,3,17.42
4095,PED-98882,Chat,Pagamento,2025-12-17 14:48:31.674685,2025-12-20 00:48:31.674685,4,57.36
4096,PED-46505,Email,Pagamento,2025-09-18 20:10:59.684696,2025-09-20 16:10:59.684696,1,52.49
4097,PED-98986,chat,troca,2026-01-09 04:32:45.508184,2026-01-12 16:32:45.508184,1,29.41
4098,PED-47915,Telefone,Troca,2026-01-22 05:48:22.265200,2026-01-22 11:48:22.265200,5,36.48
4099,PED-41965,Email,Pagamento,2025-04-25 11:45:29.667936,2025-04-29 06:45:29.667936,4,49.21
4100,PED-27336,Telefone,troca,2025-09-04 14:25:23.022095,2025-09-06 16:25:23.022095,2,22.97
4101,PED-85526,Telefone,Troca,2025-09-03 13:40:06.441063,2025-09-07 12:40:06.441063,3,17.76
4102,PED-28070,Telefone,Troca,2025-11-26 07:33:02.671950,2025-11-26 06:33:02.671950,5,21.57
4103,PED-59017,Telefone,Pagamento,2026-01-07 12:32:59.745552,2026-01-08 02:32:59.745552,1,16.88
4104,PED-77755,Telefone,Troca,2025-12-02 00:11:19.627201,2025-12-03 23:11:19.627201,3,56.05
4105,PED-61559,chat,Troca,2026-02-03 08:09:20.441416,2026-02-03 12:09:20.441416,4,26.77
4106,PED-11096,Email,Troca,2025-03-12 09:21:56.980685,2025-03-14 14:21:56.980685,2,45.2
4107,PED-21498,Telefone,Entrega,2025-12-04 03:38:07.225442,2025-12-07 11:38:07.225442,1,39.31
4108,PED-25818,Chat,troca,2025-12-11 14:55:28.666743,2025-12-14 15:55:28.666743,5,7.41
4109,PED-31614,Chat,troca,2025-04-17 12:21:33.300549,2025-04-18 01:21:33.300549,1,12.87
4110,PED-13054,Email,Entrega,2025-05-11 06:55:38.927855,2025-05-11 21:55:38.927855,2,42.87
4111,PED-70302,Email,Pagamento,2025-02-23 10:04:07.759211,2025-02-27 10:04:07.759211,5,25.17
4112,PED-85297,chat,Pagamento,2025-12-27 17:28:27.977817,2025-12-28 05:28:27.977817,1,7.72
4113,PED-79919,Telefone,Troca,2025-06-19 01:40:35.275046,2025-06-22 18:40:35.275046,2,52.47
4114,PED-55720,Telefone,Entrega,2025-03-21 21:43:42.150772,2025-03-24 06:43:42.150772,3,19.18
4115,PED-92596,chat,Troca,2026-01-14 09:00:23.594025,2026-01-15 17:00:23.594025,3,20.72
4116,PED-89295,Email,Entrega,2026-01-09 02:14:51.192074,2026-01-11 23:14:51.192074,3,17.38
4117,PED-26299,Chat,Troca,2025-12-20 20:08:33.264992,2025-12-21 05:08:33.264992,5,37.74
4118,PED-92477,Email,troca,2025-08-07 15:36:40.416686,2025-08-09 09:36:40.416686,3,53.75
4119,PED-53276,Telefone,Pagamento,2025-11-15 23:27:25.311434,2025-11-17 09:27:25.311434,2,52.68
4120,PED-99892,Email,troca,2026-01-26 16:57:02.400943,2026-01-29 18:57:02.400943,1,32.13
4121,PED-16859,Email,Pagamento,2025-05-28 23:38:12.655212,2025-05-31 12:38:12.655212,4,5.66
4122,PED-23441,Telefone,troca,2025-04-12 13:31:59.715920,2025-04-14 15:31:59.715920,3,34.8
4123,PED-68673,Chat,Entrega,2025-05-28 11:52:04.955044,2025-05-28 12:52:04.955044,4,52.5
4124,PED-65259,Telefone,Troca,2025-03-03 08:01:16.981127,2025-03-04 01:01:16.981127,2,15.82
4125,PED-57968,Email,Troca,2026-01-23 08:50:24.280168,2026-01-23 14:50:24.280168,1,25.6
4126,PED-99246,Chat,Troca,2025-11-30 07:08:11.609212,2025-12-01 06:08:11.609212,4,17.67
4127,PED-93205,Chat,Pagamento,2025-11-20 03:36:15.193305,2025-11-23 21:36:15.193305,4,49.49
4128,PED-65475,Chat,Entrega,2025-10-18 00:54:54.273669,2025-10-19 14:54:54.273669,5,29.2
4129,PED-58944,chat,troca,2025-06-03 07:59:48.026731,2025-06-03 12:59:48.026731,3,21.62
4130,PED-42151,Email,Entrega,2025-04-14 07:08:05.022453,2025-04-15 07:08:05.022453,4,36.19
4131,PED-59201,Email,Entrega,2025-04-16 21:46:28.380448,2025-04-17 02:46:28.380448,2,10.34
4132,PED-71281,Chat,Entrega,2025-08-18 05:32:14.346180,2025-08-19 19:32:14.346180,4,11.77
4133,PED-20479,Telefone,Pagamento,2025-06-26 19:57:14.004765,2025-06-30 15:57:14.004765,3,51.62
4134,PED-86118,chat,Pagamento,2025-06-15 12:19:43.661788,2025-06-17 13:19:43.661788,3,26.36
4135,PED-82578,chat,troca,2025-07-01 18:23:48.668422,2025-07-02 07:23:48.668422,3,44.24
4136,PED-44582,Telefone,Pagamento,2025-03-06 09:19:11.565280,2025-03-08 22:19:11.565280,5,57.52
4137,PED-71434,Chat,troca,2025-12-28 09:36:49.698385,2025-12-30 06:36:49.698385,2,59.66
4138,PED-72687,Telefone,Troca,2025-10-14 07:35:59.068333,2025-10-17 21:35:59.068333,5,19.59
4139,PED-94199,Chat,troca,2025-02-04 15:35:58.211353,2025-02-04 13:35:58.211353,2,6.4
4140,PED-66686,Telefone,troca,2025-09-19 18:56:26.685148,2025-09-21 14:56:26.685148,2,15.43
4141,PED-89128,Telefone,troca,2025-10-28 21:33:33.276348,2025-10-29 13:33:33.276348,2,16.57
4142,PED-47892,Email,Troca,2025-06-25 08:42:52.994002,2025-06-27 09:42:52.994002,2,52.77
4143,PED-52226,chat,troca,2025-09-08 13:47:38.760719,2025-09-09 04:47:38.760719,4,56.41
4144,PED-59291,chat,Entrega,2025-11-27 05:48:11.453131,2025-11-29 13:48:11.453131,2,29.16
4145,PED-91520,chat,troca,2025-08-08 02:22:24.967135,2025-08-09 06:22:24.967135,5,52.71
4146,PED-28440,Chat,troca,2025-11-24 05:07:29.618259,2025-11-27 14:07:29.618259,2,42.73
4147,PED-85396,Chat,Entrega,2025-08-27 14:21:01.202954,2025-08-27 14:21:01.202954,1,8.59
4148,PED-34759,chat,troca,2025-12-27 17:47:15.433683,2025-12-30 21:47:15.433683,5,20.34
4149,PED-37842,Email,Pagamento,2025-08-18 06:21:55.059934,2025-08-18 21:21:55.059934,1,38.26
4150,PED-29575,Chat,Pagamento,2025-08-22 16:37:54.019461,2025-08-25 09:37:54.019461,3,50.09
4151,PED-53025,Email,Entrega,2025-05-04 17:57:54.817980,2025-05-05 01:57:54.817980,2,54.32
4152,PED-68007,Email,Pagamento,2025-08-04 16:06:02.568059,2025-08-04 21:06:02.568059,5,42.93
4153,PED-19101,chat,troca,2025-09-25 22:58:42.811614,2025-09-29 03:58:42.811614,1,6.62
4154,PED-61556,Email,troca,2025-08-19 09:22:47.306012,2025-08-23 02:22:47.306012,2,42.04
4155,PED-66688,chat,troca,2025-05-12 12:30:28.857596,2025-05-13 09:30:28.857596,4,29.72
4156,PED-38618,chat,Troca,2025-10-12 20:39:43.253153,2025-10-15 05:39:43.253153,4,53.77
4157,PED-14426,Telefone,Pagamento,2025-03-20 03:32:20.890023,2025-03-22 17:32:20.890023,3,45.16
4158,PED-68058,Chat,troca,2025-05-13 23:15:57.364172,2025-05-14 00:15:57.364172,5,24.88
4159,PED-59604,Chat,Entrega,2025-11-17 20:46:53.308908,2025-11-19 00:46:53.308908,5,22.23
4160,PED-75984,Email,troca,2025-07-07 10:00:06.235192,2025-07-10 15:00:06.235192,3,9.66
4161,PED-93927,Telefone,Entrega,2025-12-07 12:02:43.492322,2025-12-07 14:02:43.492322,1,12.28
4162,PED-45422,Chat,Pagamento,2025-07-17 08:00:59.401692,2025-07-19 21:00:59.401692,4,47.98
4163,PED-76366,chat,Pagamento,2025-08-08 06:26:40.745178,2025-08-10 02:26:40.745178,4,28.11
4164,PED-84602,Chat,Pagamento,2025-02-07 09:46:51.459354,2025-02-09 06:46:51.459354,2,5.76
4165,PED-42127,Telefone,troca,2025-10-29 21:54:11.650536,2025-10-30 00:54:11.650536,5,41.43
4166,PED-93138,Telefone,Entrega,2025-12-03 06:42:17.495805,2025-12-05 01:42:17.495805,4,45.09
4167,PED-85192,Telefone,Entrega,2025-07-27 13:30:20.442379,2025-07-28 23:30:20.442379,3,37.73
4168,PED-86834,chat,Troca,2025-12-29 16:27:08.880207,2026-01-02 00:27:08.880207,5,55.89
4169,PED-84807,Telefone,Entrega,2025-07-01 06:58:05.320127,2025-07-04 07:58:05.320127,5,48.43
4170,PED-88478,Telefone,Troca,2025-08-22 18:21:50.325077,2025-08-24 00:21:50.325077,5,45.71
4171,PED-51101,Chat,Entrega,2025-12-03 22:39:15.365932,2025-12-05 12:39:15.365932,5,43.62
4172,PED-37202,chat,Pagamento,2025-04-24 02:12:45.501798,2025-04-27 12:12:45.501798,4,21.31
4173,PED-27273,chat,Entrega,2025-06-09 05:35:11.592978,2025-06-09 19:35:11.592978,4,10.58
4174,PED-30571,Chat,Troca,2025-07-01 13:18:42.047468,2025-07-01 23:18:42.047468,3,38.88
4175,PED-54490,chat,Entrega,2025-05-17 19:38:23.985270,2025-05-20 16:38:23.985270,1,5.22
4176,PED-33914,Telefone,Pagamento,2025-12-23 10:45:01.367483,2025-12-23 17:45:01.367483,2,12.56
4177,PED-87539,Email,Pagamento,2025-07-05 06:19:55.959389,2025-07-06 04:19:55.959389,3,14.49
4178,PED-31183,Email,Pagamento,2025-03-24 15:53:38.155764,2025-03-27 22:53:38.155764,4,46.06
4179,PED-74447,Chat,troca,2026-01-04 09:51:20.562963,2026-01-08 00:51:20.562963,2,16.28
4180,PED-94274,Telefone,Troca,2025-10-13 09:22:00.523330,2025-10-16 02:22:00.523330,3,41.15
4181,PED-18833,Telefone,Troca,2025-10-01 19:28:25.251179,2025-10-03 06:28:25.251179,4,43.36
4182,PED-36205,Email,Entrega,2025-04-29 04:03:05.684025,2025-05-02 23:03:05.684025,4,21.83
4183,PED-85360,Email,Pagamento,2025-07-09 18:35:30.735028,2025-07-13 15:35:30.735028,1,46.42
4184,PED-77543,Telefone,Pagamento,2026-01-28 08:53:42.586916,2026-01-29 23:53:42.586916,5,19.81
4185,PED-35270,chat,Troca,2025-11-05 12:22:45.245980,2025-11-07 11:22:45.245980,5,52.19
4186,PED-30206,chat,Pagamento,2025-02-11 20:11:54.053429,2025-02-14 02:11:54.053429,1,7.79
4187,PED-17779,chat,Pagamento,2026-01-19 14:26:30.242066,2026-01-22 09:26:30.242066,1,26.13
4188,PED-10971,Chat,Pagamento,2025-05-25 20:50:19.638680,2025-05-26 10:50:19.638680,3,24.6
4189,PED-68932,Telefone,Entrega,2025-05-29 21:48:56.365849,2025-05-31 11:48:56.365849,3,32.46
4190,PED-62244,Email,Entrega,2025-09-10 12:44:11.062287,2025-09-13 04:44:11.062287,3,53.87
4191,PED-23090,chat,Entrega,2025-12-24 04:29:10.206743,2025-12-25 23:29:10.206743,4,28.7
4192,PED-10897,Chat,Pagamento,2025-12-17 22:49:41.499691,2025-12-17 20:49:41.499691,5,29.55
4193,PED-64385,chat,Entrega,2025-04-18 01:15:58.741592,2025-04-20 17:15:58.741592,1,24.66
4194,PED-60150,Email,Entrega,2025-10-21 04:47:22.272156,2025-10-23 07:47:22.272156,3,10.86
4195,PED-43644,Email,Entrega,2025-08-11 04:00:47.789315,2025-08-12 00:00:47.789315,1,47.34
4196,PED-90166,Telefone,Entrega,2025-10-02 10:52:11.543558,2025-10-05 11:52:11.543558,1,12.9
4197,PED-36422,Telefone,Pagamento,2025-03-05 22:38:31.383484,2025-03-06 21:38:31.383484,1,33.19
4198,PED-51717,Telefone,Troca,2025-12-07 08:12:36.382430,2025-12-08 11:12:36.382430,1,29.89
4199,PED-63504,chat,Troca,2025-04-01 05:27:28.301599,2025-04-02 10:27:28.301599,5,21.41
4200,PED-30169,chat,Pagamento,2025-09-13 22:28:18.929806,2025-09-15 06:28:18.929806,1,14.53
4201,PED-53618,Chat,troca,2025-10-06 17:39:12.675583,2025-10-10 07:39:12.675583,1,59.07
4202,PED-19065,chat,Entrega,2025-03-24 14:52:35.640178,2025-03-25 23:52:35.640178,5,5.67
4203,PED-66788,Chat,Pagamento,2025-09-08 06:27:19.050289,2025-09-12 06:27:19.050289,5,31.66
4204,PED-73829,chat,Entrega,2026-01-19 18:24:35.108528,2026-01-22 17:24:35.108528,3,59.45
4205,PED-45222,Chat,troca,2025-12-17 21:41:02.963844,2025-12-20 18:41:02.963844,3,26.41
4206,PED-79026,Chat,Entrega,2025-12-18 15:55:02.495447,2025-12-19 23:55:02.495447,3,55.29
4207,PED-36823,Email,Pagamento,2025-09-26 10:20:45.016739,2025-09-28 19:20:45.016739,4,21.45
4208,PED-11856,Email,Pagamento,2025-06-12 17:41:26.518924,2025-06-15 08:41:26.518924,2,36.52
4209,PED-12469,Email,Troca,2025-08-23 11:50:44.387099,2025-08-26 23:50:44.387099,2,41.18
4210,PED-10142,chat,Entrega,2025-12-15 07:14:24.796240,2025-12-17 12:14:24.796240,3,13.09
4211,PED-40574,Chat,Entrega,2025-06-01 23:53:47.287584,2025-06-02 02:53:47.287584,5,38.03
4212,PED-28338,Email,Entrega,2026-01-29 14:51:48.055018,2026-02-02 13:51:48.055018,5,51.28
4213,PED-71426,chat,Entrega,2025-10-26 01:38:18.477789,2025-10-26 01:38:18.477789,2,7.25
4214,PED-83861,Telefone,Pagamento,2025-08-10 19:27:42.539711,2025-08-11 05:27:42.539711,4,20.71
4215,PED-70329,Email,Entrega,2025-05-24 10:40:54.627099,2025-05-26 15:40:54.627099,1,41.1
4216,PED-77303,Telefone,Entrega,2025-06-01 11:51:32.477141,2025-06-01 17:51:32.477141,5,44.69
4217,PED-10484,chat,Entrega,2025-05-11 17:45:23.283225,2025-05-12 16:45:23.283225,5,53.06
4218,PED-77410,Email,Troca,2026-01-27 22:50:13.973905,2026-01-31 13:50:13.973905,5,28.12
4219,PED-94764,chat,troca,2025-02-08 03:31:37.616499,2025-02-09 08:31:37.616499,4,6.71
4220,PED-57263,Telefone,Entrega,2025-11-04 04:23:28.074236,2025-11-07 12:23:28.074236,2,30.26
4221,PED-48343,chat,Troca,2025-12-26 02:41:21.065612,2025-12-28 13:41:21.065612,4,15.59
4222,PED-60324,Telefone,troca,2025-09-03 17:10:00.096259,2025-09-03 15:10:00.096259,5,16.75
4223,PED-99310,Chat,Entrega,2025-11-13 10:20:52.841079,2025-11-16 18:20:52.841079,1,58.99
4224,PED-21839,Telefone,troca,2025-04-03 09:16:01.577636,2025-04-06 02:16:01.577636,3,47.84
4225,PED-57423,Email,Entrega,2025-08-05 14:52:04.664061,2025-08-07 12:52:04.664061,4,39.26
4226,PED-13067,Telefone,troca,2025-07-06 15:01:06.631439,2025-07-09 16:01:06.631439,2,12.34
4227,PED-28928,chat,Pagamento,2026-01-25 15:53:35.058238,2026-01-29 09:53:35.058238,1,29.77
4228,PED-85926,Chat,troca,2025-11-21 07:55:35.404909,2025-11-23 21:55:35.404909,2,17.54
4229,PED-85131,Chat,Troca,2025-06-13 15:00:44.433371,2025-06-17 03:00:44.433371,4,22.4
4230,PED-81061,Telefone,Troca,2025-03-06 19:18:03.699654,2025-03-08 03:18:03.699654,5,20.43
4231,PED-68540,Email,Entrega,2025-03-29 17:35:53.455997,2025-04-01 02:35:53.455997,1,39.49
4232,PED-65144,Telefone,Entrega,2025-07-29 05:37:49.104462,2025-07-31 11:37:49.104462,3,16.14
4233,PED-20144,Chat,Pagamento,2025-05-18 16:22:36.130689,2025-05-21 09:22:36.130689,2,30.45
4234,PED-56234,Chat,Entrega,2025-12-21 01:24:48.797326,2025-12-21 07:24:48.797326,4,38.14
4235,PED-86156,Email,Entrega,2025-08-02 23:53:03.945600,2025-08-05 20:53:03.945600,5,59.32
4236,PED-92206,Telefone,troca,2025-06-14 19:32:13.712789,2025-06-18 18:32:13.712789,4,50.47
4237,PED-76260,Email,Pagamento,2025-06-25 06:26:25.467232,2025-06-26 06:26:25.467232,4,16.29
4238,PED-30388,Chat,Pagamento,2025-09-16 08:16:27.611075,2025-09-16 08:16:27.611075,4,9.36
4239,PED-87814,Telefone,Troca,2025-09-06 21:47:04.400248,2025-09-08 01:47:04.400248,2,11.3
4240,PED-97543,Chat,Entrega,2025-05-11 06:40:39.778007,2025-05-14 12:40:39.778007,1,35.1
4241,PED-23076,chat,Pagamento,2025-03-24 23:08:31.569723,2025-03-27 18:08:31.569723,1,33.09
4242,PED-13480,Telefone,Troca,2025-07-15 23:02:32.973496,2025-07-16 14:02:32.973496,4,26.34
4243,PED-88117,Chat,Troca,2025-03-15 08:28:18.943884,2025-03-19 07:28:18.943884,1,30.01
4244,PED-38763,Telefone,troca,2025-10-24 08:04:55.672978,2025-10-24 22:04:55.672978,5,35.52
4245,PED-82519,chat,troca,2025-06-30 03:05:16.017281,2025-07-02 02:05:16.017281,3,54.79
4246,PED-96868,Telefone,Entrega,2025-07-14 07:54:56.794049,2025-07-16 22:54:56.794049,5,54.62
4247,PED-41799,Email,Troca,2025-02-08 08:59:04.900086,2025-02-08 11:59:04.900086,4,32.0
4248,PED-76982,Telefone,troca,2025-11-14 07:06:23.588243,2025-11-16 15:06:23.588243,2,23.61
4249,PED-68470,Chat,Pagamento,2025-09-06 05:43:29.097989,2025-09-09 19:43:29.097989,4,17.99
4250,PED-32388,chat,Troca,2025-06-09 13:03:17.120864,2025-06-09 23:03:17.120864,3,23.11
4251,PED-15597,Email,Pagamento,2025-04-16 23:43:37.681580,2025-04-20 05:43:37.681580,1,24.66
4252,PED-22270,Telefone,troca,2025-02-23 16:56:08.065621,2025-02-27 00:56:08.065621,5,20.06
4253,PED-44525,Chat,Entrega,2025-05-04 09:50:53.279186,2025-05-05 18:50:53.279186,3,59.0
4254,PED-37425,Chat,Troca,2025-07-28 01:14:10.379203,2025-07-30 19:14:10.379203,3,8.51
4255,PED-16737,Chat,troca,2025-04-23 07:45:04.345996,2025-04-25 18:45:04.345996,2,58.78
4256,PED-16451,chat,Pagamento,2025-12-01 18:43:02.399774,2025-12-03 09:43:02.399774,5,59.48
4257,PED-52506,Telefone,Troca,2025-02-23 05:26:03.246682,2025-02-23 17:26:03.246682,1,37.05
4258,PED-69026,Telefone,Troca,2025-09-15 23:02:29.091268,2025-09-18 05:02:29.091268,2,17.77
4259,PED-92255,Email,Entrega,2025-08-26 02:48:08.226764,2025-08-27 14:48:08.226764,4,33.18
4260,PED-64003,Telefone,Entrega,2025-08-07 02:24:25.023086,2025-08-08 09:24:25.023086,1,55.32
4261,PED-65477,Telefone,Entrega,2025-10-13 23:45:22.267976,2025-10-15 02:45:22.267976,1,8.65
4262,PED-27657,Email,Pagamento,2025-06-28 10:06:24.414193,2025-06-29 11:06:24.414193,2,46.71
4263,PED-96757,chat,Troca,2026-01-20 22:04:10.117475,2026-01-23 12:04:10.117475,3,37.03
4264,PED-57979,Telefone,troca,2025-11-24 21:44:48.915012,2025-11-27 10:44:48.915012,5,55.05
4265,PED-29307,Telefone,troca,2026-01-10 09:49:03.325508,2026-01-13 20:49:03.325508,1,33.0
4266,PED-37312,Chat,troca,2025-06-12 13:58:03.136648,2025-06-15 10:58:03.136648,5,50.64
4267,PED-83296,Email,Entrega,2025-03-06 00:41:06.532666,2025-03-07 16:41:06.532666,2,59.78
4268,PED-39706,chat,Entrega,2025-10-31 15:13:30.473269,2025-11-01 18:13:30.473269,1,25.68
4269,PED-58869,Chat,Entrega,2025-05-15 12:35:05.531309,2025-05-19 08:35:05.531309,3,34.56
4270,PED-66735,Telefone,Troca,2025-03-31 09:45:38.555660,2025-04-03 09:45:38.555660,4,55.07
4271,PED-48225,Telefone,Pagamento,2025-11-26 06:02:46.960391,2025-11-27 18:02:46.960391,3,26.38
4272,PED-26034,Email,Entrega,2025-03-12 23:52:46.499934,2025-03-16 18:52:46.499934,5,20.59
4273,PED-92196,Telefone,Entrega,2025-07-22 20:23:30.756799,2025-07-23 04:23:30.756799,5,11.32
4274,PED-67927,Chat,Entrega,2025-08-24 06:13:39.979778,2025-08-24 12:13:39.979778,1,57.16
4275,PED-20082,Chat,Pagamento,2025-06-03 23:25:32.892959,2025-06-04 18:25:32.892959,5,35.35
4276,PED-47575,Chat,troca,2026-01-29 07:07:40.108080,2026-02-01 15:07:40.108080,3,51.08
4277,PED-72850,Telefone,Troca,2025-02-17 21:48:15.821694,2025-02-21 08:48:15.821694,5,19.03
4278,PED-36659,Telefone,Pagamento,2025-10-05 09:10:18.415640,2025-10-08 06:10:18.415640,3,6.42
4279,PED-87527,chat,Pagamento,2025-02-25 01:23:45.430348,2025-02-25 15:23:45.430348,3,41.54
4280,PED-36382,Chat,troca,2025-05-26 19:18:29.416754,2025-05-27 23:18:29.416754,4,57.9
4281,PED-55597,Chat,Pagamento,2025-02-27 02:58:20.625446,2025-03-02 09:58:20.625446,2,11.41
4282,PED-64475,Telefone,Pagamento,2025-09-02 02:54:11.878602,2025-09-03 00:54:11.878602,4,11.77
4283,PED-59486,Telefone,Pagamento,2025-05-11 19:13:06.577036,2025-05-15 16:13:06.577036,4,57.39
4284,PED-28291,Email,Pagamento,2026-01-26 15:10:55.116410,2026-01-26 13:10:55.116410,2,20.28
4285,PED-27619,chat,troca,2025-02-25 22:22:36.152185,2025-02-26 00:22:36.152185,2,19.78
4286,PED-81331,Chat,Troca,2025-09-15 13:01:53.088521,2025-09-18 14:01:53.088521,2,44.89
4287,PED-82578,chat,Pagamento,2025-03-25 02:08:28.117926,2025-03-27 06:08:28.117926,4,24.69
4288,PED-12116,Chat,Pagamento,2025-07-17 20:21:50.967429,2025-07-21 16:21:50.967429,4,38.78
4289,PED-29624,Email,Entrega,2025-07-11 16:57:57.504227,2025-07-13 07:57:57.504227,4,11.62
4290,PED-13526,chat,troca,2025-09-19 06:31:49.142606,2025-09-20 17:31:49.142606,2,47.73
4291,PED-18213,Telefone,Entrega,2025-03-17 19:48:02.373408,2025-03-19 13:48:02.373408,4,54.94
4292,PED-50261,chat,Pagamento,2026-02-01 04:47:43.901204,2026-02-03 09:47:43.901204,1,11.05
4293,PED-42287,Telefone,troca,2025-12-02 03:10:42.176129,2025-12-04 02:10:42.176129,4,17.0
4294,PED-86618,Email,Pagamento,2025-10-07 04:44:40.215880,2025-10-10 02:44:40.215880,5,39.85
4295,PED-86368,chat,troca,2026-01-06 16:56:01.513988,2026-01-08 11:56:01.513988,4,42.69
4296,PED-44433,Chat,Entrega,2025-04-22 14:42:51.967893,2025-04-24 12:42:51.967893,5,7.47
4297,PED-81771,Email,Troca,2025-06-02 02:45:25.163792,2025-06-03 03:45:25.163792,2,45.86
4298,PED-54993,Chat,troca,2026-01-26 07:21:30.925469,2026-01-27 23:21:30.925469,3,47.87
4299,PED-43530,Telefone,Pagamento,2025-06-22 00:10:46.842927,2025-06-25 13:10:46.842927,2,14.93
4300,PED-39975,Chat,Entrega,2026-02-03 12:02:31.986084,2026-02-06 06:02:31.986084,4,46.53
4301,PED-18664,Email,Entrega,2025-06-02 05:25:43.193135,2025-06-03 08:25:43.193135,3,25.79
4302,PED-20969,Email,Pagamento,2025-07-14 17:13:51.920869,2025-07-18 13:13:51.920869,3,36.91
4303,PED-29505,Email,Troca,2025-03-23 03:10:14.703038,2025-03-24 02:10:14.703038,1,19.34
4304,PED-70029,Telefone,Entrega,2025-10-25 02:29:19.730972,2025-10-28 03:29:19.730972,2,8.49
4305,PED-11058,Email,Troca,2025-12-21 05:59:16.951135,2025-12-24 19:59:16.951135,5,22.72
4306,PED-67778,Telefone,Pagamento,2025-07-10 19:25:56.900267,2025-07-12 00:25:56.900267,4,10.21
4307,PED-16785,Email,Troca,2025-12-13 16:44:44.359968,2025-12-14 14:44:44.359968,1,10.49
4308,PED-80243,Telefone,troca,2025-04-05 22:48:30.102871,2025-04-09 13:48:30.102871,1,22.16
4309,PED-21050,Email,Troca,2025-06-29 23:08:00.399551,2025-07-02 23:08:00.399551,1,18.76
4310,PED-73095,Telefone,troca,2025-07-31 21:38:28.915741,2025-08-03 02:38:28.915741,1,56.99
4311,PED-73685,Chat,Pagamento,2025-04-01 16:28:07.634168,2025-04-01 15:28:07.634168,1,7.49
4312,PED-63135,Email,Pagamento,2025-04-15 16:44:46.503349,2025-04-19 03:44:46.503349,3,12.09
4313,PED-69525,Chat,Pagamento,2025-08-26 04:55:35.226318,2025-08-30 03:55:35.226318,5,40.84
4314,PED-28715,Telefone,troca,2025-09-19 09:30:47.418260,2025-09-19 07:30:47.418260,2,55.85
4315,PED-19450,Email,Entrega,2025-06-21 00:24:44.511604,2025-06-24 18:24:44.511604,2,43.87
4316,PED-11603,Telefone,Troca,2025-05-01 02:09:40.857065,2025-05-02 01:09:40.857065,1,15.16
4317,PED-34250,Telefone,Entrega,2026-01-14 01:25:16.030564,2026-01-14 05:25:16.030564,3,55.05
4318,PED-98510,Email,troca,2025-10-19 03:57:17.916624,2025-10-19 03:57:17.916624,2,20.86
4319,PED-22561,Email,troca,2025-10-28 09:21:34.359557,2025-10-28 19:21:34.359557,1,27.2
4320,PED-14806,Chat,Entrega,2025-04-24 11:25:25.643541,2025-04-26 22:25:25.643541,1,19.09
4321,PED-87178,chat,Troca,2025-07-19 04:21:44.078808,2025-07-23 00:21:44.078808,1,59.07
4322,PED-65628,chat,troca,2025-07-04 10:23:32.348405,2025-07-06 11:23:32.348405,5,12.74
4323,PED-27908,Email,Troca,2025-10-27 13:17:02.499551,2025-10-28 04:17:02.499551,1,59.52
4324,PED-86953,chat,troca,2025-11-29 11:44:30.515684,2025-11-30 14:44:30.515684,2,7.6
4325,PED-28328,Chat,Troca,2025-10-18 15:51:28.124349,2025-10-20 13:51:28.124349,5,46.66
4326,PED-24925,chat,Entrega,2025-10-03 09:25:58.677970,2025-10-03 16:25:58.677970,5,21.87
4327,PED-85481,Chat,troca,2025-11-26 22:10:21.645602,2025-11-28 00:10:21.645602,2,40.3
4328,PED-33794,Telefone,Troca,2025-09-09 14:55:50.709650,2025-09-11 10:55:50.709650,2,13.71
4329,PED-88342,Email,Entrega,2025-06-04 04:31:53.692880,2025-06-07 23:31:53.692880,4,42.36
4330,PED-26546,chat,Entrega,2025-04-28 21:54:24.984695,2025-04-30 13:54:24.984695,2,32.53
4331,PED-49052,Telefone,Pagamento,2025-03-15 10:06:34.244462,2025-03-16 22:06:34.244462,1,14.53
4332,PED-77108,Telefone,Pagamento,2025-11-10 20:39:07.992086,2025-11-13 20:39:07.992086,2,19.72
4333,PED-17144,Email,troca,2026-01-21 02:45:39.685239,2026-01-24 23:45:39.685239,4,46.27
4334,PED-97820,Telefone,troca,2025-10-11 14:04:06.606012,2025-10-14 21:04:06.606012,3,41.4
4335,PED-93489,Email,troca,2025-11-06 12:09:20.665021,2025-11-09 08:09:20.665021,5,30.95
4336,PED-56689,Telefone,Troca,2026-01-02 11:11:04.073023,2026-01-03 14:11:04.073023,3,42.86
4337,PED-62990,Email,Entrega,2025-06-12 20:31:07.893655,2025-06-14 19:31:07.893655,5,51.59
4338,PED-73953,Telefone,troca,2025-12-26 11:28:16.062528,2025-12-27 19:28:16.062528,3,48.31
4339,PED-76964,Chat,Pagamento,2025-08-08 20:38:26.186052,2025-08-12 03:38:26.186052,4,21.51
4340,PED-71961,Email,troca,2026-01-21 07:11:41.956686,2026-01-22 15:11:41.956686,2,27.24
4341,PED-58610,chat,Entrega,2025-03-24 18:42:20.372176,2025-03-27 18:42:20.372176,4,47.76
4342,PED-61617,Telefone,Entrega,2025-02-13 00:57:44.836570,2025-02-14 08:57:44.836570,2,23.59
4343,PED-86095,Telefone,troca,2025-11-04 01:09:22.499529,2025-11-06 22:09:22.499529,5,35.33
4344,PED-42747,chat,Entrega,2025-11-28 23:21:30.588599,2025-11-30 16:21:30.588599,2,53.26
4345,PED-60889,Telefone,troca,2025-04-29 17:48:44.775056,2025-05-03 09:48:44.775056,3,10.68
4346,PED-20721,chat,Pagamento,2025-05-05 11:23:20.546648,2025-05-07 21:23:20.546648,4,57.3
4347,PED-91958,chat,Entrega,2025-08-14 10:51:38.039531,2025-08-18 07:51:38.039531,3,16.69
4348,PED-47567,Telefone,Entrega,2026-01-14 01:16:57.751232,2026-01-17 11:16:57.751232,5,46.2
4349,PED-97655,Chat,Pagamento,2026-01-16 13:05:23.828096,2026-01-17 18:05:23.828096,1,26.63
4350,PED-29282,Email,Pagamento,2025-06-15 21:39:26.190243,2025-06-18 15:39:26.190243,5,40.14
4351,PED-89746,Chat,Pagamento,2025-09-19 12:53:12.551012,2025-09-22 16:53:12.551012,1,24.5
4352,PED-98317,Chat,Troca,2025-06-11 17:06:39.308933,2025-06-12 19:06:39.308933,4,54.33
4353,PED-95954,chat,Pagamento,2025-08-19 15:02:34.080024,2025-08-22 06:02:34.080024,1,6.61
4354,PED-75156,chat,Pagamento,2025-04-13 11:04:05.957142,2025-04-13 11:04:05.957142,2,25.87
4355,PED-31764,Chat,Troca,2025-07-27 11:38:38.225069,2025-07-29 21:38:38.225069,3,34.5
4356,PED-73173,Chat,troca,2026-01-31 15:53:51.639917,2026-02-02 19:53:51.639917,4,45.26
4357,PED-37263,Chat,troca,2025-06-28 21:40:21.790771,2025-07-01 20:40:21.790771,1,58.85
4358,PED-35750,Email,Pagamento,2025-05-04 06:21:14.178033,2025-05-06 06:21:14.178033,4,15.12
4359,PED-46434,chat,troca,2026-01-05 11:33:53.901293,2026-01-08 19:33:53.901293,4,51.33
4360,PED-55150,Telefone,troca,2025-11-27 23:22:20.931310,2025-11-29 10:22:20.931310,2,37.88
4361,PED-28178,Email,Troca,2025-07-03 20:40:06.488322,2025-07-06 04:40:06.488322,2,26.75
4362,PED-44375,Chat,Troca,2025-11-05 02:17:24.918440,2025-11-08 01:17:24.918440,2,40.31
4363,PED-60235,Email,Pagamento,2025-05-20 21:03:15.075604,2025-05-24 12:03:15.075604,1,39.12
4364,PED-98111,Chat,Pagamento,2025-04-07 08:56:46.347435,2025-04-09 15:56:46.347435,5,17.33
4365,PED-38924,Chat,Troca,2025-11-07 11:56:51.923187,2025-11-09 03:56:51.923187,1,57.58
4366,PED-32257,Email,Troca,2025-10-03 05:15:57.198265,2025-10-03 16:15:57.198265,1,27.07
4367,PED-42361,Email,Troca,2025-02-06 10:42:59.330980,2025-02-10 03:42:59.330980,1,15.71
4368,PED-45674,Email,troca,2025-02-15 08:43:19.948940,2025-02-16 11:43:19.948940,4,55.47
4369,PED-73180,chat,Entrega,2026-01-09 03:11:49.107293,2026-01-11 06:11:49.107293,5,48.7
4370,PED-15975,Email,Troca,2025-07-04 07:51:40.026330,2025-07-05 17:51:40.026330,1,57.53
4371,PED-74700,chat,Troca,2025-05-12 15:08:19.947680,2025-05-14 20:08:19.947680,1,59.67
4372,PED-21946,Chat,Pagamento,2025-12-21 13:35:42.908072,2025-12-24 08:35:42.908072,1,58.64
4373,PED-95780,Chat,Troca,2025-02-07 23:53:17.737574,2025-02-10 23:53:17.737574,1,51.66
4374,PED-31174,Chat,troca,2025-02-24 13:14:18.026622,2025-02-27 22:14:18.026622,5,35.9
4375,PED-64656,Chat,Pagamento,2026-01-20 04:52:39.507188,2026-01-22 07:52:39.507188,5,59.96
4376,PED-19483,Chat,troca,2025-07-20 06:30:43.534818,2025-07-24 03:30:43.534818,3,12.94
4377,PED-36289,Email,Entrega,2025-03-29 22:43:50.256064,2025-04-02 22:43:50.256064,3,35.44
4378,PED-17853,chat,Entrega,2025-04-11 20:01:19.026770,2025-04-12 13:01:19.026770,2,9.11
4379,PED-72659,Chat,Pagamento,2025-11-27 03:03:45.717800,2025-11-27 08:03:45.717800,5,10.48
4380,PED-60090,Chat,Troca,2025-07-04 06:37:04.837098,2025-07-07 01:37:04.837098,3,48.3
4381,PED-21325,Telefone,Troca,2025-12-23 18:21:28.794739,2025-12-24 04:21:28.794739,2,53.23
4382,PED-22813,Email,Troca,2025-06-12 23:33:30.462321,2025-06-16 15:33:30.462321,2,21.69
4383,PED-97688,Chat,troca,2025-09-01 20:02:22.418064,2025-09-04 05:02:22.418064,5,35.56
4384,PED-21569,Email,Troca,2025-08-21 06:00:50.175389,2025-08-24 15:00:50.175389,1,12.29
4385,PED-70211,Email,Entrega,2025-04-15 12:25:24.214643,2025-04-18 06:25:24.214643,2,54.98
4386,PED-19841,chat,Pagamento,2025-06-08 06:22:24.376548,2025-06-11 21:22:24.376548,4,51.7
4387,PED-74337,Telefone,Entrega,2025-08-31 22:22:48.532541,2025-09-02 19:22:48.532541,4,15.31
4388,PED-41305,Chat,Troca,2025-02-22 10:32:58.277426,2025-02-22 17:32:58.277426,4,21.59
4389,PED-96195,Telefone,Troca,2025-08-30 19:19:51.404433,2025-08-31 07:19:51.404433,5,59.93
4390,PED-42702,chat,Troca,2025-03-04 13:55:46.397026,2025-03-05 08:55:46.397026,3,20.62
4391,PED-19979,chat,Troca,2025-10-14 18:36:27.331906,2025-10-14 22:36:27.331906,3,16.98
4392,PED-63865,Telefone,troca,2025-10-16 01:57:40.709015,2025-10-16 05:57:40.709015,4,8.65
4393,PED-43196,Email,Entrega,2025-10-04 12:37:52.878150,2025-10-07 08:37:52.878150,2,59.91
4394,PED-95981,Telefone,Entrega,2025-11-28 22:58:13.664295,2025-11-29 18:58:13.664295,1,5.11
4395,PED-57616,Email,Pagamento,2025-08-30 01:41:36.652162,2025-09-02 08:41:36.652162,1,56.38
4396,PED-86513,Email,Entrega,2025-09-09 17:08:08.873782,2025-09-12 02:08:08.873782,4,26.47
4397,PED-76412,chat,Troca,2025-12-19 13:24:52.341750,2025-12-20 23:24:52.341750,1,25.31
4398,PED-92400,Email,Pagamento,2025-07-01 04:36:57.606353,2025-07-04 05:36:57.606353,4,24.13
4399,PED-62676,chat,Entrega,2025-08-12 19:25:52.690413,2025-08-16 05:25:52.690413,3,47.81
4400,PED-29089,chat,Pagamento,2025-05-30 11:03:07.180754,2025-05-31 22:03:07.180754,1,30.06
4401,PED-62980,chat,Entrega,2025-07-30 11:56:18.006460,2025-08-01 10:56:18.006460,4,25.18
4402,PED-60171,Chat,Pagamento,2025-04-08 01:11:11.920547,2025-04-09 08:11:11.920547,1,41.48
4403,PED-48543,Email,Troca,2025-09-06 22:33:56.851008,2025-09-07 06:33:56.851008,2,5.28
4404,PED-76747,Telefone,troca,2025-12-24 12:45:13.071750,2025-12-26 10:45:13.071750,3,7.23
4405,PED-77102,Telefone,Troca,2025-03-12 23:28:51.053647,2025-03-16 14:28:51.053647,1,5.19
4406,PED-63982,Telefone,Troca,2025-10-23 23:39:46.886259,2025-10-27 06:39:46.886259,3,59.36
4407,PED-23145,Telefone,troca,2025-07-30 04:06:15.040589,2025-08-03 03:06:15.040589,5,12.74
4408,PED-63430,chat,troca,2025-08-29 21:46:30.501853,2025-09-01 07:46:30.501853,5,44.61
4409,PED-56029,chat,troca,2025-11-24 20:05:00.127496,2025-11-25 09:05:00.127496,2,12.86
4410,PED-33721,chat,troca,2025-11-28 02:08:35.568816,2025-11-28 18:08:35.568816,3,5.72
4411,PED-71740,Email,troca,2026-01-19 10:00:33.169108,2026-01-20 19:00:33.169108,5,15.59
4412,PED-87470,Email,Troca,2025-08-16 01:39:16.458344,2025-08-19 04:39:16.458344,1,20.01
4413,PED-82645,Email,Pagamento,2025-06-13 15:43:54.200897,2025-06-13 17:43:54.200897,5,49.14
4414,PED-58893,Chat,Troca,2025-10-03 22:16:17.265300,2025-10-05 01:16:17.265300,2,24.09
4415,PED-51211,chat,Entrega,2025-06-15 05:37:17.582883,2025-06-15 06:37:17.582883,4,56.02
4416,PED-94296,chat,Troca,2025-05-08 05:17:00.880263,2025-05-09 00:17:00.880263,4,20.91
4417,PED-97150,Email,Pagamento,2025-04-05 05:05:31.637467,2025-04-08 12:05:31.637467,5,58.93
4418,PED-70864,chat,Troca,2025-06-20 14:02:40.493726,2025-06-23 16:02:40.493726,2,55.96
4419,PED-19540,Chat,Entrega,2025-03-01 06:24:23.370590,2025-03-01 06:24:23.370590,1,39.21
4420,PED-53178,chat,Entrega,2025-07-02 14:44:57.512331,2025-07-06 07:44:57.512331,1,38.73
4421,PED-26547,Chat,Entrega,2025-09-25 00:01:25.330290,2025-09-28 23:01:25.330290,3,30.82
4422,PED-69524,Email,troca,2025-10-03 10:05:14.735900,2025-10-05 12:05:14.735900,5,7.0
4423,PED-94090,chat,Troca,2025-11-21 04:43:28.257995,2025-11-21 12:43:28.257995,4,17.21
4424,PED-75237,Chat,troca,2026-01-22 06:17:30.122561,2026-01-24 00:17:30.122561,4,35.71
4425,PED-25126,chat,Troca,2025-06-28 05:01:39.397286,2025-07-02 05:01:39.397286,2,50.31
4426,PED-68278,Email,troca,2025-03-03 10:07:36.943176,2025-03-06 15:07:36.943176,4,37.79
4427,PED-51803,Email,Entrega,2025-03-30 05:33:59.970548,2025-03-30 04:33:59.970548,3,55.32
4428,PED-87641,Email,Troca,2025-12-27 09:35:24.232932,2025-12-29 06:35:24.232932,5,46.78
4429,PED-85486,Chat,Pagamento,2025-06-03 12:09:45.772777,2025-06-04 09:09:45.772777,5,58.06
4430,PED-93575,Chat,Entrega,2026-01-18 13:22:51.416759,2026-01-21 11:22:51.416759,3,54.16
4431,PED-89657,Telefone,Troca,2025-04-28 21:02:54.654192,2025-05-01 13:02:54.654192,4,8.67
4432,PED-60922,Email,Pagamento,2025-05-11 10:07:30.598693,2025-05-11 14:07:30.598693,4,18.23
4433,PED-45830,Email,Pagamento,2025-09-14 13:24:31.908033,2025-09-16 20:24:31.908033,1,9.56
4434,PED-28861,Telefone,Pagamento,2025-03-04 08:58:42.992678,2025-03-05 22:58:42.992678,1,55.95
4435,PED-97016,Chat,Entrega,2025-10-21 21:50:18.600844,2025-10-24 00:50:18.600844,5,54.44
4436,PED-28351,Email,troca,2025-12-01 03:33:23.451201,2025-12-01 08:33:23.451201,1,33.16
4437,PED-72771,Telefone,troca,2025-05-30 19:18:28.695061,2025-05-31 17:18:28.695061,5,51.69
4438,PED-45304,Email,Pagamento,2025-05-24 01:42:33.516576,2025-05-25 12:42:33.516576,4,52.28
4439,PED-52350,Chat,Entrega,2025-09-18 14:29:04.235779,2025-09-19 11:29:04.235779,2,18.22
4440,PED-42837,chat,troca,2025-11-24 03:19:14.195129,2025-11-24 19:19:14.195129,3,33.18
4441,PED-14182,Email,Troca,2025-09-06 13:07:03.187495,2025-09-10 13:07:03.187495,4,44.02
4442,PED-24497,Email,Entrega,2025-05-10 18:46:32.708081,2025-05-12 07:46:32.708081,2,56.83
4443,PED-88689,Chat,Entrega,2025-11-16 03:12:20.715513,2025-11-18 03:12:20.715513,5,23.59
4444,PED-46934,Chat,Pagamento,2025-10-29 11:00:17.783298,2025-10-31 19:00:17.783298,2,50.88
4445,PED-59653,Chat,troca,2025-11-14 08:37:19.325533,2025-11-17 06:37:19.325533,3,14.05
4446,PED-18052,chat,troca,2025-08-24 11:11:16.660856,2025-08-26 18:11:16.660856,2,41.14
4447,PED-54294,Email,Entrega,2025-07-30 00:41:13.785125,2025-08-02 05:41:13.785125,2,56.2
4448,PED-52225,chat,Pagamento,2025-10-09 03:15:37.425417,2025-10-09 11:15:37.425417,2,7.53
4449,PED-28326,Telefone,Pagamento,2025-08-10 21:30:09.723504,2025-08-10 21:30:09.723504,2,54.77
4450,PED-90902,Chat,Pagamento,2025-07-08 07:08:05.936930,2025-07-11 21:08:05.936930,2,10.46
4451,PED-30574,chat,troca,2026-02-03 00:40:22.083164,2026-02-04 11:40:22.083164,1,21.61
4452,PED-70818,chat,Troca,2025-02-23 14:34:01.061653,2025-02-25 16:34:01.061653,3,42.65
4453,PED-33080,Telefone,Pagamento,2025-05-04 14:00:38.547953,2025-05-07 15:00:38.547953,5,16.55
4454,PED-61932,chat,troca,2025-04-30 11:50:48.191527,2025-04-30 09:50:48.191527,3,46.33
4455,PED-25874,chat,troca,2025-02-16 01:43:20.229637,2025-02-17 02:43:20.229637,5,7.48
4456,PED-56962,Chat,troca,2026-01-24 16:54:34.721918,2026-01-27 10:54:34.721918,2,7.48
4457,PED-98004,Chat,Troca,2025-07-28 02:15:31.712625,2025-07-28 12:15:31.712625,5,18.16
4458,PED-37740,Email,troca,2025-07-07 21:56:37.343558,2025-07-09 02:56:37.343558,4,38.23
4459,PED-89128,Chat,Troca,2026-01-02 15:26:32.557088,2026-01-02 23:26:32.557088,1,40.54
4460,PED-86253,Email,Pagamento,2026-01-30 21:50:04.368343,2026-01-31 18:50:04.368343,1,25.72
4461,PED-54631,Telefone,Entrega,2025-09-19 17:39:01.791024,2025-09-20 14:39:01.791024,4,8.52
4462,PED-58295,Email,Entrega,2025-06-02 00:07:53.907560,2025-06-05 20:07:53.907560,1,44.99
4463,PED-91480,chat,troca,2025-02-23 12:42:28.228686,2025-02-26 12:42:28.228686,1,20.71
4464,PED-38468,chat,troca,2025-10-29 11:33:21.986629,2025-10-31 05:33:21.986629,1,57.93
4465,PED-92250,Telefone,Pagamento,2025-03-03 20:29:08.724044,2025-03-07 05:29:08.724044,5,47.26
4466,PED-53450,Telefone,Entrega,2025-04-23 20:24:48.513025,2025-04-25 06:24:48.513025,4,45.37
4467,PED-68187,Chat,Troca,2026-02-02 17:28:32.641473,2026-02-03 22:28:32.641473,5,21.26
4468,PED-56234,chat,Troca,2025-06-26 09:04:37.273223,2025-06-30 07:04:37.273223,1,41.85
4469,PED-66086,Telefone,Pagamento,2025-05-21 20:16:28.093644,2025-05-24 09:16:28.093644,3,8.21
4470,PED-96354,Telefone,Pagamento,2025-11-25 01:34:00.010658,2025-11-25 21:34:00.010658,1,11.88
4471,PED-30987,Chat,Entrega,2025-11-12 13:44:32.238960,2025-11-15 12:44:32.238960,4,35.11
4472,PED-96793,Chat,Troca,2025-06-26 07:57:38.107152,2025-06-28 09:57:38.107152,2,12.26
4473,PED-98496,Chat,Pagamento,2025-08-06 04:20:55.987754,2025-08-06 10:20:55.987754,4,39.43
4474,PED-67907,Chat,Pagamento,2026-01-09 11:55:07.208396,2026-01-13 00:55:07.208396,4,39.79
4475,PED-53948,chat,troca,2025-02-28 00:05:49.869180,2025-03-01 00:05:49.869180,2,15.91
4476,PED-26135,Email,troca,2025-12-28 16:42:57.314650,2025-12-31 04:42:57.314650,1,52.8
4477,PED-93330,Email,Entrega,2025-04-08 11:38:15.799342,2025-04-10 09:38:15.799342,4,17.14
4478,PED-20982,Chat,Entrega,2025-10-30 07:24:56.399005,2025-11-01 20:24:56.399005,2,38.35
4479,PED-12827,Chat,Troca,2025-12-03 00:12:38.074917,2025-12-03 22:12:38.074917,2,29.95
4480,PED-42198,chat,troca,2025-10-06 23:52:47.976441,2025-10-08 16:52:47.976441,1,16.39
4481,PED-67324,Email,Pagamento,2025-05-07 08:53:00.714570,2025-05-08 15:53:00.714570,4,38.69
4482,PED-72750,Email,Troca,2025-10-04 00:26:29.976696,2025-10-04 14:26:29.976696,4,41.25
4483,PED-99523,Telefone,Pagamento,2025-04-30 19:14:07.736387,2025-05-01 18:14:07.736387,3,36.36
4484,PED-37565,chat,Troca,2025-05-15 07:53:24.232430,2025-05-17 00:53:24.232430,1,10.41
4485,PED-97464,Chat,Pagamento,2025-02-27 13:34:45.922914,2025-02-28 22:34:45.922914,3,14.0
4486,PED-61500,Email,troca,2025-02-15 00:56:25.377028,2025-02-17 04:56:25.377028,4,29.48
4487,PED-58339,Chat,troca,2026-01-17 08:02:18.443738,2026-01-18 10:02:18.443738,4,15.07
4488,PED-51408,Email,troca,2025-04-17 05:09:40.495080,2025-04-18 14:09:40.495080,2,31.9
4489,PED-98164,Telefone,Entrega,2025-12-24 09:51:26.834995,2025-12-26 05:51:26.834995,4,38.75
4490,PED-44102,Telefone,Entrega,2026-01-31 10:05:29.388592,2026-02-02 12:05:29.388592,5,28.42
4491,PED-46527,Email,Entrega,2025-10-24 18:04:30.394593,2025-10-25 13:04:30.394593,1,6.19
4492,PED-91982,chat,Entrega,2025-07-15 13:01:12.363619,2025-07-17 15:01:12.363619,1,57.72
4493,PED-26988,Telefone,Entrega,2025-07-08 18:14:12.301611,2025-07-11 18:14:12.301611,4,34.36
4494,PED-24399,chat,Troca,2026-01-18 06:10:15.815724,2026-01-19 22:10:15.815724,4,47.13
4495,PED-68629,Telefone,Pagamento,2025-07-29 12:27:02.967681,2025-08-02 10:27:02.967681,2,37.85
4496,PED-51887,Chat,Pagamento,2025-02-21 10:00:29.578871,2025-02-22 13:00:29.578871,5,47.77
4497,PED-99760,Email,troca,2026-01-29 02:21:08.088901,2026-01-30 08:21:08.088901,1,12.2
4498,PED-49473,Telefone,Entrega,2025-09-06 12:18:31.147010,2025-09-07 00:18:31.147010,1,15.23
4499,PED-48365,Telefone,Pagamento,2025-09-12 23:02:57.258029,2025-09-13 22:02:57.258029,5,59.12
4500,PED-97573,Chat,Entrega,2025-09-05 09:15:27.301890,2025-09-08 23:15:27.301890,3,58.49
