id_cliente,nome,email,sexo,data_nascimento,cidade,estado,data_cadastro,canal_aquisicao,tipo_cliente,score_credito
1,Thales Rocha,portobenicio@example.net,M,1957-10-18,Alves de Viana,SP,2024-11-27,Orgânico,PF,528
2,Lorena Melo,elisarocha@example.com,F,1952-06-19,Andrade,al,2024-04-05,Ads,PJ,858
3,Caleb Farias,manuellamendes@example.com,M,2007-03-05,da Cruz do Galho,pi,2023-11-20,Organico,PF,330
4,Maria Fernanda Cavalcanti,ralmeida@example.org,M,1992-10-04,Pastor de das Neves,GO,2025-06-29,ads,PJ,327
5,Liz Sales,lais41@example.org,F,1993-01-30,Silveira de Cunha,ms,2023-11-16,Social,pf,525
6,Sra. Manuela Nunes,waraujo@example.net,f,1982-10-15,da Paz,pr,2024-11-21,Orgânico,PF,463
7,Joaquim Correia,ana-julia50@example.com,f,1987-10-24,Moraes da Praia,Rio de Janeiro,2024-11-23,Orgânico,PF,520
8,Olívia Correia,zcostela@example.net,m,1974-10-10,Cirino,PE,2023-09-19,Ads,pf,399
9,Gustavo Henrique Azevedo,ana-vitoria03@example.com,m,2002-04-03,Cassiano,Pará,2026-01-17,Social,pf,344
10,Hadassa Farias,yalmeida@example.net,f,1944-03-25,Azevedo de Minas,ro,2024-06-24,Ads,pf,380
11,Rael Caldeira,frodrigues@example.org,m,1975-09-05,Monteiro,al,2023-12-01,Social,pf,891
12,Vitória Melo,leoleao@example.org,F,1978-08-18,Teixeira,rr,2023-04-10,Ads,PF,533
13,Eduarda Campos,wsiqueira@example.net,m,1946-04-27,Dias do Campo,PR,2025-08-18,ads,PF,689
14,Esther da Luz,matheus53@example.org,m,2002-07-02,Leão,Amapá,2024-01-04,Orgânico,PF,679
15,Renan da Conceição,ana-luiza00@example.net,m,1971-03-22,Almeida,RS,2023-10-29,Orgânico,PJ,373
16,Milena Pastor,theodoroda-luz@example.com,F,1960-06-14,Câmara do Galho,es,2024-06-18,ads,PF,773
17,Pedro Lucas Araújo,xfarias@example.net,f,1999-12-14,Fonseca,Minas Gerais,2024-09-09,Social,PF,632
18,Dr. Luiz Henrique Nascimento,montenegrobreno@example.org,M,1953-06-18,Novais da Praia,AM,2023-02-03,Ads,pf,710
19,Laura Nascimento,davi-miguel00@example.net,m,1946-10-28,Monteiro de Cassiano,RO,2026-01-28,ads,PJ,622
20,Camila Sales,malves@example.com,F,1950-03-29,Vargas do Campo,ac,2024-07-26,Organico,pf,769
21,Thomas Cavalcante,joaquim66@example.org,F,1985-09-17,Câmara,Paraná,2024-08-19,ads,PF,874
22,Lucas Gabriel Lopes,dante96@example.com,m,1968-06-03,Albuquerque de Novaes,sc,2023-03-06,Social,pf,897
23,Ravy Lima,gael-henriquecunha@example.com,f,1981-04-14,Correia do Oeste,Maranhão,2025-05-07,ads,PF,821
24,Dante Rodrigues,goncalvesmaria-clara@example.com,f,1996-03-31,da Mata,RN,2025-01-20,Ads,PF,456
25,Eduarda Cavalcanti,da-cruzantonio@example.com,F,1954-04-09,da Paz,ba,2024-08-03,Organico,PJ,365
26,Marcos Vinicius Oliveira,joao-lucas06@example.org,f,1977-12-14,Rodrigues,Roraima,2023-02-04,Social,pf,841
27,Gustavo Henrique Porto,livia58@example.net,m,1947-09-18,Gomes,se,2024-12-08,Ads,PJ,417
28,Guilherme Fogaça,aragaovalentim@example.com,m,1940-04-01,Souza do Galho,am,2024-04-09,Orgânico,PF,600
29,Marcos Vinicius Campos,benicio05@example.org,f,1983-03-23,Pimenta do Sul,PI,2024-01-10,Organico,PF,569
30,Antônio Porto,luiz-gustavofogaca@example.com,F,1973-01-30,Rocha,rn,2024-10-30,Ads,PJ,605
31,Noah Nascimento,joao-felipe67@example.com,F,1952-10-26,Freitas do Campo,RS,2023-07-22,Orgânico,PF,852
32,Ravi Vargas,ana-julia41@example.org,M,1964-08-12,Camargo,pa,2023-02-26,Orgânico,pf,319
33,Miguel Silveira,wda-rosa@example.org,M,1987-02-06,Cassiano,Acre,2023-08-24,Orgânico,PF,359
34,Esther Alves,joao-vitorsouza@example.org,F,1990-04-17,da Costa de Rezende,ma,2024-08-15,Ads,PF,797
35,Lunna Gonçalves,da-pazjose@example.net,M,1977-06-27,Vasconcelos,go,2023-06-14,ads,PF,786
36,Nicole Teixeira,pintotheodoro@example.com,F,1940-06-28,da Rosa,Maranhão,2023-04-02,Social,PJ,733
37,Alícia Camargo,flopes@example.net,F,1978-11-06,Fernandes,ma,2023-12-30,ads,PJ,619
38,Sr. Yago Lima,santoserick@example.org,f,1943-12-17,Lopes,es,2024-06-21,Orgânico,pf,829
39,Eloá Fogaça,xvasconcelos@example.net,f,1961-08-17,da Paz,BA,2025-08-24,ads,PF,365
40,Ryan Cirino,scaldeira@example.com,m,1950-08-11,Câmara de Fernandes,DF,2023-05-25,Social,PJ,535
41,João Gabriel Ferreira,sophianovais@example.net,F,1997-02-01,Melo de Rocha,SC,2025-07-30,Ads,PJ,360
42,Marcelo da Rosa,isisfreitas@example.com,F,1979-12-16,Fernandes,AC,2024-12-30,Ads,pf,372
43,Maria Clara Mendes,dpinto@example.com,F,1998-08-15,Brito das Flores,Roraima,2023-11-04,Organico,PF,852
44,Sophie Freitas,diegoborges@example.net,F,1998-01-17,Cavalcanti,am,2024-07-07,Social,PJ,784
45,Mathias Barbosa,sophia54@example.org,F,1946-10-03,Rodrigues dos Dourados,Santa Catarina,2023-06-14,Organico,PF,396
46,Dr. Guilherme Sales,saragao@example.org,M,1943-04-12,da Mata,sc,2025-07-26,Organico,pf,733
47,Sra. Isadora Peixoto,heitorda-paz@example.org,f,2006-08-18,Rezende,Espírito Santo,2023-05-23,Ads,PJ,400
48,Ísis da Paz,hpimenta@example.com,M,1975-03-15,Sampaio de Goiás,Minas Gerais,2025-09-08,Orgânico,PF,554
49,Sr. Luigi Nogueira,ocamara@example.com,F,1996-03-28,Pinto Grande,PB,2024-05-13,Social,pf,443
50,Sarah Moraes,fernandesmaria-vitoria@example.net,f,1989-08-30,Cavalcanti,BA,2025-04-30,Orgânico,pf,555
51,Gustavo Henrique Gomes,emonteiro@example.org,M,1950-01-07,Vasconcelos,Pará,2023-09-27,Social,PF,351
52,Brayan Peixoto,maria-laura23@example.org,M,1958-11-10,Macedo de Goiás,SE,2025-11-20,ads,PF,716
53,Bento Cardoso,pereiraana-julia@example.com,f,1981-07-16,Gonçalves,Roraima,2024-06-30,ads,pf,360
54,Liam Silveira,monteirojose-pedro@example.net,F,1951-09-01,Aragão,São Paulo,2025-12-28,Ads,pf,571
55,Thomas Cavalcante,olivia89@example.net,f,1977-09-12,Fonseca da Prata,Sergipe,2024-06-30,Organico,PJ,869
56,Emilly Barbosa,theodorosilva@example.org,f,1986-09-02,Sousa do Norte,SE,2024-01-02,ads,pf,522
57,Enrico Santos,rafaelgarcia@example.com,M,1955-10-31,Araújo do Campo,ba,2025-03-12,Social,PF,621
58,João Felipe Cavalcanti,gda-rocha@example.com,M,1965-05-11,Novaes Paulista,MS,2024-09-06,Social,pf,814
59,Aylla Rodrigues,mmarques@example.org,F,1994-06-17,Vasconcelos de Silva,DF,2024-06-25,Social,PF,490
60,Raul Pacheco,luiza95@example.com,M,1964-09-07,Sá,ro,2024-01-09,Ads,PJ,540
61,Dr. Felipe Jesus,ucorreia@example.com,f,1948-02-11,Sá,SE,2024-08-02,Social,PF,892
62,Raul Rezende,danteaparecida@example.org,M,2008-01-23,Melo,ms,2025-11-05,Ads,pf,897
63,Benício Nunes,montenegromaria-julia@example.net,m,1959-09-22,Camargo,Amazonas,2024-05-23,ads,PJ,621
64,Emanuella Moraes,maria-isispastor@example.com,F,1985-01-29,Novais,Amapá,2025-11-17,Organico,PF,607
65,Dra. Maysa Pastor,borgesisadora@example.com,f,1978-03-15,Casa Grande das Pedras,Alagoas,2023-03-20,Ads,PF,769
66,Liz Rios,da-rochaantonella@example.com,M,1972-12-16,da Costa das Pedras,GO,2024-05-31,Social,PF,818
67,Davi Luiz da Cunha,raul56@example.net,m,1993-11-14,Ferreira,AP,2026-01-20,Orgânico,PF,550
68,Mathias Fernandes,henryrios@example.com,m,1964-11-22,Farias do Galho,Espírito Santo,2023-09-26,ads,pf,856
69,Bruno da Rocha,agathapastor@example.com,m,1997-02-09,da Rosa do Oeste,ro,2023-02-12,Social,PF,867
70,Vitor Hugo Cassiano,meloisaque@example.com,m,1987-02-01,Duarte,rr,2024-09-18,Ads,PF,570
71,Marcelo Montenegro,mouralucas-gabriel@example.net,M,1946-04-28,Aragão,AC,2024-07-07,Social,PF,578
72,Isabel Montenegro,fvieira@example.org,m,1975-08-03,Andrade da Praia,es,2025-03-08,ads,PJ,651
73,Marcela Melo,anthony-gabrielguerra@example.com,F,2006-06-11,Caldeira da Praia,se,2023-04-03,Orgânico,PJ,800
74,Maitê Vieira,sjesus@example.com,m,1953-02-21,Fonseca do Norte,RR,2023-03-11,Ads,PJ,733
75,Sra. Rebeca Pastor,yasmin26@example.com,m,1942-06-29,da Paz,RN,2025-10-05,Ads,pf,433
76,Dra. Melissa Siqueira,afonseca@example.net,m,1978-07-16,Moreira,PE,2023-11-01,Organico,PJ,737
77,Dra. Luísa Barros,henry-gabrielmendes@example.org,M,1981-02-26,Porto,PA,2025-10-10,Ads,PJ,452
78,Diego Sá,davi-lucas49@example.com,M,2000-07-14,Moreira,Rio Grande do Sul,2023-05-01,Social,PJ,451
79,Lucas Gabriel da Rocha,ana-vitoria49@example.net,f,1940-05-29,Pacheco,PB,2025-03-19,Ads,pf,673
80,Leonardo Moraes,theo41@example.net,M,1982-02-06,da Mota,Santa Catarina,2025-08-19,ads,PJ,555
81,Marcos Vinicius Azevedo,isilveira@example.org,M,1957-03-02,Cassiano do Galho,Bahia,2024-02-08,Social,pf,458
82,Oliver Moura,raulsantos@example.net,F,1979-12-27,Peixoto,AL,2023-07-07,ads,pf,325
83,Raquel Almeida,helena10@example.com,F,1984-03-26,Casa Grande de Cirino,mg,2025-10-09,Orgânico,pf,554
84,Maria Vitória Aparecida,nogueiravitor@example.net,m,1994-01-12,da Costa,RR,2023-09-29,Ads,pf,339
85,Lucas Moraes,nogueiraguilherme@example.org,f,1970-05-08,Marques da Mata,SE,2023-06-09,ads,pf,658
86,Rafaela Pires,zcorreia@example.net,m,1957-03-12,Silva,PR,2024-10-13,ads,PF,497
87,Mariana da Rosa,leonardo38@example.org,f,1975-02-07,Caldeira dos Dourados,Espírito Santo,2025-03-21,Orgânico,PF,585
88,Vitor Gabriel da Paz,wsales@example.net,m,1982-12-02,Caldeira do Sul,al,2023-05-25,Social,pf,849
89,Sr. Rodrigo Vargas,benjamin37@example.net,m,1970-03-16,Câmara de Andrade,PB,2024-04-11,Ads,pf,482
90,Marcela Macedo,mateusribeiro@example.com,m,1995-12-11,Sampaio das Pedras,CE,2023-05-16,Ads,PJ,744
91,Arthur Miguel Monteiro,mendesbreno@example.net,m,1951-09-19,Camargo,go,2025-10-03,Orgânico,pf,823
92,Ana Brito,ana-juliamoura@example.org,M,1984-02-03,Rodrigues,Piauí,2024-04-24,Social,PF,560
93,Pietro Casa Grande,lavinia91@example.net,M,1956-11-10,Cavalcante,pi,2025-03-21,Organico,PF,832
94,João Miguel Garcia,borgesanthony@example.org,F,1965-06-15,Lima,Acre,2025-03-12,Organico,PF,638
95,Daniela Melo,joao-felipebrito@example.org,m,1967-06-01,Pastor de da Mata,df,2024-01-03,Ads,PJ,607
96,Luigi das Neves,emanuellaalbuquerque@example.com,m,1948-11-18,Leão,ap,2024-03-21,Organico,pf,712
97,Srta. Mariana Aparecida,davi13@example.net,m,2002-05-02,da Rosa de Guerra,mt,2024-11-05,ads,PF,730
98,Kamilly Martins,doliveira@example.org,f,1976-07-28,Silva,ba,2024-10-03,ads,PJ,882
99,Antonella Almeida,ravi-luccasilveira@example.net,m,1990-03-14,da Costa,Santa Catarina,2025-07-21,Social,PF,611
100,Sr. Diego Machado,cpastor@example.com,m,1958-12-21,Costela,MG,2025-10-28,Organico,PJ,629
101,Enzo Moreira,castrocarlos-eduardo@example.com,f,2003-07-21,Cunha,Ceará,2025-04-15,Organico,PJ,518
102,Ana Laura Ramos,beatriz40@example.org,f,1945-06-06,Silveira,df,2025-09-02,ads,PJ,386
103,Antony Marques,ester11@example.org,m,1999-05-08,Novais de Jesus,ro,2025-12-20,Social,pf,395
104,Danilo da Rosa,pedroda-costa@example.com,F,1963-05-18,Monteiro de Goiás,go,2026-01-22,Orgânico,PF,503
105,Levi Alves,iannovais@example.org,F,1980-09-12,Almeida,PI,2023-07-14,Ads,PF,786
106,Raquel Santos,hnunes@example.net,M,1953-08-27,Cunha da Prata,Ceará,2024-06-05,Organico,PJ,889
107,Cecilia Fogaça,xalves@example.org,F,1976-03-11,Gomes do Norte,pi,2024-03-09,Organico,pf,709
108,Brayan Pinto,eloaguerra@example.org,F,1949-11-27,Fonseca,RR,2024-02-06,Ads,PF,735
109,Henry Gabriel Pastor,krios@example.org,F,1980-01-14,Rodrigues,AC,2025-10-05,Social,pf,351
110,Maria Laura Rios,fernandesisabella@example.org,F,1995-12-02,Borges dos Dourados,MS,2024-05-27,Organico,PF,775
111,João Gabriel Lima,albuquerquedaniel@example.net,m,1999-10-19,Montenegro dos Dourados,São Paulo,2024-07-18,Social,PJ,816
112,Valentim Mendes,maria-eduarda61@example.net,f,1978-06-16,Carvalho de Minas,pi,2025-10-16,Organico,PF,786
113,Zoe Martins,miguelpinto@example.net,f,2006-03-24,da Rosa,Acre,2025-01-28,ads,PJ,583
114,Sarah Macedo,otavio43@example.com,f,1995-06-19,Lopes das Flores,ce,2024-12-19,ads,pf,750
115,Maria Clara Aragão,nfonseca@example.org,M,1997-05-10,Sá de Marques,se,2023-02-05,Orgânico,PF,578
116,Camila Cirino,fogacasofia@example.com,m,1964-05-17,Pastor,Rio Grande do Norte,2025-10-28,Social,PF,441
117,Levi Borges,xnovaes@example.net,F,1944-01-27,da Rocha,GO,2025-01-29,Organico,PJ,456
118,Ana Julia Pacheco,vandrade@example.org,F,1943-07-25,Gonçalves,GO,2025-06-18,Organico,pf,638
119,Arthur Nascimento,hlima@example.com,f,1963-10-05,Costa,Alagoas,2023-09-03,Ads,PF,730
120,Rodrigo Sá,isaquecunha@example.com,f,1946-06-08,da Rosa,al,2023-03-17,Ads,PJ,689
121,Sara Barbosa,marcelogoncalves@example.net,f,1965-05-20,Cardoso,RO,2025-03-01,Orgânico,pf,699
122,Zoe da Rosa,ana-vitoriamonteiro@example.net,f,1950-04-07,Camargo da Praia,ac,2024-01-14,Social,PJ,525
123,Pedro Henrique Viana,barbosathales@example.org,f,1957-08-18,Abreu,RS,2025-11-09,Orgânico,pf,797
124,Sr. Diogo Siqueira,ana-sophiamoreira@example.net,M,2001-09-12,Fogaça Paulista,Pernambuco,2023-11-27,Orgânico,PJ,714
125,Cecília da Conceição,sapietra@example.org,F,2002-01-03,Fonseca de Goiás,Roraima,2023-07-13,ads,PJ,846
126,Enzo Barros,moraesrael@example.net,M,1951-02-09,Nascimento Paulista,Paraná,2024-02-09,Social,PJ,327
127,Yago Rezende,agathanovaes@example.org,M,1964-04-07,Andrade do Norte,am,2024-04-19,Organico,PF,772
128,Davi Luiz Cassiano,piresmariana@example.net,F,1954-07-17,Andrade de Goiás,RJ,2024-02-29,Orgânico,pf,635
129,Heloísa Porto,antony02@example.com,F,1943-05-18,Pereira,Ceará,2023-02-04,Orgânico,pf,688
130,Srta. Stella Moura,ana-lauravargas@example.com,m,1979-11-06,Vasconcelos Grande,Amapá,2025-03-01,Orgânico,PF,781
131,Daniela Moura,ufarias@example.org,M,1979-11-19,Guerra,mg,2025-04-26,Social,PF,658
132,Jade Camargo,aparecidabento@example.net,F,1989-12-19,Jesus de Goiás,sp,2025-04-26,Ads,PJ,341
133,Hadassa Pastor,benicio23@example.com,M,1943-05-06,Cirino,MS,2023-10-12,ads,PF,456
134,Isadora Pacheco,daniloda-luz@example.org,F,1979-09-19,Fernandes do Campo,BA,2024-03-07,Organico,PJ,417
135,Davi Lucca Câmara,pnovais@example.com,F,1999-12-25,da Cunha de Costa,São Paulo,2023-04-30,Orgânico,pf,471
136,Davi Miguel Andrade,esterandrade@example.org,M,1999-07-01,Pastor do Oeste,PR,2023-11-22,Orgânico,PF,892
137,Maria Helena Fernandes,hsouza@example.com,M,1983-01-15,Barbosa Verde,Acre,2024-10-09,Social,PJ,684
138,Rebeca Nascimento,lorenzoaparecida@example.com,f,1960-10-19,Montenegro,rr,2023-10-05,ads,PF,548
139,Emanuelly Mendes,azevedobeatriz@example.org,M,1952-10-09,Alves,ma,2023-12-11,Orgânico,PJ,423
140,Vinicius Porto,vinicius81@example.net,M,2002-02-26,das Neves da Prata,São Paulo,2024-11-20,Social,pf,679
141,Vitor Gabriel Câmara,ramosthales@example.net,M,1987-06-12,da Rosa,ap,2025-11-08,Orgânico,PF,730
142,Nathan Moreira,ppimenta@example.com,f,1982-12-12,Pastor do Oeste,MT,2023-05-10,Organico,pf,770
143,Calebe Andrade,joanasousa@example.org,F,1974-11-22,Mendes,Bahia,2025-02-08,ads,PJ,834
144,Caroline Dias,hellena68@example.org,m,1955-09-05,Rezende do Sul,pb,2025-08-15,Social,pf,776
145,Srta. Ana Luiza Costela,sarahsilveira@example.com,f,1984-10-24,Castro da Serra,ma,2025-08-02,Social,pf,630
146,Gael Henrique da Conceição,rebeca29@example.org,F,1952-10-09,Guerra,MG,2023-05-11,Orgânico,pf,549
147,Sr. Anthony Gabriel Silveira,samuel91@example.net,f,1953-04-04,Araújo Alegre,pi,2025-10-22,Social,PJ,688
148,Rhavi da Rosa,pachecoleonardo@example.net,m,1972-12-02,Sales,MS,2024-01-07,Organico,pf,486
149,Stephany Caldeira,kdias@example.org,f,1998-08-06,Nunes,RO,2024-09-28,Orgânico,pf,648
150,Thiago Nunes,brunonogueira@example.net,m,1944-06-26,Monteiro,rs,2025-07-21,Orgânico,PJ,310
151,Kaique Nogueira,carlos-eduardocampos@example.com,F,1941-05-03,Camargo Verde,TO,2025-03-30,ads,PJ,716
152,Erick Leão,guerrajoao-vitor@example.com,f,1997-04-15,Campos de Minas,ac,2024-12-04,ads,PJ,787
153,Camila Santos,marquesapollo@example.net,f,1953-01-16,Rezende,Piauí,2023-06-02,Ads,PF,601
154,Maria Alice Monteiro,calebenunes@example.org,F,1950-03-26,Cirino,Rondônia,2025-01-04,ads,pf,895
155,Milena Caldeira,hadassa95@example.org,m,1955-08-11,Sales da Serra,Ceará,2024-08-28,Social,PJ,652
156,Gustavo Henrique Sá,falves@example.com,f,2005-07-01,Sá,pr,2024-09-10,Social,pf,660
157,Rebeca Porto,xmontenegro@example.com,f,1960-12-27,Costela de Goiás,Espírito Santo,2024-09-09,Orgânico,pf,536
158,Maria Luísa Correia,yancamara@example.net,M,1955-12-25,Barros do Galho,mg,2024-07-20,ads,pf,422
159,Rodrigo Moreira,ferreiramelissa@example.net,F,1943-10-13,Moraes,MT,2024-10-04,ads,PJ,795
160,Noah Alves,albuquerquemathias@example.com,m,1989-11-24,da Cunha Paulista,rs,2024-01-05,Social,PJ,589
161,Bárbara Macedo,gabriellyda-costa@example.net,M,1990-02-27,Lima,RR,2024-09-25,Orgânico,PF,669
162,Caio Nogueira,julia69@example.com,F,1988-11-26,Cirino,Espírito Santo,2025-02-25,Ads,PJ,846
163,Bryan Melo,lgoncalves@example.org,F,1960-06-06,da Rosa,Rio de Janeiro,2023-08-13,Ads,PF,866
164,Ana Cecília Macedo,piresluara@example.org,m,1954-02-27,das Neves,sc,2023-10-26,ads,PJ,802
165,Sr. Ravi Câmara,franciscogomes@example.org,M,1954-12-03,Barbosa do Galho,RJ,2025-08-28,Social,pf,780
166,Hellena Nogueira,caleb45@example.net,f,1955-05-30,Montenegro,Pará,2024-12-10,Orgânico,PF,352
167,Yago Silveira,gnascimento@example.org,m,1995-12-15,Barbosa da Serra,Santa Catarina,2026-01-27,Ads,PF,710
168,Aurora Gomes,igormachado@example.net,f,1980-12-31,Casa Grande Verde,RN,2024-05-24,Social,PJ,354
169,Maitê Cassiano,cunhabenjamin@example.net,F,1956-06-16,da Paz,CE,2026-01-08,Social,pf,387
170,Sra. Gabrielly Cavalcante,machadosabrina@example.net,F,1965-10-27,Vieira de Novaes,RO,2025-08-03,Social,pf,531
171,Dra. Ana Vitória Alves,anaferreira@example.net,f,1952-08-21,Almeida das Flores,Pará,2024-05-24,Organico,pf,739
172,Srta. Zoe Pereira,barroseloah@example.net,m,2001-09-13,Vieira da Serra,df,2023-08-29,Social,PF,401
173,Ravy Albuquerque,rodrigomoura@example.net,F,1983-10-18,Cavalcanti,mg,2025-12-28,ads,pf,383
174,Raquel Silva,ana-lauramendonca@example.org,F,1992-07-28,Costela,MA,2023-02-05,ads,PJ,376
175,Lorenzo Abreu,kaiquerodrigues@example.org,F,1984-04-29,Souza,SP,2024-01-26,Organico,pf,781
176,Maria Laura das Neves,macedoravi-lucca@example.net,m,1962-09-22,Carvalho de Azevedo,AP,2024-09-08,ads,pf,589
177,Sabrina Albuquerque,antonella73@example.net,f,1976-03-25,Costela do Amparo,SP,2024-09-07,ads,pf,502
178,Caio Melo,pvasconcelos@example.org,f,1988-01-09,Peixoto,RN,2025-09-06,Social,PF,452
179,João Gabriel Sales,halves@example.org,m,1982-06-20,Nogueira,MT,2023-09-24,Ads,PF,469
180,Gabriel Cardoso,hporto@example.org,m,1977-04-08,Gonçalves,pi,2025-07-29,Social,pf,749
181,Oliver Gonçalves,casa-grandeotto@example.com,M,1990-06-28,Jesus Alegre,Rio Grande do Sul,2023-09-20,Orgânico,PJ,712
182,Théo Sousa,vsouza@example.net,m,1995-01-01,Moura,rj,2025-01-13,Social,pf,748
183,Sra. Alícia Vieira,ecosta@example.org,M,1974-09-20,Guerra da Mata,ce,2024-01-10,Ads,pf,630
184,Milena Marques,borgesemanuella@example.org,m,1958-09-07,Ferreira das Pedras,TO,2023-02-03,Ads,PF,889
185,Paulo Costela,sara04@example.com,M,1975-09-04,Vasconcelos,am,2024-06-13,Orgânico,PJ,341
186,João Lucas Castro,livia18@example.org,F,1949-07-17,Lima,Maranhão,2024-04-03,Social,PJ,752
187,Igor Costela,benjaminpinto@example.org,m,1982-03-25,Costela,PE,2024-06-24,Social,pf,803
188,Dr. Davi Miguel Dias,monteirovicente@example.net,M,1971-08-20,Gonçalves,Bahia,2026-01-05,Orgânico,pf,641
189,Lucca Teixeira,josevasconcelos@example.com,m,1991-07-21,Santos das Flores,rr,2025-01-04,Ads,PF,637
190,Isabella Azevedo,beatriz08@example.com,f,1971-10-22,Nunes dos Dourados,ac,2024-03-21,Organico,pf,710
191,Brayan Pimenta,bryan33@example.org,M,1978-04-25,Rios,Alagoas,2025-10-21,Ads,pf,558
192,Bruna Monteiro,luigi29@example.org,m,1996-01-12,Peixoto,GO,2026-01-22,Organico,PJ,301
193,Dom Moura,ucampos@example.org,f,1964-05-11,Nogueira Paulista,Ceará,2023-09-16,Ads,PF,830
194,Sr. Diogo Vasconcelos,camilanunes@example.com,m,1982-01-09,da Rosa,pi,2024-05-03,Organico,PJ,752
195,Enzo Gabriel Caldeira,da-luzsophia@example.com,M,1996-10-14,da Paz Grande,RJ,2024-06-18,Orgânico,PJ,434
196,Olívia Martins,vianaanna-liz@example.com,m,1948-02-26,Gomes de Vieira,Piauí,2023-06-13,Organico,PF,329
197,José Abreu,zpimenta@example.com,F,1992-10-29,Brito,es,2025-09-08,ads,pf,864
198,Heloisa Guerra,kcirino@example.org,M,1948-06-23,Brito das Flores,pa,2024-04-01,Organico,PF,530
199,Rafaela Brito,santosdiogo@example.net,M,1962-01-29,Borges de Porto,Ceará,2025-08-18,Ads,PJ,457
200,Calebe Duarte,riosmaria-laura@example.org,f,1943-06-15,Fogaça do Campo,sc,2025-03-17,Orgânico,PJ,579
201,Heloísa Castro,unascimento@example.com,f,1999-04-27,Lopes,Mato Grosso,2025-02-15,Organico,PF,767
202,Alícia Rocha,fernando84@example.org,F,1972-01-28,Peixoto,Amazonas,2025-12-29,ads,PJ,820
203,Maria Luísa Caldeira,araujolivia@example.com,F,2006-10-15,Guerra,MA,2024-09-13,Orgânico,pf,648
204,Caio Mendonça,vargasluiz-henrique@example.net,m,1943-12-31,Campos,AC,2025-12-26,Orgânico,PJ,605
205,Arthur Azevedo,eloa53@example.net,f,1982-01-18,Abreu do Oeste,MA,2023-08-03,Organico,PJ,795
206,Laura Costela,antony99@example.com,m,1996-08-17,Moraes do Galho,Acre,2025-06-10,Social,PJ,686
207,Henry Lima,antonio92@example.com,f,1953-12-08,Souza,Piauí,2024-10-06,ads,PJ,544
208,Marcela Vieira,da-conceicaolara@example.org,f,1950-08-30,Pereira dos Dourados,ES,2024-01-16,Organico,PF,625
209,Luiz Fernando Rodrigues,andrademaria-isis@example.net,f,1994-01-31,da Conceição,rs,2026-01-01,Organico,pf,455
210,Mariah da Costa,monteiroluiza@example.net,f,1940-07-23,da Luz Alegre,MT,2024-06-29,ads,PJ,639
211,Vitória Costela,natalia33@example.org,M,1957-03-18,Pinto de Moreira,São Paulo,2023-10-03,Ads,PJ,767
212,Anthony Gabriel Martins,castrotheo@example.org,M,1943-10-04,da Conceição da Mata,pa,2023-12-31,ads,pf,458
213,Elisa Lima,cassianobruna@example.net,M,1954-12-08,Novaes das Pedras,São Paulo,2025-01-17,Orgânico,pf,707
214,Eduarda Cunha,lorena96@example.com,M,1961-11-01,Vargas,Piauí,2023-04-02,Social,pf,624
215,Srta. Alice da Cruz,jade01@example.com,f,1941-05-07,Guerra,es,2024-01-05,Ads,PJ,370
216,Milena Gonçalves,xda-mata@example.com,F,1969-04-02,da Rosa,am,2024-05-28,Orgânico,PF,392
217,Benício Pacheco,aalmeida@example.org,f,1942-12-11,Pires de Souza,SE,2024-03-31,Ads,pf,470
218,Sr. Henrique Ramos,kgoncalves@example.com,m,1965-05-18,Brito,DF,2024-01-11,Ads,pf,357
219,Henrique Costela,biancalima@example.net,m,1994-11-24,Monteiro Paulista,Goiás,2025-03-12,Orgânico,pf,449
220,Sr. Luiz Henrique Fogaça,caiofernandes@example.net,F,1949-12-11,Garcia,pb,2024-10-14,Organico,PJ,484
221,Marcela Gonçalves,vitor-gabriel47@example.net,F,1946-07-06,da Mata Paulista,GO,2024-09-09,Ads,PJ,691
222,Guilherme Ferreira,valentinalopes@example.net,F,1947-11-11,Dias das Pedras,São Paulo,2023-10-23,Social,PF,537
223,Erick Porto,bernardopinto@example.com,f,1957-04-24,Rezende do Galho,ap,2023-12-29,Orgânico,pf,561
224,Guilherme Novaes,nunesandre@example.com,M,1989-12-04,Marques,Mato Grosso do Sul,2024-10-29,Orgânico,PJ,859
225,Henry da Costa,bellapires@example.net,F,1986-05-12,Garcia,AP,2025-10-20,Organico,pf,606
226,Ayla Camargo,wteixeira@example.net,f,1972-02-14,Pastor,rs,2025-09-12,Orgânico,pf,609
227,Dom Garcia,leviduarte@example.org,F,1959-03-11,da Conceição de Sá,Tocantins,2024-01-28,Organico,PF,542
228,Vitor da Rocha,fernanda96@example.com,f,1940-10-20,Alves,df,2025-07-20,Orgânico,PJ,602
229,Aylla Caldeira,xda-costa@example.net,m,1962-06-22,Rodrigues,BA,2025-02-21,Organico,pf,308
230,Matheus Barbosa,heloisa77@example.org,M,1985-09-17,da Mata,pr,2023-10-20,Organico,pf,535
231,Maria Alice Cavalcante,dcastro@example.org,m,1960-11-28,Silveira dos Dourados,PI,2024-07-04,ads,PJ,556
232,Matteo Sá,vinicius69@example.net,F,1943-03-28,Mendes,ap,2025-11-20,Ads,PJ,340
233,Giovanna Pereira,lais67@example.org,m,1954-02-28,Gonçalves,Santa Catarina,2024-09-01,Ads,PJ,673
234,Natália Alves,yduarte@example.net,F,1952-07-27,Rodrigues,BA,2023-04-19,Orgânico,pf,725
235,Gabriela Leão,lsa@example.org,F,1970-12-09,da Cunha,RR,2024-09-02,ads,PJ,674
236,Luiz Fernando Ferreira,luanaazevedo@example.com,m,1963-06-16,Cavalcante,CE,2024-11-20,Orgânico,pf,602
237,Julia da Rocha,ununes@example.net,m,1948-10-28,Cavalcante,AL,2023-05-10,Organico,PF,444
238,Carlos Eduardo Cirino,ana-clara43@example.com,F,1945-01-24,Gonçalves,sc,2025-03-21,Organico,PJ,674
239,Josué Mendes,enzo-gabriel41@example.com,M,1997-06-15,Cunha,Rondônia,2024-04-02,Ads,pf,849
240,Rafael Guerra,anthony97@example.org,M,1963-11-18,Melo,Minas Gerais,2023-04-25,Orgânico,PJ,568
241,Liam da Mota,arthur39@example.org,f,1977-08-27,Sampaio,mt,2025-02-23,Orgânico,PF,539
242,Davi Luiz Rios,manuela85@example.net,f,1963-09-10,Pinto,AC,2023-06-10,Social,PJ,635
243,Dr. Anthony Gabriel Ribeiro,oliveirafernanda@example.com,F,1958-12-15,Vasconcelos do Galho,es,2025-03-05,Ads,PJ,775
244,Valentim Ramos,apollo16@example.org,m,2004-02-09,Câmara,al,2023-03-26,Organico,PF,443
245,Sr. Rael Gonçalves,cauacasa-grande@example.org,M,1956-07-23,Azevedo,PA,2023-04-16,Orgânico,pf,418
246,Catarina Viana,davi-lucaspimenta@example.com,M,1995-10-24,Lima,PI,2025-06-28,Social,PF,697
247,Letícia Cassiano,ana-luizaduarte@example.net,f,1940-07-25,Cirino Verde,Maranhão,2025-03-30,Social,pf,458
248,Sophie Farias,peixotopedro-lucas@example.org,f,1983-11-25,Pereira,ce,2023-08-17,Ads,pf,717
249,Maria Alice Pinto,lais35@example.com,m,1979-04-20,Silveira,DF,2025-03-16,Orgânico,PF,754
250,Renan Silva,cassianoluiza@example.org,f,2003-01-17,Lopes,PA,2025-06-29,Orgânico,PF,676
251,Marcela Nascimento,mateusfernandes@example.com,m,1960-11-28,Aragão de Silveira,ES,2025-12-08,Organico,pf,494
252,Isabela Guerra,antonellaalves@example.com,M,1972-04-06,Novaes,Santa Catarina,2025-04-24,Ads,PJ,517
253,Melina Correia,luizasousa@example.net,M,2004-03-01,Aragão da Mata,RN,2025-07-12,Orgânico,PF,428
254,Evelyn da Conceição,bferreira@example.org,F,1991-09-01,Borges de Machado,BA,2024-03-25,Social,PF,900
255,Dr. Kaique Araújo,ncarvalho@example.com,F,1961-11-27,Ribeiro do Galho,PR,2023-12-14,Orgânico,PF,302
256,Ravi Mendes,anna-liz06@example.net,m,1984-01-08,Pereira Grande,RS,2023-11-16,ads,PJ,556
257,Marcela Fernandes,leonardofarias@example.com,F,1969-11-13,Dias da Praia,PB,2023-07-28,Ads,PF,315
258,Milena Rodrigues,dom37@example.net,m,1987-07-05,Oliveira Paulista,SP,2025-03-20,Social,pf,316
259,Catarina Leão,joao-felipeaparecida@example.org,F,1949-01-19,Brito,Ceará,2024-02-17,Ads,PF,731
260,Camila Lopes,enzo26@example.org,M,2007-03-02,Sousa,pe,2023-03-23,Ads,pf,759
261,Ester Costa,ceciliacostela@example.net,m,1953-04-05,Nascimento Alegre,al,2025-10-01,Social,PF,762
262,Sr. Ryan Borges,caldeirapedro-lucas@example.net,F,1962-10-01,Lopes,ma,2025-12-01,Ads,PJ,833
263,Heloisa Lopes,melissasilva@example.org,m,1940-08-26,Moreira,Mato Grosso,2024-01-22,Ads,PF,790
264,Gustavo Henrique Cavalcante,cmachado@example.com,f,1977-05-16,Silveira,Sergipe,2025-03-05,Ads,pf,754
265,Isis Moraes,oda-rosa@example.org,M,1985-12-18,Nunes,RN,2023-03-25,Orgânico,PJ,451
266,Ana Carolina Sampaio,heloisacampos@example.net,M,1997-01-10,Vargas,MT,2025-01-26,Orgânico,PJ,899
267,Erick Novaes,imacedo@example.org,m,1986-01-13,Correia,Paraíba,2025-08-02,Social,PJ,601
268,Ana Julia da Mota,aragaobarbara@example.org,f,1968-10-31,Costa do Norte,go,2024-02-23,Social,pf,401
269,Larissa Barbosa,heloisaduarte@example.org,M,1953-04-26,Rocha,sc,2026-01-30,Social,PJ,520
270,Agatha Guerra,davi-lucca02@example.com,f,1950-03-08,da Mata da Praia,Paraná,2023-09-16,ads,pf,647
271,Léo Garcia,caldeiraana-sophia@example.com,f,1967-12-04,Castro das Flores,Amapá,2024-05-17,Organico,PJ,397
272,Maria Luísa Novaes,maria-fernandamontenegro@example.com,m,1979-03-05,Porto,Rio Grande do Norte,2023-12-24,Orgânico,PJ,561
273,Dr. Alexandre Macedo,aliciaaragao@example.com,m,1971-09-03,Costa de Minas,SP,2024-11-29,Organico,PF,393
274,Isaac Cardoso,maria-alice95@example.com,M,1948-06-07,Albuquerque,SC,2023-09-15,Organico,PF,681
275,Maria Luiza Pastor,mirella47@example.org,F,1990-03-29,Barbosa,ac,2023-04-03,Ads,PJ,875
276,Emanuel Moraes,leonardo17@example.net,m,1991-08-05,Pimenta do Sul,sc,2023-10-25,Ads,pf,662
277,Giovanna Moreira,vasconcelosjoao-pedro@example.org,f,1961-08-15,Aparecida de Moreira,rr,2023-06-20,Ads,pf,619
278,Yago Duarte,ester65@example.net,m,1996-09-16,Almeida,TO,2023-08-06,Social,PJ,517
279,Sra. Maria Laura Almeida,danielda-conceicao@example.org,F,1944-10-19,Silva do Norte,sp,2024-08-17,Organico,PF,410
280,Manuela da Costa,lmarques@example.com,m,2003-08-07,Ramos do Galho,es,2024-08-31,Orgânico,PF,585
281,Milena Mendes,lcaldeira@example.com,F,1969-09-16,Brito,Mato Grosso do Sul,2024-05-01,Social,PJ,870
282,Bella Souza,oda-cunha@example.net,M,1987-11-17,da Luz,pa,2023-09-08,Orgânico,PF,484
283,Jade Pinto,joaquimda-rocha@example.com,m,1984-08-01,Ferreira de Rios,am,2023-05-28,Orgânico,pf,659
284,Srta. Maria Helena Montenegro,estherda-rosa@example.net,M,1991-02-16,Sales da Prata,TO,2024-07-13,ads,PJ,710
285,Dr. Bento Moura,larissamonteiro@example.net,M,1977-08-19,Gomes de Minas,RO,2023-06-12,Ads,PF,843
286,Nicole Cardoso,lucas59@example.org,F,1995-09-17,da Mata,Maranhão,2023-12-18,Organico,pf,649
287,Gabrielly Nogueira,antony25@example.com,F,1986-09-10,Mendonça do Galho,Acre,2024-10-13,Orgânico,PJ,632
288,Olivia Machado,alexandre13@example.org,M,1977-03-14,Ribeiro de Sousa,AL,2024-12-27,ads,PF,350
289,Maria Flor Siqueira,clarice96@example.com,M,1984-06-23,Macedo do Amparo,Rio Grande do Sul,2024-08-01,Organico,PJ,734
290,Sr. Ryan Pinto,talmeida@example.org,f,1999-11-19,Novaes do Sul,pe,2024-02-14,Organico,pf,579
291,João Gabriel Vargas,borgeshadassa@example.net,F,1973-10-08,Fogaça de da Mata,ma,2023-08-17,Ads,pf,740
292,Sr. Juan da Luz,zcampos@example.net,M,1941-09-05,Rodrigues da Prata,Paraná,2024-05-23,Social,pf,839
293,Sra. Bruna da Rosa,anthony01@example.net,m,1993-05-12,Porto,AM,2023-10-20,ads,pf,356
294,João Miguel Duarte,rochaclara@example.org,M,1979-05-19,Lima das Flores,AL,2024-02-06,Orgânico,PF,440
295,Catarina Cunha,laviniavieira@example.org,m,1950-11-10,da Rocha Alegre,Goiás,2023-04-01,Orgânico,PF,307
296,Lorena Cardoso,scosta@example.com,f,1940-04-20,Fonseca,sc,2023-06-20,Organico,PF,432
297,Antônio Rios,jpinto@example.org,f,1981-05-04,Aparecida do Galho,go,2023-06-16,ads,PJ,872
298,Davi Lucas Vieira,mrios@example.net,m,1962-09-10,Marques,SC,2024-05-05,Organico,PJ,343
299,Sr. Otávio Cassiano,gcavalcanti@example.net,f,1956-09-21,Marques de Rodrigues,ES,2024-01-16,Organico,PF,620
300,Yasmin Pimenta,mariana85@example.net,f,1980-05-07,Farias das Pedras,ce,2023-05-30,Organico,PJ,727
301,Ana Albuquerque,gaelcarvalho@example.org,m,1950-01-04,Pires da Praia,GO,2024-11-03,Organico,PF,632
302,Gabrielly Macedo,sophiafonseca@example.com,F,1987-12-19,Silveira,rj,2025-10-03,Organico,PJ,670
303,Gael Leão,arthur-gabrielfreitas@example.net,M,1981-07-05,Barros,Rondônia,2023-05-17,Ads,PF,746
304,Pietro da Mota,otto15@example.net,f,1980-01-29,da Rosa,ap,2025-04-03,Ads,pf,617
305,Dra. Ana da Conceição,raulsales@example.org,m,1971-10-22,da Cunha,MG,2025-12-17,Orgânico,PF,378
306,Vinicius Gonçalves,erickda-luz@example.org,M,1950-03-09,Pimenta,pe,2025-06-24,Social,PF,657
307,Maria Luísa Caldeira,aragaootavio@example.org,m,1958-06-14,da Cruz,rj,2025-06-17,ads,PF,405
308,Augusto Cirino,xrios@example.org,F,1972-10-03,da Cruz da Praia,Mato Grosso do Sul,2024-04-26,ads,PF,456
309,Kamilly Rios,theo56@example.com,M,1998-06-21,da Cunha do Campo,PA,2025-10-29,Organico,pf,877
310,Gabrielly Duarte,da-luzluiz-felipe@example.com,f,1964-07-19,Mendes,pa,2025-10-28,Social,PJ,630
311,Léo Pastor,ana-laura94@example.com,m,2001-08-11,Gonçalves,SE,2023-08-10,Organico,PF,780
312,Yago Novaes,sampaioisis@example.net,f,1972-05-02,Fonseca do Oeste,al,2023-12-25,Orgânico,pf,357
313,Esther Nunes,marquescalebe@example.org,m,1950-08-11,Camargo,pe,2024-09-17,Ads,pf,772
314,Ana Sophia da Paz,calebepires@example.net,f,1953-03-04,Garcia,MA,2023-02-11,Ads,pf,593
315,Ana Luiza Siqueira,arthur85@example.net,M,1965-11-05,Cardoso,ms,2024-04-01,Ads,PJ,819
316,Ryan Melo,joao-felipe07@example.com,f,1969-05-03,Machado do Norte,Pará,2023-12-07,Social,PJ,342
317,Henry Gabriel Pinto,bpimenta@example.com,f,1988-08-19,Freitas,ap,2024-04-16,ads,pf,787
318,Paulo Rocha,vianaguilherme@example.net,F,1946-10-07,Duarte de Aparecida,RJ,2023-07-28,Organico,PF,651
319,Lívia Ferreira,allana80@example.net,M,1971-03-21,Gonçalves da Serra,ba,2025-11-06,ads,PF,553
320,Gabrielly da Costa,imoura@example.net,f,1998-05-17,Rodrigues,Minas Gerais,2024-11-04,Social,PJ,462
321,Theo Albuquerque,davi-miguel24@example.net,m,2001-06-30,Silva das Flores,Roraima,2024-12-22,Orgânico,pf,718
322,Bruna Duarte,eduarda91@example.com,m,1963-05-04,Camargo de Sampaio,ap,2024-10-30,Social,PF,642
323,Dra. Valentina Leão,kda-cunha@example.com,M,1987-10-23,Souza de Melo,Pará,2023-10-13,Ads,PJ,695
324,Brenda Monteiro,novaesmarcelo@example.com,m,1973-08-27,Gomes,Acre,2025-10-04,Social,PF,641
325,Eduarda Gomes,barbosajose-pedro@example.org,M,1952-08-06,Teixeira,am,2024-12-06,ads,pf,617
326,Bruno Costa,lmoura@example.net,f,1964-07-31,Abreu de Goiás,SP,2025-06-07,Social,PJ,386
327,Aylla Borges,cavalcantikevin@example.com,m,1955-11-10,Andrade de Minas,ro,2025-02-21,Organico,PJ,636
328,Maria Eduarda Ribeiro,ccassiano@example.net,F,1973-10-02,Porto da Serra,df,2025-09-29,Social,PF,733
329,Caroline Rezende,da-pazclarice@example.net,m,1990-08-13,das Neves,PR,2024-07-22,Orgânico,pf,484
330,Levi Teixeira,ada-mota@example.net,F,1989-12-30,Gonçalves Alegre,Pará,2024-07-22,Organico,PF,531
331,Luiz Otávio Pacheco,sampaiohenry@example.org,F,2001-09-30,Vieira,MT,2023-07-15,Ads,pf,403
332,Erick Pires,rafaelapereira@example.com,M,1994-07-09,Sá,am,2024-06-16,Orgânico,PJ,434
333,Sra. Maria Julia Carvalho,alexandre35@example.com,f,2007-05-18,Cunha,AL,2024-03-21,ads,PF,469
334,João Miguel Sá,benjamin80@example.com,f,1959-03-14,Marques,MG,2024-03-11,Organico,pf,543
335,Camila Cunha,ibarbosa@example.org,f,1970-11-06,da Mota Paulista,pr,2023-05-10,Orgânico,PJ,759
336,Cecilia Ferreira,gael-henrique48@example.com,F,1970-05-12,Souza da Prata,pb,2023-10-25,ads,pf,780
337,Maria Helena Câmara,ana-cecilia86@example.net,F,1956-07-07,Machado de Ramos,Minas Gerais,2023-11-12,Social,pf,772
338,Luiz Fernando Fonseca,henriquemoraes@example.org,m,1981-05-24,Carvalho de Pimenta,Rio de Janeiro,2023-12-11,Social,PJ,728
339,Otto Fogaça,cavalcantiisabela@example.org,F,1943-10-08,Camargo da Mata,SE,2025-11-22,Social,PF,556
340,Sophie Costa,felipe69@example.com,M,1978-11-21,Souza,pe,2023-03-12,Organico,pf,867
341,Dra. Milena Cassiano,ravy71@example.org,M,1986-01-18,Duarte,ce,2025-02-10,Social,PF,591
342,Manuella Rezende,souzabianca@example.com,M,1948-12-26,Castro,AM,2023-06-17,Orgânico,pf,825
343,Dr. Raul Farias,costelaisis@example.net,F,1983-07-19,Souza dos Dourados,Sergipe,2024-01-31,Ads,PF,761
344,Sra. Isabelly Camargo,mandrade@example.org,m,1969-11-14,Sá do Norte,SP,2023-03-19,Organico,PF,705
345,Agatha Vargas,gabriela53@example.net,m,2005-10-03,Carvalho,PB,2024-01-08,Organico,PF,683
346,Dr. Theodoro Viana,ana-liz96@example.net,F,1989-03-30,Barros de Vargas,AP,2025-12-01,Orgânico,PF,643
347,Ravy Pimenta,bsousa@example.net,F,2000-07-13,Carvalho,RJ,2024-09-24,Ads,pf,783
348,Kaique da Mota,alexandre01@example.org,F,2003-11-03,Camargo,rj,2025-07-11,Organico,pf,305
349,Sr. Benício Abreu,machadomaria-clara@example.org,M,1947-12-01,Cassiano,TO,2024-01-25,Orgânico,PF,453
350,Liam da Mota,tnascimento@example.org,f,1991-11-12,Sousa,SC,2026-01-02,Orgânico,PF,608
351,Ana Sophia Vasconcelos,aviana@example.org,M,1949-06-06,Peixoto,PR,2024-10-25,ads,pf,768
352,Kaique Rodrigues,freitasdom@example.net,M,1993-08-23,Teixeira do Oeste,PI,2025-08-21,Organico,PJ,848
353,Vicente Novais,fogacaemanuella@example.com,M,1984-08-08,Sá,ap,2025-03-26,Social,PJ,547
354,Diego Caldeira,pedroteixeira@example.net,F,1956-11-09,Peixoto,Rio de Janeiro,2023-11-03,Organico,PF,661
355,Nina Sampaio,luana61@example.com,F,1980-06-25,Ribeiro,ms,2025-01-22,Organico,PF,387
356,Ana Cecília Santos,caldeiraisabelly@example.com,m,1947-04-04,Caldeira de Porto,AP,2023-03-02,Social,PJ,819
357,Ayla Ribeiro,cavalcanteisabel@example.org,M,1995-05-05,Ribeiro de Costa,Mato Grosso do Sul,2025-08-10,Organico,PF,696
358,Ana Sophia Albuquerque,aragaohellena@example.com,m,1967-01-21,Fonseca Grande,Goiás,2023-12-31,Ads,pf,369
359,Isabela Jesus,davi84@example.com,m,2005-07-05,Pinto do Norte,MG,2025-11-21,Ads,PJ,640
360,Ana Liz Brito,uaragao@example.net,F,1991-05-22,Cunha,PB,2025-06-05,Orgânico,PJ,646
361,José Pedro da Mota,moreirabeatriz@example.net,F,1957-10-27,da Luz,pi,2024-07-01,Organico,PJ,790
362,Giovanna da Luz,vitor34@example.net,F,1946-07-08,Macedo dos Dourados,CE,2023-10-16,Ads,PJ,768
363,Rael Macedo,guerravalentim@example.com,M,1955-05-17,Pastor,Sergipe,2023-04-12,ads,PF,504
364,Felipe Pimenta,fsampaio@example.net,M,1942-04-10,Nascimento,Maranhão,2024-01-09,Orgânico,PJ,707
365,Maria Fernanda Cirino,yteixeira@example.org,f,1987-11-11,da Rosa de Aragão,Rio Grande do Norte,2023-07-01,Ads,PJ,495
366,Gustavo Henrique Sales,peixotohenry-gabriel@example.com,m,2000-09-17,Garcia de Sales,Rio de Janeiro,2024-03-23,Ads,PJ,639
367,Lorena Borges,leonardopereira@example.org,m,2001-12-06,Souza,AM,2023-12-25,Orgânico,pf,709
368,Yan Vargas,bdas-neves@example.org,f,1953-02-02,Pastor das Pedras,Sergipe,2023-08-07,Orgânico,PF,808
369,Dr. Lucas Gabriel Machado,sophiaalmeida@example.org,f,1985-12-18,Machado das Flores,São Paulo,2024-01-27,Social,pf,384
370,Cecilia Cunha,danilo89@example.org,f,1989-09-13,da Luz,RN,2025-09-19,Organico,PJ,484
371,Juan da Costa,rodrigomoraes@example.com,m,1986-06-26,Silva do Galho,Rondônia,2024-07-08,Ads,PF,635
372,Danilo Pastor,sophiejesus@example.com,m,1954-05-01,Araújo do Norte,Bahia,2023-06-23,Organico,PJ,736
373,Stephany Borges,camaratheo@example.com,F,1963-01-20,Ferreira do Galho,pi,2024-04-07,Organico,pf,757
374,Lavínia da Mota,brayanazevedo@example.com,M,2006-09-04,da Costa de Silva,ba,2023-12-23,Orgânico,PJ,745
375,Maria Vitória Sá,giovannaaragao@example.com,m,1959-07-16,Moreira dos Dourados,rs,2024-10-02,Ads,PF,715
376,José Pedro Vasconcelos,stephanybrito@example.net,m,1946-11-22,Machado Grande,am,2025-08-09,ads,PF,446
377,Otávio Macedo,benjamin81@example.com,f,1943-02-24,Sales,TO,2023-10-30,ads,PF,541
378,Davi Miguel Nogueira,da-pazsabrina@example.org,m,1960-01-04,Cardoso do Amparo,Rio Grande do Sul,2023-09-11,Organico,PJ,333
379,José Pedro Vieira,mariananascimento@example.com,F,1999-03-12,Siqueira da Prata,pe,2026-01-13,Organico,pf,680
380,Natália Pimenta,heloisa84@example.com,f,1943-12-24,Garcia Grande,MG,2024-10-13,Social,PF,842
381,Eloá Cirino,mda-rosa@example.net,m,1974-07-25,da Mata de Aparecida,Acre,2024-11-02,Orgânico,PJ,585
382,Srta. Ísis Moraes,kda-rosa@example.net,F,1958-12-06,Andrade,TO,2025-04-14,Ads,PJ,490
383,Vinícius Mendes,asiqueira@example.net,f,1968-05-23,Pereira Grande,am,2025-07-12,Organico,PJ,420
384,Evelyn Campos,vitoria46@example.net,m,1970-12-17,Cavalcante de Borges,Pará,2024-09-29,Organico,PF,592
385,Pietra Sousa,bcostela@example.net,f,1976-04-15,Moreira Alegre,AL,2023-12-16,Ads,PF,375
386,Maria Monteiro,oda-cruz@example.com,f,1956-05-01,Pacheco da Mata,RS,2024-10-28,Organico,PF,627
387,Lara da Rosa,freitashelena@example.com,m,1984-11-11,Sales do Sul,pb,2025-07-14,Ads,PJ,855
388,Pedro Moreira,diogoda-mota@example.com,m,2003-02-17,Nogueira,Amapá,2025-06-02,ads,PJ,478
389,Igor da Rocha,liamda-paz@example.net,m,1961-12-14,Casa Grande,rn,2023-12-11,ads,PF,505
390,Rhavi Rios,nogueirabento@example.net,F,1995-03-31,Cardoso,DF,2024-07-29,Organico,PF,669
391,Júlia Nunes,ravi-lucca43@example.org,m,2000-10-10,Peixoto de Pacheco,Pará,2025-11-23,Social,PF,388
392,Sra. Luiza Brito,casa-grandeayla@example.com,M,1978-08-15,Campos,Rondônia,2024-02-14,Organico,PJ,790
393,Isabel Cassiano,guilherme87@example.com,f,1943-03-28,Farias,Bahia,2023-08-10,Social,PF,428
394,Ana Beatriz Nascimento,davi94@example.net,m,1945-07-21,Cirino,al,2024-04-08,Ads,pf,777
395,Dr. Apollo da Rocha,correiaclarice@example.org,m,2004-10-20,Nogueira de Mendes,RJ,2025-12-19,Social,PJ,486
396,Brayan Pinto,samuel40@example.com,F,1943-10-21,Albuquerque,São Paulo,2025-01-02,Social,PF,427
397,Eloah Gonçalves,xcaldeira@example.com,F,1978-03-23,da Luz da Mata,Paraíba,2023-03-18,ads,PF,630
398,Thales da Mata,ana-beatriz10@example.com,F,1989-12-26,Freitas,Paraná,2024-05-23,Social,pf,380
399,Lorena Fernandes,jcorreia@example.net,m,2000-07-09,Aparecida,RR,2025-04-24,Social,pf,428
400,Heloisa da Luz,lopesleticia@example.net,m,1969-08-04,Correia da Praia,pe,2025-08-05,Social,PF,814
401,Valentim da Luz,salesalice@example.org,F,1950-07-19,Guerra da Serra,pa,2024-02-29,Social,PF,475
402,Maria Vitória Cavalcante,novaesthales@example.net,m,1974-02-08,Pinto,sc,2024-01-05,Ads,PF,383
403,Enzo Gabriel Costa,miguel65@example.org,M,1989-03-17,Souza da Praia,ac,2023-10-23,Social,pf,515
404,Emanuel Ribeiro,almeidagiovanna@example.org,f,1999-06-24,Monteiro do Norte,am,2024-06-07,Ads,pf,858
405,Enzo Gabriel Pacheco,antonellavargas@example.org,m,1990-10-23,Cirino do Norte,pb,2023-12-11,Orgânico,pf,550
406,Leandro Costela,fnovaes@example.com,f,1980-10-18,Novais,Alagoas,2023-07-18,Organico,PF,361
407,Sra. Sofia Rezende,casa-grandelucas@example.net,F,1972-01-25,Barbosa,Santa Catarina,2025-01-24,Organico,pf,775
408,Ester Pires,maria-juliacaldeira@example.com,F,1976-01-31,Machado do Amparo,Alagoas,2023-12-01,Social,PF,620
409,Maria Albuquerque,bellanovais@example.com,m,1994-08-10,Monteiro,pr,2024-07-14,Orgânico,pf,433
410,Rebeca Ribeiro,barrossamuel@example.org,m,1971-01-02,Guerra,ms,2025-09-08,Social,PF,626
411,Laura Freitas,diegoaragao@example.com,F,1950-09-03,da Rocha do Amparo,Maranhão,2025-10-21,Ads,pf,760
412,Elisa Abreu,ana-luiza99@example.com,F,2001-06-08,Monteiro de Marques,RJ,2025-10-28,Ads,PF,597
413,Isadora Ferreira,ufernandes@example.net,f,1968-05-21,Aparecida Verde,pb,2023-06-27,Organico,PF,463
414,Gabriel Souza,mcavalcante@example.net,m,1951-11-27,da Costa do Norte,mt,2025-05-10,Orgânico,PF,463
415,Rebeca Gomes,luiz-gustavogoncalves@example.org,f,2001-05-16,Cirino de Caldeira,ba,2024-02-09,Organico,pf,615
416,Isabela Novaes,benjamim96@example.com,f,1973-08-15,Câmara de Barros,PR,2024-01-22,Ads,pf,817
417,Leonardo Alves,aylla89@example.net,f,2007-08-11,Fonseca de Sampaio,PA,2025-01-21,ads,PJ,661
418,Juliana Fogaça,sarah46@example.net,M,1980-08-14,Nascimento das Flores,ES,2025-11-18,Orgânico,pf,781
419,Sra. Maria Sophia Rios,iramos@example.com,m,2007-05-04,Câmara,go,2023-06-05,Ads,PF,741
420,Dr. Thomas da Costa,camilasilva@example.org,F,1955-01-19,Montenegro,São Paulo,2023-10-25,Orgânico,pf,674
421,Manuella Fonseca,matteoabreu@example.net,M,1982-07-25,Albuquerque Verde,Tocantins,2025-08-04,Ads,PJ,875
422,Dr. Ravi Pereira,cpacheco@example.com,F,1994-05-15,Sales,Paraíba,2023-06-26,Social,pf,375
423,Ana Julia Garcia,fernandesmateus@example.com,f,1972-02-24,Costela do Oeste,ce,2024-08-15,Organico,PJ,586
424,Samuel Casa Grande,uteixeira@example.org,M,1948-11-27,Pereira,MA,2025-07-30,Ads,pf,682
425,Maya Castro,mleao@example.net,m,1972-11-18,Vieira,pi,2024-10-26,Orgânico,PF,503
426,Ana Júlia Ribeiro,kbrito@example.com,f,1960-07-19,Pastor,rn,2024-11-28,Ads,PF,339
427,Theodoro Rodrigues,josesilva@example.net,F,1954-12-16,Sá,rn,2025-01-04,Orgânico,pf,831
428,Ester Brito,marianecirino@example.com,f,1993-04-19,Monteiro,SE,2025-11-05,Social,PJ,443
429,Srta. Maria Sophia Rodrigues,hellenamontenegro@example.com,m,2005-02-09,Peixoto Alegre,al,2024-06-20,Orgânico,PF,702
430,Sarah Carvalho,znunes@example.org,m,1967-01-17,das Neves,es,2024-12-02,Orgânico,PJ,821
431,Yan Andrade,casa-grandebenjamin@example.org,f,1995-09-01,Macedo,rs,2025-12-24,Social,pf,786
432,Sra. Ana Beatriz Sousa,benicio83@example.net,M,1990-06-11,da Paz,Paraíba,2023-03-18,Orgânico,PJ,412
433,Lunna Pimenta,emillyaragao@example.net,f,1975-10-05,Macedo,mg,2024-05-14,Orgânico,PJ,327
434,Gabriel Ramos,bryanbrito@example.org,f,1985-10-21,Siqueira das Flores,Acre,2025-11-13,Social,PJ,533
435,Rael Barbosa,zsilveira@example.net,M,1995-10-23,Barros,pr,2024-04-09,Organico,PF,836
436,Maria Fernanda Lopes,paulo67@example.org,f,1947-05-20,Oliveira Grande,MA,2024-02-24,ads,PF,886
437,Vitória Nunes,tcastro@example.org,M,1970-09-09,Souza,PE,2025-03-22,Ads,pf,621
438,Rebeca Novaes,daviramos@example.net,f,1960-11-22,Carvalho da Mata,SE,2024-05-09,Organico,PJ,508
439,Jade Freitas,yalmeida@example.net,f,1990-03-31,Macedo das Flores,ap,2023-05-27,Social,pf,363
440,Sra. Lara Costa,pbrito@example.org,F,2002-03-09,Albuquerque,rn,2024-01-24,ads,PJ,632
441,Arthur da Rosa,francisco18@example.com,f,1956-09-22,Rodrigues de Câmara,se,2023-10-05,Organico,pf,477
442,Ana Liz Brito,ymoraes@example.org,f,1978-05-30,Ramos de Cavalcante,sp,2023-02-06,Orgânico,PJ,662
443,João Miguel Vasconcelos,matheus12@example.org,m,1968-11-21,Pires,to,2023-03-11,Organico,PF,552
444,Alana Silva,scaldeira@example.com,m,1962-07-29,Siqueira da Praia,pr,2024-02-09,Orgânico,PF,604
445,José Miguel Farias,gabriel73@example.com,m,1953-02-27,Camargo,df,2026-01-09,ads,PJ,800
446,Dr. Enzo Gabriel Caldeira,nascimentobryan@example.com,m,2007-02-20,Costela,Pernambuco,2025-12-14,Orgânico,PJ,580
447,Asafe Alves,siqueirasarah@example.net,m,1958-04-17,Pastor Alegre,MS,2023-04-18,Social,PJ,856
448,Heloisa Brito,tbarbosa@example.net,f,2002-09-29,Sales,Bahia,2023-04-19,Orgânico,PF,597
449,Liam Duarte,siqueiraalana@example.com,M,1983-09-01,Mendonça de Cardoso,Distrito Federal,2023-02-13,Ads,pf,752
450,Hellena Siqueira,marcelosampaio@example.net,m,1996-10-12,Azevedo das Flores,sc,2024-05-25,Organico,PF,506
451,Luiz Fernando da Paz,vieiramaite@example.org,m,2006-01-23,Gomes Alegre,ms,2024-11-15,Orgânico,PF,411
452,Sra. Anna Liz Castro,vcunha@example.org,F,1991-03-12,Campos,PB,2024-04-19,Ads,PJ,843
453,Otto da Rosa,tmoura@example.org,F,1955-02-25,Vieira Paulista,ap,2024-11-21,ads,PF,402
454,Emanuelly da Cruz,plima@example.org,f,1972-03-06,Aragão dos Dourados,Tocantins,2024-06-05,Organico,PF,440
455,Esther Jesus,acunha@example.net,M,1991-03-19,Novaes Grande,pe,2023-05-06,ads,pf,787
456,André Rocha,limaanthony@example.com,f,2001-05-22,Andrade dos Dourados,mg,2025-04-04,ads,pf,628
457,Emanuella Lima,vianacamila@example.net,m,1953-12-01,Dias de Minas,go,2025-11-24,Ads,PF,887
458,Amanda Farias,fonsecaluan@example.net,F,1955-03-05,Sousa,ma,2023-03-25,Ads,PF,727
459,Julia Sales,silvapedro-lucas@example.com,F,1999-07-28,Silveira,MA,2023-05-17,Organico,pf,490
460,Cecília Viana,beniciofernandes@example.org,m,1966-01-29,Sousa,ES,2023-10-03,Ads,pf,881
461,Mathias Souza,maria-luisa37@example.com,M,1990-10-18,Alves,Distrito Federal,2025-02-09,Orgânico,pf,856
462,Hellena Borges,tsilveira@example.net,f,1991-07-18,Alves da Praia,ES,2023-10-01,Social,pf,579
463,Dra. Daniela Moraes,danielda-cunha@example.net,F,1958-08-29,Borges,PR,2025-12-28,Orgânico,PF,769
464,Brenda Câmara,eloa63@example.net,m,1971-02-10,Castro da Praia,sc,2024-09-14,ads,PF,645
465,Srta. Ágatha Gonçalves,leaolevi@example.net,m,1955-04-19,da Rosa,pr,2023-09-28,ads,PF,715
466,Sophia Dias,nicolas71@example.net,f,1991-05-17,Cavalcante de Minas,rr,2025-08-31,Orgânico,PF,710
467,Dra. Lívia Casa Grande,lfarias@example.com,M,1971-09-04,Vasconcelos,AL,2023-10-02,ads,pf,631
468,Daniela Oliveira,augusto97@example.net,F,1952-07-03,Jesus de Goiás,MG,2024-11-08,Orgânico,pf,541
469,Lucas Gabriel Moraes,laragao@example.com,f,1986-03-21,da Luz,Maranhão,2023-11-02,Orgânico,pf,896
470,Evelyn Garcia,imonteiro@example.net,M,1995-12-01,Rocha,Acre,2024-10-18,Orgânico,PJ,541
471,Mateus da Cruz,wribeiro@example.net,M,1968-08-28,Casa Grande do Galho,pr,2025-08-14,Ads,pf,614
472,Lara Caldeira,luiz-gustavo59@example.com,F,1958-06-05,Peixoto,Pará,2025-04-29,Social,PJ,618
473,Luiz Felipe Azevedo,clara76@example.net,M,1994-11-29,Castro do Galho,am,2024-03-31,Orgânico,pf,526
474,Isabella Barbosa,lorena93@example.net,F,1954-04-03,Gomes de Goiás,PR,2024-10-13,Organico,PF,765
475,João Lucas Rezende,eloahfernandes@example.com,m,2003-12-04,Borges,Amapá,2024-11-22,Social,pf,850
476,Eduarda Rocha,lmarques@example.org,F,1952-04-06,da Mota,BA,2024-07-27,Social,PF,838
477,Theodoro Lopes,zcampos@example.org,f,1984-02-20,Nogueira,rr,2025-07-02,Orgânico,PF,877
478,Felipe Ramos,tmontenegro@example.com,M,1956-05-15,da Paz Verde,AL,2025-06-23,Social,PJ,507
479,Lorenzo Castro,da-rochaleo@example.org,F,1943-03-04,Aragão,ES,2026-01-17,Orgânico,PJ,752
480,Apollo Aparecida,fernandesvalentim@example.org,M,1941-02-15,Azevedo do Norte,pe,2024-03-16,ads,PJ,897
481,Rafaela da Rocha,gustavo43@example.org,f,1993-07-08,Nascimento,AM,2024-04-20,Social,pf,356
482,Sr. Pedro Rezende,qcardoso@example.com,f,1985-08-19,Brito de Minas,ES,2023-05-10,Social,pf,767
483,Bianca Pastor,xda-conceicao@example.net,M,1943-07-25,Rezende,ms,2025-06-14,Organico,PJ,615
484,Sr. Marcelo Vasconcelos,apinto@example.org,M,1965-07-01,Mendonça da Mata,Alagoas,2025-02-01,Orgânico,PF,523
485,Fernando Macedo,isabellapereira@example.org,M,1994-02-06,Costela da Mata,SE,2023-09-25,Organico,pf,365
486,Maria Julia Nunes,carvalholuisa@example.com,M,1964-08-03,Azevedo,RR,2025-09-30,Organico,PF,593
487,Maria Julia da Luz,jose-pedroaparecida@example.org,f,1992-10-17,Ramos de Caldeira,ES,2024-08-26,ads,PJ,730
488,Valentim Pinto,oliveirafernando@example.com,m,2007-04-30,Dias da Mata,Piauí,2023-04-24,Organico,pf,684
489,Olívia Pimenta,martinsjose@example.com,M,1971-02-03,da Mata das Flores,se,2025-12-27,Social,PF,656
490,Sra. Esther da Mota,stella17@example.net,M,1976-12-16,Moraes Paulista,TO,2024-08-30,Social,pf,841
491,Dra. Helena Moreira,caio56@example.net,F,1970-04-19,Rocha do Oeste,pe,2025-04-22,ads,PF,323
492,Ian Moraes,carvalhoravy@example.org,m,1989-06-24,Costa,São Paulo,2025-08-11,Social,pf,844
493,José Pedro Macedo,garciaraquel@example.org,f,1959-02-27,Moreira,AL,2023-11-24,ads,pf,654
494,Fernanda Siqueira,antoniomoraes@example.com,F,1948-05-06,Gonçalves,Paraná,2025-07-11,ads,PJ,415
495,Eduardo Martins,britobeatriz@example.org,M,2000-10-17,Rodrigues do Norte,rn,2024-04-27,Organico,PJ,316
496,Dra. Alana Silva,zfreitas@example.com,F,1956-07-16,Casa Grande da Prata,MA,2023-05-25,Ads,PF,334
497,Sabrina Vargas,melojose@example.com,f,1997-04-28,da Cunha,mg,2025-10-02,Ads,PF,345
498,Benicio Lopes,joana16@example.net,f,1952-12-15,Cardoso,Rio Grande do Sul,2023-04-19,ads,PJ,522
499,Igor Mendes,vitorsilva@example.net,M,1954-08-20,Garcia do Amparo,TO,2023-04-19,Social,pf,539
500,Emanuel da Cunha,almeidagiovanna@example.com,m,1944-11-27,Leão,sp,2023-08-27,Social,PJ,628
501,Ana Moura,helenacassiano@example.com,F,1949-01-26,Nogueira de Macedo,Maranhão,2024-02-21,ads,PJ,833
502,Vinícius Pastor,carlos-eduardonascimento@example.com,F,1992-08-19,Cassiano,Rio Grande do Sul,2023-05-11,Orgânico,pf,362
503,Ana Júlia Farias,jesuscaroline@example.org,F,1945-01-31,da Paz do Sul,rn,2023-05-27,Organico,PJ,807
504,Caroline Cirino,luana86@example.com,M,1942-01-28,Gomes,Roraima,2023-12-24,Organico,PJ,626
505,Srta. Maria Lima,calebrodrigues@example.com,f,1950-05-29,Barros do Sul,Mato Grosso,2023-08-31,ads,pf,685
506,Maria Júlia da Luz,vvargas@example.net,F,1943-08-07,da Rocha de Minas,pb,2023-08-31,Organico,PF,530
507,Ester Brito,ccostela@example.org,m,2007-08-21,Teixeira do Oeste,pe,2024-05-15,ads,pf,359
508,João Guilherme Oliveira,imarques@example.net,f,1943-08-13,Fernandes de Oliveira,Acre,2024-02-03,Social,PJ,437
509,Srta. Lívia Guerra,samuel15@example.com,f,1947-10-03,Moraes das Pedras,SP,2024-06-19,Orgânico,PF,638
510,Valentina Caldeira,cmoraes@example.org,M,1982-11-28,Ferreira,Paraíba,2024-03-10,Orgânico,PF,848
511,Gustavo Melo,oliveiraasafe@example.org,F,1951-12-19,Vieira do Campo,AP,2023-05-18,Orgânico,pf,340
512,Juan Farias,maria-clarada-rosa@example.net,M,1970-10-16,Pastor,AP,2024-11-11,Social,PJ,872
513,Sr. Gael Freitas,xcamargo@example.com,F,1976-07-03,da Mota de Correia,Sergipe,2024-03-16,ads,pf,610
514,José Carvalho,cpeixoto@example.net,M,1941-08-14,Rios do Oeste,PR,2025-04-20,ads,PJ,420
515,Isadora Cardoso,valentina31@example.org,f,1953-02-01,Farias da Mata,SC,2025-11-19,Social,PJ,509
516,Francisco da Mota,luizasilva@example.org,f,1975-09-07,Albuquerque,RJ,2026-01-31,Social,pf,589
517,Bento das Neves,siqueiravitor-hugo@example.com,f,1947-05-05,da Rosa de Souza,Maranhão,2025-03-08,Social,PJ,667
518,Otto da Cruz,matheus94@example.com,m,1976-02-14,Rocha,Pernambuco,2024-10-27,Orgânico,PJ,809
519,Ayla Gomes,da-pazravi-lucca@example.net,f,1996-11-22,Rocha,GO,2023-07-26,Organico,pf,508
520,Isabella Monteiro,luiz-henrique35@example.com,m,1964-02-28,Siqueira da Praia,Goiás,2025-11-12,Organico,PF,876
521,Carolina Aragão,eloacampos@example.org,F,1963-07-15,Azevedo das Flores,ce,2024-02-12,ads,PF,567
522,Sra. Sofia Duarte,lorenamarques@example.com,f,1998-08-05,Moraes,Mato Grosso,2025-09-03,ads,PF,637
523,Benicio Garcia,casa-grandesophia@example.net,F,2007-08-27,Dias,Tocantins,2025-04-23,Social,PF,811
524,João Guilherme Melo,alexiapeixoto@example.com,m,1976-04-15,da Mata,Piauí,2024-04-25,Organico,PJ,802
525,Dr. Marcos Vinicius Brito,daniel99@example.com,f,1956-03-25,Costela de Fernandes,MT,2024-06-21,Orgânico,PF,443
526,Alice Casa Grande,hadassa73@example.org,f,1994-10-29,Pereira de Nascimento,RJ,2025-05-13,Social,PJ,360
527,Liz Sampaio,rcampos@example.com,M,1966-09-22,Andrade de Minas,SP,2023-11-11,Ads,PF,722
528,Benjamim Viana,ana-liviada-mota@example.net,F,1976-02-25,Rezende de Pastor,rs,2023-07-01,ads,PF,454
529,Srta. Maria Sophia Sampaio,sophie50@example.com,M,1954-09-14,Campos do Galho,DF,2024-04-26,Social,pf,682
530,Sr. Rael Pastor,gfarias@example.org,M,1941-03-16,da Cruz,am,2023-10-14,Social,pf,799
531,Ana Vitória Guerra,peixotopietra@example.com,M,1972-07-16,Azevedo,RS,2025-06-17,Social,PJ,721
532,Kamilly Viana,yuri53@example.net,M,1963-09-02,Camargo de Nascimento,RS,2023-08-11,Social,PJ,581
533,João Lucas Vasconcelos,zsantos@example.org,m,1982-11-09,Novais,ES,2024-01-22,Social,PJ,740
534,Henry Caldeira,pda-conceicao@example.net,F,1950-01-18,Souza,SE,2024-09-22,Ads,PJ,452
535,Ana Liz Nascimento,ffarias@example.org,F,1960-05-25,Martins de Goiás,PR,2025-12-14,Social,PJ,558
536,Sra. Camila Pacheco,emanuella87@example.org,m,1940-09-27,Ribeiro dos Dourados,Roraima,2024-02-28,Organico,PF,682
537,Samuel Almeida,sara00@example.net,f,1949-06-23,Cirino,Rondônia,2024-10-22,Social,PF,531
538,Srta. Rafaela Cassiano,pirescalebe@example.org,m,1992-09-09,Freitas do Campo,ap,2024-10-25,Ads,PJ,332
539,Hellena Barbosa,eteixeira@example.com,M,1996-03-13,Caldeira,Mato Grosso,2025-04-23,Organico,pf,865
540,Eloá da Paz,alvesmaysa@example.net,f,1946-12-07,da Paz,RR,2023-04-24,Ads,PJ,475
541,Sra. Larissa Oliveira,kamilly11@example.org,M,1950-07-10,Vieira de Duarte,Mato Grosso,2024-09-03,Organico,PJ,639
542,Enrico Machado,caue46@example.org,M,1947-03-01,Dias de da Mota,rn,2023-10-03,Ads,PF,516
543,Isabella Moreira,yvieira@example.net,f,1972-02-24,Aragão,Ceará,2024-09-04,Ads,PF,587
544,Henry Gabriel da Mota,isaacnunes@example.com,M,1973-12-01,Porto,CE,2024-05-09,Orgânico,PF,512
545,Manuela Sousa,piresana-liz@example.org,F,1984-01-22,Moreira Paulista,se,2023-02-19,Organico,PF,606
546,Antonella Campos,julianasilva@example.com,F,1961-06-18,Nunes,rr,2024-07-22,ads,PJ,698
547,Lucas Gabriel Melo,oda-mata@example.com,m,1993-07-09,Guerra Paulista,Rio de Janeiro,2025-01-15,ads,PJ,380
548,Heloísa Santos,da-conceicaoaurora@example.org,m,1973-10-14,Costa do Oeste,RO,2024-09-13,Ads,pf,537
549,Theo Jesus,calebesilveira@example.org,M,1967-02-18,Rios,Roraima,2025-03-13,Social,PJ,706
550,Anthony Gabriel Pereira,jfreitas@example.com,m,1977-01-29,Duarte de Siqueira,DF,2024-06-26,Orgânico,pf,802
551,Maria Clara Oliveira,leaoana-carolina@example.org,F,1958-11-07,Borges,Rondônia,2023-12-13,Social,pf,742
552,Rael Carvalho,aragaoluna@example.com,F,1988-11-13,Ferreira,to,2024-03-07,Social,PJ,689
553,Augusto da Mota,agatha26@example.org,M,1978-08-01,Souza,al,2025-11-30,Orgânico,PF,375
554,José Miguel Porto,rhavi57@example.org,M,1994-07-08,da Conceição Alegre,Rondônia,2023-11-06,ads,pf,457
555,Emanuel Moura,goncalvesmaria-isis@example.com,f,1942-06-09,Pacheco,Rio de Janeiro,2024-09-06,Orgânico,PF,393
556,Alexia Cassiano,vasconcelosmanuella@example.net,M,1962-09-05,Oliveira das Pedras,Piauí,2024-09-04,Organico,pf,576
557,Yago Mendes,murilo26@example.net,M,1975-05-07,Barros Paulista,SC,2023-10-17,Ads,PF,741
558,Maria Isis Sampaio,dom80@example.org,f,1960-04-09,da Paz Grande,to,2024-06-11,Social,PJ,717
559,Emanuelly Ribeiro,maria-fernanda29@example.com,M,1994-08-21,Correia de Minas,MS,2025-06-19,Ads,pf,867
560,Zoe Oliveira,otavio81@example.com,M,1976-07-03,Camargo dos Dourados,ac,2025-08-25,Social,pf,694
561,Srta. Sarah da Rocha,silveiraarthur@example.net,M,1979-11-18,Câmara,Pernambuco,2026-01-08,Organico,pf,386
562,Kamilly Alves,thomas02@example.net,F,1945-10-15,Pinto,rn,2025-06-08,Social,PF,689
563,Rafaela Sousa,wmonteiro@example.net,F,1960-03-22,Guerra da Mata,ES,2024-02-09,Orgânico,pf,574
564,Ana Cecília Castro,fsouza@example.net,f,1989-10-24,Mendes do Amparo,PI,2025-09-18,Ads,PF,745
565,Maria Helena da Mota,qfogaca@example.org,m,2007-07-22,Carvalho,Piauí,2023-07-14,Orgânico,pf,378
566,Stella Gonçalves,vvargas@example.com,m,1964-12-20,Moreira de Cavalcanti,Maranhão,2026-01-08,ads,PJ,807
567,Bernardo Pastor,freitascaroline@example.net,F,1989-01-22,Souza,Santa Catarina,2024-11-26,Ads,PF,611
568,Maria Moraes,ycamara@example.net,M,1972-07-03,Pimenta,Pará,2024-10-28,Orgânico,PJ,689
569,Raquel Guerra,santosana-beatriz@example.com,m,1989-12-30,Siqueira,Roraima,2024-02-18,Orgânico,pf,439
570,Luna Sá,juancamara@example.org,m,1987-01-29,Fernandes do Norte,Goiás,2025-03-22,Social,PJ,505
571,Dr. Miguel Souza,antonellacarvalho@example.net,f,1991-04-12,Leão,Distrito Federal,2025-06-06,ads,pf,626
572,Maria Pacheco,larasilva@example.com,m,2004-05-08,da Luz,rn,2025-12-04,Organico,PJ,548
573,Heloísa Silveira,moreiramarcela@example.net,m,2006-07-15,Porto de Goiás,Bahia,2025-11-14,Orgânico,pf,673
574,Hellena Sousa,jadeda-rocha@example.net,M,2002-07-27,Mendes do Campo,ba,2024-03-12,ads,PJ,858
575,Thales Castro,jesuslarissa@example.com,F,1989-01-31,Barros de Minas,rs,2023-05-12,Social,PF,772
576,Olivia Monteiro,araujocecilia@example.com,F,2003-09-15,Correia,Goiás,2023-11-07,Orgânico,PJ,370
577,Théo Borges,anthony-gabriel93@example.org,f,1999-11-11,Machado da Mata,rj,2023-03-12,Organico,PF,610
578,Marina Ramos,theocarvalho@example.org,F,1961-07-26,Ramos,Goiás,2023-09-21,ads,PJ,733
579,Isaac Siqueira,vargasclarice@example.org,f,1940-09-12,Nogueira Alegre,PE,2025-05-28,Organico,PJ,790
580,Pedro Henrique Costela,souzastephany@example.com,f,1963-09-07,Souza do Campo,se,2025-05-23,Social,PJ,728
581,Benjamin da Conceição,caioda-costa@example.net,M,1968-06-09,da Cruz das Flores,Paraíba,2025-06-06,Social,PJ,387
582,Melina Cassiano,silveiradanilo@example.com,M,1982-09-01,Macedo de Guerra,AL,2024-05-03,Orgânico,PF,345
583,Enzo da Costa,abreustephany@example.com,f,1963-10-24,Azevedo,Santa Catarina,2023-12-23,Organico,PF,310
584,Lara Machado,hcamara@example.org,M,1974-09-22,Farias de Goiás,Pará,2023-02-09,ads,PJ,831
585,Evelyn Cavalcante,luisa25@example.com,F,1992-10-28,Ramos,Paraíba,2024-02-22,Orgânico,pf,774
586,Sr. Leandro Aparecida,mlima@example.com,F,1983-07-20,Melo Verde,Rio de Janeiro,2024-04-01,Ads,pf,407
587,Matteo Silveira,maria-flor14@example.org,m,1943-03-21,Sales,Paraíba,2024-10-16,Ads,PF,445
588,Dra. Stephany Gomes,davi-lucca00@example.com,m,1954-03-21,Montenegro,Rio Grande do Sul,2023-12-07,Orgânico,pf,511
589,Dr. Léo Cardoso,novaismaria-alice@example.net,f,2000-10-21,da Cruz,Rio de Janeiro,2024-07-04,Organico,PF,748
590,Valentim Cirino,fpimenta@example.org,f,1947-04-04,Casa Grande do Sul,Paraíba,2023-10-25,Ads,pf,345
591,Ana Beatriz Guerra,maria-eduarda23@example.com,M,1963-07-29,da Conceição,PE,2025-12-18,Orgânico,PJ,411
592,Hellena Moura,ester64@example.org,F,2006-12-22,Cirino do Sul,rj,2024-11-26,ads,PJ,478
593,Sra. Luana da Cunha,xvargas@example.org,F,1945-07-30,da Mata Alegre,Pernambuco,2025-12-29,Social,pf,773
594,Maria Clara Oliveira,da-cunhajoao-gabriel@example.org,F,1978-04-05,Nogueira,Santa Catarina,2024-03-24,ads,PF,742
595,Cecilia Albuquerque,pietroda-luz@example.com,f,1951-07-19,Machado de Minas,PE,2024-04-22,Social,PF,760
596,Yasmin Marques,nascimentocecilia@example.com,f,1940-09-23,Dias do Oeste,Bahia,2023-10-29,Ads,PJ,519
597,Cauã Barbosa,goncalvesluiza@example.com,F,1980-06-20,Cavalcanti,Sergipe,2023-03-18,Ads,PJ,404
598,Matheus Leão,ravi-lucca74@example.org,F,1956-07-25,Câmara,Rondônia,2025-06-25,Orgânico,PF,768
599,Pedro Henrique Castro,lopesana-carolina@example.net,M,1993-03-18,Cardoso do Amparo,Ceará,2024-09-04,Organico,PJ,620
600,Gabriel Nunes,zramos@example.com,f,1956-03-16,Porto de Minas,pi,2024-05-17,Organico,PJ,416
601,Murilo Cardoso,joao-lucas44@example.org,m,1993-03-19,Cardoso,Amapá,2024-09-09,Organico,PJ,476
602,Sra. Hellena Teixeira,jesusrafael@example.net,m,2003-07-18,Gonçalves,pb,2024-07-08,Social,PF,437
603,José Pedro Sousa,riosmaria-fernanda@example.com,m,1966-10-06,Borges,RS,2023-10-20,ads,pf,419
604,Dr. Arthur Gabriel Vargas,moreirarhavi@example.org,F,2005-08-30,Azevedo,Pará,2023-12-12,ads,PJ,697
605,Daniela Farias,riosrafaela@example.com,f,1968-07-09,Cardoso Paulista,pe,2025-12-17,ads,PJ,692
606,Brenda Martins,ryanaraujo@example.net,f,1978-09-10,Aragão do Oeste,SC,2025-06-03,Organico,PJ,850
607,Rebeca Câmara,cecilia14@example.net,F,1942-05-03,Almeida,df,2025-03-15,ads,pf,595
608,Luiz Otávio Siqueira,maria12@example.com,F,1972-12-26,Novaes da Serra,SP,2024-02-06,Orgânico,pf,354
609,Fernando Moura,lucas-gabriel02@example.net,m,1945-08-14,Cunha de Guerra,SE,2024-12-23,Organico,PF,499
610,Ágatha Guerra,iannogueira@example.com,f,1996-09-05,Vasconcelos,ba,2025-11-19,Social,PJ,806
611,Alice Martins,wrios@example.com,f,1995-07-11,Cavalcante,df,2025-05-16,Organico,pf,754
612,Sarah Nascimento,sabreu@example.com,f,1997-11-27,Machado do Oeste,GO,2025-08-27,Ads,PJ,331
613,Dr. Davi Luiz Andrade,kpires@example.com,F,1995-11-27,da Cunha dos Dourados,Ceará,2023-11-05,Ads,pf,530
614,Srta. Bruna Costa,wfarias@example.net,m,2005-12-28,da Mata,AM,2025-12-29,Organico,PJ,807
615,Lavínia Pastor,da-motaleticia@example.net,M,1971-05-29,Cavalcanti do Amparo,se,2023-04-18,Ads,pf,856
616,Anthony Gabriel Cardoso,otavio09@example.com,m,1968-09-19,da Rocha de Minas,rn,2024-05-24,Ads,PJ,751
617,Luara Aparecida,ramosryan@example.net,F,1976-03-09,da Mota do Sul,Rondônia,2023-05-29,Ads,PJ,553
618,Nicolas Lopes,benjaminsales@example.org,m,1956-10-31,Nogueira da Prata,AP,2025-04-02,Organico,pf,656
619,Sr. Thales Albuquerque,isadorabarros@example.net,M,2007-03-28,Fernandes Paulista,Mato Grosso,2025-07-18,Ads,PF,514
620,Luara Sales,kda-cunha@example.org,m,1969-05-10,Cassiano de da Mota,df,2025-08-15,Social,PJ,738
621,Thomas da Mata,natalia12@example.com,F,1990-11-12,Cunha da Mata,ma,2023-11-02,ads,PF,511
622,Lívia Freitas,calebmachado@example.com,M,1959-07-01,Andrade,al,2025-08-11,Orgânico,PJ,587
623,Maria Alice Duarte,ssales@example.com,F,1942-02-18,Porto,Piauí,2024-06-21,Orgânico,pf,886
624,Agatha Dias,alvesjoao-lucas@example.net,m,1946-08-11,Aparecida do Sul,ba,2026-01-29,Ads,PF,721
625,Igor Rocha,lorenzoporto@example.com,M,1991-12-12,Casa Grande,Sergipe,2023-12-24,ads,PJ,435
626,Lucas Melo,emanuellysantos@example.com,F,1988-10-30,Siqueira de Souza,CE,2024-10-17,Orgânico,PF,702
627,Henrique Nascimento,smendes@example.com,f,1995-12-05,Peixoto,RJ,2025-02-18,Social,PJ,575
628,Dra. Pietra Andrade,maria-clararibeiro@example.org,f,1998-05-04,Correia de Novais,Minas Gerais,2024-02-28,Organico,PF,395
629,Danilo Peixoto,ayllacassiano@example.com,f,1944-01-21,Silveira,rs,2024-09-02,Orgânico,PJ,677
630,Isabelly Andrade,antonysa@example.com,f,1946-05-07,Rodrigues do Amparo,Santa Catarina,2023-02-28,Orgânico,PJ,302
631,Sra. Ayla Cunha,antonyda-rocha@example.com,M,1960-10-15,da Cruz das Pedras,ro,2025-01-11,Organico,PJ,666
632,Sabrina Montenegro,caueda-rocha@example.com,M,1961-10-14,Siqueira,rr,2024-07-15,Organico,PF,739
633,Lívia Mendonça,dmontenegro@example.com,F,1974-07-13,da Cruz,Distrito Federal,2024-09-14,Orgânico,pf,590
634,Davi Miguel da Costa,silveiracecilia@example.org,m,1962-01-14,Campos,to,2024-10-25,Social,PF,879
635,Bianca Cavalcanti,ana-livialeao@example.com,f,1953-05-26,Fogaça da Serra,Bahia,2024-12-08,Ads,PF,401
636,Mirella da Mota,gabrielfogaca@example.com,f,2003-11-27,Carvalho,AM,2024-06-13,Ads,PF,751
637,José Pedro Guerra,maria-vitoria56@example.org,f,1940-03-01,Nunes do Campo,PI,2025-05-23,Organico,PF,435
638,Eloá Rios,kamilly46@example.com,m,1970-11-26,Câmara,MA,2023-06-01,Orgânico,PF,669
639,Caroline Cavalcante,fogacalara@example.com,m,1965-03-12,Oliveira,DF,2024-10-04,Orgânico,PJ,469
640,Enzo Garcia,guilhermeda-costa@example.net,M,1972-06-01,Pereira de Moura,Piauí,2023-12-26,Orgânico,PJ,539
641,Srta. Hellena Nogueira,oliviada-luz@example.net,f,2005-05-10,Farias Verde,es,2023-09-28,Ads,PJ,397
642,Pedro Lucas Novaes,lsales@example.net,M,1974-05-16,Nascimento do Campo,RS,2024-05-19,Organico,PF,435
643,Dr. Ravi Lucca da Paz,lucasda-luz@example.net,F,1983-08-08,Cardoso das Pedras,pr,2025-09-20,Organico,PF,308
644,Luiz Gustavo Sousa,cardosorafael@example.net,m,1972-05-02,Abreu,GO,2023-10-06,Organico,PJ,435
645,Isabelly Martins,antoniovargas@example.org,f,1974-09-21,Santos da Serra,MT,2024-01-28,ads,pf,391
646,Calebe Machado,lucas-gabrielporto@example.net,M,1989-07-09,Leão da Prata,MA,2025-07-12,Orgânico,pf,606
647,Dr. Vitor Nunes,luiza41@example.com,F,1951-08-01,da Rosa Paulista,Goiás,2026-01-13,ads,PJ,446
648,Enzo Souza,isabellamontenegro@example.com,M,2001-12-11,Almeida de Rodrigues,al,2023-07-13,Social,PF,468
649,Sophie Barbosa,felipe20@example.com,f,1997-06-05,Pereira,Minas Gerais,2023-12-04,ads,PJ,455
650,Juan Nascimento,pereirayuri@example.org,f,1983-11-06,Vargas do Amparo,al,2024-10-14,Organico,PF,388
651,Vinícius Martins,kcorreia@example.com,M,1941-07-06,Melo,PR,2024-04-29,Ads,PJ,693
652,Cauã Barros,maria-claracavalcante@example.org,m,1985-02-09,Barros de Câmara,Santa Catarina,2024-11-22,Orgânico,PF,553
653,Rafael Fonseca,ida-mota@example.org,m,1944-01-15,Vargas do Norte,ba,2025-10-12,Ads,PF,866
654,Dr. Vinícius da Conceição,fernando30@example.org,m,1979-07-18,Siqueira,ro,2023-11-18,Ads,PJ,608
655,Ana Luiza Campos,da-costaisabel@example.org,F,1960-09-08,Macedo de Freitas,ma,2025-09-17,Social,PJ,493
656,Luiz Henrique Fernandes,vguerra@example.org,f,1976-10-28,Sales,São Paulo,2025-08-07,Ads,PF,806
657,Gabriel Montenegro,raelcassiano@example.org,f,1949-06-08,da Rocha do Galho,RN,2024-04-06,ads,pf,372
658,Sr. Antony Vargas,gomesisadora@example.net,M,1981-06-04,Cunha da Prata,Paraíba,2023-04-04,Orgânico,PF,696
659,Emanuelly Gonçalves,cavalcantejulia@example.net,f,1980-11-12,Souza das Flores,Sergipe,2023-09-05,Social,PJ,476
660,Theodoro Lopes,duartejulia@example.org,f,1998-12-25,Leão Paulista,ES,2023-11-20,Ads,PJ,369
661,Laura Moreira,glima@example.net,M,1983-06-13,Lima da Prata,Goiás,2023-05-24,ads,PF,361
662,Igor Cassiano,theo97@example.net,f,2006-06-22,Leão,rj,2025-08-14,Orgânico,PJ,813
663,Srta. Aylla Martins,oda-cruz@example.org,f,1988-09-27,da Rocha,Sergipe,2025-06-24,Organico,PF,849
664,Maria Cecília Macedo,costaemilly@example.com,F,1960-08-04,Oliveira,Rio Grande do Sul,2025-12-13,Ads,pf,380
665,Dr. Marcos Vinicius Moura,novaesluisa@example.org,F,1988-08-24,Costa das Pedras,DF,2025-06-16,Social,pf,700
666,Dr. Bento Silva,emanuellafonseca@example.com,M,1947-10-05,Ribeiro do Campo,Maranhão,2023-05-06,Organico,PJ,544
667,Sara Mendonça,varagao@example.com,M,1947-03-13,Cunha,TO,2025-07-01,Ads,pf,418
668,Enzo Castro,melinada-conceicao@example.net,f,1978-04-29,da Cunha Verde,ro,2023-12-25,Social,PF,616
669,Eduardo Nunes,caiocorreia@example.org,F,2002-06-20,Silva do Oeste,MS,2023-10-03,Ads,PJ,440
670,Srta. Maria Liz Cassiano,apollocostela@example.org,M,1950-08-21,Guerra do Norte,RO,2025-08-30,Organico,pf,835
671,Isabela Azevedo,qsiqueira@example.org,m,1991-10-02,das Neves do Campo,ES,2024-01-01,Orgânico,PF,575
672,Marcos Vinicius Ramos,qpimenta@example.org,M,1983-09-30,Teixeira do Sul,TO,2025-06-12,Orgânico,pf,578
673,Apollo Souza,freitasantonio@example.net,M,1954-10-19,Melo,Espírito Santo,2023-11-21,Social,PJ,378
674,Amanda Cirino,felipe50@example.com,f,2007-09-25,Montenegro,Bahia,2023-02-07,Social,pf,356
675,Luiz Felipe Machado,oliver76@example.net,f,1999-05-14,Porto das Pedras,al,2025-11-09,ads,pf,461
676,Sra. Maria Isis Castro,teixeiraotto@example.com,m,1995-10-12,da Luz de Casa Grande,SE,2024-11-11,Social,PJ,418
677,Caio Aragão,cecilia30@example.net,F,2000-07-21,da Rosa,pr,2023-11-14,Social,PF,345
678,Marcela Macedo,silveiraeloah@example.net,M,1978-05-06,Azevedo da Mata,GO,2024-10-06,Ads,pf,672
679,Stella Borges,qda-rocha@example.net,f,1945-10-24,Ramos do Campo,PR,2025-10-27,ads,PF,866
680,Dra. Letícia Vasconcelos,agomes@example.org,f,1989-12-20,Leão da Mata,AL,2023-10-11,Orgânico,PF,726
681,Hadassa Ferreira,leandro37@example.org,m,1942-01-03,da Costa,Rio Grande do Norte,2023-10-08,Ads,PJ,681
682,Maria Clara Nogueira,ribeiromaria-clara@example.com,M,2000-08-22,Pacheco do Norte,to,2025-07-22,Ads,PF,528
683,Sr. João Pedro Costa,qsa@example.net,M,1973-11-08,Porto,Rondônia,2024-12-17,Ads,pf,589
684,Isabella da Mota,hadassacastro@example.net,m,1946-08-27,Pastor,Tocantins,2023-09-15,Ads,PJ,767
685,Mariana Costa,heloisasouza@example.com,M,1986-02-25,Fernandes,Amapá,2024-02-26,ads,pf,877
686,Sra. Sara Almeida,gomesgabriela@example.org,m,2004-09-30,Duarte da Praia,ma,2024-09-03,Social,PF,775
687,Ana Luiza Campos,pnascimento@example.net,m,1952-08-07,Teixeira de Melo,ce,2023-09-19,Organico,PF,859
688,Dra. Maria Luísa Fonseca,lgarcia@example.com,F,1988-10-13,da Mota,RR,2025-09-30,Ads,pf,324
689,Nicolas Garcia,lizalbuquerque@example.net,F,1995-03-20,Campos das Pedras,al,2025-10-01,Orgânico,PJ,309
690,Rafaela Mendes,bda-mota@example.org,m,1942-07-11,Nascimento,PA,2025-07-19,Organico,PJ,614
691,João Miguel Jesus,manuella95@example.org,M,1967-07-06,Nascimento da Praia,PE,2025-04-13,Social,PF,729
692,Mirella Barros,caio99@example.com,f,1975-09-12,da Mata,PB,2023-08-13,ads,PJ,586
693,Isaque Albuquerque,eduardo00@example.net,M,1979-06-29,Rodrigues,CE,2023-04-20,ads,PJ,722
694,Raquel Oliveira,davi31@example.net,m,1978-02-07,Silva da Serra,Rio Grande do Norte,2023-11-21,Ads,PJ,397
695,Allana da Rosa,hsousa@example.net,F,1984-04-29,da Mota do Norte,es,2025-08-24,Organico,PF,881
696,Dr. Isaque Nascimento,zcorreia@example.org,M,1971-02-15,Ramos,Rio Grande do Sul,2023-07-13,ads,PF,598
697,Cecilia Machado,gomeslucas-gabriel@example.net,m,1999-04-26,da Paz,Amapá,2023-03-18,Organico,PJ,634
698,Arthur Gabriel Moraes,novaistheo@example.com,m,1962-07-03,Aragão,Roraima,2025-12-24,Orgânico,PF,376
699,Dom Sá,erick39@example.org,F,1993-10-24,Farias do Oeste,MA,2025-02-19,Social,PF,459
700,Clarice Nogueira,maria-claranovaes@example.org,M,2006-10-23,Pimenta,RS,2024-05-22,Organico,pf,621
701,Cauã Lopes,guilhermeporto@example.org,f,1967-07-21,Sampaio,PB,2025-03-07,Social,pf,512
702,Mariane Farias,pietro88@example.net,f,1985-03-22,Almeida de Dias,Pernambuco,2024-04-01,Organico,pf,422
703,Sra. Clarice Rodrigues,bduarte@example.com,M,1996-03-10,Souza da Prata,AP,2025-10-31,Orgânico,PJ,341
704,Maria Luiza Almeida,rochaantony@example.com,F,1945-10-01,Abreu de Almeida,Rio Grande do Sul,2024-12-21,ads,PF,554
705,Emanuella Brito,gfarias@example.net,m,2004-01-03,Alves,Roraima,2024-10-13,Social,PF,606
706,Caio Oliveira,carvalhomaria-laura@example.net,m,2006-09-28,Camargo,MS,2023-09-28,Ads,pf,763
707,Maria Eduarda Macedo,eloa30@example.com,F,1947-06-12,Freitas,PE,2025-04-25,Organico,PF,443
708,Manuella Lima,da-rosajoao-miguel@example.com,M,1962-12-02,Pimenta,ES,2024-09-13,Ads,PF,433
709,Davi Miguel da Paz,stellaazevedo@example.net,F,1966-04-29,Barros,Amazonas,2025-04-20,Orgânico,PJ,386
710,Letícia Azevedo,xcardoso@example.org,m,1942-07-20,Jesus do Galho,AL,2025-06-05,Ads,PF,502
711,Caroline Pires,alexia80@example.com,f,1950-06-17,Rocha de Minas,BA,2024-10-12,Ads,pf,425
712,Murilo da Rocha,teixeiradaniel@example.com,M,1954-02-05,Vasconcelos,Mato Grosso,2024-11-15,Ads,PF,887
713,Carolina Moraes,noah87@example.com,f,1982-08-06,Alves do Norte,ba,2023-09-07,Organico,pf,330
714,Luiz Henrique Leão,bsa@example.com,f,2000-03-16,Marques dos Dourados,rr,2025-08-12,Organico,PF,662
715,Sr. Otto Pinto,costelaaugusto@example.org,F,2000-09-12,Vieira,SP,2024-11-21,Orgânico,pf,756
716,Leonardo da Costa,otto23@example.com,F,1994-03-23,Macedo,SP,2023-12-12,Social,PJ,551
717,Raquel Vieira,pmacedo@example.org,m,1951-10-01,Nascimento,Alagoas,2023-10-17,Organico,PJ,790
718,Davi Luiz Souza,sborges@example.com,M,1963-04-23,Nascimento do Campo,AL,2024-07-23,Orgânico,pf,440
719,Calebe Rios,xfernandes@example.org,f,1946-03-16,Cirino,SP,2025-02-11,Social,PF,856
720,Bruno Novaes,qporto@example.net,M,1941-09-14,Almeida,Santa Catarina,2024-06-23,Orgânico,pf,857
721,Ana Cavalcante,silvaisaque@example.com,f,1947-12-18,da Conceição,Goiás,2023-08-10,Social,PJ,629
722,Ana Sophia Fernandes,jpeixoto@example.net,f,1961-08-10,Borges,Ceará,2023-08-22,ads,PF,626
723,Zoe Correia,yago42@example.org,F,2003-11-23,Mendes de Farias,SP,2025-09-02,Orgânico,PF,783
724,Eloá Nascimento,goncalveslaura@example.org,m,2003-05-25,Nogueira,es,2024-10-05,ads,PF,402
725,Isadora Monteiro,bernardo30@example.com,F,1963-06-29,Andrade da Prata,go,2024-01-31,ads,pf,846
726,Lucas Gabriel Siqueira,lopesana-julia@example.com,M,1965-06-07,Jesus,RN,2023-04-04,Social,pf,663
727,Clarice Ramos,amanda11@example.com,F,1960-03-21,Correia,RO,2024-09-05,ads,PJ,625
728,Rafaela das Neves,gaelda-mota@example.org,m,1956-05-26,Brito,am,2024-06-01,Ads,PJ,660
729,Marcos Vinicius Casa Grande,agathabarros@example.org,F,1970-12-13,Vasconcelos,ro,2025-02-01,ads,pf,855
730,Sr. Caleb Nunes,ravilopes@example.net,m,1998-03-12,Ramos,CE,2025-11-17,Organico,PF,392
731,Ana Júlia Abreu,noah93@example.org,M,2000-03-28,Albuquerque,AM,2023-02-15,Social,PF,320
732,Dr. Miguel Alves,da-rocharaul@example.org,f,1980-01-31,Casa Grande,PA,2025-03-08,Orgânico,PJ,506
733,Kaique Pastor,juliaduarte@example.net,F,1961-06-05,Sampaio,São Paulo,2024-12-23,ads,pf,360
734,Dra. Mariane Fogaça,eduardaaraujo@example.net,M,1995-01-24,Nogueira do Amparo,PA,2023-09-20,Social,PJ,445
735,Valentim da Mota,ayla33@example.org,M,1954-06-18,Cavalcanti Grande,pr,2024-07-01,Orgânico,PF,682
736,Benjamin da Costa,jcunha@example.net,f,1956-08-08,Caldeira de Monteiro,rj,2025-09-29,Ads,pf,609
737,Srta. Carolina Rocha,lunna10@example.net,m,1984-01-05,Gomes da Praia,MT,2025-06-02,ads,PJ,747
738,Oliver Freitas,danilo89@example.com,f,1948-10-14,Azevedo de Pimenta,ma,2024-11-15,Orgânico,PF,875
739,Rhavi da Rocha,kamillycamargo@example.net,m,1965-11-21,Melo,TO,2025-07-22,Social,PF,687
740,Theo Cavalcante,casa-grandegustavo@example.net,m,1961-08-28,Nogueira Paulista,df,2023-11-08,Orgânico,PF,481
741,Theodoro Monteiro,fernanda85@example.com,M,1970-11-04,das Neves,rr,2024-05-05,Social,pf,881
742,Joana Campos,jcostela@example.net,M,1954-04-28,Peixoto,BA,2024-07-31,Social,pf,526
743,Antonella Lopes,pintoluana@example.net,M,1962-04-10,Fonseca,Mato Grosso,2024-03-13,ads,pf,379
744,Larissa Castro,umontenegro@example.net,F,1990-08-25,Rodrigues da Mata,Minas Gerais,2024-04-23,Orgânico,PF,390
745,Kamilly Rocha,davi-luccafonseca@example.com,m,1974-04-18,Nogueira,Ceará,2025-12-25,Ads,pf,514
746,Lívia Abreu,caionovaes@example.com,F,1956-10-19,Abreu de Peixoto,pe,2023-10-04,Ads,pf,562
747,Letícia Cavalcante,guilherme22@example.org,M,2005-10-31,Cavalcante do Oeste,go,2023-12-22,Ads,PF,695
748,Noah Câmara,ferreirayago@example.com,f,1974-08-30,Oliveira das Pedras,ac,2024-01-09,Organico,PF,723
749,Maria Liz Ribeiro,enzo-gabrielda-rosa@example.net,f,2001-09-02,Teixeira,Paraíba,2025-04-15,Orgânico,PJ,684
750,Enzo Gabriel Farias,piresrhavi@example.org,M,2002-06-01,Oliveira Verde,Maranhão,2026-01-26,Social,PJ,530
751,Dra. Milena Aragão,machadosofia@example.com,F,1970-10-11,Novaes do Oeste,Goiás,2023-11-03,Ads,PF,601
752,Mariana Montenegro,diasana-beatriz@example.com,M,1985-10-24,Moraes,Ceará,2024-04-10,Orgânico,PF,375
753,Theo Casa Grande,brunada-mota@example.org,m,2003-04-05,Barbosa do Galho,BA,2025-12-29,Organico,PF,376
754,Lara da Costa,leandrosilva@example.org,M,2005-09-13,Vieira de Duarte,Mato Grosso,2023-04-03,Social,PJ,794
755,Thiago Abreu,brocha@example.net,M,1985-04-21,da Rosa de Ferreira,Santa Catarina,2024-10-11,ads,PJ,744
756,Lívia Monteiro,fernandesdiego@example.com,F,1999-05-30,Vieira da Serra,TO,2025-01-01,Ads,pf,510
757,Ana Beatriz Vieira,emilly72@example.com,F,1981-02-19,Sousa,Acre,2025-06-07,Social,PJ,853
758,Ester Azevedo,maysa65@example.net,m,1990-11-23,Camargo do Campo,mt,2023-06-30,Orgânico,pf,543
759,Isadora Nascimento,ana-julialeao@example.net,M,1977-06-20,Casa Grande do Norte,AM,2025-01-28,Organico,PJ,862
760,Ana Beatriz Carvalho,ffreitas@example.org,f,1952-07-14,da Luz,MS,2023-12-17,Ads,pf,303
761,Antony da Luz,vitor85@example.com,f,1967-08-11,Moraes,GO,2025-07-30,Orgânico,PJ,791
762,Luiz Fernando Machado,mariah51@example.org,F,1978-04-21,Nunes dos Dourados,TO,2023-12-07,Ads,PF,474
763,Luara Silveira,cda-rosa@example.org,m,1961-12-22,Casa Grande,GO,2025-12-01,Organico,PF,615
764,Dr. Lorenzo Gonçalves,carvalhoalicia@example.com,f,1947-05-31,Fernandes de Goiás,Mato Grosso,2024-12-15,Organico,PJ,571
765,Dr. Matheus Gonçalves,gael87@example.com,M,2005-06-24,Gonçalves das Pedras,es,2023-12-21,Social,pf,489
766,Raquel da Rosa,joao-miguelsales@example.org,m,1996-06-18,Fonseca dos Dourados,Rio de Janeiro,2023-05-05,Orgânico,PF,756
767,Sr. Marcos Vinicius Aragão,xrezende@example.org,M,1944-10-25,da Mata Paulista,Santa Catarina,2025-10-26,Organico,pf,569
768,Dr. Valentim Rocha,fernando29@example.com,F,1971-01-09,Sá,São Paulo,2023-05-26,Social,PF,454
769,Raul Moraes,alexia24@example.org,M,2003-06-21,Guerra,RO,2024-06-22,Orgânico,PJ,723
770,Maya Novais,qbrito@example.org,F,1974-01-06,Costa de Pereira,rs,2023-10-30,Ads,pf,835
771,Maria Julia Costa,marquesjoao-lucas@example.org,f,2004-03-19,Correia,es,2024-08-07,Organico,PJ,541
772,Dr. Bruno Guerra,moliveira@example.org,f,1975-03-01,Sousa,Goiás,2025-06-01,Ads,pf,335
773,Ana Vitória Nunes,cecilia11@example.net,F,1973-09-11,Alves Grande,BA,2024-09-14,Organico,PF,471
774,Ana Laura Moura,aparecidaayla@example.net,F,1971-04-13,Guerra de Silva,SE,2025-05-05,ads,PF,733
775,Jade Peixoto,ian88@example.org,M,1990-05-27,Lima,ms,2026-01-07,Organico,PF,451
776,Maitê Duarte,freitaspedro-henrique@example.org,m,1970-01-29,Guerra,Piauí,2025-06-09,Ads,PF,697
777,Sra. Isabelly Gomes,biancasampaio@example.net,f,1963-02-28,Garcia de Rodrigues,sp,2024-02-18,Orgânico,pf,832
778,Srta. Isabella Porto,sophiabarbosa@example.net,f,1952-08-11,da Cruz dos Dourados,MA,2025-05-22,Social,PJ,835
779,Gael Henrique Borges,rafaela37@example.org,f,1976-02-01,Novaes do Campo,RN,2025-11-25,Organico,PF,451
780,Vitor Hugo Gomes,jpinto@example.net,M,1953-01-04,Rios,CE,2024-10-08,Social,PF,592
781,Maria Liz Duarte,souzapedro-lucas@example.com,m,1997-06-06,da Costa,Rio Grande do Sul,2024-09-28,Orgânico,pf,797
782,Dra. Liz Pastor,hsouza@example.org,f,1995-02-10,Leão,BA,2024-09-26,ads,pf,712
783,Ana Sophia Pastor,davi-lucasramos@example.com,F,1977-12-17,Vargas,pb,2025-10-30,Social,PJ,711
784,João Lucas da Paz,renansiqueira@example.net,M,2007-01-02,Rios da Praia,Alagoas,2024-05-30,Orgânico,PJ,543
785,Yan Nogueira,zcardoso@example.com,M,1959-08-11,da Mota da Prata,ms,2025-02-09,Organico,pf,681
786,Sophia Marques,salesjoao-miguel@example.org,M,1946-11-12,Martins das Pedras,Espírito Santo,2025-10-14,Orgânico,pf,587
787,Leonardo Gonçalves,cardosopietra@example.org,f,1973-08-16,da Conceição de Goiás,pb,2025-10-10,Ads,PF,437
788,Diogo Castro,danilofogaca@example.net,m,1955-10-22,Duarte Paulista,ce,2025-11-07,Organico,pf,575
789,Laís Castro,bruno03@example.net,f,1950-03-02,Lopes de Goiás,go,2023-02-12,Ads,PF,752
790,Lorenzo Nascimento,gsilveira@example.net,F,2001-02-04,Sá,Sergipe,2025-12-11,Organico,PJ,682
791,Sr. Juan Carvalho,sampaiobenicio@example.com,M,1990-07-19,Abreu do Norte,ro,2025-08-27,ads,PF,618
792,Raul Carvalho,da-luzyago@example.net,f,1962-06-25,Nogueira das Pedras,AM,2024-02-28,Social,PJ,329
793,João Miguel Cirino,heloisabarbosa@example.com,F,1976-02-26,Melo,RN,2023-02-19,ads,PF,555
794,Sr. Théo Nogueira,vieirajoaquim@example.com,M,1963-09-25,Correia Verde,Amapá,2023-02-07,Ads,pf,503
795,Luiz Felipe Porto,ayla14@example.org,m,1956-11-09,Lima,Mato Grosso do Sul,2024-06-04,Organico,PJ,706
796,Sr. Oliver Guerra,cavalcantesara@example.org,M,1964-04-10,Leão,go,2024-03-27,Ads,PF,681
797,Caio Rios,carolina16@example.net,f,1945-06-27,Silveira das Flores,ce,2026-01-08,Organico,PF,785
798,Bryan Campos,urezende@example.com,m,1981-12-30,da Cruz,Paraíba,2025-05-01,ads,pf,392
799,Sr. Lorenzo Oliveira,vcarvalho@example.org,m,1973-05-25,Nascimento,SE,2025-04-02,Organico,PF,466
800,Isaque Costela,lorena02@example.org,F,2006-09-18,Sá,RJ,2023-04-06,ads,PJ,511
801,Felipe da Conceição,moraesjoao-lucas@example.net,m,1962-01-02,Santos do Oeste,mt,2024-03-17,Organico,PJ,320
802,Emanuella Siqueira,elisa76@example.org,M,1969-08-15,Novais,Tocantins,2025-07-27,ads,PJ,477
803,Sarah Lima,paulo28@example.com,M,1996-01-19,Cavalcante do Amparo,DF,2024-04-15,Orgânico,PJ,612
804,Davi Lucas da Paz,lauragomes@example.net,m,1969-07-29,Ramos de Goiás,Ceará,2024-08-08,Organico,pf,770
805,Laura Pinto,borgesluara@example.com,m,2000-06-21,Freitas da Prata,PR,2025-08-10,Organico,pf,833
806,Brayan Araújo,lunna90@example.org,f,2006-02-10,Castro,ac,2025-04-10,Ads,PF,823
807,Amanda Araújo,mirelladias@example.org,m,1948-03-15,Viana das Pedras,ce,2023-03-06,Social,PJ,589
808,Sophia Pereira,monteiromaysa@example.org,m,1971-05-13,da Costa das Pedras,pb,2023-02-24,Ads,pf,365
809,Alícia Duarte,ucosta@example.net,m,1995-05-18,Cassiano dos Dourados,Pará,2024-06-01,Orgânico,pf,567
810,Cauê Fogaça,oduarte@example.com,m,2003-10-02,Nogueira,MS,2024-05-31,ads,PJ,546
811,Isaac Moreira,nascimentonicole@example.com,M,1943-08-21,Montenegro,mt,2023-10-01,Organico,PJ,627
812,Erick Siqueira,ana-livia87@example.com,F,1959-11-25,da Rocha,rj,2026-01-31,Ads,PJ,809
813,Heloisa Pastor,thiagogarcia@example.com,m,2001-04-23,Nogueira dos Dourados,Pernambuco,2025-09-08,Organico,pf,697
814,Srta. Cecília Guerra,ana-carolina62@example.com,M,2001-10-17,Garcia,ma,2023-10-24,Social,PF,651
815,Maria Sophia Machado,souzamirella@example.net,F,1986-05-10,Borges da Prata,ba,2024-06-09,Social,PJ,787
816,Hadassa Barbosa,laisvieira@example.org,m,1956-11-21,Câmara de Ferreira,se,2023-06-19,Orgânico,PF,871
817,Henry Gabriel Rodrigues,davi-lucca36@example.org,F,1985-04-03,Caldeira,Bahia,2025-08-29,Ads,pf,431
818,Jade Barbosa,acassiano@example.net,m,1944-01-01,Martins de da Costa,ce,2025-12-21,Social,PF,643
819,João Miguel Pereira,isis30@example.org,M,1991-03-17,Nunes de Goiás,PE,2023-04-30,Orgânico,PF,614
820,Giovanna Dias,maria-fernandapeixoto@example.org,f,1941-10-16,Nunes do Sul,Sergipe,2024-10-20,Orgânico,pf,899
821,Mateus Pimenta,lrodrigues@example.com,m,1941-02-02,Azevedo de Castro,Bahia,2025-08-23,Ads,pf,354
822,Eloah Jesus,joana45@example.com,M,1956-05-28,Marques,Ceará,2025-06-01,ads,PJ,422
823,Noah Machado,daniela18@example.net,f,1947-04-18,Silva,mg,2023-04-11,Orgânico,pf,355
824,Noah Novaes,aazevedo@example.org,F,2002-05-17,Pereira,SC,2025-06-15,ads,pf,719
825,Isabela Nascimento,stellarios@example.org,f,1951-10-19,Cavalcante,AL,2023-07-08,Orgânico,PJ,484
826,Sr. Lorenzo Macedo,dramos@example.org,M,1964-10-02,Guerra do Sul,Pernambuco,2025-06-25,Orgânico,PJ,481
827,Thomas Mendonça,yuri72@example.org,m,1982-10-08,Costa,to,2025-12-24,Ads,PF,762
828,Maya Farias,hadassamacedo@example.net,m,1957-05-11,Brito da Serra,ES,2025-08-06,ads,PJ,462
829,Thomas Nunes,lararamos@example.net,f,1963-02-02,Costa,MT,2023-03-18,ads,PJ,744
830,Alice Andrade,jmachado@example.net,f,2005-08-20,Moraes,Goiás,2024-03-23,Organico,pf,692
831,Carlos Eduardo Cassiano,gpeixoto@example.com,M,1994-07-03,Freitas da Prata,MA,2025-04-23,Social,PF,682
832,Dra. Brenda Vargas,helenacavalcanti@example.com,M,1947-11-07,Souza de Goiás,Roraima,2023-03-01,Social,PF,318
833,Raquel Pimenta,camilabarros@example.org,M,1999-11-04,Teixeira,go,2023-05-27,ads,PF,652
834,Noah Gomes,eloamacedo@example.net,m,1991-08-09,Araújo,MA,2023-08-13,Ads,pf,815
835,Dr. Apollo Nogueira,antonellacassiano@example.com,m,2004-01-24,Barros,DF,2023-06-05,Ads,PF,605
836,Lucca Teixeira,luiz-gustavo40@example.org,m,1974-03-07,Teixeira da Serra,Paraná,2025-05-29,Social,PJ,836
837,Sra. Helena Castro,emanuelly28@example.org,m,1965-11-23,Barbosa de Machado,Mato Grosso,2024-10-31,ads,pf,801
838,Henry Pires,freitasisaque@example.net,m,1959-02-07,Albuquerque do Amparo,RR,2023-02-11,ads,pf,319
839,João Miguel Borges,camargolucas@example.net,F,1973-09-11,Fonseca do Amparo,TO,2023-02-10,ads,PF,322
840,Ana Sophia Araújo,silveiramaria@example.com,F,1987-06-22,Pinto Verde,RS,2023-08-13,Orgânico,PJ,338
841,Raul da Cruz,scosta@example.org,f,1950-05-29,da Cruz de Araújo,df,2025-05-01,Orgânico,PJ,349
842,Renan Ferreira,ifonseca@example.com,M,1955-02-15,Fernandes de Minas,ap,2023-04-28,Ads,PJ,320
843,Dra. Sophie Fonseca,da-conceicaobenjamin@example.net,M,1971-06-18,Ribeiro,ro,2025-02-02,Ads,pf,754
844,Cecilia da Conceição,da-conceicaorebeca@example.com,f,1946-02-08,Costela Grande,AL,2025-01-11,Social,pf,785
845,Manuella Alves,urocha@example.org,F,1953-11-21,Martins da Prata,SE,2025-12-09,Ads,pf,730
846,Lívia da Paz,apimenta@example.org,M,1943-12-29,Aparecida,rr,2025-04-28,Social,pf,440
847,Benjamim Araújo,onovais@example.org,f,1967-05-29,Silva,TO,2025-08-17,Social,PJ,420
848,Ana Clara Cirino,da-conceicaomaria-isis@example.com,m,1985-02-12,Nogueira de Goiás,RR,2023-10-18,Ads,pf,503
849,Lorenzo Cavalcanti,ialbuquerque@example.com,F,1946-02-12,da Costa da Praia,Piauí,2024-11-15,Social,PF,666
850,Dra. Hellena Câmara,liamdas-neves@example.com,f,2007-09-19,Vieira,Rondônia,2026-01-04,ads,PF,861
851,Alana Pastor,cferreira@example.com,f,1992-04-14,da Cunha de Goiás,PR,2025-03-06,Organico,pf,540
852,Dra. Bárbara Porto,yasminmelo@example.org,M,2003-09-24,Cassiano,DF,2023-08-19,Ads,PF,887
853,Juliana Castro,nunesraul@example.org,f,1948-01-30,Pereira do Amparo,AC,2023-03-15,Ads,PJ,376
854,Dra. Laura da Rosa,giovanna11@example.net,M,1968-11-12,da Mata de Goiás,Rio de Janeiro,2025-11-07,ads,pf,603
855,Letícia Freitas,caio08@example.net,m,2002-06-11,Castro,Amazonas,2024-03-22,Ads,PF,478
856,Sr. Mathias da Luz,rhavicavalcante@example.net,M,1994-06-20,Pinto,Paraíba,2024-09-14,Orgânico,PJ,620
857,Dra. Luana da Luz,kbrito@example.net,f,2003-09-25,Cassiano,ms,2023-04-30,Ads,PF,346
858,Vitor Mendes,machadojose-pedro@example.org,M,1999-07-14,Casa Grande,AM,2023-08-19,ads,pf,666
859,Vitor Hugo Borges,duartevinicius@example.org,f,1998-05-29,Pastor,sp,2024-03-15,Orgânico,PJ,395
860,Valentim Barros,vitorcarvalho@example.net,m,1940-12-11,Siqueira do Oeste,Mato Grosso do Sul,2023-09-22,ads,PF,710
861,Léo da Rosa,da-matabella@example.com,f,2001-04-15,Correia,Roraima,2026-01-02,Orgânico,pf,789
862,Mateus Dias,pda-cunha@example.org,f,1952-04-02,Sales,rr,2024-11-21,ads,PF,435
863,Clarice Cardoso,dsales@example.org,M,1945-01-20,das Neves,AP,2023-05-23,Ads,pf,794
864,Maria Julia Correia,vianadante@example.net,f,1981-06-03,Marques do Sul,CE,2025-05-11,Social,pf,667
865,Srta. Julia Costa,maria-luisa84@example.net,M,1950-06-20,Pimenta de Minas,sc,2023-04-25,ads,pf,799
866,Mariane Pinto,fariassophie@example.net,M,1999-04-19,Sales das Pedras,Espírito Santo,2024-12-10,Organico,PF,364
867,Nathan Farias,luara46@example.net,m,1950-07-29,Andrade,pe,2024-04-20,Orgânico,PF,837
868,Marcela Rios,nascimentodavi-luiz@example.com,F,1966-04-12,Ramos,es,2024-06-09,Orgânico,PJ,835
869,José Moraes,novaisisis@example.org,M,1953-12-15,Garcia de Sales,Distrito Federal,2024-05-07,ads,pf,654
870,Sarah Garcia,vicenteandrade@example.org,f,1987-06-05,Martins de Goiás,SP,2026-01-21,Social,PJ,355
871,Sarah Pires,henry-gabriel79@example.com,M,1962-10-02,Sá da Praia,mg,2024-09-30,ads,PJ,780
872,Luana Machado,borgesjoao-guilherme@example.net,f,1973-05-16,Martins,SP,2024-07-19,Ads,pf,628
873,Thales Vargas,maria-vitoria43@example.net,F,1952-10-11,Fonseca Verde,Mato Grosso,2025-09-17,Orgânico,PF,819
874,Yan Freitas,anunes@example.org,F,2000-05-05,da Mota de Rezende,pr,2025-10-26,Organico,pf,540
875,Luiz Miguel Moura,luigi11@example.com,M,1963-12-07,Oliveira da Prata,Santa Catarina,2025-05-17,Organico,PJ,758
876,Dra. Gabrielly da Cruz,giovannafarias@example.com,M,1961-06-16,Pinto,Rondônia,2025-08-07,Organico,pf,421
877,Gael Henrique da Costa,luara76@example.net,f,1974-10-19,Macedo,mt,2025-10-19,Ads,PF,713
878,Vinicius Monteiro,peixotofernando@example.org,f,1954-04-25,Fernandes,PA,2023-08-31,Social,PJ,300
879,Melina Sousa,da-luzyasmin@example.org,M,1946-11-16,Sampaio,al,2023-10-20,Social,PJ,611
880,Mirella Viana,zoebrito@example.net,F,2000-12-26,Gomes,to,2025-01-30,Organico,pf,672
881,Ester Casa Grande,zcostela@example.com,M,1969-09-26,Porto,SP,2024-09-19,Organico,pf,873
882,Letícia Ribeiro,thomasgoncalves@example.net,f,1942-08-03,Fonseca,pr,2024-05-05,Orgânico,PJ,763
883,Alana da Costa,tviana@example.org,M,1961-01-21,Lopes,SE,2025-07-31,ads,PF,649
884,Kamilly Câmara,vargasjoao-guilherme@example.com,m,1976-04-02,Borges,pb,2023-06-07,Orgânico,PJ,834
885,Igor Nascimento,dantecamargo@example.com,m,1961-11-09,Marques do Campo,go,2024-12-08,Ads,PF,468
886,Dr. Thomas Costa,olivercirino@example.com,f,1952-11-19,Mendonça,PB,2024-02-05,Organico,PF,560
887,Maria Vitória Nunes,cunhacamila@example.org,F,1997-02-07,da Rosa,BA,2025-02-03,Ads,pf,520
888,Sr. Bruno Leão,ravi42@example.net,f,1996-08-18,Aragão de Minas,PI,2025-03-05,Orgânico,PF,724
889,Ana Júlia Souza,taraujo@example.net,M,1955-07-22,Novaes Grande,rn,2023-03-03,Social,PF,761
890,Maitê Nascimento,heitor69@example.org,f,1995-05-16,Melo,es,2024-02-07,Social,PJ,437
891,Sr. Diego Castro,bnovais@example.com,f,1973-11-11,Borges da Mata,GO,2023-03-31,Social,PJ,349
892,Julia Câmara,rezendeelisa@example.com,f,1972-06-01,da Mata Alegre,mg,2024-10-13,Organico,PJ,481
893,Sophia Fernandes,theo23@example.org,F,2000-05-04,Ribeiro Grande,pr,2025-03-27,ads,PF,696
894,Isis Lopes,pintosabrina@example.org,m,1991-04-14,Macedo,ap,2023-10-02,Organico,pf,554
895,Yan Sales,lunna63@example.org,m,1970-11-15,Nunes,Minas Gerais,2023-08-01,Orgânico,pf,763
896,Dr. José Pedro Garcia,usantos@example.org,F,1985-01-02,Araújo de Câmara,AM,2024-10-30,Organico,PJ,824
897,Dr. Noah Barbosa,abreufelipe@example.org,m,1950-11-13,da Mota de Minas,ba,2023-11-16,Social,pf,866
898,Rodrigo Aparecida,melodaniela@example.org,F,1982-06-19,Pacheco,ES,2024-08-23,ads,PJ,597
899,Matteo Viana,rbrito@example.org,m,1987-09-27,Camargo do Sul,df,2023-10-10,ads,PJ,482
900,Srta. Eloah Costela,aylla96@example.net,m,1948-01-26,Novaes,to,2026-01-29,Ads,pf,875
901,Luiz Henrique Costela,vitor-gabrielpinto@example.net,f,1981-06-20,Nogueira,es,2024-09-27,Social,PJ,727
902,Sr. Leandro Oliveira,isaac54@example.net,m,1960-02-23,da Paz Verde,Amapá,2026-01-21,Ads,PJ,409
903,João Vitor Silveira,alice72@example.net,M,1993-07-09,Viana do Sul,Piauí,2024-10-30,ads,PF,357
904,Nina Andrade,bgoncalves@example.net,F,1958-10-26,Costa da Mata,Tocantins,2025-10-05,ads,pf,556
905,Enrico Castro,rafaelada-paz@example.net,F,1978-02-12,Pacheco das Pedras,RS,2024-12-01,Orgânico,PF,854
906,Pedro Lucas Monteiro,larafarias@example.org,M,1972-07-06,Sá das Pedras,Mato Grosso do Sul,2026-01-08,Organico,PF,875
907,Sr. Davi Miguel Melo,camargonoah@example.net,F,1985-11-14,Nunes do Galho,pr,2025-07-03,Social,pf,543
908,Sra. Juliana Campos,helena09@example.org,m,1962-04-20,Cardoso,es,2025-01-14,Ads,pf,696
909,Apollo Pacheco,zda-conceicao@example.net,f,1990-07-12,Moraes do Oeste,pe,2025-06-29,Orgânico,PJ,355
910,Ana Laura Sales,alice62@example.com,M,1963-08-03,Moreira de Casa Grande,ce,2024-08-16,Orgânico,PF,753
911,Ester Macedo,sousamaria-luisa@example.org,F,2007-02-26,Novais da Praia,df,2023-08-24,Orgânico,PJ,859
912,Dra. Alice Moraes,olivia20@example.com,F,1980-12-10,Cavalcante,pi,2024-09-04,ads,pf,759
913,Helena Vasconcelos,benjamin58@example.org,F,1991-02-03,Farias de Barbosa,ce,2024-01-10,Ads,PF,477
914,Srta. Elisa Cardoso,zaraujo@example.com,M,1954-02-22,Fogaça,Tocantins,2024-04-17,Ads,pf,585
915,Josué Ramos,aragaoclara@example.net,m,1955-02-22,Moraes,SE,2025-10-18,ads,PJ,561
916,Heloísa Ribeiro,otaviodias@example.com,M,1991-03-14,Nascimento Verde,Goiás,2024-02-10,Organico,PJ,458
917,Maria Fernanda Campos,caio53@example.net,M,1991-02-07,Cardoso,MG,2024-04-02,Orgânico,PJ,352
918,Benício Aragão,cmoraes@example.org,m,1953-11-11,Rios Paulista,Amazonas,2025-04-26,Social,PJ,666
919,Ian Azevedo,elisa33@example.com,M,1948-12-21,Campos de Moreira,rj,2024-03-27,Orgânico,PJ,525
920,Sr. Luigi Lopes,isabelaaparecida@example.com,F,1961-06-19,Pinto,df,2025-07-20,Ads,PJ,463
921,Alícia Barbosa,vitor-hugo92@example.com,f,1984-02-04,Cardoso,go,2023-10-03,Social,pf,394
922,Aurora Almeida,rsouza@example.org,m,1942-06-30,Correia,PB,2023-10-16,ads,PJ,639
923,Srta. Ana Liz Mendes,davi-luccaborges@example.com,m,2006-01-24,Vargas do Oeste,Alagoas,2024-12-15,Orgânico,PF,843
924,Stella Moura,cavalcantiluna@example.org,f,1958-02-28,Almeida,ms,2024-10-22,Ads,PF,654
925,Vitória Aparecida,luiz-henrique12@example.org,f,1941-02-20,Ramos Alegre,ES,2025-08-23,Social,PJ,549
926,Lucca Fernandes,luiz-otavio06@example.com,M,1981-08-13,Moraes dos Dourados,ma,2024-05-17,Orgânico,pf,416
927,Davi Luiz Jesus,ksantos@example.com,f,1997-06-11,Monteiro,Rio Grande do Norte,2024-12-04,Social,PJ,589
928,Esther Oliveira,tda-costa@example.net,M,1959-03-03,Aragão,ce,2024-02-28,Orgânico,PJ,820
929,Anthony Gabriel Sales,heloisa28@example.org,f,1970-06-13,Gomes de Sampaio,Ceará,2026-01-07,Ads,pf,497
930,Julia Nogueira,vasconceloseduarda@example.org,m,1987-05-07,Lima,pb,2024-05-31,Ads,PF,471
931,Pietra Gonçalves,silvajade@example.org,M,1952-06-27,Silveira,ac,2023-06-12,Ads,PF,518
932,Oliver Aparecida,aparecidajoana@example.org,f,2000-09-21,Viana,PR,2024-06-12,ads,PJ,745
933,Ana Lívia Montenegro,wmendonca@example.com,M,1997-01-14,Nogueira dos Dourados,ac,2025-05-28,ads,PF,770
934,José Martins,henrique95@example.org,m,1992-07-03,Casa Grande,MS,2023-07-18,Ads,PF,355
935,Catarina Nascimento,hcassiano@example.org,F,1996-10-20,Melo,Pernambuco,2023-07-05,Social,PF,888
936,Thales Vargas,guerramaria-sophia@example.net,F,1942-02-26,Nascimento do Oeste,Paraná,2025-10-06,Organico,pf,761
937,João Felipe Montenegro,davi92@example.com,f,2000-04-09,Pastor,Tocantins,2023-12-21,Orgânico,PF,698
938,Isis Vieira,da-matamaysa@example.net,M,1960-03-11,Abreu Alegre,pa,2023-04-18,Ads,PJ,364
939,Gabrielly Nascimento,luiz-miguel32@example.org,M,2006-09-30,Alves de Minas,ce,2023-12-08,Ads,pf,814
940,Cauê Vargas,lais09@example.net,M,1987-12-27,Silva de Ramos,Maranhão,2025-08-04,Orgânico,PJ,388
941,Sr. João Pedro Castro,ljesus@example.org,m,1947-11-16,Carvalho Verde,Acre,2024-05-10,Organico,pf,331
942,Marcelo Peixoto,wcorreia@example.org,f,1993-06-18,Campos,MG,2023-07-22,Social,PF,439
943,Emanuel Andrade,marcelo60@example.org,f,1952-10-28,Nogueira do Sul,pi,2023-04-23,Orgânico,PJ,447
944,Emanuella Freitas,luanda-rosa@example.net,m,1964-02-15,Pinto Alegre,go,2025-03-18,Orgânico,PF,866
945,Dra. Alexia da Rocha,davi-luizda-rosa@example.com,F,1947-08-20,Cavalcante de Dias,AM,2023-12-11,Ads,PF,886
946,Ester da Paz,manuela33@example.org,f,1957-11-25,da Mata,ro,2024-08-21,Social,PF,612
947,Nathan Rodrigues,cirinomaria-julia@example.org,F,1956-06-06,Santos de Freitas,es,2024-11-11,Orgânico,PF,722
948,Sra. Mariah Correia,leandrofreitas@example.org,F,1976-11-14,Aparecida,MS,2024-10-08,ads,PF,558
949,Dr. Joaquim Araújo,alana54@example.net,F,1974-08-18,Monteiro do Galho,TO,2025-06-25,ads,PJ,880
950,Luísa Pires,manuelacaldeira@example.org,M,1968-04-02,Cavalcante,ce,2024-06-09,Organico,PJ,862
951,Srta. Bella Cavalcante,gmontenegro@example.net,M,1948-04-09,Freitas de Goiás,Minas Gerais,2024-01-28,Ads,pf,400
952,Alice Castro,mendeslorenzo@example.org,F,1976-04-12,Alves,ms,2026-01-01,Social,pf,638
953,Sr. Vinícius Brito,eviana@example.org,m,1950-03-27,Silva de Minas,SE,2025-06-12,ads,PF,591
954,Sra. Sabrina Rezende,juan12@example.org,M,1947-10-01,Caldeira do Galho,SE,2023-08-07,Orgânico,pf,761
955,Dra. Allana Correia,lorenzo63@example.org,m,2002-10-22,das Neves,pr,2024-09-05,Orgânico,PJ,898
956,Kamilly Silva,gaelleao@example.org,F,1983-12-03,da Rosa,go,2025-11-07,Social,pf,623
957,Sra. Eduarda Garcia,laurasilveira@example.org,f,1947-11-02,Rios,RJ,2023-09-15,Ads,pf,552
958,Srta. Valentina Cassiano,mariahguerra@example.org,F,1996-09-30,Alves de da Conceição,ma,2024-02-07,Organico,pf,668
959,Dr. Arthur Gabriel Cavalcanti,meloluna@example.org,F,1949-12-25,Almeida,ro,2024-03-08,Orgânico,pf,773
960,Marcela Ramos,oliviasales@example.net,f,1976-04-25,Rodrigues da Mata,Pará,2023-07-14,Orgânico,pf,864
961,Gael Henrique Sousa,gsa@example.com,M,1982-05-22,Barros,AM,2023-02-27,Social,PF,587
962,Nicolas Barbosa,zalbuquerque@example.com,F,1980-11-15,Moraes do Amparo,al,2025-02-11,ads,pf,378
963,Beatriz Farias,da-costaclara@example.org,M,1980-11-08,Marques dos Dourados,RJ,2023-06-07,Social,PJ,331
964,Heloisa Andrade,maria-claramontenegro@example.com,f,1949-01-11,Macedo de Rodrigues,pa,2024-02-07,ads,PF,864
965,Marcela da Conceição,rda-costa@example.org,m,1969-09-10,Lima,pr,2024-02-23,Social,pf,452
966,Sr. José Pedro Sampaio,emoreira@example.org,m,2005-07-22,Rocha,Pernambuco,2025-05-02,ads,PJ,597
967,Maria Luísa Aragão,joao-vitor07@example.net,F,1958-12-19,Sá,Minas Gerais,2025-12-10,Social,PJ,392
968,Maria Julia da Cruz,npimenta@example.net,f,1949-05-26,Lopes de Costela,Rio Grande do Norte,2025-11-30,Social,PF,544
969,Sr. Calebe Gonçalves,mathiasmacedo@example.org,F,1975-07-17,da Rocha,mg,2025-07-14,ads,pf,463
970,Lucca Gomes,da-luzcecilia@example.com,F,1987-12-14,Caldeira,rj,2023-06-13,Social,PJ,449
971,Guilherme Azevedo,mariane50@example.net,f,1959-01-11,Silveira da Praia,Bahia,2023-02-21,Ads,PF,799
972,Juan Lopes,danielada-rocha@example.net,F,1972-04-29,Ferreira,ES,2024-11-27,Orgânico,pf,539
973,Antônio Sampaio,joao-gabrielsilveira@example.net,M,1970-06-11,Montenegro das Flores,ba,2024-07-03,ads,PJ,669
974,Juliana da Rosa,da-cunhajose-pedro@example.org,f,1966-09-14,Ferreira,Distrito Federal,2025-02-20,Organico,PF,340
975,Rebeca Moraes,fogacasophie@example.com,m,1943-05-22,Lima de Viana,BA,2024-09-13,Social,PJ,580
976,Apollo Cirino,pintofelipe@example.org,m,1962-12-04,da Mota,es,2024-09-19,Social,PJ,478
977,Diego Machado,ferreirahenry@example.com,f,1954-12-14,Albuquerque de Goiás,pi,2024-09-06,Organico,pf,379
978,Caroline da Cunha,nicolas32@example.com,m,1968-01-02,Siqueira do Oeste,Tocantins,2023-10-19,ads,PJ,715
979,Ana Laura Castro,jade31@example.org,m,1981-12-24,Pimenta,Ceará,2023-02-23,Organico,pf,306
980,Valentina Duarte,ecunha@example.org,F,2002-09-14,Rios da Mata,Espírito Santo,2024-11-17,ads,PF,378
981,Diego Moreira,joao-lucas07@example.org,m,1950-09-14,Ribeiro de Farias,MA,2024-07-14,ads,PF,461
982,Eloah Cavalcante,felipeabreu@example.net,m,2004-11-10,Rios do Campo,ac,2023-03-01,Ads,PJ,535
983,Lavínia Dias,arthur-gabriel01@example.net,f,2004-10-01,Sousa do Oeste,Distrito Federal,2025-06-29,Ads,pf,790
984,Sra. Marcela Gomes,ramosantonella@example.com,f,1979-02-19,Mendes,PA,2025-08-15,Social,PF,720
985,Hadassa Fonseca,henry61@example.org,M,1943-06-27,Mendonça do Norte,AM,2024-06-11,Ads,PF,887
986,Dra. Maria Sophia Leão,larissa45@example.org,F,1979-11-01,Barbosa,MT,2025-12-29,Social,PF,886
987,Guilherme da Cruz,anthony-gabriel05@example.net,F,1973-05-19,Cardoso da Prata,SC,2025-10-15,ads,pf,484
988,Ian Ribeiro,sousaevelyn@example.net,f,1978-11-10,Cassiano das Flores,rr,2023-11-21,Social,PJ,319
989,Luiz Miguel Montenegro,dmonteiro@example.com,m,2004-10-16,Ferreira de Mendonça,DF,2024-10-19,ads,pf,782
990,Antonella Martins,scamara@example.net,f,1977-06-10,Costela,MG,2024-11-24,ads,pf,446
991,Sra. Maria Isis da Rocha,ana-julia37@example.org,F,1979-05-17,Sá das Flores,mg,2023-05-10,Social,pf,471
992,Liz Vieira,cirinomaria-vitoria@example.net,m,1941-03-27,da Cruz do Norte,Amapá,2025-10-07,Social,PJ,370
993,Dra. Caroline Guerra,ycampos@example.org,F,1951-04-08,Rios,Roraima,2024-10-16,Organico,PF,411
994,Julia da Paz,leo91@example.com,M,1962-11-09,Almeida,RO,2023-02-13,Social,PJ,729
995,Aylla Oliveira,montenegrocaua@example.com,F,1967-11-21,Mendonça,rj,2025-04-29,Ads,PF,787
996,Sofia Ramos,antonellapastor@example.org,M,1969-12-27,Teixeira da Mata,ba,2023-02-22,Social,PF,395
997,José Pedro Melo,portofernanda@example.com,f,1945-10-25,Vieira,pi,2023-12-09,ads,PJ,852
998,Eduarda Camargo,fernandolopes@example.net,M,2003-03-11,Ferreira,al,2023-08-31,Organico,PJ,730
999,Sr. Anthony Santos,milena33@example.net,m,1996-04-26,Cavalcante de Goiás,TO,2025-02-10,Social,pf,534
1000,João Vitor Siqueira,da-rochaagatha@example.net,f,1964-08-11,Rezende,Santa Catarina,2023-11-21,Orgânico,PJ,889
1001,Srta. Bruna Viana,moreiramarina@example.org,M,1953-05-15,Jesus,Mato Grosso,2023-08-22,ads,pf,788
1002,Maria Eduarda Castro,mariane62@example.com,F,2001-03-29,Rios,RR,2024-02-21,Orgânico,PJ,856
1003,Valentina Lopes,theodoro79@example.org,f,1982-04-19,Pimenta,Maranhão,2025-05-23,ads,PF,307
1004,Valentina Souza,ana-luiza90@example.net,M,1949-03-30,Rodrigues do Oeste,rn,2024-05-19,Ads,pf,510
1005,Ana Julia Gonçalves,lorenzo98@example.org,m,1944-09-28,Oliveira Grande,Pernambuco,2024-02-14,Orgânico,PF,458
1006,Carolina Fonseca,oleao@example.org,f,2001-02-13,Alves,ms,2025-12-18,Social,pf,567
1007,Matheus Sales,henrymarques@example.com,f,1989-12-11,da Costa,am,2025-09-12,Orgânico,PJ,582
1008,Sra. Fernanda da Cruz,oliviaabreu@example.org,f,1968-02-22,Camargo Grande,TO,2023-04-30,Organico,PJ,870
1009,Davi Lucas Araújo,lopespedro-lucas@example.org,f,1973-10-13,Caldeira do Galho,RS,2024-06-02,Orgânico,PJ,868
1010,Manuela Gonçalves,imelo@example.org,f,1968-07-03,Cirino das Flores,Distrito Federal,2023-10-04,Orgânico,PJ,652
1011,Bella Martins,uoliveira@example.com,f,1976-09-10,Rios,mg,2024-01-27,ads,PJ,421
1012,Maria Sophia Castro,cauaabreu@example.org,F,1972-02-04,Borges do Galho,Rondônia,2023-06-20,ads,PF,519
1013,Dra. Ana Beatriz Machado,abreubeatriz@example.org,f,1994-12-08,Cunha,Bahia,2024-11-14,Social,PJ,353
1014,Sr. Henrique Sales,saragomes@example.com,F,1990-10-24,da Paz,Amapá,2023-10-14,Ads,PF,448
1015,Luiz Otávio Duarte,jandrade@example.net,f,1943-08-06,Gomes de Minas,rs,2025-10-21,Organico,PF,365
1016,Sra. Isabelly Santos,aparecidanoah@example.com,m,1949-04-16,das Neves Verde,RS,2025-10-26,Orgânico,PF,338
1017,Natália Guerra,paulo32@example.net,f,1991-11-10,Novaes,Bahia,2025-02-23,Social,PJ,833
1018,Luan Ribeiro,theomoura@example.org,m,2006-06-21,Abreu,rs,2023-07-11,Social,PF,479
1019,Isadora Azevedo,andreda-cunha@example.com,f,1999-09-13,Garcia,Rio de Janeiro,2024-12-16,Ads,PF,830
1020,Bruno da Paz,ybarbosa@example.net,m,2005-07-08,Gomes,PE,2023-06-22,Ads,PJ,822
1021,Raul Abreu,da-costacatarina@example.com,F,1973-08-11,Porto,pr,2024-03-31,ads,PJ,336
1022,Gael Moura,lvasconcelos@example.com,m,1982-08-22,Rodrigues,PR,2024-04-10,Ads,PF,388
1023,Yago Melo,lucas64@example.com,m,1963-02-20,das Neves,Alagoas,2025-08-19,Orgânico,PJ,704
1024,Diego Moura,da-rosakevin@example.org,f,1942-01-09,Araújo,ce,2023-07-29,ads,PJ,315
1025,Ana Sophia Sousa,malmeida@example.org,M,1976-07-02,Rezende das Flores,AM,2025-03-30,Social,pf,872
1026,Isaac Dias,ferreiraarthur-miguel@example.com,m,1960-04-03,Gomes de Dias,Maranhão,2025-05-23,Orgânico,PF,499
1027,José Pedro Rios,moreirajose@example.org,f,1964-07-18,Vargas,Goiás,2023-10-25,Social,PF,567
1028,Mariah da Mota,liam07@example.net,F,1997-01-06,Barros Paulista,Espírito Santo,2023-10-05,Social,PF,872
1029,Mirella Pinto,pietra07@example.net,M,1983-04-20,Casa Grande do Sul,rr,2025-06-18,Orgânico,pf,419
1030,Bento Albuquerque,caua00@example.org,m,1958-08-24,Borges,ro,2024-11-20,Social,pf,753
1031,Ana Sophia da Luz,fernandomacedo@example.com,f,1946-06-05,Dias,se,2024-04-05,Organico,PF,647
1032,Bruno Lima,caldeiraryan@example.net,f,1950-08-26,Barbosa do Galho,pb,2025-03-06,Organico,PJ,328
1033,Stephany da Conceição,gustavo-henriqueviana@example.net,f,1964-01-24,da Costa,BA,2024-12-25,Orgânico,PF,691
1034,Apollo Nogueira,xmelo@example.org,F,1966-09-25,Teixeira Grande,rs,2025-11-13,ads,pf,722
1035,Yan Siqueira,bcamara@example.org,m,1971-08-30,Nascimento de Goiás,sp,2025-05-25,Social,PF,569
1036,Mariane Mendonça,eduardo06@example.com,F,1974-07-28,da Luz da Mata,Piauí,2024-11-15,Ads,pf,650
1037,Sofia Marques,kda-rocha@example.net,M,1999-11-09,Cunha de Casa Grande,pa,2023-09-17,ads,pf,621
1038,Srta. Pietra Sampaio,luara21@example.net,m,1998-01-30,Dias das Flores,SC,2025-04-25,Social,pf,487
1039,Emanuella Porto,gustavo27@example.com,F,1994-01-19,Nascimento da Praia,São Paulo,2023-09-04,ads,PF,547
1040,Ana Beatriz Teixeira,leaolucas-gabriel@example.net,m,1948-05-18,Jesus,AM,2025-07-22,ads,PF,555
1041,Ana Lívia Caldeira,nogueirajade@example.org,m,1978-12-07,Montenegro de Freitas,MG,2024-10-21,Ads,PF,380
1042,José Miguel da Cunha,marcos-vinicius58@example.net,f,1950-08-21,Rocha de da Cruz,pe,2026-01-12,Ads,PJ,343
1043,Vitor Dias,fogacaanthony-gabriel@example.net,f,1950-08-28,Silveira Paulista,Bahia,2023-03-24,Social,pf,804
1044,Dra. Emanuelly Albuquerque,costelajosue@example.net,m,1986-10-23,Silva,Acre,2023-08-07,ads,PJ,586
1045,Marcos Vinicius das Neves,jose-miguel23@example.org,f,1964-09-21,Barros,RO,2023-07-23,Social,PF,355
1046,Srta. Olivia Sampaio,ilima@example.org,f,1972-08-05,Sá,Roraima,2023-10-12,Social,PF,814
1047,Augusto da Mata,joaquim36@example.net,m,1997-02-27,Vargas do Campo,Minas Gerais,2023-08-10,ads,pf,423
1048,Dra. Ana Luiza Peixoto,anna-liz89@example.net,f,1984-10-30,Dias,Tocantins,2025-08-04,Ads,PF,515
1049,Oliver Aparecida,isa@example.net,f,1982-07-12,Leão,df,2024-04-04,Ads,pf,670
1050,Kevin da Paz,elisasales@example.com,m,1966-02-09,Cavalcante,SE,2023-05-09,Social,pf,542
1051,Gabriela Moreira,eduardacamara@example.org,m,1946-08-27,da Mota Alegre,Rio Grande do Sul,2025-05-24,Social,pf,674
1052,Enzo Gabriel Nunes,davicassiano@example.com,F,2001-05-16,da Conceição,Sergipe,2024-03-26,Organico,PF,729
1053,João Vitor Vieira,maitedas-neves@example.com,m,1989-01-08,da Cunha da Praia,Bahia,2024-06-05,Organico,pf,761
1054,Rhavi Montenegro,lunna31@example.com,F,1987-01-03,Leão,pb,2025-01-12,ads,PJ,534
1055,Thiago Jesus,marquessara@example.org,M,1972-09-16,Dias,am,2025-04-15,Orgânico,PF,868
1056,Lucas Rezende,raul31@example.org,f,1968-02-16,Dias de Montenegro,Piauí,2026-01-04,ads,PF,453
1057,Lucas Gabriel Cassiano,ana-claravargas@example.org,f,1940-02-15,Sá do Amparo,PB,2025-01-26,ads,pf,811
1058,José Pedro Martins,julianagomes@example.org,F,1982-01-11,Rodrigues de Pimenta,rr,2024-08-18,Social,PJ,623
1059,Ana da Cruz,isiqueira@example.com,f,1945-01-15,Costa,Amazonas,2025-02-20,Orgânico,PJ,881
1060,Sra. Pietra Camargo,thiago82@example.net,M,1956-06-26,Lima,Distrito Federal,2023-06-29,Ads,PJ,467
1061,Bianca Santos,samuel79@example.org,M,1974-08-31,Pereira da Praia,TO,2025-08-31,Orgânico,pf,398
1062,Apollo Barros,fcaldeira@example.org,f,1967-02-15,Rios das Flores,rs,2024-05-28,Orgânico,pf,669
1063,Ana Carolina Nogueira,wda-cunha@example.org,m,1985-01-12,Castro,sc,2025-12-24,Social,pf,652
1064,Daniela Brito,ocamargo@example.org,M,1947-01-31,Andrade Verde,Rio Grande do Norte,2024-02-28,Ads,pf,503
1065,Luiza Lima,santosmirella@example.com,F,1999-01-16,Câmara da Praia,Roraima,2025-01-25,Orgânico,pf,822
1066,Isabela Rios,enrico96@example.com,f,1955-09-23,Peixoto,pb,2024-02-19,Organico,PF,690
1067,Bianca da Paz,gaelmoraes@example.org,m,1973-12-12,Nascimento,Rio de Janeiro,2023-12-05,ads,PF,645
1068,Josué da Paz,fariasotavio@example.net,f,1954-12-25,da Cruz do Oeste,sc,2024-06-10,Social,PJ,714
1069,Luiz Henrique Cunha,bbarbosa@example.com,M,1993-12-07,da Luz,SP,2024-09-20,ads,pf,533
1070,Marcela da Rocha,britojulia@example.net,m,1984-04-10,Almeida de Lima,Santa Catarina,2023-07-01,Orgânico,PJ,573
1071,Esther Alves,pcampos@example.org,f,2005-01-13,Ferreira das Pedras,Acre,2023-08-26,Organico,pf,833
1072,Matheus Rezende,lucca52@example.com,f,1967-11-14,Pires,Bahia,2024-05-07,ads,PF,323
1073,Sofia Casa Grande,bryan07@example.com,F,1957-07-03,Nascimento de Goiás,mt,2024-01-19,ads,PJ,557
1074,Caroline Ribeiro,ana-clara00@example.net,M,1989-02-02,Nunes,MT,2023-07-18,ads,pf,405
1075,Bruna Garcia,samuelcavalcante@example.com,M,1960-04-23,Fonseca,AL,2025-10-17,Organico,PJ,355
1076,Sra. Sarah Cunha,franciscocampos@example.com,M,1985-02-15,da Costa,Paraná,2025-05-03,Social,PF,406
1077,Maria Cecília Carvalho,esther31@example.com,m,1965-05-31,da Luz,rj,2025-04-22,ads,PF,699
1078,José Pedro da Conceição,aramos@example.org,m,1991-07-01,Fonseca,SC,2025-03-09,ads,PJ,590
1079,Benjamin Sampaio,ksampaio@example.org,f,1942-11-24,Costela do Sul,pr,2025-05-25,ads,PF,839
1080,Sra. Cecília Jesus,renanaparecida@example.com,F,1966-08-19,Ferreira da Mata,ES,2023-02-26,Ads,PJ,665
1081,Enzo Gabriel Gonçalves,joao-miguel14@example.com,m,1957-01-19,Campos do Campo,Pará,2024-01-13,Organico,PJ,578
1082,Heitor Vieira,acastro@example.net,f,1995-09-11,da Mata Grande,MG,2023-04-18,Social,PF,767
1083,Thomas Costela,da-rosamaria-helena@example.net,f,1956-07-09,Silveira Alegre,go,2024-09-07,Social,pf,655
1084,Mariah da Cruz,enzo04@example.com,f,1951-05-21,Martins Paulista,pb,2023-11-24,ads,PF,752
1085,Francisco Vasconcelos,irezende@example.com,m,1979-12-21,Casa Grande da Mata,Bahia,2023-03-24,Organico,pf,459
1086,Maya da Costa,guerrarael@example.org,m,1961-12-17,Lopes,RO,2023-09-19,Ads,PJ,439
1087,Paulo Cassiano,calebecosta@example.com,m,1982-10-21,Porto,Paraíba,2025-12-17,Organico,PJ,308
1088,Dra. Lavínia Marques,lnovais@example.org,f,1987-01-20,Martins,Amazonas,2023-04-06,Orgânico,PF,740
1089,Heloisa Silveira,rda-rosa@example.net,m,1999-11-06,Pacheco de da Mata,df,2023-08-30,ads,PF,861
1090,Ana Carolina Carvalho,ncirino@example.com,m,1990-07-21,da Cunha,BA,2023-10-25,Organico,PJ,747
1091,Thales Alves,hporto@example.net,f,1958-08-31,Abreu de Silveira,SP,2025-09-04,ads,PJ,699
1092,Dr. Oliver da Paz,noahcostela@example.org,f,1962-06-25,Sales dos Dourados,PA,2024-07-05,Orgânico,PF,732
1093,Lívia Gonçalves,samuelcostela@example.net,F,1960-10-23,Novaes,pa,2023-03-10,Social,PJ,578
1094,Isabel Camargo,pbrito@example.org,m,1955-07-30,Fernandes Alegre,to,2025-02-23,Social,pf,722
1095,Cecília Siqueira,qabreu@example.net,F,1989-09-20,Dias,AL,2024-03-06,ads,PF,596
1096,Sabrina da Cruz,limadante@example.net,M,1996-02-20,Barros de Borges,rn,2025-05-11,Organico,PJ,763
1097,Mariah Cunha,thalescavalcante@example.net,m,1989-07-18,Aragão Verde,df,2025-03-28,Social,pf,492
1098,Raquel Novaes,kcasa-grande@example.net,m,1966-12-21,Carvalho,SC,2024-06-26,ads,PF,847
1099,Josué Borges,maria-liz69@example.org,M,1952-07-26,Pimenta de Minas,RJ,2025-06-27,Ads,pf,575
1100,Matheus Cassiano,helena31@example.net,F,1987-06-27,Vasconcelos dos Dourados,ce,2025-12-06,Organico,PJ,308
1101,Arthur Miguel Ferreira,maria-eduarda08@example.com,F,2001-12-14,Nogueira de Almeida,DF,2025-04-30,ads,PF,805
1102,João Vitor Araújo,emoraes@example.com,F,1957-07-21,Cardoso,Alagoas,2026-01-06,Organico,pf,810
1103,Levi Cirino,leonardocavalcanti@example.com,m,1951-10-25,Dias,Goiás,2024-01-16,Ads,pf,382
1104,Dr. Ryan Aparecida,levisampaio@example.org,F,1959-01-10,Jesus do Sul,RN,2025-08-22,Orgânico,pf,373
1105,Aylla Campos,sleao@example.org,f,1951-12-04,Campos,BA,2025-05-26,ads,pf,690
1106,Kevin Gomes,melina09@example.net,M,1998-08-30,da Paz das Flores,ES,2025-06-16,ads,pf,753
1107,Maria Eduarda Correia,samarcelo@example.com,F,1987-06-14,Cavalcanti de Gonçalves,rn,2023-07-01,Ads,PF,771
1108,Maria Alice Barros,portomarina@example.com,M,1970-09-05,da Costa do Sul,rs,2025-05-05,ads,pf,698
1109,Maria Liz Dias,laracaldeira@example.com,m,1959-03-30,Novaes,Paraná,2024-01-20,ads,PJ,343
1110,Eloá Brito,marquesgabrielly@example.net,M,1953-12-13,Lima,Alagoas,2024-08-11,Organico,PJ,605
1111,Sr. Pedro Lucas Novais,natalia08@example.net,F,1980-02-12,Viana,Amazonas,2026-01-15,Ads,PJ,523
1112,Mariana Aragão,jesusdanilo@example.org,M,1993-07-17,Araújo de Minas,AC,2024-09-07,Organico,pf,315
1113,Emanuella da Mota,bruna85@example.com,F,1949-05-27,Jesus da Praia,São Paulo,2025-06-12,Social,PF,705
1114,Ryan Azevedo,gandrade@example.org,F,1967-05-17,Azevedo,MG,2025-12-24,Ads,PJ,786
1115,Sra. Luna Vargas,da-cunhathales@example.org,F,1991-08-16,Sá do Amparo,Ceará,2023-07-03,Ads,PF,461
1116,Sra. Sofia Vargas,leaocatarina@example.org,f,1947-12-01,Rocha,RO,2025-07-16,Social,pf,361
1117,Eloah Moreira,mariavieira@example.net,M,1968-08-22,Cunha de Campos,Tocantins,2025-11-04,ads,PJ,849
1118,Augusto Rezende,isousa@example.org,M,1973-06-20,Siqueira,RN,2023-10-02,Organico,PF,624
1119,Manuella Oliveira,raviporto@example.com,m,1953-09-23,Cirino,Santa Catarina,2025-12-13,ads,PF,686
1120,João Gabriel Carvalho,theo70@example.net,m,1975-07-12,Ribeiro da Praia,pb,2025-11-16,ads,pf,340
1121,José Peixoto,hsouza@example.com,f,1975-06-22,Sá Alegre,rs,2026-01-06,Organico,PJ,601
1122,Ana da Mata,maria-vitoria65@example.org,f,1973-01-27,Lima Alegre,AM,2023-03-13,Social,PF,856
1123,Jade Caldeira,mendesdanilo@example.org,m,1965-05-31,Aparecida,Mato Grosso do Sul,2025-02-12,Organico,pf,867
1124,Mateus Vargas,evelynporto@example.net,F,1977-06-11,Nogueira de Pires,RN,2023-02-06,Social,PF,760
1125,Ágatha Brito,amanda23@example.com,m,1956-07-30,Teixeira,Piauí,2024-07-23,Social,pf,764
1126,Ana Sophia Araújo,maria-helenafarias@example.com,M,1968-01-07,Silveira,se,2025-12-06,Social,pf,489
1127,João Felipe Correia,pimentagael@example.org,M,1975-08-14,Sousa,sp,2024-10-23,Orgânico,PJ,544
1128,Cauê Siqueira,amontenegro@example.org,m,1965-07-22,Viana do Sul,rs,2024-09-17,Ads,PJ,851
1129,Bianca Silveira,renanda-rocha@example.net,f,2002-07-21,da Rosa do Galho,SC,2023-09-21,Social,PJ,809
1130,Mateus Barros,carolineda-mata@example.org,F,2004-10-08,Costela,ap,2023-11-15,Orgânico,pf,719
1131,Benicio Fogaça,tsouza@example.com,m,1950-08-12,Nascimento,MS,2024-12-31,Ads,PJ,368
1132,Esther Santos,vinicius52@example.com,M,1993-05-30,Pimenta,CE,2025-02-06,ads,PF,506
1133,Emanuel Pacheco,joao-lucas78@example.org,M,1993-07-01,Cirino Verde,Goiás,2025-11-22,ads,PF,332
1134,Joana Camargo,rlima@example.org,f,1966-10-01,Vieira do Amparo,se,2025-07-04,Organico,PJ,562
1135,Caio Nogueira,lara84@example.com,M,1965-08-26,Borges,Alagoas,2025-07-10,ads,PJ,372
1136,Dra. Ana Julia Machado,gcamargo@example.com,M,1992-11-15,Dias,AL,2024-08-29,Organico,PF,779
1137,Aylla Aragão,maria-juliarios@example.org,M,1950-07-24,Cavalcanti,Amazonas,2025-10-30,Social,PJ,725
1138,Dr. Lorenzo Machado,omarques@example.com,m,1978-04-21,Pimenta do Amparo,sc,2023-08-19,Ads,PJ,572
1139,Mirella Cardoso,antonellaleao@example.org,M,2007-07-17,Rodrigues,pe,2023-09-17,Ads,pf,379
1140,Nina Gomes,hleao@example.net,F,1976-03-17,Pires,ma,2023-12-04,Ads,PF,536
1141,Emanuelly Carvalho,bellasilva@example.com,f,1986-05-19,Silveira da Praia,BA,2023-03-01,ads,PJ,554
1142,Pietro Cirino,emanuella46@example.com,F,1977-05-26,Mendes,pa,2023-10-10,Social,pf,408
1143,Srta. Maria Sophia Peixoto,oliveiramatheus@example.com,m,1979-09-02,Leão,rn,2025-01-17,Organico,PJ,737
1144,Thomas Silveira,maria-luisacorreia@example.net,M,1958-02-08,Porto,RN,2025-02-21,ads,PJ,711
1145,Alícia Vieira,davi-lucca40@example.org,m,1972-06-30,Rocha Verde,go,2024-05-11,ads,PJ,753
1146,Benicio Martins,stella00@example.com,m,1994-03-01,Melo do Norte,Santa Catarina,2025-06-01,Social,pf,680
1147,Calebe Porto,rhavi39@example.net,f,2005-07-05,Borges das Flores,rj,2025-03-15,Organico,PJ,631
1148,Carolina Martins,costagustavo-henrique@example.net,F,2003-10-10,Mendes Grande,rs,2023-10-22,Social,PF,684
1149,Kamilly Porto,henry58@example.org,m,1970-02-20,Oliveira,Mato Grosso do Sul,2025-05-16,Organico,pf,706
1150,Maria Eduarda Nascimento,mda-mata@example.com,M,1975-02-10,Peixoto de Guerra,pi,2023-03-12,Ads,pf,316
1151,Antonella Costa,maria-juliada-cruz@example.org,F,2006-02-11,Barbosa,Mato Grosso do Sul,2023-03-24,Ads,pf,527
1152,Laura Moraes,omendes@example.org,F,1987-11-17,Moreira,Mato Grosso do Sul,2024-02-01,Ads,PJ,582
1153,Benício Pinto,svieira@example.com,F,1981-03-22,Moraes de Ramos,PE,2025-04-19,Ads,pf,664
1154,Giovanna Martins,sophiaaraujo@example.org,F,1985-03-31,Mendonça da Praia,PB,2025-05-09,Orgânico,pf,896
1155,Ana Luiza Pires,da-cruzpedro-miguel@example.org,F,1977-01-30,Costela de Minas,BA,2023-02-21,Orgânico,pf,394
1156,Rafaela Silva,benicioda-mota@example.org,f,1948-05-03,Oliveira,rn,2024-03-16,ads,PJ,379
1157,Leandro Sampaio,kjesus@example.com,m,1983-12-31,da Mata da Mata,Rio Grande do Norte,2025-11-13,ads,pf,890
1158,Maria Vitória Jesus,moreiramariana@example.com,M,1950-10-15,Costela do Oeste,sp,2023-10-24,Orgânico,PF,890
1159,Clara Nascimento,aylla04@example.org,f,1982-02-04,Pacheco da Praia,AC,2025-11-18,Ads,pf,656
1160,Eduarda Peixoto,da-luzkaique@example.net,f,1973-05-15,Lopes do Galho,Paraíba,2025-08-11,Ads,PF,311
1161,Breno da Rocha,mateusnovaes@example.com,f,1975-03-15,Araújo,PB,2023-12-08,Orgânico,PJ,342
1162,Sofia Jesus,diogo97@example.net,m,1947-01-15,da Conceição,df,2025-04-15,Social,PF,634
1163,Dr. Arthur Monteiro,claricefernandes@example.org,F,2001-12-14,Moraes das Flores,RO,2023-07-21,Ads,PJ,702
1164,Igor Santos,saliam@example.net,f,1942-07-13,Macedo do Norte,pe,2023-10-04,Social,PJ,392
1165,Guilherme Monteiro,da-rochaester@example.com,F,1981-10-02,Vieira do Amparo,Tocantins,2023-10-07,Orgânico,pf,451
1166,Sr. Raul Silveira,da-rosatheo@example.org,F,1975-01-23,Aragão da Mata,Ceará,2025-12-29,Ads,pf,885
1167,Maitê Caldeira,theodoro61@example.org,M,1973-09-02,Alves,df,2025-04-14,Organico,pf,387
1168,João Guilherme Sampaio,oliveiramurilo@example.org,f,1970-06-22,Fonseca,rr,2025-08-06,Organico,PJ,433
1169,Fernanda Mendonça,ada-paz@example.org,F,1974-01-03,Caldeira,Rondônia,2025-11-22,Social,PF,799
1170,Mariane Silveira,pintogael-henrique@example.net,f,1941-06-22,Correia de Pimenta,ce,2025-11-29,Social,PF,874
1171,Raquel Vasconcelos,jesusmatteo@example.org,F,1966-02-25,Melo Paulista,MT,2023-03-18,Ads,pf,740
1172,Rafael Casa Grande,ana-livia66@example.org,m,1974-01-09,Oliveira,pa,2023-06-02,Social,PF,415
1173,Emilly Rios,diogo74@example.org,f,1968-03-06,Duarte,Bahia,2023-02-23,Orgânico,pf,495
1174,Esther Correia,oliviacamara@example.com,m,1962-08-26,Rocha,Tocantins,2023-08-26,Social,PJ,324
1175,Guilherme Abreu,felipeferreira@example.com,m,1958-05-31,Casa Grande do Campo,BA,2023-08-28,Orgânico,PJ,752
1176,Ana Beatriz Nogueira,cardosoluisa@example.com,F,1946-10-25,Peixoto,Maranhão,2025-11-23,Ads,PF,504
1177,Srta. Clarice Carvalho,kmontenegro@example.com,m,1994-02-11,da Rocha de Minas,ES,2023-05-18,Ads,PF,355
1178,Pietro Gomes,luana92@example.org,F,1984-08-22,Monteiro do Norte,pb,2023-02-24,ads,pf,314
1179,Maitê Santos,enzoda-mota@example.org,m,1947-08-30,Siqueira,pi,2025-03-20,Ads,pf,760
1180,Cecilia Silveira,marcelaoliveira@example.org,f,1972-04-11,Ramos,AP,2023-08-31,Orgânico,PF,850
1181,Mariana Casa Grande,renan00@example.org,F,1997-02-25,Cavalcanti,AM,2023-11-28,Social,PJ,564
1182,Dr. Diego Martins,henryporto@example.org,f,1954-03-18,Fogaça,am,2023-05-23,ads,PJ,318
1183,Liam Almeida,vieirabrenda@example.org,f,1994-11-11,Borges,pr,2024-11-25,Social,PF,561
1184,Sr. Léo Nogueira,britobryan@example.com,F,1983-10-21,Sá de Goiás,TO,2025-04-11,Orgânico,PF,577
1185,Marcela Rodrigues,nbarros@example.com,M,1955-07-06,Sales,Rio Grande do Sul,2025-07-07,Ads,PF,697
1186,Srta. Amanda Nogueira,larissabrito@example.org,m,1972-11-11,Pereira de Pereira,sp,2024-01-26,Orgânico,PF,319
1187,Yasmin Silveira,ana-juliaviana@example.net,m,1962-06-29,da Paz,ro,2023-04-18,Organico,PF,689
1188,Cecilia Sousa,emanuel81@example.org,M,1943-12-23,Monteiro,Paraíba,2023-10-01,Organico,PJ,844
1189,Maria Fernanda Martins,vteixeira@example.com,M,2000-09-30,Nunes,AM,2024-04-14,ads,PJ,768
1190,José Pedro Mendes,rezendefrancisco@example.net,M,1952-09-22,Marques do Oeste,RS,2024-06-23,ads,PJ,612
1191,Amanda Novaes,rafaela47@example.net,m,1943-05-09,Vieira,Acre,2025-03-03,Organico,PJ,460
1192,Maria Helena Melo,lopeshelena@example.net,M,1969-02-04,Monteiro de da Rosa,Maranhão,2023-06-22,Orgânico,pf,609
1193,Sra. Maria Vitória Lopes,epinto@example.net,F,1984-11-10,Gonçalves do Oeste,ms,2023-06-12,Orgânico,PF,563
1194,Mirella Teixeira,joliveira@example.com,f,1990-07-04,Duarte,RN,2023-07-23,Social,pf,530
1195,Kamilly da Costa,joaoribeiro@example.org,F,1941-02-20,Castro da Serra,Ceará,2024-01-14,Organico,PJ,440
1196,Eduarda Azevedo,ravi01@example.net,M,1998-02-25,Caldeira das Pedras,pa,2025-07-25,Organico,PJ,532
1197,Pedro Lucas Montenegro,camargoleonardo@example.com,f,1961-12-02,Azevedo,RS,2025-03-23,Social,PF,736
1198,Valentina da Cunha,hcavalcanti@example.com,m,1963-05-09,Aragão,pb,2025-06-24,Orgânico,pf,855
1199,Dra. Marcela Moreira,gmelo@example.net,F,1946-11-02,da Costa Alegre,SP,2024-12-04,ads,PJ,854
1200,Murilo Machado,kdias@example.org,F,1953-03-09,Pereira,BA,2023-10-22,Orgânico,PJ,836
1201,Sr. Asafe Aparecida,lda-conceicao@example.com,F,1992-09-24,Lopes das Pedras,Ceará,2023-05-15,ads,PJ,878
1202,Maria Fernanda Rios,nleao@example.org,F,1997-05-30,Montenegro,Roraima,2024-03-30,Ads,PJ,845
1203,Ana Clara Souza,costasarah@example.net,M,1974-02-25,Macedo,PR,2024-11-15,Orgânico,PF,330
1204,Isis Casa Grande,imartins@example.org,m,1991-11-17,Silveira,Pernambuco,2024-09-05,Organico,pf,753
1205,Pedro Lucas Cavalcanti,carlos-eduardo49@example.org,m,1991-03-28,da Cunha,AL,2024-09-27,ads,PF,434
1206,Henrique da Mata,ana-luizacunha@example.org,F,1963-09-07,Peixoto de Vieira,RR,2024-01-27,Social,PJ,573
1207,Ian Araújo,almeidagustavo-henrique@example.net,F,1976-10-17,Pimenta,to,2024-01-23,ads,PF,326
1208,Maria Fernanda Aragão,martinsheloisa@example.org,m,1985-03-12,Fogaça de Minas,MA,2025-06-03,Organico,PF,814
1209,Aylla da Mota,gomesmariana@example.com,f,1993-12-17,Azevedo,ba,2023-03-31,Orgânico,PF,696
1210,Vicente Moura,svasconcelos@example.org,f,1955-08-12,Pinto da Prata,Sergipe,2024-04-08,ads,PF,497
1211,Nicole Pinto,uramos@example.com,F,1958-10-02,Cardoso de Nascimento,RR,2025-10-28,Organico,PF,576
1212,Dr. Léo Cardoso,xmoreira@example.com,f,1972-06-01,Duarte das Pedras,MS,2025-06-12,ads,PF,367
1213,Mateus Novaes,da-rochaana-laura@example.net,F,2003-09-21,Rezende do Amparo,Sergipe,2025-04-27,Social,pf,632
1214,Sara da Cunha,rodrigomartins@example.net,f,2000-07-09,da Cunha,SP,2024-07-03,Organico,pf,342
1215,Catarina Sampaio,vitoriaribeiro@example.com,f,1984-02-28,Ribeiro do Sul,pr,2023-06-11,Orgânico,pf,885
1216,Vitor Gabriel Rocha,qcardoso@example.org,M,1969-07-03,Lima,se,2023-03-27,Ads,pf,767
1217,Alexia Montenegro,kamilly91@example.org,M,1981-07-10,Caldeira,PA,2025-07-26,Social,PJ,705
1218,Sr. Pedro Henrique Duarte,jcasa-grande@example.org,M,1947-12-08,da Cunha de Minas,pe,2023-11-08,Organico,PJ,350
1219,Maya das Neves,ccunha@example.net,F,1944-10-16,Peixoto de da Rosa,Paraíba,2024-11-27,Organico,pf,611
1220,Théo Teixeira,maria38@example.com,m,1993-02-17,Macedo Verde,Ceará,2025-11-12,ads,pf,601
1221,Srta. Melina Silveira,tgoncalves@example.org,M,1975-02-28,Vargas de Goiás,ro,2025-10-12,Social,PF,774
1222,Sra. Pietra das Neves,mouratheodoro@example.org,f,1951-01-19,Borges,MT,2025-11-13,Social,PF,484
1223,Amanda Novais,leaovinicius@example.net,F,1944-01-11,Fernandes do Galho,Rondônia,2023-04-18,Organico,pf,761
1224,Dra. Sofia da Conceição,cecilia17@example.net,M,1972-12-03,Cirino,AM,2026-01-21,Organico,PJ,506
1225,Sra. Isis Alves,jade27@example.com,f,1965-01-26,Albuquerque Alegre,AC,2025-09-07,Orgânico,pf,467
1226,Thiago Barros,wrocha@example.com,M,1966-07-09,Pastor Alegre,TO,2025-08-01,Ads,PJ,760
1227,Felipe Vasconcelos,gabriel03@example.org,m,1940-10-15,Silva do Sul,MG,2024-11-12,Social,PJ,693
1228,Ana Gonçalves,vcaldeira@example.net,F,1989-03-14,Machado,Rondônia,2025-08-07,Social,pf,344
1229,Giovanna da Paz,isaaccavalcante@example.net,F,1970-11-27,Mendonça,Piauí,2024-06-23,Social,PJ,453
1230,Guilherme Rocha,guilhermeferreira@example.net,F,1989-11-25,Pinto da Praia,TO,2025-01-05,ads,PJ,352
1231,Sr. Marcos Vinicius Abreu,rafaelmendes@example.org,f,1985-08-01,Oliveira,Tocantins,2024-11-29,Orgânico,PJ,756
1232,Alexia Cunha,ana-beatriz45@example.net,m,1978-12-23,Nogueira,pe,2023-06-21,ads,PF,434
1233,Bianca Viana,novaescarolina@example.com,F,1947-09-01,Rezende,SP,2024-04-29,Social,pf,312
1234,Antônio Porto,mathiasbarros@example.org,f,1974-10-18,Castro,Tocantins,2025-08-20,Organico,PJ,305
1235,Ester Aparecida,psa@example.org,f,1996-06-13,Andrade,PR,2023-10-10,ads,PJ,787
1236,Kevin Lima,paulodias@example.org,f,1943-07-06,Borges,Rio de Janeiro,2023-05-05,Organico,PF,306
1237,Paulo da Mota,marcela24@example.com,F,1976-01-31,Rios,es,2025-04-14,Orgânico,PJ,870
1238,Srta. Letícia da Cunha,alvessara@example.org,F,1953-10-01,da Cunha,PE,2024-12-30,ads,PF,356
1239,José Rezende,allanapinto@example.com,m,2003-08-16,Cunha,PB,2023-08-05,ads,PF,891
1240,Maria Helena Sousa,pachecogustavo-henrique@example.org,m,1977-09-24,Marques,Paraíba,2023-10-30,Ads,PF,411
1241,Thales Teixeira,breno11@example.com,f,1972-08-29,da Luz das Pedras,GO,2025-03-05,ads,PJ,591
1242,Ana Clara Rocha,pedro-miguel71@example.org,F,1968-11-04,Nunes,Rondônia,2024-11-07,Social,pf,336
1243,Maria Julia Almeida,lucas-gabrielsa@example.org,M,1998-12-13,Aparecida Alegre,Alagoas,2025-05-16,Orgânico,pf,688
1244,Davi Luiz Cardoso,ucassiano@example.com,M,1944-01-11,da Paz,Mato Grosso,2023-11-26,Social,PF,599
1245,Ana Carolina Novais,sampaioanna-liz@example.com,f,1985-12-15,Guerra de Vasconcelos,AP,2024-10-10,Ads,PJ,581
1246,Theo Costela,ana-beatrizmoura@example.net,m,2000-10-16,Cassiano da Serra,es,2024-12-16,Organico,PJ,514
1247,Dr. Rael Rios,ramosana-carolina@example.net,F,1955-05-31,Farias da Mata,es,2024-10-02,Ads,PF,885
1248,Luan Sousa,da-cunhajulia@example.net,M,1964-04-15,Costela,Alagoas,2025-08-13,Social,PJ,594
1249,Dra. Lavínia Leão,luccacamara@example.org,f,1956-08-12,Dias da Serra,se,2023-05-14,Orgânico,pf,838
1250,Yan Ramos,maysarocha@example.com,m,1951-11-25,Cunha,AP,2025-06-04,Social,PJ,808
1251,Paulo Mendonça,ana-julia63@example.org,f,1977-10-05,Vieira de Gomes,Piauí,2025-08-29,ads,PJ,538
1252,Elisa Vieira,duartejuan@example.com,m,1998-07-31,Cassiano da Prata,MS,2025-09-07,Ads,PF,324
1253,Leonardo Lima,calebemelo@example.net,f,1970-12-04,Cavalcanti,sc,2024-07-03,Ads,PJ,512
1254,Sra. Maria Luísa Guerra,machadomelina@example.org,f,1969-02-09,Cassiano,Tocantins,2024-11-23,Ads,pf,658
1255,Danilo Siqueira,stephanymacedo@example.net,F,1982-10-25,Correia de Câmara,MT,2025-12-17,ads,PJ,588
1256,Antonella Porto,esouza@example.com,m,1944-02-16,da Costa do Amparo,PI,2024-08-04,Orgânico,pf,818
1257,Diego da Rocha,theomendes@example.com,m,1975-02-19,Fernandes,CE,2023-06-28,Ads,PJ,641
1258,Valentina Vieira,zmartins@example.net,m,2001-08-19,Fernandes,Mato Grosso,2024-05-27,Social,PJ,329
1259,Anna Liz Montenegro,joana89@example.org,F,1974-12-07,Barbosa do Campo,BA,2024-01-14,Orgânico,pf,790
1260,Maria Isis Cavalcanti,leaoantony@example.net,f,1983-08-15,Farias das Flores,DF,2025-09-02,ads,pf,459
1261,Srta. Brenda Viana,montenegroyago@example.org,f,1958-09-19,Moraes,mt,2025-10-31,Orgânico,pf,723
1262,Dra. Marina Caldeira,kevinazevedo@example.net,M,1957-04-03,Barros de Azevedo,mg,2025-04-24,Orgânico,PJ,623
1263,Kamilly Aparecida,henriquelima@example.net,M,1996-08-06,Monteiro das Flores,RN,2023-05-21,Social,PJ,639
1264,Allana Cunha,joao-felipecamargo@example.net,m,1955-07-31,Marques,GO,2025-12-11,ads,pf,331
1265,Maria Helena Vargas,souzamaria-sophia@example.org,m,1988-08-03,Abreu,Roraima,2023-03-24,Social,PF,884
1266,Thiago Peixoto,joana22@example.com,f,1963-05-08,da Costa,ES,2025-08-05,Social,PF,615
1267,José Pedro Vargas,ialmeida@example.com,m,1949-01-05,Ramos,to,2024-09-07,Ads,pf,723
1268,João Miguel Caldeira,naraujo@example.net,M,1997-11-25,Cassiano,Amazonas,2025-05-27,ads,pf,762
1269,Dr. Antônio Rocha,leandroferreira@example.net,m,1940-04-03,Ferreira,PI,2025-03-23,Social,pf,479
1270,Asafe Moraes,dcirino@example.org,M,2005-10-28,Viana,Goiás,2025-11-29,Ads,PF,394
1271,Thales Ramos,calbuquerque@example.net,f,1960-06-14,Fernandes Grande,pa,2023-04-27,Ads,pf,812
1272,Aylla da Conceição,fariasmarcela@example.com,F,1975-12-31,Correia,MS,2025-03-16,Orgânico,pf,836
1273,Alexandre Porto,novaisana-luiza@example.org,m,1983-02-13,Costa,São Paulo,2025-12-29,ads,PF,828
1274,João Lucas Leão,ana-ceciliaribeiro@example.net,F,1998-04-11,das Neves,CE,2025-05-21,Ads,pf,696
1275,Nicole Correia,ocunha@example.net,M,1993-01-16,Aparecida Verde,CE,2024-10-31,Orgânico,PF,389
1276,Dr. Cauã Castro,montenegroluan@example.com,m,1982-01-30,Souza,Pará,2023-08-09,Ads,PF,833
1277,Luiz Felipe Leão,hlima@example.org,m,1984-09-26,Pimenta do Sul,ES,2025-12-07,Social,pf,514
1278,Jade Freitas,caldeiraisaac@example.net,m,1977-05-19,Pinto do Sul,AP,2024-03-21,ads,pf,583
1279,Cecília Camargo,dabreu@example.org,m,2006-06-12,Correia,Mato Grosso do Sul,2026-01-10,Ads,pf,452
1280,Benicio Lima,rochaana-liz@example.com,F,1959-11-04,Gonçalves,Distrito Federal,2025-06-02,Ads,PF,873
1281,Eloah Barros,vpires@example.net,M,1997-04-28,Nogueira,MG,2023-08-06,Social,pf,862
1282,Aylla Aragão,rmachado@example.org,m,1979-12-08,Guerra da Prata,Piauí,2025-09-19,ads,PJ,590
1283,Dr. Murilo Vieira,milena89@example.net,F,1982-10-31,Pimenta de Cunha,PE,2025-08-15,Ads,pf,646
1284,Dr. João Felipe Casa Grande,franciscopeixoto@example.net,f,1962-06-23,Sousa do Oeste,PE,2025-10-31,ads,PF,782
1285,Joaquim Borges,wmartins@example.org,M,1978-06-01,Rodrigues,PR,2025-04-20,Organico,PF,388
1286,Manuella da Mata,luiz-henriquebarros@example.net,f,1983-03-27,Silva Alegre,Piauí,2025-09-14,ads,PJ,756
1287,Isaac Castro,garciacarlos-eduardo@example.com,m,1964-08-15,Rocha,Tocantins,2023-02-21,Orgânico,PF,846
1288,Anthony da Conceição,antonellacamara@example.org,M,1957-02-06,Gomes,Amazonas,2025-11-23,Social,PF,395
1289,Stephany Cassiano,dduarte@example.com,f,1977-02-01,Lima,RN,2025-11-08,Organico,pf,776
1290,Anna Liz Sales,caldeiraelisa@example.com,f,1975-02-26,Aparecida,ES,2024-01-22,ads,PF,564
1291,Milena Moreira,camarabella@example.net,m,1964-09-24,Gonçalves,Ceará,2025-10-01,ads,PJ,638
1292,Erick Andrade,nathan33@example.org,m,1991-10-26,Souza,Acre,2025-01-10,Organico,PF,366
1293,Nathan Montenegro,cgomes@example.org,f,1948-02-09,Ferreira,ES,2025-05-15,Orgânico,pf,772
1294,Sra. Maria Fernanda Costa,diogoaraujo@example.net,F,2002-05-29,Melo,Mato Grosso,2024-11-16,Orgânico,PJ,888
1295,Ana Julia Melo,ana-clarada-costa@example.net,F,1991-07-10,Cavalcanti de Costela,rr,2025-07-14,Ads,pf,409
1296,Maria Sá,gael67@example.com,m,1941-02-24,Souza das Pedras,go,2023-02-15,Ads,pf,845
1297,Samuel Siqueira,ualves@example.net,f,2002-07-09,da Rosa,Santa Catarina,2024-09-24,Social,pf,544
1298,Vitor Freitas,bazevedo@example.org,F,1958-05-26,Sales,ma,2024-05-22,ads,pf,693
1299,Maria Isis Novaes,duarteaylla@example.com,M,1988-06-27,Moreira Alegre,Minas Gerais,2025-05-08,ads,PJ,741
1300,Pedro Henrique da Cruz,macedomiguel@example.com,f,1949-07-30,Moura do Sul,al,2024-08-26,Orgânico,PJ,541
1301,Valentim Fonseca,lucas51@example.com,F,1959-09-12,Macedo,rr,2025-11-04,Ads,PJ,887
1302,Rebeca Sales,pireshellena@example.net,f,1943-04-05,da Rocha das Pedras,RR,2023-05-13,Social,PJ,774
1303,Eduardo Nogueira,aragaojade@example.com,m,1991-12-25,Gomes da Mata,pi,2024-12-04,Ads,pf,480
1304,Srta. Milena Araújo,isa@example.org,m,1943-08-14,Duarte,Amazonas,2025-05-25,Ads,PJ,411
1305,Julia Novaes,mathiasnovais@example.org,f,1973-06-25,Macedo,Amapá,2024-03-05,Organico,PJ,362
1306,Maria Julia Mendes,maria-fernanda75@example.org,M,1995-11-30,Melo,MG,2023-07-13,ads,PJ,300
1307,Srta. Agatha Camargo,talmeida@example.net,F,1976-12-20,Ferreira,pe,2024-05-22,ads,pf,844
1308,Sra. Catarina Ferreira,maria-luisa47@example.org,m,1974-09-15,Aragão,Distrito Federal,2023-02-07,Social,PJ,757
1309,Léo da Rosa,beatrizsa@example.com,F,1990-01-18,Nogueira Verde,ES,2025-06-21,Orgânico,pf,883
1310,Letícia Albuquerque,da-conceicaohelena@example.net,m,1956-03-19,Carvalho,Rio Grande do Norte,2025-06-21,Orgânico,PF,896
1311,Rodrigo Rezende,msilva@example.com,M,1944-04-05,Cavalcanti,ce,2023-09-17,Social,pf,430
1312,André Montenegro,ana-luiza74@example.net,m,1967-02-13,Barbosa das Flores,CE,2025-01-25,Orgânico,PJ,354
1313,Hellena Fonseca,melinafernandes@example.org,M,1975-12-04,das Neves de Minas,sc,2023-07-08,Social,pf,412
1314,Yasmin Marques,bryan07@example.net,m,1944-03-13,Silva do Oeste,RR,2025-08-09,ads,pf,703
1315,João Pedro Cassiano,msampaio@example.com,m,1944-12-11,Porto de Martins,rj,2023-09-02,Organico,pf,690
1316,Sra. Ana Júlia Moura,gabriel91@example.org,f,1973-11-30,Cirino do Campo,al,2023-11-24,ads,PJ,477
1317,Aurora da Mota,yasmincastro@example.org,f,1959-03-10,Peixoto,RJ,2023-09-26,ads,PJ,693
1318,Benicio Macedo,abreubreno@example.org,m,1964-01-17,da Mata de Minas,Piauí,2025-08-13,ads,pf,428
1319,Sophia Alves,souzaleo@example.net,F,1941-01-11,Alves,PA,2025-04-20,Ads,PJ,316
1320,Srta. Luna Carvalho,luiz-fernando43@example.org,F,1986-10-05,Dias,se,2023-08-02,Organico,PJ,747
1321,Arthur Gabriel Câmara,ucirino@example.com,F,1971-06-13,Azevedo,MA,2024-08-31,ads,PJ,725
1322,Manuella Borges,andradelais@example.org,f,1961-09-28,Siqueira Alegre,mg,2023-11-09,Social,pf,484
1323,Davi Lucas Garcia,ryanalves@example.com,f,1997-10-27,Moreira,pi,2023-12-11,Organico,PJ,760
1324,Eloá Fogaça,emanuelly94@example.com,f,1963-08-15,Sampaio Verde,Amazonas,2023-02-26,ads,PF,734
1325,Noah Macedo,yago43@example.com,M,1944-05-17,Caldeira das Flores,sp,2023-08-07,Organico,PJ,542
1326,Luiz Felipe Moura,aylacavalcanti@example.net,m,1940-10-18,Sales,Espírito Santo,2025-12-13,Social,PJ,675
1327,Nicole Porto,lcasa-grande@example.org,M,1949-01-06,Machado dos Dourados,PE,2025-09-05,Social,pf,677
1328,Gabriel Oliveira,ncaldeira@example.net,M,1941-11-10,Campos de Cunha,ap,2024-05-21,Organico,PJ,381
1329,Emanuel Pereira,caionovaes@example.net,F,1964-05-02,Gonçalves do Amparo,ma,2023-11-01,Social,pf,776
1330,Joana Cassiano,joaovargas@example.org,M,1946-09-12,Sampaio Paulista,am,2025-08-25,Social,PF,551
1331,Bruna da Costa,otto21@example.org,f,1997-10-28,Sales,ro,2025-04-25,Ads,PJ,852
1332,Paulo Guerra,davi-luiz89@example.com,m,1952-12-12,Camargo,sp,2025-01-31,Ads,pf,847
1333,Pedro Marques,cassianoluiz-felipe@example.org,M,1940-09-05,Sá dos Dourados,Rio Grande do Sul,2025-09-07,Organico,PJ,780
1334,Ísis Freitas,zsa@example.com,m,1946-01-18,Vargas,Distrito Federal,2023-09-12,Orgânico,pf,596
1335,Sr. Thiago Santos,araujohelena@example.org,F,1976-07-11,Costela Paulista,GO,2024-01-18,Social,PJ,611
1336,Sara da Costa,pireszoe@example.com,m,1993-07-01,Aparecida,GO,2024-11-11,Organico,PJ,473
1337,Luiz Otávio Barros,anna-liznascimento@example.net,M,1982-07-01,Câmara,al,2023-02-03,Orgânico,PJ,327
1338,Manuela Nogueira,heloisa39@example.org,m,1961-08-03,da Rosa,Pará,2025-10-04,Ads,PF,817
1339,Júlia Melo,da-motamaria-helena@example.com,M,1991-01-18,Ramos,Maranhão,2024-04-09,Orgânico,PF,587
1340,Antony Rocha,vda-cruz@example.com,m,1976-05-05,Viana,Rio Grande do Sul,2024-09-29,Ads,PJ,414
1341,Matteo Araújo,oliveiraaurora@example.net,F,1964-02-07,Duarte Alegre,pr,2023-09-23,ads,PJ,757
1342,Benicio Casa Grande,joao-lucasteixeira@example.com,m,1997-01-25,Costa do Amparo,TO,2023-08-02,Orgânico,PJ,541
1343,Pedro Miguel Dias,pedro-lucas30@example.org,f,1968-01-04,Almeida de Ferreira,PR,2024-08-04,Social,PF,651
1344,Eloah Campos,rhavi85@example.org,M,2001-09-06,Gonçalves das Flores,TO,2024-11-05,Social,PF,807
1345,Jade Farias,fonsecatheo@example.net,f,1970-10-06,Rodrigues,Ceará,2025-12-01,ads,PJ,750
1346,Arthur Gabriel Siqueira,mendoncamaria-clara@example.org,F,1990-08-31,Abreu,AC,2024-12-28,Social,PJ,653
1347,Nicole Moraes,beatriz83@example.com,M,2002-09-27,Costela,pi,2024-02-04,Orgânico,PF,353
1348,Jade da Cruz,kamilly60@example.net,F,1991-07-31,Garcia,São Paulo,2024-09-24,Organico,pf,608
1349,Maria Fernanda Mendonça,ucardoso@example.net,f,1967-04-13,Teixeira,ms,2025-05-16,Social,PF,688
1350,Liz Castro,bentoviana@example.com,f,1998-11-19,Vasconcelos,Mato Grosso do Sul,2024-04-04,Orgânico,PF,843
1351,Evelyn Farias,diegosampaio@example.org,f,2001-08-29,da Mota de Cardoso,RN,2025-01-17,Orgânico,pf,691
1352,Eloah Duarte,auroradias@example.org,m,1992-01-23,Peixoto,pr,2025-01-25,Ads,PF,844
1353,Srta. Stella Pinto,amarques@example.net,m,1995-09-27,Andrade,Santa Catarina,2023-12-18,Social,PJ,579
1354,Ana Vitória Lopes,rodrigo98@example.net,m,1981-08-16,Pereira de da Costa,Mato Grosso,2024-06-19,Orgânico,PF,561
1355,Gabrielly Cavalcanti,pereiracecilia@example.net,f,2006-07-23,Albuquerque,Rondônia,2024-06-25,ads,PJ,499
1356,Mariane da Conceição,raelcassiano@example.com,m,1956-05-05,Leão,pb,2024-07-04,ads,pf,860
1357,Nicolas Santos,goncalvescatarina@example.net,M,1971-04-06,Cassiano do Galho,df,2023-05-24,Ads,PF,312
1358,Gabriela da Luz,rebecacosta@example.com,f,1990-12-24,da Mata de Cavalcanti,SP,2025-02-03,Social,PF,756
1359,Gabriel Nascimento,nunesalicia@example.net,m,2006-05-14,Martins,PE,2025-10-05,Orgânico,pf,497
1360,Léo Araújo,mariaviana@example.com,M,1975-12-12,Albuquerque,MT,2025-07-08,Social,PF,358
1361,Dr. Ravy Carvalho,nunesvitoria@example.org,F,1948-12-12,Pastor,am,2024-08-01,Ads,PJ,422
1362,Levi Novais,isaaccamargo@example.com,M,1945-06-25,Caldeira da Mata,pe,2025-10-27,ads,pf,879
1363,Mariane Machado,rodrigocostela@example.org,F,1999-11-24,Dias,PR,2025-09-27,ads,pf,601
1364,Luan Martins,hmartins@example.com,f,1960-05-17,Ramos de Martins,ba,2024-07-13,Ads,PJ,764
1365,Brenda Aparecida,mvasconcelos@example.com,m,1947-08-08,Guerra do Amparo,Goiás,2025-02-15,Orgânico,pf,465
1366,Raul Sampaio,rochadavi-lucas@example.org,M,1988-03-02,Pastor,São Paulo,2024-10-30,Ads,pf,697
1367,Srta. Larissa Silva,pfarias@example.org,m,1985-09-06,Aparecida do Amparo,AM,2024-05-13,Orgânico,pf,482
1368,Miguel Fonseca,hteixeira@example.com,f,2000-10-28,Mendes,PI,2023-02-08,Organico,PF,702
1369,Dra. Isabelly Machado,cfogaca@example.org,F,1983-05-13,Vargas Grande,mg,2025-09-18,Organico,PF,447
1370,Sr. Lorenzo Abreu,bferreira@example.com,f,1989-06-26,Vasconcelos de Minas,MA,2025-09-02,Social,PJ,408
1371,Srta. Isabelly Caldeira,yanaraujo@example.net,f,1983-03-06,Santos,rj,2023-07-04,Orgânico,PF,335
1372,Augusto Pinto,vitor-hugonunes@example.net,M,1970-11-02,da Cruz de Casa Grande,GO,2025-08-30,Social,PJ,556
1373,João Felipe Câmara,jpacheco@example.com,f,1956-04-06,Cassiano de Minas,AM,2023-06-22,Organico,PF,300
1374,Laura Costela,camargoamanda@example.net,M,1982-09-15,Sá da Praia,ms,2025-02-17,Organico,pf,455
1375,Isabel Correia,cavalcantetheo@example.net,m,1997-09-18,Rios,Roraima,2025-01-11,Social,PF,827
1376,Paulo Rezende,taparecida@example.net,f,1973-11-25,Rios,Rio Grande do Norte,2025-03-25,Organico,pf,371
1377,Evelyn da Luz,joaquimmarques@example.net,F,1944-04-09,Fernandes,RR,2024-01-04,Organico,PJ,793
1378,José Miguel Monteiro,siqueiraluan@example.org,M,2002-10-08,Campos,am,2025-08-04,Social,pf,641
1379,Dra. Amanda Cirino,juliabarbosa@example.com,m,1962-10-22,Sousa de Minas,Maranhão,2024-03-03,Ads,PJ,392
1380,Nicolas Mendonça,aragaoevelyn@example.org,m,1964-03-08,Cardoso,rn,2024-07-11,Orgânico,PF,770
1381,Sarah da Paz,yurimonteiro@example.net,m,1953-07-21,Cavalcante,rn,2024-07-20,ads,PF,867
1382,Jade Freitas,dramos@example.net,M,1986-07-30,Lima,Minas Gerais,2023-02-24,ads,pf,699
1383,Nicole Cirino,isis15@example.org,M,1966-10-26,Pires das Pedras,pr,2023-12-05,Orgânico,pf,386
1384,Rhavi Cardoso,da-pazbernardo@example.net,f,1944-04-16,Caldeira do Amparo,ce,2023-11-27,ads,PF,336
1385,Letícia Teixeira,moraesmarcelo@example.com,F,1954-08-11,Guerra,RN,2025-06-02,Social,PF,800
1386,Theo Machado,arthur-gabriel58@example.com,f,1992-03-09,Albuquerque do Oeste,PR,2023-03-06,Social,PJ,615
1387,Luan Caldeira,unovaes@example.org,f,1983-10-11,Montenegro de Minas,se,2025-03-03,Organico,PF,337
1388,João Pedro Abreu,samuel50@example.net,m,1999-05-23,da Mota,MT,2023-08-26,Orgânico,PJ,343
1389,Pedro Novaes,hmontenegro@example.com,f,1941-01-13,Pereira de Sampaio,BA,2025-08-08,ads,PJ,835
1390,Heloisa Nogueira,jgarcia@example.com,f,1955-05-19,Albuquerque,mt,2023-05-04,Social,PF,893
1391,Dr. Kaique Correia,eduardo88@example.org,F,1971-05-09,Rodrigues,MA,2023-09-08,Ads,PJ,444
1392,João Miguel Vasconcelos,joao-felipenovais@example.com,f,1949-11-27,Moraes,rn,2025-11-05,Ads,pf,346
1393,Evelyn Nunes,sousaluna@example.org,F,1955-10-25,Leão,pi,2024-03-22,ads,PF,476
1394,Emilly Campos,barbosabrayan@example.org,M,1967-11-16,Cirino de Nascimento,Minas Gerais,2023-03-28,Ads,pf,474
1395,Maysa da Conceição,bernardo98@example.net,M,1979-06-24,Silveira,AL,2025-05-30,Ads,pf,525
1396,Dr. Benício Pastor,josuefernandes@example.org,M,1966-10-16,Freitas,SP,2025-02-02,Organico,pf,711
1397,Leonardo Carvalho,rda-cunha@example.org,m,1995-04-07,Novaes,PE,2025-11-23,Social,PJ,440
1398,Luana Marques,jcirino@example.com,m,1984-12-21,Lopes,MT,2023-05-07,Ads,PJ,477
1399,Ana Julia Vieira,marianeduarte@example.org,m,1991-09-22,Vargas de Lima,ES,2024-10-26,Ads,pf,444
1400,Rebeca Vargas,vitoria07@example.org,f,1992-04-30,Moreira do Campo,AC,2024-11-14,Orgânico,PJ,468
1401,Marina Pastor,ecasa-grande@example.org,f,1950-11-14,Martins do Norte,MG,2023-07-24,Social,PF,436
1402,Hadassa Monteiro,da-luznicole@example.net,M,1994-12-24,da Conceição da Prata,rn,2025-09-28,Social,pf,461
1403,Ana Clara da Cunha,leticialeao@example.org,M,1953-04-20,da Mata,Distrito Federal,2023-05-31,Ads,PF,307
1404,Maria Cecília Costa,mariane69@example.net,F,1966-06-10,Sales Grande,RJ,2023-10-23,Social,pf,726
1405,Dr. Lucas Castro,souzamaria-julia@example.net,f,1993-01-05,Sá da Praia,rr,2023-12-06,ads,PF,446
1406,Noah Lima,luisa41@example.com,m,1962-08-15,da Cruz de Pastor,pa,2024-06-15,Organico,pf,544
1407,Sra. Gabrielly Martins,thiago23@example.com,F,1960-04-22,Cirino de Mendes,pb,2023-05-04,Ads,PJ,484
1408,Melina da Mota,acavalcanti@example.org,f,1957-08-28,Jesus,mg,2025-09-05,Ads,PJ,608
1409,André Aragão,vicente75@example.net,m,1987-06-28,Farias,Minas Gerais,2025-09-30,Ads,PJ,541
1410,Maria Liz Lopes,marcelamendonca@example.net,F,1944-10-10,Lima de Pires,MT,2024-05-06,Social,PF,670
1411,Theo Nunes,mfreitas@example.org,F,2007-10-10,Souza da Prata,Amazonas,2024-12-05,ads,pf,354
1412,Davi Lucas Fernandes,sarah74@example.org,F,1957-03-07,Carvalho das Flores,SP,2024-11-05,ads,PJ,785
1413,Thiago Moraes,iguerra@example.net,f,1942-02-17,Cirino da Praia,BA,2024-04-19,ads,PJ,344
1414,Sr. Pedro Castro,mendespedro-miguel@example.org,M,1960-09-04,da Mata,pr,2025-05-12,Orgânico,pf,514
1415,Ana Beatriz Aragão,thiagofogaca@example.org,f,2004-04-27,Albuquerque da Mata,Acre,2024-04-16,Orgânico,PJ,764
1416,Zoe Cunha,barbarada-mota@example.net,M,1982-08-17,Fernandes,PI,2024-05-15,Ads,PJ,480
1417,Lunna Montenegro,tnascimento@example.org,F,1986-12-06,Martins do Amparo,RO,2024-04-12,Organico,PJ,418
1418,Hellena Ribeiro,henry-gabrielsilva@example.net,M,1992-01-11,Souza,PI,2024-03-30,Organico,PJ,893
1419,Dr. Anthony Borges,rioslorena@example.net,m,1986-03-10,Porto de Jesus,Pará,2023-11-24,ads,PJ,633
1420,Sabrina Casa Grande,limaaugusto@example.com,F,1943-02-14,Fogaça Paulista,BA,2025-05-25,Orgânico,PF,400
1421,Vinícius Machado,davipereira@example.org,F,1991-09-14,Sá do Oeste,ap,2023-10-10,Organico,PF,684
1422,Carlos Eduardo Leão,juliacosta@example.net,F,1943-03-05,Fernandes de Pires,PE,2025-02-22,Organico,PJ,796
1423,Gael Henrique Nascimento,kdias@example.net,M,1981-09-17,Ramos,Piauí,2025-04-21,ads,PF,765
1424,Ana Julia Rocha,garciacaleb@example.com,F,1970-01-10,Ribeiro,Sergipe,2023-09-17,Orgânico,PF,768
1425,Aurora Fonseca,moreiraenzo@example.net,F,1967-02-08,Sousa de Guerra,pa,2023-05-29,Orgânico,pf,507
1426,Sr. Bryan Lopes,emanuelly07@example.org,m,2006-06-22,Silva,CE,2025-01-06,Ads,PJ,882
1427,Ravy Azevedo,vitor-gabriel23@example.org,M,1951-11-21,da Rosa do Sul,Santa Catarina,2023-12-14,ads,PF,776
1428,Rodrigo Costa,qmendonca@example.net,f,1985-02-06,Ramos,Piauí,2023-03-06,ads,pf,525
1429,Brayan Sousa,riosravy@example.org,m,2000-04-04,Cassiano de Fonseca,pa,2023-08-07,ads,PJ,474
1430,Luara Silva,kmachado@example.com,F,1944-12-17,Borges das Flores,BA,2024-11-03,Organico,PJ,800
1431,Ian Leão,martinsolivia@example.net,F,2007-10-23,Novais,sc,2023-03-14,Organico,pf,585
1432,Matheus Pastor,calebe26@example.org,M,1944-04-19,Sales,ce,2025-03-08,Organico,PJ,552
1433,Bernardo Aparecida,enricosousa@example.net,F,1958-04-30,Machado do Galho,Pernambuco,2025-08-10,Organico,PJ,527
1434,Luana Pacheco,uteixeira@example.net,F,1960-04-23,Freitas,ro,2024-08-24,Ads,pf,345
1435,Dr. Enrico Moreira,fernando74@example.net,M,1955-10-21,Melo das Flores,Espírito Santo,2025-01-10,Social,PF,735
1436,Maria Vitória Marques,da-conceicaolunna@example.org,f,1940-06-15,Gomes,Espírito Santo,2026-01-12,Ads,pf,807
1437,Vitória Porto,danielacirino@example.com,F,1980-02-03,Caldeira,MA,2024-03-07,Social,PF,716
1438,Aylla Pinto,xda-cunha@example.com,F,1950-11-20,Santos,AL,2025-03-07,Orgânico,pf,544
1439,Maria Isis Cardoso,diegomarques@example.com,M,1997-07-07,Monteiro de Goiás,TO,2024-02-19,Organico,PJ,612
1440,Sr. Francisco Lopes,ocavalcanti@example.org,F,1973-10-29,da Costa das Flores,es,2025-08-16,Organico,PJ,897
1441,Sarah Sá,luccaalbuquerque@example.com,M,1951-10-09,Gomes,Rio Grande do Norte,2023-11-15,Organico,PF,715
1442,Léo Fogaça,mcampos@example.org,F,1959-02-07,da Cunha Grande,Rio Grande do Sul,2023-05-09,Organico,PJ,301
1443,João Lucas Albuquerque,goncalveseduarda@example.org,M,1988-09-09,Pacheco,Paraná,2026-01-08,Orgânico,PJ,333
1444,Alana Novais,bruna57@example.net,m,1944-03-15,Sampaio do Oeste,Espírito Santo,2024-09-08,Orgânico,PJ,855
1445,Paulo Sales,santosdante@example.org,F,2000-12-30,Fonseca,pr,2025-07-10,Ads,PJ,643
1446,Allana Santos,bda-rosa@example.org,M,1997-01-14,Marques Grande,pa,2026-01-21,Orgânico,PF,413
1447,Mateus Machado,gabrielalbuquerque@example.org,f,1946-11-11,Dias Paulista,Roraima,2025-06-23,Organico,PJ,341
1448,Sr. Leonardo Duarte,xoliveira@example.net,m,1987-07-03,Brito Grande,Paraná,2023-12-23,ads,PJ,872
1449,Rhavi Nogueira,ferreiramaria@example.net,M,1949-05-19,Moura,rn,2023-04-18,ads,PF,642
1450,Benjamin Nascimento,eda-mata@example.com,F,1991-02-06,Carvalho,sp,2025-07-07,Ads,PJ,789
1451,Ravy Silveira,dmartins@example.net,F,1987-02-11,da Mata de Freitas,ap,2026-01-06,ads,pf,661
1452,Maria Helena Rezende,da-rochadaniel@example.com,m,1953-07-03,Silveira,pe,2025-01-09,Organico,pf,355
1453,Maria Flor Rezende,maria-ceciliaalves@example.com,M,1979-04-01,Pacheco,Piauí,2024-07-27,Orgânico,pf,797
1454,Mariana da Rocha,pereiraleo@example.net,M,1988-06-07,Pereira do Oeste,Rio Grande do Sul,2023-03-24,Social,PJ,845
1455,Isabela Alves,ana-sophia04@example.net,m,1983-08-29,Castro Paulista,Mato Grosso,2024-06-21,Social,pf,367
1456,João Guilherme Rios,leo40@example.net,F,1943-01-20,Costela,Ceará,2023-04-19,Ads,PF,700
1457,Lavínia Siqueira,pereiraluiz-felipe@example.com,F,1976-09-27,Costela,Roraima,2023-06-30,Ads,PF,468
1458,Bárbara Jesus,bgoncalves@example.com,m,1969-07-26,Cardoso do Norte,DF,2025-10-11,ads,pf,454
1459,Maria Cecília Gomes,wsouza@example.com,F,1955-11-01,Nascimento do Campo,al,2023-11-19,Ads,pf,726
1460,Sra. Stephany Macedo,thiago65@example.com,F,1966-03-03,Carvalho,Paraná,2024-11-05,Orgânico,pf,754
1461,Marcos Vinicius Cassiano,cunharaquel@example.com,M,1967-01-07,Viana,Ceará,2025-12-24,ads,PF,322
1462,Ana Lívia Albuquerque,otaviofarias@example.net,F,1947-05-13,Rocha,am,2023-12-28,Orgânico,pf,892
1463,Juliana Pimenta,asa@example.org,m,1998-03-11,Cunha,ba,2025-06-14,Orgânico,pf,842
1464,Raquel da Rocha,davi-lucas95@example.net,f,1943-04-22,Monteiro do Norte,Sergipe,2025-06-26,Orgânico,PJ,435
1465,Dra. Yasmin da Cunha,xferreira@example.net,m,1971-04-14,Brito,DF,2025-12-12,Orgânico,PF,795
1466,Bruna Barros,bpires@example.net,m,1940-05-15,Nogueira do Galho,Alagoas,2023-08-23,Ads,PF,661
1467,Evelyn Pacheco,fogacamaria-liz@example.net,m,1960-09-09,da Cunha,Alagoas,2023-09-18,ads,PJ,464
1468,Esther Abreu,mendesmatteo@example.com,m,1993-12-15,Vasconcelos da Serra,GO,2024-02-04,ads,PJ,457
1469,Maria Flor da Paz,ana-lauraporto@example.com,F,1991-12-03,Castro,BA,2024-03-30,Ads,PF,624
1470,João Felipe Pimenta,ecarvalho@example.org,F,1984-02-02,Fernandes,Piauí,2026-01-08,Orgânico,pf,488
1471,Léo Brito,joao40@example.com,F,1958-10-11,Câmara,sc,2025-01-29,Ads,PJ,624
1472,Thales Moreira,salesapollo@example.com,m,1949-05-23,Mendes do Galho,SP,2023-07-11,Orgânico,pf,852
1473,Sr. Ryan da Mata,hnascimento@example.net,F,2007-10-15,Cavalcante,rr,2025-05-18,Orgânico,PF,325
1474,Sara Aragão,isis54@example.org,f,1992-04-26,Rocha de Abreu,Espírito Santo,2025-08-19,ads,pf,627
1475,Brenda Novais,garciaisis@example.org,F,1943-12-03,Lima,AP,2024-02-14,Social,PJ,639
1476,Srta. Antonella Barbosa,pietraalmeida@example.com,m,1971-08-08,das Neves Verde,Amapá,2023-05-26,Orgânico,PJ,450
1477,Théo Leão,da-cruzgiovanna@example.com,f,2002-07-10,Barbosa de Guerra,Mato Grosso,2023-10-28,Ads,PJ,790
1478,Júlia Câmara,sophia74@example.net,M,1992-12-17,da Mata do Galho,SC,2024-06-12,Social,PF,615
1479,Ana Luiza Costela,pedro-miguelaraujo@example.com,M,1993-07-08,da Cunha de Goiás,Goiás,2025-02-05,Social,PF,756
1480,Marcelo Correia,kcosta@example.com,m,1963-11-30,Pimenta do Norte,MS,2023-08-04,Orgânico,PF,499
1481,Srta. Lívia Martins,isales@example.com,F,1996-04-26,das Neves,Espírito Santo,2025-12-15,ads,PF,385
1482,Sr. Enrico Rodrigues,caio76@example.org,f,1990-09-24,Rodrigues Paulista,es,2024-12-19,Ads,PJ,703
1483,João Dias,antonioda-costa@example.net,F,1951-09-01,Cassiano,Espírito Santo,2023-06-15,Orgânico,PJ,823
1484,Hellena Sousa,ana-carolinasilva@example.net,M,1949-02-22,Novais,ma,2025-07-24,Orgânico,pf,451
1485,Vicente Fernandes,oliveiralorenzo@example.net,f,2006-01-08,Fonseca de Fernandes,Mato Grosso,2025-11-25,Organico,pf,312
1486,Henry Gabriel Montenegro,pintoester@example.org,m,1951-07-05,Borges das Flores,Pará,2025-07-06,Orgânico,pf,756
1487,Sr. Yan Pastor,thales25@example.net,M,1990-03-12,Moreira da Serra,PR,2025-08-21,Organico,PJ,725
1488,Dr. Rhavi da Rocha,juliavasconcelos@example.org,f,1956-05-28,Ribeiro,Tocantins,2023-12-02,ads,PJ,734
1489,Dra. Allana Mendes,silvaana-laura@example.org,f,1969-04-17,Costa,AC,2024-11-08,Social,PJ,388
1490,Maysa Almeida,yagoda-mata@example.org,F,1943-10-10,Barros do Sul,RN,2025-12-23,Orgânico,pf,837
1491,Bruno Gomes,nascimentomaria-laura@example.org,m,1996-09-25,Andrade,MS,2024-06-01,Social,pf,390
1492,Luiz Henrique Ramos,nicolasdas-neves@example.net,M,1981-10-05,Viana das Flores,Amapá,2024-08-04,Orgânico,pf,479
1493,Lívia Barbosa,uda-cunha@example.org,f,1991-11-05,Barros,rr,2026-01-17,Social,PF,504
1494,Liam Rodrigues,ibarros@example.net,F,1984-08-03,Garcia,Rondônia,2024-08-11,Orgânico,PJ,802
1495,Dra. Maria Fernanda Gomes,ivargas@example.net,M,2007-08-19,Almeida,Rio Grande do Sul,2023-05-13,Social,pf,805
1496,Ísis Ferreira,qsales@example.net,f,1951-09-30,da Rosa,PA,2023-06-28,Ads,PF,457
1497,Anthony Duarte,vitor-gabrielaragao@example.net,m,1966-06-18,Pimenta das Flores,Espírito Santo,2025-01-29,Organico,PF,594
1498,Fernanda Nunes,vitor-hugocostela@example.net,f,1948-01-24,Borges,RS,2023-06-12,Organico,PJ,550
1499,Juliana Monteiro,costajoaquim@example.net,M,2002-05-01,Farias de Araújo,RJ,2025-05-28,Orgânico,pf,368
1500,Emanuel Cavalcanti,laviniada-cunha@example.org,m,2005-05-09,da Luz,ma,2023-02-20,Organico,PJ,746
