id_lancamento,data,tipo,categoria,descricao,valor,id_pedido
1,2025-07-17,Despesa,Marketing,Quisquam totam unde distinctio.,-7499.78,
2,2025-08-12,Receita,marketing,Repellat error sit neque.,6729.42,
3,2024-05-11,Despesa,RH,Assumenda non corporis temporibus.,-7364.35,
4,2024-07-07,Receita,Tecnologia,Odio possimus.,4040.37,
5,2025-06-24,Despesa,Receita,Ullam omnis minus error.,6026.5,
6,2025-05-26,receita,Tecnologia,Qui culpa.,-2436.19,
7,2025-10-06,Despesa,RH,Totam temporibus aut deleniti.,-1194.99,
8,2024-03-04,receita,Marketing,Id dignissimos libero.,-6145.08,PED-22676
9,2025-08-07,receita,Tecnologia,Atque facilis quo nisi.,-2709.58,PED-15695
10,2025-09-13,Despesa,Marketing,Commodi alias minima ullam non.,11462.32,
11,2024-12-25,Despesa,Logística,Iure repellat commodi incidunt fugit.,8588.09,PED-91070
12,2025-10-12,Despesa,marketing,Voluptatum commodi quas dolores.,6091.44,
13,2025-07-07,receita,Marketing,Ab autem.,9106.35,PED-23238
14,2024-12-22,receita,RH,Natus corporis vitae eos.,4713.69,
15,2025-10-26,receita,Logística,Ducimus deleniti laudantium mollitia minus.,-3809.86,
16,2025-10-29,Despesa,Receita,Dignissimos tempora itaque quam.,-4577.23,
17,2024-08-08,receita,RH,Minus molestiae cupiditate quam.,-2601.04,
18,2024-03-26,Despesa,Logística,Quibusdam sed autem.,8857.04,
19,2025-11-06,Receita,Logística,Nisi quaerat.,23.3,
20,2025-08-01,Despesa,Receita,Assumenda incidunt repellat voluptatum.,-1706.44,PED-95909
21,2025-07-10,receita,Receita,Doloribus doloribus libero.,1177.04,
22,2024-11-16,Receita,Receita,Aperiam ducimus quisquam possimus.,3227.36,PED-44438
23,2025-09-07,Despesa,RH,Est quod aliquam dolorem alias.,-760.07,PED-28131
24,2024-05-22,Receita,Marketing,Facilis quisquam occaecati ducimus tempore.,9222.06,
25,2024-08-07,Despesa,RH,Nostrum cum a.,3928.18,PED-60432
26,2024-05-15,Despesa,RH,Quasi laudantium soluta.,2582.29,
27,2025-01-12,Despesa,Receita,Nam corrupti quas ad nisi.,-5708.97,PED-80381
28,2025-03-07,Despesa,Logística,Eveniet quos fugiat.,-5768.96,
29,2024-02-26,receita,Marketing,Praesentium laborum amet.,11076.32,
30,2024-11-26,Despesa,Marketing,Laborum iusto sint eveniet.,9410.37,
31,2025-06-22,Receita,Logística,Esse odit tempore alias architecto.,7250.22,
32,2024-08-18,Despesa,Logística,Asperiores reprehenderit veritatis deleniti.,1772.11,PED-24662
33,2024-09-30,receita,marketing,Quos consectetur magni possimus.,-6841.5,
34,2024-08-04,Receita,Receita,Repellendus sit omnis necessitatibus reprehenderit.,1719.81,
35,2025-12-30,Receita,Receita,Ea dolorem.,1505.65,
36,2024-12-21,receita,Tecnologia,Neque quos cum fugit doloremque.,9448.66,
37,2025-12-10,Despesa,Receita,Fugit doloremque.,5797.35,PED-50857
38,2025-12-22,Despesa,Receita,Unde excepturi.,-531.59,PED-77839
39,2024-04-01,Receita,marketing,Sequi doloremque aut.,-3506.05,
40,2024-07-05,Despesa,Tecnologia,Voluptate reiciendis a consequuntur cupiditate.,-3397.71,
41,2025-10-02,Receita,Receita,Incidunt quis rem.,4622.06,
42,2026-01-09,Receita,Logística,Est dolore.,-6582.85,PED-41195
43,2024-04-12,Despesa,RH,Voluptatibus officia.,-3715.26,PED-27342
44,2024-04-29,Receita,RH,Error alias consequuntur sit dolor.,8149.94,
45,2025-09-12,Receita,Receita,Debitis accusantium optio.,621.02,PED-65519
46,2025-06-25,receita,Receita,Accusamus sapiente dignissimos deserunt.,-6916.58,
47,2026-01-13,Receita,RH,Reprehenderit illo id.,6564.27,
48,2025-02-25,Receita,marketing,Recusandae facere vero.,2725.72,PED-28373
49,2024-07-14,Receita,Logística,Non eveniet repudiandae.,1252.56,PED-19880
50,2024-11-12,Despesa,Marketing,Earum perferendis animi.,-6988.23,
51,2026-01-19,Receita,marketing,Tempora dolorum nulla impedit.,-4673.78,PED-73653
52,2025-12-31,Receita,RH,Fugiat amet atque.,10048.86,PED-31579
53,2025-11-09,Receita,RH,Ducimus ut beatae vel.,-2695.94,PED-69638
54,2024-07-07,receita,Receita,Voluptatibus expedita.,11146.35,PED-82845
55,2024-05-21,Receita,marketing,Ducimus soluta quidem.,-2065.84,
56,2024-02-13,Despesa,Logística,Repudiandae explicabo totam.,-6856.69,PED-86569
57,2026-01-28,Despesa,Tecnologia,Repellendus nemo facere numquam.,-4851.35,
58,2024-02-07,Receita,Marketing,Quo totam sunt libero.,3900.7,
59,2024-12-17,receita,Marketing,Qui vitae in.,10831.92,
60,2025-11-13,Despesa,Tecnologia,Odio id odit.,-7205.17,PED-20745
61,2025-08-02,Despesa,Tecnologia,Minus sint eligendi.,3304.54,PED-51467
62,2024-11-29,Receita,Receita,Voluptatum harum.,6323.84,PED-41285
63,2025-04-30,receita,marketing,Reiciendis inventore reprehenderit.,5433.8,PED-49321
64,2025-08-09,receita,Marketing,Magnam delectus aut velit.,-7813.69,
65,2025-12-20,Receita,Tecnologia,Quae adipisci repudiandae doloremque fugit.,-3736.91,
66,2025-10-22,receita,Marketing,Porro ipsum mollitia rem.,9585.4,PED-58434
67,2024-04-11,Receita,RH,Ea rerum assumenda.,8674.9,
68,2025-05-14,Despesa,Tecnologia,Ullam esse quisquam doloremque ipsa.,-2012.42,
69,2025-05-12,Receita,Logística,Odio soluta rerum.,-5691.43,
70,2024-11-02,receita,Logística,Eum molestiae dolores provident.,4096.6,
71,2025-05-23,Despesa,Receita,Et quidem voluptatum quaerat.,9058.26,PED-76244
72,2025-01-25,receita,Marketing,Corporis dolorem eum cupiditate quo.,-6154.03,PED-65518
73,2024-09-29,Receita,Marketing,Quos inventore.,-1328.87,PED-27146
74,2025-05-21,Receita,Receita,Corporis quae porro reprehenderit.,836.71,
75,2024-03-06,Receita,Marketing,Assumenda fugit pariatur.,10901.02,
76,2024-04-22,receita,Tecnologia,Maiores quia ducimus facere.,3050.5,
77,2025-01-23,Receita,Logística,Quidem quasi excepturi.,-706.97,PED-15229
78,2025-05-26,Receita,Receita,Officia ad ab.,-3009.41,PED-23473
79,2025-08-18,Despesa,RH,Totam quas nesciunt.,11476.74,
80,2025-04-07,Receita,marketing,Amet nam.,9628.32,
81,2024-12-16,Despesa,Logística,Ad suscipit autem quibusdam.,7647.73,
82,2025-10-05,receita,marketing,Rem aperiam libero doloribus.,7747.49,PED-24168
83,2024-12-04,Receita,RH,Atque quam suscipit eligendi.,-3551.33,PED-70332
84,2025-04-20,receita,marketing,Officiis sint nulla ad.,-3541.53,
85,2025-03-04,receita,Logística,Molestias repudiandae mollitia doloremque necessitatibus.,-2427.94,PED-19099
86,2025-02-03,receita,Receita,Natus accusantium tenetur.,2188.11,PED-99065
87,2025-05-27,Receita,Marketing,Adipisci nihil doloribus quod.,9540.77,
88,2025-10-13,Despesa,Logística,Tenetur consequuntur numquam.,-7234.86,PED-88193
89,2024-05-13,receita,Receita,Officia consectetur deleniti in ad.,7728.56,
90,2025-06-14,receita,Tecnologia,Eveniet excepturi quam.,-4198.42,PED-15817
91,2024-10-19,Receita,Tecnologia,Officia expedita blanditiis architecto voluptatum.,10511.5,
92,2025-03-15,receita,RH,Voluptate quaerat.,-6600.52,PED-97062
93,2024-04-03,Despesa,Logística,Aliquam ullam.,5267.75,PED-26334
94,2025-01-28,Despesa,Logística,Nihil provident nobis recusandae neque.,5337.86,PED-52753
95,2025-03-26,Despesa,Logística,Corporis quasi.,3088.25,PED-35144
96,2024-12-15,Despesa,RH,Quisquam perferendis corrupti molestias.,5546.36,PED-32810
97,2025-08-07,receita,Tecnologia,Id expedita.,8674.5,PED-49829
98,2024-03-08,Receita,RH,Ullam fugiat vitae officia quia.,7715.18,PED-89516
99,2025-09-19,receita,RH,At praesentium facere voluptatum.,843.2,PED-38010
100,2025-09-07,Despesa,marketing,Provident aliquid aperiam.,5177.01,PED-47196
101,2026-01-12,Receita,marketing,Delectus quaerat.,5455.91,
102,2024-03-29,Receita,Marketing,Laudantium quaerat cum cupiditate.,-7075.73,
103,2024-03-26,receita,RH,Sit cupiditate.,9722.74,
104,2025-02-25,Despesa,Receita,Blanditiis blanditiis veritatis mollitia.,-320.43,
105,2025-12-16,Receita,Receita,Itaque modi.,5752.45,PED-23970
106,2025-06-03,Receita,marketing,Maiores earum qui autem.,8082.2,PED-77889
107,2025-10-06,Receita,Tecnologia,Corporis mollitia dolorem dolorem eveniet.,-3016.03,PED-25906
108,2024-03-15,Receita,RH,Neque culpa repellat.,5351.55,PED-83259
109,2026-02-01,receita,Tecnologia,Nesciunt occaecati hic.,8300.13,PED-76162
110,2024-10-26,Despesa,RH,Dignissimos iusto nisi.,9944.16,PED-72216
111,2025-07-01,receita,marketing,Provident maxime.,8797.26,PED-46347
112,2025-03-22,Despesa,marketing,Similique culpa qui beatae vero.,-2508.05,PED-20155
113,2024-08-11,Receita,Logística,Architecto sequi deserunt vitae.,-1283.05,
114,2025-03-02,Receita,marketing,Facilis debitis maiores adipisci corrupti.,-3374.77,
115,2025-12-19,Receita,RH,Sunt ad.,151.99,PED-81121
116,2025-06-19,receita,Marketing,Voluptatem ut saepe.,-3863.31,PED-65069
117,2024-09-15,Despesa,Receita,Quaerat laborum quia repellat earum.,-7609.36,PED-85456
118,2025-06-19,receita,Marketing,Repellendus ea provident asperiores.,10854.83,PED-49139
119,2025-08-22,receita,Tecnologia,Voluptatum id pariatur porro.,6950.31,
120,2026-01-14,receita,marketing,Sequi molestias suscipit ex cum.,-2541.29,
121,2025-01-08,receita,Logística,Delectus officia possimus consectetur consectetur.,5377.47,
122,2025-03-14,receita,marketing,Distinctio dolor harum.,11614.44,
123,2025-01-27,receita,Tecnologia,In error asperiores.,3287.84,
124,2025-06-28,Despesa,RH,Esse accusamus perspiciatis deleniti.,-5286.01,
125,2025-06-12,Receita,Logística,Blanditiis quaerat quos iste.,-417.92,PED-37742
126,2025-11-01,receita,Logística,At in ipsum.,7224.59,PED-59692
127,2024-07-02,receita,Logística,Nam consectetur excepturi.,8698.22,
128,2024-10-17,Despesa,Tecnologia,Sequi perferendis autem explicabo inventore.,-6958.29,
129,2025-01-30,Despesa,Marketing,Harum numquam.,7624.66,
130,2025-09-30,Receita,marketing,Culpa vero laborum.,-4012.79,
131,2024-05-25,Receita,marketing,Laudantium quaerat.,1471.22,
132,2024-09-02,receita,Receita,Assumenda harum dolor.,-2875.13,
133,2025-06-26,Despesa,Tecnologia,Perspiciatis magnam nesciunt libero.,11274.69,
134,2024-04-13,receita,Marketing,Assumenda est hic.,3573.69,PED-50888
135,2025-11-19,receita,Receita,Consectetur at cumque.,-4033.4,
136,2025-05-11,Receita,Receita,Possimus cumque ratione quaerat nam.,7449.62,
137,2025-05-09,Despesa,Marketing,Sequi fugit ipsam.,-1055.92,PED-66148
138,2025-08-29,Receita,Tecnologia,Iusto omnis expedita earum cum.,4950.87,PED-11658
139,2025-10-11,receita,Marketing,Neque doloribus fugit.,670.47,PED-57472
140,2024-02-15,Despesa,marketing,Hic molestiae delectus deleniti.,709.74,PED-78386
141,2024-12-21,Despesa,Tecnologia,Rerum saepe.,7492.83,PED-70931
142,2025-05-29,Despesa,Tecnologia,Dolor quos.,-2632.09,
143,2025-07-17,receita,RH,Tempora ex asperiores ad iure.,-3122.73,PED-70910
144,2025-01-13,receita,Marketing,Adipisci doloribus.,1886.13,
145,2024-06-04,receita,marketing,Excepturi nobis cupiditate.,-903.5,PED-43862
146,2024-08-19,receita,Tecnologia,Explicabo porro adipisci voluptas hic.,6023.68,
147,2025-01-28,Despesa,marketing,Voluptas inventore esse aliquid eum.,-6287.74,PED-63271
148,2024-10-04,Despesa,marketing,Alias occaecati saepe.,5812.19,PED-94659
149,2024-04-22,receita,Marketing,Similique saepe alias.,-6138.93,PED-39045
150,2025-06-06,Despesa,marketing,Inventore deleniti eos minima.,-1875.88,PED-86225
151,2024-02-24,receita,Tecnologia,Ipsam veniam.,2618.44,PED-65771
152,2024-10-13,receita,Receita,Dicta voluptas quibusdam accusamus.,1074.91,PED-50189
153,2025-09-09,Receita,Marketing,Aspernatur mollitia at magni.,6425.69,
154,2025-12-26,Despesa,Tecnologia,Recusandae excepturi perspiciatis.,11017.55,
155,2024-11-28,Receita,Receita,Eligendi hic natus corporis.,1683.97,PED-87278
156,2024-11-18,Receita,marketing,Nulla commodi cupiditate molestias.,-2075.07,
157,2025-11-06,receita,Marketing,Dolore nesciunt nihil at.,6160.37,PED-26591
158,2026-01-16,Receita,Marketing,Quibusdam voluptas illo.,3067.18,PED-26551
159,2026-01-27,Receita,Marketing,Aut sit dignissimos aspernatur.,3481.28,PED-71524
160,2025-01-02,receita,Logística,Modi fugit veniam incidunt id.,-4312.73,PED-16734
161,2025-11-28,receita,Marketing,Nemo incidunt quaerat.,8442.31,PED-62521
162,2025-07-06,Receita,Tecnologia,Esse impedit magni.,4588.91,
163,2025-02-25,Receita,Tecnologia,Ipsa dolorum id distinctio.,10982.51,
164,2025-11-09,Receita,Tecnologia,Aut hic deleniti iste quos.,7288.87,
165,2024-04-24,Despesa,RH,Velit impedit perferendis voluptate.,1010.29,PED-68028
166,2025-09-27,Despesa,RH,Ducimus eius distinctio.,-1892.4,
167,2024-08-12,Despesa,Receita,Dolores accusantium minus.,-6015.33,
168,2025-01-07,receita,Receita,Doloremque inventore qui pariatur.,-6376.25,
169,2024-12-07,Despesa,Marketing,Commodi provident necessitatibus impedit.,-4869.35,PED-63545
170,2024-08-20,Despesa,Tecnologia,Ad soluta maxime.,1398.25,
171,2025-11-11,receita,Receita,Praesentium labore eaque.,-2345.63,
172,2025-01-18,Despesa,marketing,Eos modi iusto aliquam.,10478.22,
173,2025-12-05,receita,Marketing,Aliquam ad veniam.,2891.25,
174,2025-02-12,receita,marketing,Excepturi fugiat vitae.,-6571.8,PED-31747
175,2025-12-20,Despesa,Receita,Eveniet iusto sit aut iste.,8484.81,PED-47828
176,2025-08-25,Receita,RH,Magnam culpa ipsa provident.,5773.56,PED-62757
177,2025-11-16,Despesa,Tecnologia,Ipsam animi quod.,1875.9,
178,2025-02-20,receita,Receita,Nesciunt quisquam sed quia voluptates.,-1553.57,
179,2025-09-03,Receita,marketing,Odit rem ipsum reiciendis.,11238.22,
180,2026-01-17,Despesa,Logística,Beatae animi reprehenderit animi.,3524.94,PED-32962
181,2025-03-11,Despesa,Receita,A porro deserunt adipisci.,844.59,
182,2025-04-13,Despesa,RH,Necessitatibus vitae natus.,4695.69,
183,2024-09-24,receita,Logística,Consequuntur enim quis voluptatum ullam.,166.96,
184,2025-05-22,Receita,Logística,Accusantium incidunt.,232.9,PED-74942
185,2024-09-02,Despesa,RH,Nisi excepturi veritatis nulla.,8271.32,
186,2024-04-29,receita,Marketing,Officia excepturi voluptatibus assumenda.,-1709.66,
187,2024-02-23,receita,Tecnologia,Earum eveniet repellendus.,8498.54,PED-10150
188,2025-05-19,receita,Marketing,Deserunt consectetur nemo.,-4248.35,PED-57419
189,2024-04-20,Despesa,RH,Exercitationem necessitatibus provident quo.,7199.81,PED-36680
190,2025-10-29,Despesa,marketing,Dicta cumque repudiandae.,10553.46,PED-67424
191,2024-12-23,Receita,Marketing,Facere illum.,11462.94,
192,2024-06-17,Despesa,marketing,Saepe quas animi.,-1785.0,PED-11792
193,2024-11-22,Receita,marketing,Ipsa pariatur porro sapiente.,11845.14,PED-24871
194,2024-12-08,Receita,Receita,Neque earum sunt soluta.,8642.86,PED-75323
195,2025-10-26,Despesa,Receita,Dolore nesciunt expedita deserunt et.,-2531.5,PED-73242
196,2025-08-08,Receita,RH,Animi ea.,3025.3,
197,2024-06-08,Despesa,Tecnologia,Optio quisquam error.,6925.85,
198,2025-10-16,receita,RH,Iure reprehenderit quibusdam.,-1202.5,PED-76550
199,2025-04-20,Receita,Logística,Vel quasi temporibus.,6521.02,PED-86931
200,2026-01-02,Receita,RH,Perferendis odio.,2771.61,PED-55236
201,2025-11-26,Despesa,Tecnologia,Distinctio enim ab reiciendis.,-455.8,
202,2026-01-12,Despesa,marketing,Rerum excepturi assumenda.,3435.95,PED-40613
203,2024-05-19,Receita,Logística,Alias consequuntur.,6894.1,PED-59968
204,2024-02-24,Despesa,Receita,Eveniet ipsa accusamus hic.,11616.36,
205,2025-01-07,Receita,Tecnologia,Quae ipsum quisquam eius aliquam.,11307.07,
206,2025-09-27,receita,Marketing,Voluptatem illo velit.,2519.02,
207,2024-07-19,Despesa,marketing,Corporis laudantium perferendis.,199.57,
208,2025-03-11,Receita,RH,Facilis tempora reprehenderit corrupti.,7630.51,PED-44737
209,2024-07-13,Despesa,Receita,Ad ratione eum.,-50.33,PED-20527
210,2024-07-17,Despesa,Tecnologia,Ipsam ipsa velit.,-399.81,PED-51505
211,2024-06-30,Despesa,Marketing,Saepe aperiam officia quas.,4349.19,PED-40771
212,2025-02-18,Receita,Receita,Amet quisquam corporis.,-6192.41,
213,2025-06-20,receita,marketing,Natus quis quam quis reprehenderit.,5880.02,
214,2024-09-21,receita,Marketing,Voluptatum impedit officia dolor veniam.,-2132.64,PED-59131
215,2024-05-12,Receita,marketing,Earum aut modi.,2623.33,
216,2025-11-19,Receita,marketing,Recusandae ab.,-6420.63,
217,2025-02-18,receita,Tecnologia,Officiis labore pariatur suscipit.,-5137.65,PED-70443
218,2025-07-27,receita,Logística,Impedit recusandae beatae.,5336.81,PED-70981
219,2024-02-26,Despesa,Tecnologia,Autem voluptatum voluptatibus animi eligendi.,-4840.49,PED-67898
220,2024-04-26,Despesa,Logística,Tenetur voluptate nobis error.,4778.77,PED-65615
221,2025-01-27,receita,Logística,Maiores pariatur laborum quia.,-4015.66,PED-60422
222,2025-11-09,Receita,marketing,Nostrum mollitia.,-372.71,PED-57049
223,2025-02-12,Despesa,Logística,Voluptates tempore et unde.,-7561.21,PED-96275
224,2024-02-29,receita,Marketing,Possimus nobis vel architecto.,3318.58,
225,2025-03-25,Despesa,Receita,Vel tenetur modi.,1934.55,
226,2025-08-21,Despesa,Logística,Delectus aspernatur.,-3619.91,PED-34920
227,2025-12-07,Despesa,Receita,Est odio odio.,7349.42,
228,2025-03-09,Despesa,Marketing,Distinctio fugit similique impedit.,10068.07,
229,2025-08-12,receita,RH,Aliquam molestias.,-7332.71,
230,2026-01-30,Receita,Logística,Quibusdam minus.,-1465.62,
231,2025-10-08,Receita,marketing,Nulla itaque.,7730.26,PED-57953
232,2025-07-02,Receita,Logística,Quasi exercitationem dolore.,10280.98,PED-73156
233,2025-11-11,Despesa,Logística,Provident magni maiores iste dignissimos.,8084.65,
234,2024-10-21,Receita,marketing,Harum non repudiandae molestias.,9202.81,PED-98395
235,2024-09-13,Despesa,Logística,Perferendis esse deleniti nulla explicabo.,-6193.94,
236,2025-09-27,receita,Tecnologia,Quae aspernatur.,-5528.23,PED-58311
237,2024-07-24,Despesa,RH,Perspiciatis nihil laborum voluptatem.,8448.35,
238,2024-06-16,Despesa,marketing,Nemo molestias quos.,1429.54,PED-91205
239,2024-08-07,Despesa,marketing,Iusto delectus harum vero debitis.,4953.05,PED-93283
240,2024-08-30,Despesa,Logística,Quia optio esse laudantium.,4984.79,
241,2025-10-05,Receita,Marketing,Saepe eius culpa iure.,-1912.71,
242,2025-06-18,Receita,marketing,Officiis quia eos officia.,9745.19,PED-27781
243,2024-10-12,receita,Logística,Cum occaecati sunt iste.,5409.72,PED-80804
244,2024-09-27,Despesa,Receita,Consectetur eius.,6531.98,
245,2025-08-13,receita,Tecnologia,Minima praesentium laboriosam architecto.,162.32,
246,2024-04-29,Despesa,Logística,Ex iusto fugiat error minus.,-3654.61,
247,2025-06-24,receita,Marketing,Ullam itaque non.,11618.55,PED-58147
248,2025-12-16,Receita,RH,Impedit quae.,-2482.37,PED-26011
249,2025-12-06,Receita,Receita,Animi repellat.,-3757.88,
250,2024-09-02,Receita,Logística,Repellendus mollitia.,-3128.62,
251,2024-11-20,Receita,Tecnologia,Illo harum veritatis quaerat necessitatibus.,-3856.85,
252,2025-12-14,receita,marketing,Cumque veritatis quas totam.,7772.88,
253,2024-07-02,receita,marketing,Delectus quibusdam nulla quis quas.,11750.55,PED-80807
254,2024-06-06,Receita,Marketing,A suscipit ex.,5221.15,
255,2024-06-09,Receita,Logística,Veritatis accusamus esse in a.,7799.69,PED-41186
256,2024-08-09,Receita,marketing,Eum officia.,-2692.65,PED-26614
257,2025-10-25,Despesa,Marketing,Molestiae suscipit.,6913.31,PED-72422
258,2024-08-17,receita,Tecnologia,Sequi rem eius aspernatur quae.,3873.32,
259,2025-02-06,Despesa,Marketing,Minima voluptate.,6544.86,PED-96363
260,2026-01-30,receita,Receita,Doloremque nesciunt at saepe corrupti.,11280.52,PED-17972
261,2025-12-15,receita,RH,Soluta deleniti deserunt sint commodi.,5721.95,PED-74260
262,2025-02-10,Receita,Marketing,A non sed veniam.,-1557.76,
263,2026-01-31,Receita,Logística,Natus placeat.,4486.35,PED-86724
264,2025-11-16,receita,Tecnologia,Cumque pariatur.,2611.14,PED-69469
265,2025-10-29,Receita,Receita,Aliquam quasi modi minus.,-5711.72,
266,2024-12-10,receita,RH,Placeat eveniet quae ipsa aspernatur.,9761.82,PED-64239
267,2025-11-28,receita,RH,Dignissimos a deserunt officia aut.,319.79,PED-22463
268,2024-02-04,receita,Logística,Esse voluptatum tempore nihil.,5302.16,
269,2025-10-07,Despesa,RH,Unde ipsum esse consequatur in.,-6657.33,
270,2024-08-18,receita,Marketing,Eum alias quaerat aut.,6891.78,
271,2025-01-09,Despesa,Marketing,Aliquid veniam eaque.,3729.3,PED-83608
272,2024-08-01,Despesa,Marketing,Reprehenderit ducimus.,216.17,PED-97207
273,2024-11-21,Despesa,Marketing,Modi enim.,11367.97,PED-88696
274,2025-08-14,receita,Marketing,Ullam quae nisi itaque quas.,3558.37,
275,2025-05-17,Despesa,RH,Odit voluptate cumque.,-3515.1,PED-24184
276,2024-05-11,Despesa,Logística,Officia cupiditate voluptates.,-5702.29,
277,2026-01-19,receita,Tecnologia,Voluptatem ab quisquam quis velit.,11490.93,
278,2024-04-25,Despesa,Receita,Quaerat vero reiciendis.,8589.22,
279,2025-08-15,Receita,Logística,Laboriosam ab eos.,6053.98,PED-50499
280,2024-06-02,receita,Marketing,Exercitationem sapiente cum.,-4371.89,PED-28776
281,2024-12-19,Receita,marketing,Nesciunt reiciendis suscipit sapiente deserunt.,6819.38,
282,2026-01-05,Despesa,Tecnologia,Ut aspernatur eaque incidunt.,-3697.34,PED-65028
283,2024-07-18,receita,marketing,Fugit nesciunt sapiente illum.,-598.94,
284,2024-07-07,Receita,marketing,Molestiae nemo.,-4851.8,
285,2025-01-20,Despesa,Marketing,Recusandae ab delectus fuga.,-2557.94,PED-96761
286,2025-05-16,receita,Tecnologia,Ipsum corrupti perferendis ipsum voluptates.,840.88,
287,2025-11-12,Despesa,Marketing,Deleniti repellat neque odit error.,-1096.54,PED-24534
288,2025-01-24,Despesa,Receita,Repellat magnam sequi corporis.,3862.69,PED-79066
289,2024-12-21,Receita,marketing,Occaecati at cupiditate dolore.,-94.73,
290,2025-03-13,Receita,marketing,Molestias assumenda voluptatibus.,-1971.61,
291,2024-05-08,receita,Logística,Quos illum consequuntur molestiae asperiores.,-1437.55,PED-11013
292,2024-03-04,Despesa,RH,Enim sunt itaque deleniti.,-4486.1,
293,2025-08-14,Despesa,Tecnologia,Distinctio vitae tenetur dolorem facilis.,8667.08,
294,2024-12-16,receita,Receita,Sed doloribus voluptatem.,-7153.95,PED-12456
295,2024-05-04,Receita,Logística,Impedit deserunt architecto impedit.,3515.18,PED-85156
296,2025-08-23,Despesa,Receita,Molestias doloribus accusamus mollitia cupiditate.,353.88,PED-25096
297,2024-02-17,Receita,Logística,Laudantium aperiam qui est.,-4562.54,PED-91018
298,2025-03-19,Despesa,Logística,Magnam dolore maxime totam.,-6237.4,
299,2025-03-09,receita,Tecnologia,Quos sunt a ullam.,9.0,PED-20308
300,2024-12-10,receita,Receita,Nesciunt dolores.,-1209.73,
301,2024-05-24,Receita,Tecnologia,Quos recusandae harum.,4664.49,
302,2025-11-11,receita,Logística,Sunt ex odio.,6547.58,
303,2025-09-25,Receita,Marketing,Nostrum ullam illo ipsum.,-5071.12,
304,2024-05-04,Despesa,marketing,Repellat cumque culpa eum saepe.,7204.31,
305,2024-10-26,Receita,Receita,Commodi vel maiores.,1882.34,PED-83889
306,2024-11-02,Despesa,Tecnologia,Nostrum totam temporibus aspernatur at.,4859.84,PED-91857
307,2025-12-26,Despesa,Logística,Inventore optio quas.,-4980.85,PED-18950
308,2024-06-29,receita,Receita,Nemo fuga error.,-1943.59,
309,2025-12-20,receita,Tecnologia,Quod sequi.,-6516.19,PED-70521
310,2026-01-04,Receita,Marketing,Quas ex cupiditate sequi.,-625.25,
311,2024-02-28,Despesa,Marketing,Facilis hic nemo officia ipsam.,4300.17,PED-76462
312,2025-09-30,receita,Tecnologia,Molestias sequi aspernatur.,3086.33,PED-15376
313,2024-02-07,Despesa,Receita,Atque rerum.,-4235.21,PED-89299
314,2024-11-20,Despesa,marketing,Unde laudantium ipsa quas nisi.,11154.45,
315,2024-04-09,receita,Receita,Ut laudantium commodi.,-6313.42,
316,2025-12-13,Receita,marketing,Error eaque nesciunt.,6152.43,
317,2024-12-10,receita,Logística,Sed fugiat laudantium provident.,10358.74,PED-60779
318,2025-09-08,receita,Receita,Esse sint.,3957.72,PED-92691
319,2025-05-01,Receita,Logística,Ratione occaecati repudiandae in natus.,-6109.88,PED-98916
320,2025-03-25,receita,Logística,Neque modi vitae.,6474.67,
321,2025-05-11,receita,Marketing,Aliquam eligendi facilis.,3654.79,PED-28537
322,2025-12-07,receita,Receita,Ullam hic explicabo.,5969.6,
323,2025-04-12,Despesa,Receita,Sapiente voluptatibus ea quasi quisquam.,10760.04,PED-50577
324,2025-03-07,Despesa,Logística,Fuga quisquam possimus.,8263.7,
325,2024-04-30,Despesa,Receita,Ducimus quae.,468.13,
326,2026-01-20,receita,Logística,Sit voluptas nisi tenetur.,-4394.74,PED-38074
327,2026-01-19,receita,marketing,Reiciendis provident consequatur fuga.,-3469.14,
328,2024-03-17,Receita,Logística,Velit quasi saepe.,8888.57,
329,2024-10-22,Despesa,Logística,Repellendus rerum placeat tenetur.,9527.86,
330,2025-07-16,Despesa,RH,Tenetur similique.,-4914.94,
331,2024-08-07,Despesa,RH,Perspiciatis laboriosam ab soluta explicabo.,-7126.15,
332,2025-06-07,receita,Tecnologia,Vero accusantium accusamus odio.,-2301.44,
333,2025-11-30,Despesa,marketing,Accusamus quo non.,-1810.64,
334,2024-10-01,receita,Receita,Nesciunt dolor aliquid.,10942.6,PED-67749
335,2024-12-23,receita,RH,Porro animi dignissimos quam illo.,2058.13,
336,2024-10-06,Receita,Tecnologia,Ullam repellendus.,-5232.03,
337,2025-08-08,Despesa,RH,Velit totam dolorem labore.,9482.34,
338,2025-01-21,Despesa,Tecnologia,Amet nam repudiandae.,9023.32,
339,2024-11-07,Receita,Logística,Maiores harum porro similique tempora.,986.38,
340,2025-06-03,receita,Marketing,Maxime ea nesciunt.,10928.27,PED-39102
341,2025-09-04,receita,Marketing,Delectus consequuntur sint rerum.,297.94,PED-61964
342,2025-04-29,Receita,RH,Culpa nam eum error eius.,11890.51,
343,2025-09-07,Receita,Logística,Fugiat in accusantium excepturi.,10616.52,PED-95191
344,2025-04-08,Receita,marketing,Dolor dolorem expedita.,-7233.94,
345,2024-06-04,Despesa,RH,Facere asperiores quod soluta.,972.03,
346,2024-09-07,Receita,Logística,Iste laborum ex consectetur.,-3686.91,PED-29597
347,2024-12-18,Receita,Logística,Reprehenderit neque quis repellat maxime.,-3247.2,
348,2025-07-22,Receita,RH,Natus quis officiis vero eaque.,4779.03,PED-91633
349,2025-09-27,Receita,Marketing,Aperiam ipsam quidem.,8733.75,
350,2025-01-16,Despesa,Tecnologia,Tempora delectus rerum eaque.,3500.95,PED-28818
351,2024-08-16,receita,Marketing,In nemo delectus.,4296.19,PED-41531
352,2025-06-24,Receita,Receita,Quod ea cupiditate.,5364.3,PED-78614
353,2025-02-26,Receita,Tecnologia,Animi dolores architecto mollitia rerum.,2881.64,
354,2025-06-18,receita,RH,Sed iusto esse quo consequatur.,-7129.31,PED-60709
355,2025-04-27,receita,Receita,Reprehenderit ex facilis.,-7675.16,PED-18855
356,2025-04-11,Receita,Receita,Perferendis odio repellendus quis nisi.,5142.09,PED-23587
357,2025-11-20,Receita,Marketing,Quaerat quis earum.,-954.02,
358,2024-10-20,Despesa,RH,Perferendis modi velit.,11616.38,
359,2025-12-03,Receita,Marketing,In laudantium et.,6320.9,
360,2024-11-04,receita,marketing,Laborum nihil facilis perferendis.,-7123.87,
361,2024-02-11,receita,Logística,Dignissimos occaecati quo consequatur enim.,2307.67,PED-81176
362,2025-05-21,receita,Marketing,Consectetur libero delectus.,7065.82,PED-35048
363,2024-07-11,receita,Marketing,Fuga ut sequi.,9315.97,PED-53506
364,2025-02-03,Receita,Logística,Eligendi corrupti ducimus.,739.03,PED-62431
365,2025-08-31,receita,Logística,Laudantium recusandae quidem.,11474.47,PED-75038
366,2024-02-26,receita,Tecnologia,Vel doloribus eveniet temporibus.,-2665.59,PED-20828
367,2024-02-12,Receita,RH,Fuga nesciunt tenetur animi at.,4049.07,PED-33652
368,2025-07-24,receita,Marketing,Quibusdam unde facere.,-6398.62,PED-96628
369,2025-05-10,receita,RH,Quidem minima ipsum ipsum.,4052.43,
370,2025-04-12,Despesa,RH,Neque vel ea repellat.,-969.06,PED-15551
371,2025-11-06,Despesa,RH,Sit occaecati delectus.,-2508.89,
372,2025-12-17,Despesa,Receita,Voluptates totam magni id nam.,124.2,
373,2024-05-23,Receita,marketing,Quae ea.,8973.39,PED-98878
374,2025-12-01,Receita,marketing,Cupiditate reiciendis.,-6655.33,PED-94562
375,2025-10-19,receita,RH,Dolore nesciunt.,10989.34,
376,2025-12-04,Despesa,RH,Neque vitae optio.,10976.47,PED-58760
377,2025-12-16,Receita,Tecnologia,Vero voluptatum similique.,-5246.1,PED-58096
378,2025-12-18,receita,Receita,Pariatur temporibus expedita.,-2426.2,
379,2024-03-07,Despesa,marketing,Dicta quam laborum.,1980.88,
380,2024-11-07,receita,Logística,Amet repellat eius.,6080.76,PED-38124
381,2025-06-04,Despesa,RH,Soluta inventore.,-3996.43,
382,2025-01-13,receita,marketing,Doloribus totam labore laborum quam.,9973.58,
383,2024-10-09,Despesa,Logística,Assumenda ipsum nihil.,5356.8,PED-18511
384,2025-04-30,receita,marketing,Eaque odit enim.,6236.18,
385,2025-01-10,receita,Tecnologia,Odit reiciendis harum quos.,-3515.17,
386,2025-08-07,Receita,RH,Cupiditate totam sit quas neque.,-7474.32,PED-82616
387,2025-02-26,receita,Tecnologia,Magnam veniam nostrum accusamus.,-5404.58,
388,2024-03-16,receita,RH,Facilis inventore temporibus.,11991.9,PED-72739
389,2024-04-16,receita,Tecnologia,Veniam dolor vitae.,-6524.99,
390,2025-10-25,receita,RH,Dolorem officia alias nostrum.,5602.18,
391,2025-07-23,Despesa,Receita,Cupiditate accusantium reprehenderit quas qui.,3755.72,PED-26912
392,2024-08-25,Despesa,Marketing,Non quibusdam ipsum.,8627.82,
393,2025-03-25,receita,marketing,Ipsam perspiciatis rerum est provident.,-4760.66,PED-39552
394,2025-06-15,Despesa,Logística,Nihil nesciunt consequuntur sit.,8918.67,
395,2025-10-25,Despesa,Tecnologia,Fugiat sequi officia.,-2510.98,PED-91922
396,2026-01-08,Despesa,Tecnologia,Et vero dolorum soluta.,-6131.43,
397,2024-09-27,Despesa,Tecnologia,Adipisci culpa molestiae temporibus autem.,-4916.11,PED-96341
398,2024-03-30,Despesa,Marketing,Sapiente atque voluptatum.,8504.73,
399,2025-07-14,Receita,Receita,Numquam rem.,7420.45,
400,2025-09-06,Despesa,RH,Aut laudantium.,4362.17,PED-13969
401,2025-10-09,Despesa,Tecnologia,Animi amet vel nulla dolorum.,-2206.57,PED-49596
402,2024-04-17,Receita,Receita,Quidem molestias maiores.,121.85,
403,2025-12-27,Despesa,Marketing,Maxime itaque.,-4838.39,PED-64476
404,2025-04-08,receita,marketing,Libero occaecati atque iure officia.,-1196.15,PED-28830
405,2025-06-17,Despesa,Logística,Voluptatum ad aliquid.,6684.0,PED-55268
406,2024-10-17,Receita,Logística,Molestiae labore nisi.,2299.6,PED-23917
407,2024-06-12,Receita,RH,Odio nulla.,-5549.56,
408,2025-09-08,Receita,Marketing,Ab natus quasi id voluptatibus.,-6987.89,PED-60351
409,2025-03-12,Receita,marketing,Sequi dolore deserunt fugiat.,8269.56,PED-85718
410,2025-12-20,Receita,marketing,Impedit aut sit rem asperiores.,1965.31,PED-77466
411,2025-09-26,receita,Logística,Aut earum alias ratione necessitatibus.,1947.41,PED-21802
412,2024-10-05,Despesa,RH,Quas suscipit ex.,11333.73,PED-38199
413,2025-07-23,Receita,Marketing,Enim laborum ut sed.,-2372.87,PED-88317
414,2025-09-21,receita,Tecnologia,Placeat animi.,-7836.45,PED-24089
415,2024-11-05,Receita,Logística,Ipsam mollitia molestiae ea.,6550.16,PED-62855
416,2024-07-05,Receita,RH,Maiores voluptates beatae sed.,-6976.85,
417,2025-01-10,receita,Tecnologia,Culpa error.,-2227.97,PED-60639
418,2024-11-17,Despesa,Logística,Perspiciatis eligendi fugit consequuntur iure.,8506.23,
419,2025-10-12,Receita,Marketing,Corporis corporis.,-121.93,PED-54444
420,2025-11-20,Receita,marketing,Aliquam sequi omnis perspiciatis nemo.,4049.26,
421,2024-12-21,Receita,Marketing,Repellat placeat reprehenderit ad.,-5259.27,PED-53652
422,2024-10-30,Despesa,RH,Aspernatur labore sit.,-5021.19,
423,2024-09-29,receita,Tecnologia,Et iste est dignissimos.,-1629.4,PED-61505
424,2024-09-18,Despesa,Logística,Ut vero.,2146.3,PED-76809
425,2025-11-05,Despesa,Tecnologia,Dolor consectetur vitae.,-2004.19,PED-12180
426,2025-12-01,receita,Receita,Voluptate eius.,-5807.91,PED-64596
427,2024-11-30,Despesa,Receita,Nemo rerum accusamus.,4585.21,PED-88238
428,2024-11-08,receita,Receita,Nam quia vitae excepturi.,7658.08,
429,2024-06-27,Despesa,Marketing,Nisi error.,3670.47,PED-32349
430,2026-01-29,Receita,Receita,Soluta eligendi optio optio.,-3156.07,
431,2025-08-05,Receita,Marketing,Facere corporis voluptates.,820.77,
432,2025-06-16,receita,Receita,Aliquid ipsa molestiae.,-3922.17,PED-75774
433,2025-08-21,Despesa,Receita,Dolorum aut officia ab dolorum.,-6754.37,
434,2026-01-04,Despesa,Logística,Doloribus eius ea molestiae.,11962.46,PED-72701
435,2024-03-26,receita,marketing,Quisquam quibusdam deleniti.,1193.27,PED-79878
436,2025-03-20,Despesa,Logística,Occaecati fuga distinctio.,5517.37,PED-99226
437,2024-11-30,Despesa,RH,Molestias et quo possimus.,-4154.72,PED-42311
438,2024-12-16,Despesa,Logística,Placeat suscipit ipsum deleniti.,-3502.66,PED-49008
439,2024-03-06,Despesa,marketing,Qui eum occaecati accusantium.,5804.8,PED-74094
440,2025-12-30,receita,Logística,Est nostrum.,3209.75,PED-45842
441,2024-07-14,Receita,Tecnologia,Ipsum dolorem minus harum.,5532.44,PED-59767
442,2025-06-25,receita,marketing,Quas esse praesentium esse.,-2190.95,
443,2025-02-03,receita,RH,Eius nulla hic.,5119.44,
444,2026-01-03,Receita,Tecnologia,Ea ea aspernatur voluptates corporis.,-2577.35,PED-83664
445,2025-08-03,Receita,Marketing,Debitis ipsum quasi.,4313.54,
446,2024-06-21,Receita,Marketing,Eaque ratione dolores iusto.,5396.68,
447,2024-04-21,Despesa,marketing,Quia dolor.,-6950.18,PED-64172
448,2024-11-20,Despesa,RH,Aperiam consequuntur praesentium asperiores.,-5989.1,
449,2025-02-22,Despesa,marketing,Doloremque ut repudiandae necessitatibus.,138.15,PED-72350
450,2024-04-13,Despesa,marketing,Ullam accusantium.,7118.22,PED-47649
451,2024-11-18,receita,Receita,Accusamus laudantium minima.,-6816.75,
452,2025-02-20,Despesa,Receita,Laudantium enim itaque sapiente doloribus.,6462.35,
453,2025-04-08,receita,marketing,Assumenda eius veritatis accusamus.,10678.45,PED-14763
454,2024-04-07,receita,marketing,Autem quidem.,10732.17,
455,2024-08-08,Receita,Logística,Magni sed iste consequuntur sapiente.,3359.24,PED-24064
456,2024-07-13,receita,RH,Modi quod.,11781.99,PED-81211
457,2024-09-20,Receita,Tecnologia,Possimus omnis.,1360.42,
458,2024-07-11,receita,marketing,Ea eius impedit reprehenderit deleniti.,6622.38,PED-94972
459,2024-07-03,Despesa,marketing,Aliquid necessitatibus.,-7718.32,PED-54185
460,2024-12-10,Despesa,Receita,Nostrum voluptas iusto.,7145.66,PED-33002
461,2024-07-29,receita,Tecnologia,Nulla natus eius saepe tempora.,-1441.47,
462,2024-06-09,Receita,marketing,Earum dolore inventore.,1549.08,
463,2025-03-21,receita,RH,Corrupti autem.,-3289.57,PED-44995
464,2024-11-20,receita,Tecnologia,Saepe sequi tempore quam odio.,6457.65,PED-11498
465,2025-09-19,Despesa,Logística,Facere impedit ut quia veritatis.,5855.37,
466,2024-04-17,receita,Logística,Quia officia magnam.,-4805.66,PED-99925
467,2025-07-08,Despesa,Marketing,Nulla modi voluptatibus aspernatur pariatur.,4774.23,PED-48671
468,2024-12-23,Despesa,marketing,Voluptas dolores natus dicta dolorum.,-3617.43,PED-27507
469,2024-07-07,Receita,RH,Quae quae dolor magni.,6954.7,PED-89395
470,2024-03-12,receita,Receita,Doloribus molestias quod.,2984.69,
471,2024-07-06,Receita,Receita,Unde corrupti iste.,7094.79,PED-20730
472,2024-02-21,Despesa,Receita,Assumenda cumque.,-764.3,
473,2024-08-24,Receita,Tecnologia,Quisquam aliquam iusto.,10057.76,
474,2025-08-13,Receita,Logística,Dolor doloribus eveniet magnam porro.,9089.72,
475,2026-01-11,Despesa,marketing,Maxime soluta praesentium illo.,6338.36,
476,2024-02-28,Despesa,RH,Suscipit nisi.,8173.84,
477,2025-12-27,Despesa,RH,Officiis nesciunt at recusandae officia.,1135.97,PED-17567
478,2025-12-06,Despesa,Logística,Voluptatum assumenda.,6465.6,PED-61897
479,2024-05-21,Receita,Receita,Harum laborum.,-3641.97,
480,2025-01-26,receita,Logística,Nulla at.,6007.7,
481,2025-08-24,Receita,RH,Id tenetur omnis quae.,-7365.3,
482,2024-09-16,Receita,Receita,Magnam minus ea aut.,11566.67,PED-94656
483,2025-05-21,receita,RH,Doloremque porro ut reiciendis possimus.,970.74,PED-59479
484,2025-06-23,Receita,Receita,Iste quod reprehenderit aspernatur.,11282.89,
485,2025-11-20,Despesa,Logística,Minima esse sit.,-5627.34,PED-80419
486,2024-11-17,Despesa,marketing,Doloribus doloremque illum consequatur voluptatum.,6557.16,
487,2024-12-26,Receita,Logística,Repudiandae inventore magnam praesentium iusto.,1260.08,PED-81361
488,2025-08-28,Despesa,RH,Suscipit maxime eius maxime.,8467.21,PED-42441
489,2024-04-18,receita,marketing,Neque reprehenderit deleniti ipsa.,-2487.01,
490,2025-07-07,Despesa,RH,Temporibus eaque possimus dolorem.,4298.46,
491,2025-04-26,Receita,Marketing,Repellat quod maxime pariatur sapiente.,-5982.07,PED-14400
492,2024-06-08,Despesa,Receita,Tempore dolorem quaerat.,6065.73,
493,2025-08-26,Despesa,Marketing,Sint dolorem est quam voluptatibus.,45.31,
494,2024-08-27,Receita,marketing,Temporibus et distinctio maiores optio.,2077.92,
495,2024-08-24,Despesa,Tecnologia,Voluptas vitae dolores vitae.,-1621.93,PED-88370
496,2025-01-26,Receita,Logística,Cupiditate labore delectus.,9525.17,
497,2024-12-08,receita,Logística,Porro unde culpa voluptatum.,-2496.92,
498,2025-03-07,Despesa,Receita,Perferendis illo.,544.01,
499,2025-07-10,receita,Receita,Odio impedit.,5426.85,PED-78742
500,2025-06-14,Despesa,RH,Reiciendis nulla delectus.,165.18,PED-49306
501,2025-05-19,Receita,Tecnologia,Provident possimus dolore.,1470.38,PED-39536
502,2025-07-31,Despesa,marketing,Quaerat sed quis ratione aliquid.,8115.52,PED-17552
503,2025-09-01,receita,Tecnologia,Quae nostrum porro debitis.,2599.84,
504,2025-07-16,receita,marketing,Totam odio occaecati facilis.,-1394.74,PED-20363
505,2025-05-07,receita,Marketing,Inventore quas ad.,2712.71,
506,2025-01-10,receita,RH,Doloribus eos dolores assumenda.,5473.44,
507,2025-03-22,Receita,marketing,Consequuntur officia distinctio at odit.,8093.01,
508,2025-07-31,receita,marketing,Nemo officiis expedita recusandae.,9389.48,PED-53642
509,2025-02-05,Receita,marketing,Optio sunt eos ad.,10743.2,PED-25376
510,2024-10-01,Receita,Receita,Facilis labore iure est.,4088.03,PED-36805
511,2025-09-19,Receita,Tecnologia,Ad reprehenderit.,-1567.7,PED-47101
512,2024-11-25,receita,Tecnologia,Ratione ea.,4974.43,PED-50425
513,2025-07-21,receita,Tecnologia,Expedita sequi esse.,9656.24,
514,2024-06-15,Despesa,RH,Doloremque nesciunt quo beatae.,7232.58,
515,2024-09-30,receita,Logística,Illum repellat provident quidem aliquid.,278.6,
516,2024-10-08,Despesa,marketing,Sapiente quidem porro magnam.,-7675.6,PED-82523
517,2024-11-15,receita,marketing,Corrupti error tempora hic sit.,-4076.16,PED-40149
518,2024-03-24,Despesa,marketing,Neque quam.,1986.03,PED-95800
519,2024-05-17,receita,RH,Suscipit rem alias.,11330.17,PED-94108
520,2025-03-19,receita,marketing,Mollitia labore ipsum atque culpa.,6655.44,
521,2025-05-24,Receita,Receita,Vitae dicta.,2930.93,
522,2024-06-12,Despesa,Marketing,Ab asperiores.,8781.37,
523,2025-04-27,Receita,RH,Aut sapiente vitae deserunt.,-5250.17,
524,2025-06-30,Receita,Receita,Sit fuga laborum tempora.,-4979.41,PED-38668
525,2025-11-26,receita,Marketing,Itaque molestiae sapiente.,4356.7,PED-97392
526,2025-08-02,Despesa,RH,Sequi aliquid facilis aperiam error.,-7685.36,PED-79758
527,2024-10-16,Receita,Marketing,Reiciendis mollitia numquam.,2588.35,PED-46010
528,2025-04-08,Receita,Tecnologia,Quae repellendus rem.,8263.14,PED-98346
529,2025-12-29,Receita,Marketing,A id possimus.,10360.98,
530,2025-12-11,Receita,marketing,Nostrum possimus ullam.,4395.62,PED-43084
531,2024-10-04,receita,RH,Numquam tempora.,-6419.62,PED-63218
532,2025-08-03,Despesa,marketing,Nam sit omnis harum.,11804.66,PED-39603
533,2024-06-21,Despesa,Marketing,Culpa quisquam alias.,5074.71,
534,2025-02-06,Receita,RH,Ab nemo.,-414.72,PED-82443
535,2025-04-04,Receita,Receita,Repellat dignissimos.,-7811.0,
536,2025-06-26,receita,RH,Sequi porro porro.,4898.14,
537,2025-12-09,Despesa,Marketing,Assumenda earum porro cupiditate.,-3404.67,PED-84289
538,2025-09-14,receita,Marketing,Odio consequatur impedit sequi.,10483.19,PED-99709
539,2024-02-13,Despesa,Tecnologia,Ex voluptate voluptas eius.,5162.18,PED-33508
540,2024-05-15,Receita,marketing,Sint accusamus enim.,3740.72,
541,2024-05-01,receita,marketing,Perferendis id corrupti laborum.,3279.16,PED-84277
542,2024-03-05,Despesa,Tecnologia,Aliquam beatae corporis.,-1365.4,
543,2024-12-31,Despesa,Receita,Excepturi repellat itaque neque.,11486.47,
544,2026-01-01,receita,marketing,Consequuntur praesentium maxime.,8773.49,PED-54642
545,2025-10-22,receita,Marketing,Enim nesciunt corporis.,4682.46,PED-69054
546,2025-12-25,Receita,Logística,Fugiat aspernatur.,3060.75,PED-59207
547,2025-05-12,Receita,Receita,Nihil veritatis pariatur facilis.,3717.5,
548,2024-08-25,Despesa,Logística,Blanditiis fuga fuga.,7961.1,
549,2026-01-05,receita,marketing,Aspernatur cum nesciunt velit harum.,-400.0,
550,2024-12-30,Despesa,RH,Minima sint iure ipsam repellendus.,-1666.44,
551,2025-07-03,Receita,Logística,Non soluta doloremque.,894.72,
552,2025-09-23,Receita,Marketing,Inventore quas animi.,-4252.16,PED-68830
553,2024-03-31,Receita,Marketing,Natus doloremque tenetur incidunt perspiciatis.,-6207.62,
554,2025-08-14,Despesa,Tecnologia,Dolores itaque cupiditate.,7688.77,
555,2024-09-24,receita,RH,Neque consequatur sapiente molestias.,-244.01,
556,2025-06-11,Despesa,Tecnologia,Eos doloremque recusandae.,-4608.34,
557,2025-11-28,Receita,Logística,Corporis quibusdam nobis.,-1977.37,
558,2025-01-07,Receita,marketing,Eligendi a veniam commodi.,693.53,PED-65194
559,2025-04-28,receita,Marketing,Suscipit tempore consequatur ex.,-777.5,PED-42321
560,2025-05-10,Despesa,Tecnologia,Dignissimos nesciunt sed quos voluptates.,-4089.04,
561,2025-11-07,receita,Marketing,Mollitia fuga qui laboriosam.,10976.47,PED-53544
562,2024-05-09,receita,RH,Nesciunt ea itaque.,-1305.28,
563,2024-08-28,receita,Logística,Repellat quis consectetur.,4064.23,PED-36326
564,2025-12-09,receita,marketing,Quia assumenda modi.,11291.49,PED-51830
565,2025-04-24,Despesa,Receita,Laborum quia et.,4658.05,
566,2025-11-02,receita,RH,Rem aliquid.,-2394.0,PED-61502
567,2024-10-10,Receita,Tecnologia,Consequuntur minima blanditiis architecto.,-4004.0,
568,2024-11-18,Despesa,Tecnologia,Exercitationem fugiat.,-7461.68,
569,2025-10-08,receita,Logística,Et repudiandae molestias.,8625.64,PED-19064
570,2025-03-12,Despesa,RH,Est sapiente delectus odio.,-5216.42,
571,2024-08-21,receita,Receita,Ipsa illum.,-4917.14,PED-65460
572,2025-06-22,Receita,RH,Delectus cupiditate incidunt facilis.,11814.01,PED-72814
573,2024-09-14,Despesa,Tecnologia,Corrupti illo earum.,10469.92,
574,2025-04-10,receita,Receita,Beatae consequuntur dolore alias.,9910.03,
575,2024-07-10,Receita,marketing,Commodi quod nostrum.,5152.03,
576,2025-10-19,Despesa,Tecnologia,Quam recusandae quasi ipsum.,-7114.07,PED-94545
577,2024-06-18,receita,RH,Ratione reiciendis.,-5881.11,PED-22924
578,2025-09-28,Receita,Tecnologia,Voluptatibus inventore dignissimos enim.,6937.06,
579,2025-09-20,receita,Logística,Minima cumque doloribus nostrum non.,-177.32,
580,2024-07-08,receita,Marketing,Porro ad deleniti repudiandae.,1655.42,PED-48722
581,2025-07-01,Receita,Marketing,Modi aut.,8626.35,PED-28569
582,2024-04-29,receita,Logística,Ducimus magnam itaque.,1106.65,PED-37114
583,2024-11-17,receita,RH,Repudiandae eum labore.,-6047.54,PED-69303
584,2024-11-26,Receita,Logística,Cumque explicabo repudiandae eos.,-7106.34,
585,2025-02-18,receita,Receita,Molestiae perspiciatis minima.,-5812.75,
586,2025-06-06,Despesa,marketing,Eos vero explicabo saepe molestiae.,3038.21,PED-53383
587,2024-11-29,receita,marketing,Dolorem dicta esse alias.,7955.12,
588,2024-10-18,Receita,Receita,Eius eum aspernatur.,5146.16,
589,2024-07-14,Despesa,Tecnologia,Sint animi enim.,9661.95,PED-68926
590,2024-05-23,receita,Marketing,Corrupti quaerat magnam a.,6094.71,PED-36972
591,2025-09-27,Despesa,Marketing,Aperiam dolor repellendus.,3546.96,
592,2024-04-28,receita,Logística,Similique libero corporis aspernatur mollitia.,-4058.51,PED-24936
593,2024-04-17,Despesa,RH,Eveniet unde sunt possimus.,2554.3,PED-93769
594,2025-09-12,Despesa,RH,Distinctio magnam iure fugit repudiandae.,4226.17,
595,2025-11-01,receita,Logística,Beatae libero beatae veritatis.,8910.36,
596,2024-12-10,Despesa,Receita,Nesciunt adipisci neque placeat expedita.,8012.27,
597,2024-11-13,Despesa,marketing,Maxime consectetur animi.,-1736.29,PED-41270
598,2024-09-21,Receita,marketing,Sint quo hic.,-533.88,PED-28528
599,2026-01-28,receita,Tecnologia,Molestiae possimus accusantium molestiae.,-5242.65,PED-60293
600,2025-12-27,Receita,RH,Fugit soluta amet.,4710.03,
601,2024-07-15,Despesa,marketing,Quidem odio tempora tenetur quam.,1792.84,
602,2024-03-26,receita,RH,Aut numquam quaerat et.,4388.2,
603,2024-03-21,receita,marketing,Libero ab ex.,-4097.43,PED-60324
604,2024-04-09,receita,Receita,Facere quidem optio.,1834.52,PED-68176
605,2025-04-28,Receita,Marketing,Itaque nam distinctio corrupti.,3307.96,PED-38905
606,2024-08-03,Receita,Logística,Architecto eos animi consectetur.,-3503.13,
607,2024-09-19,receita,Tecnologia,Nisi cupiditate quam occaecati doloribus.,6850.37,
608,2025-02-14,Despesa,Marketing,Quibusdam quis quisquam vitae.,-2642.22,PED-81186
609,2025-10-26,Despesa,Marketing,Molestiae omnis.,7200.08,
610,2024-05-22,receita,Marketing,Ipsum dignissimos a.,6719.77,
611,2025-10-20,receita,Marketing,Sapiente eos sint id.,994.65,
612,2024-07-01,receita,Marketing,Illo vero tempora.,7512.63,
613,2025-12-23,Despesa,Tecnologia,Maiores blanditiis tempora provident.,5782.67,PED-89988
614,2025-12-27,Receita,Tecnologia,Eveniet atque hic nostrum.,-5215.3,
615,2025-09-08,Receita,Tecnologia,Voluptatem nobis.,-983.69,
616,2024-07-12,receita,Receita,Necessitatibus est exercitationem odit.,-2147.31,PED-85069
617,2024-11-04,Despesa,Receita,Eius occaecati exercitationem.,8303.62,PED-27771
618,2025-07-19,Receita,Logística,Repudiandae reiciendis.,9340.95,
619,2025-07-13,Receita,marketing,Porro fuga optio dignissimos consequatur.,6227.9,PED-42447
620,2024-10-11,receita,marketing,Ratione aperiam recusandae expedita.,3548.51,PED-45221
621,2024-04-30,receita,RH,Itaque inventore provident.,-6489.67,PED-22202
622,2024-09-13,Despesa,Receita,Aliquam ut quae.,-2435.49,PED-58374
623,2024-12-17,receita,Logística,Dolorem adipisci modi consequuntur.,3639.11,PED-22208
624,2024-11-22,Despesa,Receita,Repellat alias.,5945.78,PED-18300
625,2025-04-12,Receita,RH,Sed dolor delectus.,8496.95,PED-74843
626,2025-10-09,receita,Logística,Accusantium quas nisi magni.,-1244.9,
627,2024-02-18,Despesa,RH,Accusamus eum distinctio animi.,7766.07,
628,2024-06-18,Receita,Marketing,Quisquam modi sequi ea.,4523.59,
629,2025-06-09,Receita,marketing,Neque pariatur suscipit tempora.,825.72,PED-10088
630,2025-07-06,Receita,Receita,Quos non at harum.,10188.14,PED-95196
631,2025-10-21,Receita,Logística,Nesciunt sed illum.,-6133.2,PED-57242
632,2024-09-13,Receita,Logística,Cupiditate libero itaque.,5290.18,
633,2024-03-31,Receita,RH,Debitis voluptatum alias deserunt.,4512.09,PED-40689
634,2025-04-18,Despesa,Marketing,Voluptate nesciunt impedit totam ipsum.,6073.96,
635,2024-11-28,receita,Marketing,Eaque vel quo.,-5346.0,PED-39647
636,2025-06-19,Receita,Marketing,Officia unde illum repellendus.,5911.94,PED-25806
637,2025-01-01,Despesa,marketing,Dolor voluptatum dolores.,1554.0,PED-40008
638,2025-10-02,Receita,Receita,Similique ad officia.,8119.14,PED-23526
639,2025-03-11,receita,Logística,Facere minima maiores recusandae totam.,-5257.41,
640,2025-04-23,Receita,Tecnologia,Aperiam occaecati laudantium neque.,3265.82,
641,2024-09-14,receita,Logística,Voluptatum neque voluptatum.,6448.64,
642,2025-05-16,receita,Tecnologia,Quas labore porro dolor.,5731.32,
643,2025-01-22,Receita,marketing,Commodi saepe.,7048.91,PED-87276
644,2025-03-28,receita,RH,Ea est similique.,-1709.93,
645,2024-09-07,receita,Receita,Possimus modi quis.,-6315.03,PED-82534
646,2025-01-02,Despesa,Marketing,Amet molestias.,8957.84,PED-96298
647,2024-06-19,Receita,Tecnologia,Nihil sit incidunt atque.,4138.54,PED-34726
648,2024-06-01,receita,Receita,Earum error autem.,-6908.62,PED-41370
649,2025-08-08,receita,Marketing,Labore possimus officia inventore.,-3178.36,
650,2024-06-22,Despesa,Marketing,Autem aliquam excepturi qui.,11737.65,
651,2024-10-08,receita,Tecnologia,Praesentium enim sit eligendi modi.,417.27,
652,2025-07-10,receita,Marketing,Tempora debitis labore.,-7666.21,
653,2025-10-28,receita,marketing,Quis eaque repellendus.,-7203.46,PED-17925
654,2025-08-22,Despesa,Logística,Eum optio.,4571.41,PED-75673
655,2024-11-28,receita,Receita,Nesciunt illo.,45.55,
656,2025-04-12,receita,Marketing,Maiores quas impedit.,-1801.86,
657,2025-10-31,Receita,Tecnologia,Laboriosam aliquam nulla.,-1464.99,
658,2025-11-01,receita,Receita,Recusandae rerum consequatur.,749.72,
659,2025-01-01,Receita,Marketing,Eligendi cupiditate.,10492.56,PED-25202
660,2024-09-20,Despesa,Tecnologia,Quibusdam error.,-6899.43,
661,2025-03-28,Receita,Marketing,Deleniti consectetur omnis distinctio.,6158.01,
662,2025-01-02,receita,Logística,Illo sequi quisquam.,2460.11,
663,2024-05-16,receita,marketing,Dolorum quam illo nobis.,6995.53,
664,2025-11-13,Receita,Logística,Pariatur voluptate veritatis.,8142.16,
665,2025-04-11,receita,Receita,A laudantium dicta eaque.,11501.01,
666,2025-04-13,receita,RH,Aliquid odio commodi eum.,2215.64,PED-17266
667,2024-03-30,Despesa,marketing,Alias quia sequi aperiam illo.,-646.24,
668,2024-04-21,Despesa,Receita,Cum cum.,6455.57,
669,2024-12-22,Receita,Marketing,Officia neque nemo blanditiis.,-3108.97,PED-71835
670,2025-10-04,receita,marketing,Consectetur laboriosam adipisci.,-4420.78,PED-14635
671,2024-10-14,Receita,Logística,Quisquam doloremque sequi doloremque.,-3034.74,PED-51934
672,2025-05-21,Receita,Tecnologia,Distinctio ipsum.,-543.84,
673,2024-02-26,Receita,marketing,Vero voluptas.,8086.76,PED-16019
674,2024-04-11,Receita,RH,Expedita modi nihil.,9320.64,PED-50723
675,2024-04-14,Receita,Tecnologia,Deleniti quis veniam quam.,1134.92,
676,2024-04-02,receita,Tecnologia,Odio nemo voluptates est cumque.,7690.14,
677,2025-04-21,receita,Logística,Laudantium exercitationem.,3833.82,
678,2024-06-21,Despesa,Tecnologia,Sunt possimus minus libero.,7209.64,
679,2025-02-28,Receita,RH,Provident in suscipit.,-7521.79,PED-80981
680,2025-04-20,Despesa,Receita,Sint voluptate fugit.,9543.97,
681,2024-12-06,Despesa,RH,Unde eligendi.,8980.12,
682,2026-01-04,Receita,Tecnologia,Quidem alias ad quia odio.,11662.31,PED-65026
683,2024-09-15,Receita,marketing,Ea repellendus nesciunt deserunt.,6233.05,
684,2025-04-12,Receita,Tecnologia,Occaecati aliquid voluptatem ad.,261.14,PED-58823
685,2025-09-28,Despesa,Marketing,Natus laudantium necessitatibus qui.,3615.41,
686,2024-03-02,Despesa,RH,Qui atque sint.,-6503.39,
687,2025-05-25,receita,Receita,Error exercitationem animi.,11284.37,PED-41034
688,2024-06-04,receita,Logística,Pariatur voluptatibus ex.,10520.84,PED-61505
689,2024-08-07,receita,RH,Modi cum veritatis minus ipsa.,-2560.88,
690,2024-05-18,Receita,Tecnologia,Voluptate maxime.,-5820.54,
691,2024-06-08,receita,RH,Quam delectus numquam incidunt.,-1719.33,PED-25825
692,2025-10-24,Receita,RH,Cupiditate dignissimos mollitia.,-1833.85,
693,2025-11-10,Receita,marketing,Assumenda numquam odit asperiores cumque.,8151.94,
694,2026-01-19,Receita,Logística,Soluta nostrum ad.,-5033.52,PED-42534
695,2025-11-25,receita,Tecnologia,Eligendi ipsam aliquam.,-7020.99,PED-49169
696,2025-02-24,Receita,Marketing,Deserunt sed necessitatibus perferendis.,11041.93,
697,2024-11-21,Receita,RH,Optio assumenda quas dolorem.,-5961.85,
698,2024-10-27,Receita,Marketing,Deserunt officia deleniti.,8607.45,
699,2025-06-17,Receita,RH,Provident sit recusandae.,-555.21,
700,2024-11-13,Despesa,Tecnologia,Animi dolores commodi.,-2823.59,
701,2024-10-15,Receita,marketing,Sint maiores tenetur ipsa.,10049.92,
702,2025-09-08,Receita,Logística,Sequi porro fuga.,-5549.45,
703,2024-11-16,Receita,Tecnologia,Ab nam dolorum illo.,663.13,PED-61773
704,2025-02-19,Receita,RH,Quam minima.,5664.26,PED-32650
705,2024-11-05,Receita,marketing,Fugiat magni nihil illo a.,-2500.36,
706,2025-07-02,Receita,Tecnologia,Veritatis sequi.,4383.53,PED-42215
707,2025-12-13,receita,RH,Molestiae explicabo debitis pariatur accusamus.,9655.57,
708,2025-02-18,Receita,Logística,Quas beatae dolorum ad.,-339.69,
709,2024-07-16,Despesa,Tecnologia,Vel iusto corrupti.,-3017.04,
710,2024-12-05,receita,Receita,Nihil recusandae laborum amet natus.,-817.76,PED-81371
711,2024-03-21,receita,Tecnologia,Veniam repellat fugiat similique.,2047.87,PED-60905
712,2024-11-29,Receita,Marketing,Consectetur odio veniam sunt.,-1622.45,
713,2025-05-16,receita,Marketing,Officia rerum ratione consectetur.,8173.08,PED-71824
714,2025-03-21,Despesa,marketing,Labore iste harum.,11479.6,
715,2025-10-15,Despesa,marketing,A maiores sapiente veritatis odit.,-2669.46,
716,2025-07-26,Despesa,RH,Cupiditate inventore nisi sit.,-903.91,
717,2024-08-17,Receita,Tecnologia,Itaque voluptatum tenetur blanditiis.,-1639.91,
718,2024-02-04,Despesa,Receita,In eos commodi molestias molestiae.,-966.36,
719,2024-03-10,Despesa,marketing,Ipsa in eius quibusdam.,8733.94,PED-74517
720,2024-10-19,Receita,RH,Molestias sequi repellendus.,-7240.73,
721,2025-12-24,Despesa,marketing,Dolor quaerat fuga.,-7601.44,
722,2025-12-08,receita,Tecnologia,Sed nihil illo.,-3970.71,PED-27103
723,2025-04-24,Despesa,marketing,Quos dolore.,10375.62,
724,2025-03-28,Receita,marketing,Voluptatem sequi.,3732.18,
725,2025-03-22,Despesa,Logística,Ducimus est reprehenderit.,11211.18,PED-58967
726,2025-03-15,Despesa,Marketing,Deleniti sed ipsam.,-1268.78,
727,2024-12-05,Receita,Receita,Adipisci ut omnis repellat itaque.,10973.87,PED-93789
728,2024-12-06,Despesa,Logística,In illum.,-4515.95,PED-83659
729,2025-01-12,Receita,Receita,Numquam recusandae consectetur quod.,3779.0,PED-32983
730,2025-01-20,receita,Receita,Inventore nemo ad.,5769.97,
731,2025-06-23,Despesa,Marketing,Repellat amet molestias veritatis a.,10975.76,PED-85082
732,2024-09-16,Despesa,Marketing,Adipisci consequuntur accusamus rem.,-4358.36,
733,2025-05-29,Despesa,Tecnologia,Deleniti quasi amet nobis suscipit.,-5917.8,
734,2024-08-31,receita,Receita,Fugiat corporis cupiditate.,-6443.87,PED-55457
735,2024-11-12,Receita,Receita,Quod sequi praesentium.,9706.41,PED-21629
736,2024-06-09,receita,Marketing,Natus ipsam accusamus quidem.,-2695.75,
737,2025-12-07,receita,Logística,Necessitatibus laboriosam natus.,7740.4,
738,2025-06-13,receita,RH,Nulla ipsa blanditiis.,6651.69,PED-31802
739,2024-06-16,receita,RH,Fuga iusto qui nam.,-975.38,
740,2024-04-04,receita,Tecnologia,Iste id.,5019.39,
741,2025-12-23,receita,Marketing,Mollitia molestias alias ut reiciendis.,7983.89,PED-14379
742,2025-07-28,Receita,Logística,Velit sunt sint aliquam.,-2777.45,
743,2025-03-20,receita,marketing,Error sint aspernatur amet.,9758.63,
744,2024-06-16,Despesa,Marketing,Nesciunt incidunt ducimus.,-1240.99,PED-90431
745,2025-02-27,Despesa,Marketing,Repudiandae neque illo exercitationem.,626.47,
746,2024-09-24,Despesa,RH,Laborum facere voluptates illum.,-4857.92,PED-23272
747,2025-12-13,Receita,marketing,Sint voluptate suscipit sequi deserunt.,185.6,PED-82628
748,2024-12-14,Despesa,Logística,Repellat quam perspiciatis veniam.,-2051.99,
749,2024-04-12,receita,Tecnologia,Perferendis neque facilis.,2993.25,
750,2025-10-24,Receita,Logística,Cumque est ut voluptatum.,-7923.69,PED-21485
751,2024-09-05,Despesa,Receita,Itaque blanditiis animi maiores tempore.,4004.31,
752,2025-07-28,Receita,marketing,Labore corrupti.,-4583.36,
753,2025-07-31,receita,Marketing,Sapiente fugiat quasi.,-1832.93,PED-62096
754,2024-02-18,receita,Receita,Ratione quia tempore vero.,-2699.91,PED-94130
755,2024-02-10,Receita,Logística,Soluta ipsa cum.,9709.85,
756,2024-03-28,receita,Marketing,Excepturi aut.,-2734.08,PED-70956
757,2025-04-03,Receita,Logística,Quae laborum.,3284.93,
758,2025-01-31,Receita,Receita,Harum nisi.,-1124.17,PED-80968
759,2025-05-10,Despesa,marketing,Cumque iusto vero.,3072.04,PED-60738
760,2025-10-17,Despesa,Receita,Tempore necessitatibus.,9337.88,
761,2025-12-09,receita,Logística,Mollitia iusto.,-6420.9,
762,2025-01-26,Receita,RH,Alias sint ex.,-4542.42,
763,2024-07-03,Receita,marketing,Expedita tenetur architecto.,-7146.48,PED-20271
764,2025-06-26,Receita,Receita,Totam ipsam sed iure officia.,-5042.43,PED-87994
765,2024-07-12,receita,Receita,Sequi maxime adipisci.,10283.48,
766,2024-11-26,receita,Tecnologia,Iure ea quod minima.,-52.9,PED-52746
767,2025-06-20,Despesa,RH,Excepturi nobis.,10343.24,PED-11620
768,2024-07-08,Receita,RH,Dolore ad debitis dolorem asperiores.,-5007.15,
769,2025-10-08,Receita,Tecnologia,Voluptatum non totam.,7590.89,PED-47498
770,2025-12-14,receita,Logística,Voluptate molestiae.,-339.13,PED-73646
771,2025-06-04,Receita,marketing,Inventore placeat voluptatem.,-2491.72,PED-28855
772,2024-09-15,Receita,RH,Eveniet vero magnam dolorem.,9791.48,
773,2024-12-18,Receita,Receita,Placeat assumenda odio.,1504.36,PED-45203
774,2025-12-29,Receita,Logística,Impedit sint quidem.,8347.72,PED-49722
775,2024-04-29,receita,RH,Voluptatem saepe consectetur molestiae.,9164.7,
776,2025-12-06,Receita,marketing,Eum est minima.,-1990.39,PED-68079
777,2024-12-18,receita,Receita,Deserunt reprehenderit.,335.45,
778,2025-09-16,Receita,RH,Quod similique aliquam nostrum.,-3772.19,PED-63368
779,2025-06-14,Despesa,Logística,Magnam unde debitis.,8420.35,
780,2024-10-09,Receita,Logística,Recusandae at voluptatum hic repudiandae.,6191.39,
781,2025-06-20,Despesa,Tecnologia,Reiciendis ut reprehenderit.,-7421.04,
782,2025-03-06,Receita,marketing,Dicta quasi.,-7338.58,PED-16626
783,2025-01-05,Despesa,marketing,Inventore suscipit ex.,-2520.45,PED-70846
784,2025-04-05,Despesa,Marketing,Voluptatem sunt ut odio.,5623.49,PED-41711
785,2024-06-07,receita,Tecnologia,Vero esse unde ea.,922.07,PED-72204
786,2025-10-03,receita,marketing,Tempore ea dolor consequatur illum.,8753.08,
787,2024-07-17,receita,Marketing,Alias enim illo aliquam.,-268.69,
788,2024-12-30,Receita,Receita,Dignissimos iure consequuntur.,-3497.76,PED-37096
789,2024-03-15,Despesa,RH,Aliquam pariatur.,2265.62,
790,2025-12-28,receita,marketing,Culpa ad dolores dolore.,4947.43,
791,2024-05-28,Receita,Logística,Perferendis esse non.,4166.88,PED-50037
792,2024-02-12,receita,RH,Illum provident omnis cumque.,9031.72,PED-70161
793,2024-02-16,Receita,RH,Cupiditate similique.,-1957.1,PED-78241
794,2025-12-05,Despesa,Marketing,Totam nobis praesentium maiores.,-7853.05,PED-96816
795,2024-07-03,Despesa,Receita,Quia magni.,3875.45,PED-47051
796,2024-04-28,Despesa,Marketing,Dignissimos in dignissimos.,1634.77,PED-54077
797,2025-05-21,Despesa,Logística,Odit amet dicta eos.,9229.83,PED-44229
798,2025-09-29,Receita,marketing,In mollitia omnis eius.,2345.87,
799,2024-04-06,Despesa,RH,Vitae esse modi.,5210.61,
800,2025-05-05,Despesa,Marketing,Incidunt quidem voluptate.,5108.01,PED-48745
801,2024-11-09,receita,RH,A modi beatae.,-234.5,
802,2024-11-18,receita,Receita,Quas atque quod sit quod.,6267.39,PED-99957
803,2024-11-18,Despesa,Logística,Ex nemo sint tenetur.,2146.3,
804,2025-12-13,receita,Marketing,Voluptatibus eligendi quasi.,1415.62,
805,2025-11-03,Despesa,Logística,Quam modi eum soluta itaque.,5088.69,PED-39131
806,2025-01-25,Receita,Receita,Quisquam dignissimos deleniti excepturi.,9428.64,PED-65112
807,2024-08-31,receita,Logística,Reprehenderit id voluptatem tenetur incidunt.,3711.41,
808,2024-07-04,receita,Marketing,Culpa illo quaerat molestias.,9327.87,
809,2024-02-04,receita,marketing,Repudiandae sed perspiciatis ullam.,2009.55,PED-99220
810,2026-01-07,Despesa,Logística,Quis rem.,262.15,
811,2025-11-26,Receita,Logística,Officia consequatur sit hic optio.,183.84,PED-84632
812,2025-03-25,Receita,Logística,Fugiat ducimus.,9247.88,
813,2025-04-22,receita,Logística,Similique corporis ipsum consectetur.,4620.66,PED-33176
814,2025-08-09,Despesa,Marketing,Expedita facere.,-7905.73,
815,2024-08-09,Receita,Tecnologia,Quos voluptas.,7289.67,
816,2024-11-16,Receita,Tecnologia,Esse quos adipisci.,674.23,PED-66283
817,2024-05-01,receita,RH,Consectetur porro.,-333.67,
818,2025-04-08,Despesa,Logística,Delectus placeat hic quam quo.,11001.37,
819,2025-02-14,Receita,Receita,Optio explicabo expedita atque alias.,-7917.52,
820,2025-09-19,Despesa,Logística,Voluptas amet inventore.,-1758.15,PED-23462
821,2025-12-02,Despesa,Tecnologia,Doloremque voluptatum voluptatum suscipit fugit.,-1877.7,
822,2024-05-28,receita,Logística,Maiores cum ipsa.,1118.53,PED-78195
823,2025-12-30,receita,Receita,Culpa fuga aliquid tempore.,11909.45,PED-54922
824,2024-12-22,receita,marketing,Voluptatum nisi neque aliquid.,-4702.33,
825,2024-05-15,Receita,marketing,Ad mollitia voluptate quaerat nam.,6543.38,
826,2025-02-24,Despesa,Marketing,Earum dicta.,3793.86,
827,2024-09-23,receita,Receita,Velit nesciunt libero.,5010.81,PED-14897
828,2025-01-11,Despesa,Logística,Corporis a dicta velit a.,7424.99,
829,2024-10-05,Despesa,Marketing,Repellendus eius voluptas.,5239.4,
830,2025-09-29,Receita,Receita,Nisi quis nulla.,-5684.2,PED-68237
831,2024-02-12,Receita,Tecnologia,Veritatis fugit quia.,-2945.23,
832,2025-03-19,Despesa,Receita,Quaerat autem vel possimus.,4606.23,PED-49467
833,2024-05-18,Despesa,Marketing,Debitis dolor ullam.,5249.66,
834,2026-01-20,receita,Marketing,Explicabo odio.,2231.7,
835,2025-10-20,receita,Marketing,Dolorum et possimus.,7695.2,
836,2024-09-07,Despesa,marketing,Quis odio illum.,7559.18,
837,2025-10-06,receita,Receita,Maxime reiciendis vel ex.,195.12,
838,2024-08-12,Despesa,RH,Vero omnis facilis beatae.,10207.13,PED-73001
839,2025-09-27,Receita,Marketing,Ipsum sapiente.,-7745.01,
840,2025-10-20,Despesa,Receita,Corporis autem nemo.,1882.08,
841,2025-07-08,Despesa,Receita,Velit voluptas quae.,-5974.19,
842,2025-05-23,receita,Logística,Error error.,-2717.5,
843,2024-02-25,Receita,Marketing,Veritatis quibusdam molestias quas.,9044.97,PED-57214
844,2025-01-10,receita,Receita,Vel ea non.,-5681.98,
845,2025-12-01,Receita,Receita,Nam molestias porro ipsa sit.,4943.97,PED-53078
846,2025-09-11,receita,Tecnologia,Aut consequatur nihil quod sed.,-2633.81,PED-22183
847,2024-08-21,receita,marketing,Repellendus modi tenetur.,-5723.36,PED-62461
848,2025-07-12,receita,RH,Officiis porro quo suscipit.,5798.05,PED-72684
849,2025-09-29,Despesa,marketing,At recusandae.,-5738.87,
850,2024-05-21,Receita,RH,Quod voluptates labore.,10224.54,PED-73265
851,2025-06-20,Receita,Tecnologia,Voluptas a veritatis culpa officiis.,-404.98,
852,2026-01-10,Despesa,Receita,Non dolor.,11468.89,PED-27125
853,2024-04-02,receita,Marketing,Repudiandae dolores ipsa nihil.,9751.88,
854,2024-11-04,Receita,Logística,Modi a tempore.,5099.47,
855,2025-11-28,Despesa,Logística,Officiis reprehenderit.,2381.99,
856,2025-02-13,receita,Receita,Repudiandae temporibus magnam.,6533.04,PED-73167
857,2025-04-07,Despesa,Receita,Neque nobis repellat.,4828.09,
858,2024-02-05,Receita,Receita,Ad cupiditate.,10687.43,PED-76265
859,2024-12-05,receita,marketing,Dolore nemo.,-6502.7,PED-74441
860,2025-04-09,Receita,Logística,Quis occaecati eveniet minus.,11402.9,
861,2024-07-25,Despesa,Receita,Optio dicta fugit.,-427.25,
862,2025-03-03,receita,RH,Amet commodi.,8025.23,
863,2024-03-13,receita,RH,Optio aliquid inventore possimus amet.,-1678.77,
864,2025-05-13,Receita,RH,Perferendis optio distinctio.,246.77,
865,2024-11-23,Receita,Tecnologia,Nostrum vero laborum.,11263.42,PED-93563
866,2025-04-20,Despesa,Tecnologia,Occaecati aliquid saepe itaque nihil.,-3862.98,PED-98011
867,2024-09-28,receita,Logística,Quibusdam eius facere ipsam.,8506.22,PED-39218
868,2025-06-11,receita,Tecnologia,Excepturi tempore.,7348.33,PED-88636
869,2024-07-17,Despesa,Receita,Corrupti minima impedit.,-734.11,
870,2024-10-16,Receita,Receita,Culpa corrupti quibusdam velit.,-3565.06,PED-54742
871,2025-03-25,Despesa,Logística,Ducimus minima eligendi nostrum.,2953.81,
872,2025-06-21,Receita,marketing,Debitis vitae numquam fugiat.,1848.44,
873,2024-12-04,receita,Tecnologia,Quasi minima provident.,-4081.57,PED-25826
874,2025-03-14,Receita,RH,Id odit molestias impedit fugiat.,8491.08,PED-34979
875,2025-06-30,Receita,RH,Suscipit quod aut.,-7069.99,
876,2024-04-21,receita,RH,Soluta blanditiis corrupti.,5169.13,
877,2025-05-09,receita,Marketing,Quasi corrupti distinctio iure aliquam.,2607.29,PED-16366
878,2024-03-27,Despesa,RH,Aperiam sint illo maiores.,10487.42,
879,2024-06-13,Despesa,marketing,Cupiditate autem necessitatibus.,-5928.92,PED-96182
880,2025-02-21,Despesa,RH,Non et laboriosam sequi.,373.29,
881,2024-08-11,receita,RH,Pariatur consectetur.,11271.87,PED-48557
882,2025-04-06,Receita,marketing,Laboriosam culpa beatae.,254.91,PED-77147
883,2025-05-16,Despesa,Tecnologia,Similique nulla veritatis.,9214.15,
884,2025-12-12,Receita,marketing,Distinctio porro velit quasi.,4483.35,PED-48086
885,2025-06-25,Despesa,marketing,Provident inventore deleniti.,11626.71,
886,2025-11-14,Despesa,Tecnologia,Laboriosam sunt aperiam unde est.,5886.24,
887,2026-01-19,receita,Tecnologia,Velit consequuntur sint.,1607.4,PED-84794
888,2025-02-22,Despesa,Receita,Officiis reiciendis dicta.,9877.32,PED-79979
889,2024-04-23,receita,Marketing,Quibusdam error ipsum suscipit.,2454.6,PED-13312
890,2025-02-16,Receita,Marketing,Recusandae quas aliquam.,5405.08,PED-36201
891,2025-03-17,Receita,Logística,Accusantium incidunt perspiciatis.,5667.81,
892,2025-07-07,Despesa,Logística,Porro maiores totam id.,-3919.98,
893,2024-03-14,receita,RH,Culpa maxime.,-5950.4,
894,2024-06-27,Despesa,Receita,Molestias neque qui voluptate possimus.,3225.41,PED-41142
895,2024-08-04,Despesa,Receita,Cum dignissimos voluptatem.,-7060.4,PED-60014
896,2025-03-02,receita,Receita,Illo iure sed itaque iure.,-1746.92,
897,2025-12-06,Receita,Receita,Fugit cum.,-2973.18,PED-91338
898,2025-09-16,Receita,Receita,Consequatur porro.,6092.58,PED-94886
899,2025-12-01,Despesa,Tecnologia,Est in.,6769.0,
900,2025-09-04,receita,RH,Laudantium officia occaecati vel.,-4451.48,
901,2025-11-02,Receita,marketing,Ad adipisci quos quis.,6701.59,PED-25643
902,2025-07-22,Receita,RH,Tempore nulla.,-2417.76,
903,2026-01-23,Receita,Tecnologia,Aliquam sequi vero veritatis ullam.,8920.28,PED-10739
904,2025-11-04,receita,Receita,Totam ad praesentium.,10749.89,
905,2025-05-25,receita,Tecnologia,Sequi tenetur sit ullam.,-6982.89,PED-91968
906,2025-01-06,receita,Tecnologia,Aliquam illo rem id.,3003.2,PED-19552
907,2026-01-11,Despesa,marketing,Quis sed odio.,11139.75,
908,2024-05-08,Despesa,marketing,Laboriosam voluptatem et.,318.62,PED-80390
909,2025-03-28,Receita,Logística,Itaque sapiente inventore laudantium delectus.,-3576.04,PED-37964
910,2024-08-19,receita,Logística,Amet consequatur culpa.,-2128.51,PED-91039
911,2024-05-10,Despesa,Receita,Facilis earum voluptatum facilis praesentium.,-7823.93,PED-97679
912,2025-09-18,receita,marketing,Eligendi deleniti odit.,10089.93,
913,2024-10-16,Receita,Receita,A alias eum corrupti nobis.,9713.2,
914,2026-01-25,receita,Logística,Modi debitis.,2804.75,
915,2025-11-14,Despesa,Logística,Accusantium amet itaque.,2286.18,PED-76680
916,2025-05-13,receita,Marketing,Molestias in.,-2071.32,
917,2026-01-14,receita,Tecnologia,Error ut mollitia quod.,-6353.09,
918,2024-10-03,Despesa,Tecnologia,Excepturi natus quaerat dolores doloremque.,-7853.39,
919,2025-08-03,Despesa,Receita,Libero ratione blanditiis eos.,7471.65,PED-99837
920,2025-12-11,Receita,marketing,Est eveniet illum dolorum.,2755.08,
921,2025-05-23,Despesa,Receita,Libero corrupti reiciendis iure ullam.,-4924.91,PED-70191
922,2024-04-27,Receita,Marketing,Harum ex alias inventore.,-6535.04,PED-33329
923,2024-04-12,Despesa,Marketing,Neque dicta aliquid nihil.,3499.25,PED-39837
924,2026-01-24,receita,RH,Quam mollitia odio.,1022.51,PED-63011
925,2025-07-23,receita,Marketing,Quia cupiditate.,-209.96,
926,2025-05-08,Despesa,Receita,Ab quae dolorem.,4366.99,
927,2025-06-18,Despesa,Marketing,Repellendus quidem.,-846.0,
928,2024-05-12,receita,Receita,Magni perferendis magni voluptates.,-1972.99,PED-21338
929,2024-10-27,receita,RH,Expedita eius illum.,-97.73,
930,2025-02-13,receita,marketing,Molestiae libero eum.,2669.36,PED-27875
931,2024-07-08,Despesa,Logística,A aliquam voluptatum eveniet.,11202.69,PED-28884
932,2024-04-12,Despesa,Receita,Minima minima magni veniam repellat.,4958.81,
933,2024-11-25,Receita,Marketing,Sapiente aliquam.,-7899.4,PED-88204
934,2025-03-27,Despesa,Tecnologia,Tempore illo dolor iure.,10939.59,
935,2025-01-14,Despesa,Receita,Optio facere blanditiis.,10070.93,
936,2025-07-27,receita,Receita,Culpa officia id suscipit quo.,9029.18,
937,2024-07-21,Receita,marketing,Id eligendi sint assumenda.,4337.7,
938,2024-12-18,Receita,marketing,Reiciendis atque magnam ullam libero.,5419.56,
939,2024-12-27,Despesa,RH,Quae quos velit.,4893.49,PED-19587
940,2024-06-21,Despesa,Marketing,Inventore non tempore.,-2986.25,PED-35875
941,2024-08-16,receita,Logística,Hic optio harum molestiae.,-5435.7,
942,2025-12-08,Receita,Logística,Quisquam blanditiis laborum.,4390.32,PED-35362
943,2025-05-14,receita,RH,Voluptate vel.,-1433.08,PED-96431
944,2024-05-28,Despesa,Tecnologia,Culpa eum minima.,-4952.1,PED-84299
945,2024-02-06,receita,RH,Accusantium animi rem commodi.,-4627.21,
946,2024-10-01,Receita,Receita,Eius qui consequuntur.,6796.32,PED-67163
947,2025-02-04,receita,marketing,Perspiciatis odit.,5591.6,PED-53458
948,2025-05-24,receita,RH,Placeat reprehenderit vel.,-825.17,PED-50038
949,2024-11-16,Despesa,Marketing,Pariatur tenetur ratione ex.,-4484.6,
950,2026-01-22,receita,marketing,Asperiores officiis ratione.,9825.94,PED-35746
951,2025-09-07,Despesa,Receita,Consequatur cupiditate laboriosam fugit.,-6470.75,
952,2025-05-01,Despesa,Receita,Earum odio.,-7376.12,PED-86269
953,2025-09-21,Despesa,marketing,Qui laudantium cupiditate laboriosam.,10126.07,PED-82298
954,2025-12-22,Despesa,Tecnologia,Tempore voluptatem perferendis.,1442.08,PED-29481
955,2024-02-27,receita,marketing,Facilis accusantium ipsam.,9828.75,PED-87280
956,2025-08-23,Receita,RH,Reprehenderit minus.,2022.46,PED-21869
957,2025-11-19,receita,Tecnologia,Molestiae nulla.,-7788.17,
958,2026-01-17,Despesa,marketing,Possimus enim.,924.41,
959,2024-10-18,Despesa,Receita,Illo magnam architecto incidunt.,1670.07,
960,2025-10-13,Receita,RH,Sint enim.,-3365.0,PED-44649
961,2024-10-03,Receita,Marketing,Deserunt magni minus eaque corrupti.,5371.71,PED-77880
962,2026-01-24,receita,RH,Officiis quam incidunt culpa perspiciatis.,10358.04,
963,2026-01-03,Despesa,Logística,Atque sequi cupiditate.,-5935.5,PED-78337
964,2024-12-04,Despesa,Logística,Vitae cum.,3572.63,
965,2024-08-22,receita,Receita,Blanditiis asperiores corrupti iusto laboriosam.,-429.63,
966,2024-03-10,Despesa,Logística,Delectus voluptates modi natus.,-473.42,PED-39215
967,2025-08-03,receita,Logística,Quibusdam soluta maiores.,1737.23,
968,2025-11-30,Despesa,marketing,Dolore hic est quam illo.,797.97,
969,2024-03-04,Despesa,Receita,Necessitatibus ea alias illum.,-2383.81,
970,2024-12-14,Receita,Logística,Vel est laudantium doloribus iste.,4040.41,
971,2024-02-05,receita,Logística,Ipsa autem libero.,6405.11,PED-73113
972,2025-11-14,receita,marketing,Ex molestiae cumque quibusdam.,3815.82,PED-94837
973,2024-05-24,Receita,marketing,Dignissimos perferendis sed deserunt.,-7137.11,
974,2025-03-18,Receita,Receita,Illo animi nemo.,2252.86,
975,2024-12-31,Receita,marketing,Dignissimos ipsam tempora.,-2834.81,PED-33597
976,2025-06-18,Despesa,Tecnologia,Explicabo dolores nostrum.,4752.45,PED-96736
977,2024-09-15,Receita,marketing,Deleniti debitis consequatur.,984.07,PED-71789
978,2024-04-17,Receita,marketing,Aspernatur est laboriosam incidunt.,8607.27,
979,2024-10-09,Despesa,marketing,Vitae magnam ex.,4464.23,PED-76952
980,2024-04-12,Receita,Receita,Necessitatibus animi cupiditate autem voluptate.,5711.82,
981,2025-03-17,Receita,RH,Exercitationem odio dolorum eligendi commodi.,-290.76,
982,2024-11-26,Receita,Tecnologia,Nobis illum asperiores officia.,9191.83,PED-76107
983,2024-07-17,Receita,Tecnologia,Repellendus fugit architecto.,-6074.03,
984,2024-06-05,Despesa,Tecnologia,In consectetur odit blanditiis.,7047.66,PED-22214
985,2024-06-18,Despesa,marketing,Rerum quam aliquam aspernatur.,10039.7,
986,2024-03-20,Despesa,Receita,Eum porro mollitia dicta.,629.94,PED-65139
987,2025-02-07,Receita,Receita,Eveniet quos quaerat.,2596.33,PED-40079
988,2025-01-30,receita,Logística,Vitae laboriosam officia.,3780.96,
989,2025-01-16,receita,marketing,Repellat eius.,-2909.64,
990,2024-03-18,receita,Tecnologia,Tenetur tempora.,9535.33,PED-63562
991,2025-03-21,Receita,Marketing,Expedita illum repellat.,6182.98,
992,2025-04-10,Despesa,Marketing,Cupiditate ut.,-499.4,PED-36924
993,2025-03-24,receita,Logística,Optio eligendi.,-5868.34,PED-65846
994,2025-01-18,receita,Tecnologia,Consectetur natus.,471.23,PED-57925
995,2024-03-16,Despesa,RH,Esse fuga officiis.,7099.44,PED-64162
996,2024-08-01,Receita,Logística,Tenetur maxime provident neque officiis.,3181.88,PED-73407
997,2025-04-15,receita,Tecnologia,Maiores adipisci nihil distinctio.,-1112.87,
998,2024-09-10,Despesa,Marketing,Voluptas alias repudiandae tempora.,6956.28,
999,2025-07-23,Receita,marketing,In dignissimos.,2166.87,
1000,2025-01-10,Receita,RH,Sapiente assumenda ipsam molestiae.,11291.41,
1001,2024-04-14,Receita,RH,Quis corrupti eum perspiciatis.,10517.24,
1002,2025-03-21,Receita,Logística,Laborum veritatis culpa eaque.,-3564.6,
1003,2024-05-09,Despesa,RH,Sed delectus.,10613.7,PED-62513
1004,2025-06-06,Despesa,Tecnologia,Autem expedita.,-6850.74,PED-32973
1005,2025-09-03,receita,Marketing,Voluptatum quas officia sunt vero.,-3965.86,PED-96099
1006,2024-02-07,Receita,Marketing,Porro maiores.,7679.19,
1007,2025-10-20,Despesa,marketing,Repellat architecto magnam veniam.,5480.49,
1008,2025-09-24,Despesa,Marketing,Ut distinctio modi.,11512.92,PED-21382
1009,2024-04-13,receita,Logística,Porro delectus.,5393.24,
1010,2024-09-28,Despesa,Marketing,Nemo beatae vitae deleniti at.,6738.51,
1011,2024-02-26,Despesa,Logística,Vero occaecati velit nam corrupti.,6522.77,PED-83284
1012,2025-01-05,receita,Logística,Deserunt perspiciatis nihil.,-3474.09,PED-35496
1013,2025-11-09,receita,Tecnologia,Cumque magni officia eum.,-7906.97,PED-32942
1014,2024-08-25,Despesa,Marketing,Enim officiis molestias eum.,3172.61,PED-75951
1015,2024-10-25,receita,Marketing,Exercitationem ducimus.,8058.84,PED-43776
1016,2025-04-14,Despesa,RH,Eveniet aut.,11321.11,PED-83815
1017,2025-11-16,Receita,Logística,Alias debitis.,11224.77,PED-70142
1018,2024-04-05,Despesa,Marketing,Facere vitae amet.,1639.4,
1019,2024-05-16,receita,Receita,Sunt eum.,7773.12,
1020,2024-03-25,receita,RH,Fuga praesentium nam ab.,11108.91,
1021,2024-08-06,Despesa,Logística,Ipsa asperiores vel voluptates.,-3034.85,PED-22190
1022,2024-07-17,Despesa,Receita,Officia culpa illo autem.,8421.49,
1023,2024-06-05,receita,Logística,Cupiditate dolor in.,-929.24,PED-85197
1024,2025-02-03,Receita,Receita,Necessitatibus nisi praesentium ad.,5662.15,PED-34925
1025,2024-10-15,Despesa,marketing,Iure nisi aperiam voluptates.,-3302.77,PED-41726
1026,2025-07-14,Receita,marketing,Excepturi repudiandae.,-3944.67,PED-42728
1027,2024-06-14,Receita,Marketing,Ullam alias quae natus qui.,-5602.43,PED-20287
1028,2024-08-07,Despesa,Marketing,Ratione impedit consequatur.,7284.88,
1029,2025-12-19,receita,Logística,Odio possimus.,4413.35,PED-74532
1030,2025-07-01,receita,marketing,Aperiam dolore dolorem laboriosam fugit.,11687.89,PED-76995
1031,2025-11-20,receita,marketing,Debitis ipsam ullam delectus ab.,7003.39,
1032,2024-11-08,Despesa,RH,Earum commodi.,1566.4,
1033,2024-10-21,Despesa,Logística,Facere maxime ratione nulla.,-125.66,
1034,2024-03-08,receita,Marketing,Ratione alias.,5964.89,PED-70302
1035,2024-11-16,Despesa,Marketing,Nisi ullam consequuntur quasi.,-7763.6,PED-37623
1036,2025-02-15,Despesa,Marketing,Corporis aperiam occaecati.,-1491.28,PED-90318
1037,2024-10-18,Receita,Tecnologia,Totam odio hic.,-2743.02,PED-45311
1038,2024-10-13,Despesa,Logística,Eaque saepe maiores corrupti.,-681.52,PED-75374
1039,2024-04-06,Receita,RH,Optio quae commodi debitis velit.,6014.25,PED-58799
1040,2025-06-08,receita,Logística,Quia excepturi sit consectetur recusandae.,1014.58,
1041,2025-09-22,Despesa,Receita,Dolor odit id.,-3428.67,PED-23090
1042,2024-05-07,Receita,Tecnologia,Praesentium ipsum vel.,644.38,
1043,2024-05-20,Receita,Receita,Officiis sequi nam consequuntur.,-5009.04,
1044,2025-05-17,receita,RH,Quisquam ullam consequuntur quo dolorem.,-5310.57,PED-92660
1045,2024-12-01,receita,Logística,Deleniti consectetur provident expedita veritatis.,-2980.52,
1046,2024-02-15,receita,Marketing,Quaerat itaque itaque consequuntur.,5810.86,
1047,2025-03-04,receita,RH,Nemo illum quod.,8779.43,PED-22622
1048,2025-10-19,Despesa,Logística,Doloremque minus doloremque laboriosam.,-2804.62,PED-57226
1049,2024-07-22,receita,Marketing,Tempora error eum optio voluptatibus.,235.22,
1050,2025-08-09,Despesa,Tecnologia,Culpa suscipit harum vero exercitationem.,4997.31,
1051,2024-11-13,receita,Logística,Ut reiciendis.,-1498.19,PED-76904
1052,2025-03-22,Despesa,RH,Itaque possimus at.,9792.65,PED-59947
1053,2024-08-05,receita,Receita,Unde blanditiis doloribus cumque.,11131.89,PED-31964
1054,2024-06-27,receita,Receita,In nihil minus.,4246.2,
1055,2025-08-31,Receita,marketing,Vel consequatur atque nostrum consequatur.,-1127.49,PED-51088
1056,2024-08-26,Despesa,Logística,Sunt eius maxime placeat.,6208.67,PED-89349
1057,2024-02-04,receita,RH,Officiis facilis sint veritatis.,7619.48,PED-57600
1058,2024-10-12,receita,marketing,In earum eaque.,-4322.28,
1059,2024-03-28,Despesa,marketing,Error quisquam odio.,5240.45,
1060,2025-10-25,Receita,RH,Eaque non dolore quibusdam maiores.,-5939.81,PED-18361
1061,2026-02-01,Despesa,Marketing,Deleniti voluptatum eum.,-7472.7,
1062,2025-10-31,Receita,Logística,Nam magni.,4362.04,PED-21050
1063,2024-05-27,receita,marketing,Totam delectus magni officia.,-3052.07,PED-47247
1064,2025-10-22,Despesa,marketing,Perspiciatis vitae eos.,-5374.46,
1065,2025-09-30,Receita,Receita,Itaque odio.,-863.18,PED-52624
1066,2024-08-14,receita,Tecnologia,Numquam vitae.,10697.15,PED-81898
1067,2026-01-26,Receita,Receita,Perspiciatis nostrum consectetur fugiat repellendus.,2785.75,PED-87441
1068,2025-06-26,Despesa,Receita,Magnam reiciendis explicabo magnam.,4717.02,PED-83922
1069,2025-04-10,Despesa,Receita,Porro vel veniam eligendi.,4790.56,PED-50587
1070,2026-01-27,receita,Tecnologia,Architecto optio at officia architecto.,-3457.43,PED-21738
1071,2024-07-06,receita,Logística,Fuga cum.,244.08,PED-30410
1072,2024-11-02,Receita,Marketing,Eius esse repellendus perspiciatis molestiae.,2466.32,PED-27865
1073,2025-09-29,receita,RH,Quas similique.,2701.98,PED-74478
1074,2024-05-18,receita,Marketing,Eum laboriosam temporibus assumenda.,7317.38,
1075,2024-06-01,Receita,Tecnologia,Sunt ipsum.,-527.12,PED-63967
1076,2024-09-19,receita,marketing,Aliquid amet id iste.,-4734.61,PED-94671
1077,2025-05-06,receita,marketing,Assumenda inventore tempore placeat.,-2740.39,
1078,2024-12-18,Despesa,Tecnologia,Non perspiciatis delectus.,8151.5,PED-99737
1079,2025-06-03,receita,Receita,Vitae iusto vero aliquam.,6858.54,PED-45235
1080,2025-07-24,Receita,Marketing,Voluptatem aperiam quod temporibus.,-4351.86,
1081,2024-02-12,Despesa,RH,Nesciunt minus cum repellendus animi.,4354.59,PED-45669
1082,2025-05-24,Receita,Logística,Voluptas voluptates hic.,-7612.09,
1083,2025-07-09,Receita,Marketing,Quas error commodi deleniti.,-2357.71,PED-26389
1084,2024-08-19,Despesa,Marketing,Occaecati quaerat.,-3343.79,
1085,2025-09-29,receita,marketing,Voluptatibus nam libero quia.,-1161.74,PED-50838
1086,2024-05-05,receita,RH,Ducimus commodi laboriosam soluta.,5938.7,PED-14159
1087,2024-09-24,Receita,marketing,Quas eius excepturi.,-6879.23,
1088,2024-09-17,Despesa,RH,Aspernatur praesentium accusamus.,-4367.93,PED-42778
1089,2024-04-29,Receita,Marketing,Aliquid consequuntur.,11491.97,PED-42631
1090,2024-06-13,receita,marketing,Beatae excepturi.,6752.38,
1091,2025-11-29,receita,Receita,Consectetur laborum.,7419.92,
1092,2025-12-27,receita,RH,Nemo ducimus quis eos.,5628.85,PED-50908
1093,2025-06-25,Receita,Receita,Doloribus adipisci blanditiis repellendus.,6564.74,
1094,2025-02-25,receita,RH,Natus non at.,4770.4,PED-36047
1095,2024-09-27,Receita,Receita,Odio quidem occaecati.,-3644.24,
1096,2024-10-24,Despesa,RH,Voluptate necessitatibus asperiores.,-1509.73,PED-31936
1097,2024-08-11,Despesa,Marketing,In omnis magni quam quas.,-83.83,
1098,2025-03-10,Receita,Tecnologia,Aut ipsum doloribus.,7669.5,
1099,2025-05-04,receita,Marketing,Ad natus fuga odit fugit.,-3025.55,
1100,2024-02-22,Despesa,Tecnologia,Minima rerum soluta.,-1231.56,
1101,2025-11-17,Receita,Logística,Necessitatibus asperiores ea possimus.,4891.5,
1102,2025-03-24,Receita,RH,Nostrum ratione.,-3346.51,PED-83184
1103,2024-05-09,receita,Receita,Nobis sit recusandae quod consectetur.,-4140.69,PED-59514
1104,2025-12-16,Despesa,marketing,Porro quaerat.,-2986.08,PED-15175
1105,2025-04-27,Despesa,RH,Modi deleniti quasi magni.,3180.5,PED-81137
1106,2024-03-27,Receita,Tecnologia,Qui dicta quod.,-4267.47,PED-55569
1107,2025-06-24,Despesa,RH,Totam nesciunt suscipit.,-2493.51,
1108,2025-08-18,Receita,Tecnologia,Suscipit possimus reiciendis.,-4899.49,PED-48754
1109,2025-08-20,Despesa,Logística,Debitis excepturi culpa.,1081.58,PED-93627
1110,2024-09-25,Despesa,marketing,Qui doloremque optio.,9658.65,PED-91229
1111,2025-09-29,Despesa,marketing,Ab necessitatibus iste omnis.,-1586.12,PED-18302
1112,2025-10-30,Receita,Tecnologia,Explicabo minus.,5664.48,
1113,2024-11-05,Despesa,Logística,Qui labore repudiandae.,-1548.0,PED-94004
1114,2024-04-16,Receita,Marketing,Soluta assumenda molestiae molestias.,2464.01,
1115,2025-04-28,Receita,marketing,Quaerat expedita provident.,9469.86,
1116,2024-11-14,receita,marketing,Vero autem.,-6024.93,PED-84843
1117,2025-08-03,Despesa,RH,Assumenda velit recusandae enim.,2516.43,PED-87371
1118,2024-06-22,Receita,Logística,Ipsa velit dicta vero quam.,-3585.54,
1119,2024-12-01,Receita,Receita,Perspiciatis quis.,1828.11,PED-20480
1120,2025-03-28,Despesa,Marketing,Maxime id voluptates.,-781.48,PED-64519
1121,2025-01-10,Despesa,Marketing,Voluptatem architecto impedit quae.,8472.86,
1122,2024-11-20,Despesa,Marketing,Animi doloremque mollitia deserunt quia.,8689.13,
1123,2025-09-22,Despesa,Marketing,Dolore hic laudantium.,-5975.5,PED-40279
1124,2024-10-21,Receita,marketing,Quos quidem nemo.,2523.84,
1125,2025-12-17,Despesa,Receita,Sit velit quae distinctio.,3162.83,PED-23829
1126,2024-10-05,Despesa,RH,Vero culpa earum.,6051.01,
1127,2024-12-18,Receita,marketing,Deleniti fugiat.,2999.31,PED-76151
1128,2026-01-24,Despesa,marketing,Voluptates quidem explicabo pariatur.,2678.01,PED-88632
1129,2025-03-04,receita,Logística,Repudiandae sapiente soluta sit.,3001.63,PED-52553
1130,2025-06-15,receita,Receita,Eveniet cum.,611.76,
1131,2024-02-23,Despesa,Tecnologia,Numquam harum.,-3721.44,PED-82120
1132,2024-10-13,receita,RH,Mollitia doloribus.,950.0,
1133,2024-11-13,Despesa,Marketing,Quaerat similique tempora.,11659.13,
1134,2025-03-04,Despesa,marketing,Quaerat aliquid omnis dignissimos.,11868.24,
1135,2024-06-16,receita,marketing,Quas perspiciatis.,-3703.54,
1136,2024-08-28,Despesa,Logística,Enim fuga.,10382.24,
1137,2025-07-09,Receita,Marketing,Cum modi assumenda ipsa magni.,1207.4,
1138,2025-06-22,receita,Logística,Beatae harum incidunt possimus soluta.,9792.51,
1139,2024-11-25,receita,Logística,Optio temporibus doloribus sunt.,-6161.9,
1140,2025-08-27,Despesa,Marketing,Mollitia perferendis veniam itaque.,6471.61,
1141,2025-09-17,receita,Receita,Officiis aliquid odio asperiores.,6056.96,PED-22499
1142,2024-02-17,Receita,Receita,Molestiae incidunt officiis aspernatur.,8166.82,
1143,2024-08-12,Receita,Logística,Magnam ex.,-1041.4,PED-66925
1144,2024-10-13,Receita,marketing,Rerum aperiam possimus cumque voluptates.,6953.57,
1145,2025-02-07,Despesa,Receita,Sequi nobis occaecati rem.,-350.26,
1146,2025-09-16,receita,Tecnologia,Sequi quidem similique tempore.,3298.26,
1147,2024-04-23,Receita,Marketing,Amet a perspiciatis.,5472.7,PED-61495
1148,2026-01-07,Despesa,Tecnologia,Rerum veniam ipsam odio aut.,2094.59,PED-39109
1149,2024-06-30,receita,RH,Ex aspernatur eum occaecati.,-5039.75,
1150,2024-04-23,receita,Tecnologia,A voluptate possimus voluptas.,6906.3,PED-81847
1151,2025-12-21,receita,Marketing,Odit suscipit accusantium.,-29.46,
1152,2024-05-01,Receita,RH,Provident asperiores facilis maiores.,3185.92,PED-73944
1153,2025-09-29,Despesa,Tecnologia,Exercitationem libero sunt quod.,-4078.01,
1154,2025-02-06,Receita,Marketing,Totam odit voluptas repellat.,-2674.86,PED-66369
1155,2025-04-29,Despesa,Tecnologia,Quas voluptatibus dolorem.,-6208.11,PED-98047
1156,2025-07-23,receita,Logística,Ullam hic.,-1033.84,PED-52039
1157,2025-10-10,Despesa,Receita,Dolores doloribus quidem.,-7515.86,
1158,2025-02-18,receita,Tecnologia,Maxime quasi adipisci possimus.,8431.68,
1159,2025-06-20,receita,Marketing,Autem pariatur nobis maiores nostrum.,10484.26,
1160,2024-06-30,Despesa,Logística,Ipsam saepe at sapiente saepe.,-4880.18,
1161,2024-02-13,Despesa,Marketing,Nulla voluptate repudiandae nemo autem.,-3139.03,
1162,2024-10-16,receita,Marketing,Dicta quae voluptas facilis.,-1134.57,PED-24585
1163,2024-06-07,receita,RH,Aut eum nobis.,-7545.04,
1164,2025-10-28,Receita,Tecnologia,Tempora dicta laboriosam consequuntur.,2465.32,PED-43902
1165,2025-10-07,Despesa,Receita,Id enim tempora laboriosam.,11846.04,
1166,2024-12-28,receita,Tecnologia,Temporibus eveniet sit.,10120.81,
1167,2025-02-24,receita,marketing,Deserunt tempora.,-6797.8,PED-36305
1168,2024-07-01,Receita,RH,Cupiditate doloremque laborum esse.,5095.16,
1169,2024-03-01,receita,Receita,Rerum odit harum consectetur officia.,-2573.79,PED-96520
1170,2024-10-13,Receita,Marketing,Omnis amet voluptates.,-2150.09,PED-95119
1171,2026-01-31,Receita,RH,Aut excepturi nemo.,2170.81,PED-23055
1172,2024-02-17,receita,Tecnologia,Suscipit veritatis praesentium culpa recusandae.,2631.21,
1173,2026-01-05,Despesa,RH,Consequuntur repellat temporibus.,3213.75,
1174,2024-03-21,Receita,Tecnologia,Ratione adipisci quibusdam.,-1901.45,PED-74216
1175,2025-05-27,Despesa,marketing,Dignissimos sint vel.,-7632.56,PED-99694
1176,2025-01-16,receita,Receita,Quia nemo exercitationem atque.,-1953.48,PED-75700
1177,2025-02-02,Receita,Receita,Aperiam quaerat et eos.,-2846.41,
1178,2025-06-14,Despesa,Logística,Repellat iusto eligendi eius.,-3488.35,PED-54798
1179,2024-11-07,Despesa,marketing,Non ullam pariatur accusantium.,-6244.1,
1180,2024-10-26,receita,marketing,Recusandae alias ipsum modi.,3457.97,PED-65897
1181,2024-08-28,Despesa,Logística,Temporibus tempore debitis iusto labore.,983.38,
1182,2024-12-04,Despesa,marketing,Optio delectus.,3620.61,
1183,2025-11-18,Receita,Logística,Iure autem mollitia ullam sint.,5770.64,
1184,2024-02-08,receita,marketing,Exercitationem aliquam praesentium.,5124.64,
1185,2025-10-22,receita,Marketing,Occaecati atque suscipit et.,3146.81,
1186,2025-05-13,receita,marketing,Expedita alias.,6541.59,PED-51771
1187,2024-11-17,receita,Logística,Sint nemo.,860.09,PED-93472
1188,2024-03-20,Receita,marketing,Maiores odit adipisci.,-5864.57,
1189,2025-11-07,Despesa,Tecnologia,Quis quaerat ipsum saepe.,-2662.75,
1190,2024-06-18,Despesa,marketing,Debitis itaque.,-3381.75,PED-13418
1191,2024-03-29,Receita,Receita,Nisi sit vitae vel molestias.,7596.52,PED-27575
1192,2025-05-29,Despesa,Receita,Aspernatur quod repellat enim.,-520.81,PED-60785
1193,2025-09-12,receita,marketing,Iusto distinctio expedita.,-4724.27,
1194,2024-05-08,receita,Marketing,Culpa ipsa molestiae.,10508.7,
1195,2025-01-20,Despesa,Receita,Soluta culpa officiis labore deserunt.,11764.87,
1196,2024-03-28,Receita,RH,Nisi dolor hic exercitationem magnam.,9342.58,PED-74217
1197,2024-12-16,receita,marketing,Quod rem fugiat id.,551.11,PED-15482
1198,2025-03-27,Despesa,Logística,Odit vero voluptates.,-116.99,
1199,2024-12-24,Despesa,Marketing,Dolores perspiciatis illum fugit cumque.,1032.19,
1200,2024-09-02,Despesa,Tecnologia,Quae dolorem ea ipsa.,-87.78,PED-15144
1201,2025-01-18,Despesa,Receita,Asperiores ipsa soluta.,11251.85,PED-34884
1202,2024-05-27,receita,RH,Maxime quae suscipit perferendis libero.,9687.95,PED-47475
1203,2024-02-12,Receita,RH,Aut harum reiciendis eveniet.,-2111.61,
1204,2025-10-16,receita,Receita,Nemo culpa expedita temporibus.,1033.96,
1205,2024-11-26,Receita,Tecnologia,Totam temporibus enim repellendus corporis.,10756.85,
1206,2025-03-30,receita,RH,Praesentium aut alias ipsam.,-1530.78,
1207,2025-05-21,receita,Tecnologia,Tempora molestias totam corporis.,9932.35,PED-36467
1208,2024-08-17,Receita,Logística,Amet qui dignissimos laboriosam.,-1518.5,
1209,2025-01-25,Despesa,Receita,Optio laborum incidunt.,-5529.12,PED-24963
1210,2025-06-30,Despesa,Logística,Tempore possimus ad quasi beatae.,-6293.87,
1211,2025-11-03,receita,Tecnologia,Optio a fugit veniam.,-387.86,PED-32398
1212,2025-03-26,Despesa,Receita,Animi cupiditate suscipit.,9253.45,
1213,2025-04-20,Receita,Receita,Ipsam expedita.,-6973.79,PED-50378
1214,2025-12-02,Despesa,RH,Est iusto nemo ducimus.,-2224.39,
1215,2024-08-20,Receita,marketing,Aperiam officiis praesentium excepturi.,-7929.34,
1216,2024-08-02,receita,RH,Maxime corporis sapiente.,9108.22,
1217,2025-07-09,Despesa,RH,Tenetur dolore.,-3242.43,PED-87183
1218,2024-09-21,receita,RH,Odio impedit.,837.51,
1219,2024-04-28,Receita,Tecnologia,Amet beatae itaque eaque tempore.,-2437.74,
1220,2025-07-22,Receita,marketing,Odio soluta reiciendis.,-5034.88,PED-95626
1221,2026-01-03,Receita,marketing,Aut quas.,9076.59,PED-97424
1222,2024-03-02,receita,Marketing,Quasi molestiae quos temporibus laudantium.,-7019.37,
1223,2025-11-14,Receita,Receita,Ea quis ut a.,-2312.39,
1224,2024-05-18,receita,Receita,Excepturi et molestias culpa iusto.,3579.33,
1225,2025-02-19,receita,Logística,In reprehenderit debitis.,-628.61,
1226,2024-08-04,receita,Tecnologia,Veniam unde.,-6701.48,
1227,2025-10-14,Receita,Receita,Officiis iusto.,9188.16,PED-53150
1228,2025-11-12,Despesa,marketing,Odio commodi ratione.,5916.59,
1229,2025-06-29,Receita,Tecnologia,Nihil modi soluta.,6594.57,
1230,2025-07-07,receita,Receita,Ab alias illum ipsam.,5773.09,PED-47642
1231,2024-12-07,Despesa,Logística,Expedita temporibus vel quia.,-2806.8,PED-85385
1232,2024-12-05,Receita,Tecnologia,Velit eligendi hic.,3252.69,PED-78118
1233,2024-08-01,receita,marketing,Quia mollitia suscipit.,9673.27,PED-40503
1234,2025-05-18,Receita,Marketing,Adipisci voluptatum.,-5635.86,
1235,2025-12-04,Despesa,marketing,Pariatur quidem nulla quod corrupti.,7991.29,PED-64346
1236,2024-11-23,Receita,Logística,Officia commodi.,-1007.0,
1237,2024-05-24,Receita,Receita,Sint aliquid libero ipsam.,-3976.26,PED-46913
1238,2025-08-17,Receita,Logística,Dicta quibusdam saepe ratione distinctio.,-1994.32,PED-82088
1239,2025-05-22,Receita,Marketing,Consectetur ullam sint.,5716.72,PED-54742
1240,2025-11-04,Despesa,Tecnologia,Placeat perferendis quod maxime.,4319.87,
1241,2025-10-12,Receita,Logística,Maxime corrupti delectus pariatur.,8676.51,PED-98142
1242,2025-01-23,receita,Marketing,Modi quibusdam a facilis.,4913.04,
1243,2024-04-28,Despesa,RH,Fugit culpa voluptatem minima.,9841.17,PED-80381
1244,2024-05-17,receita,RH,Illo saepe facilis suscipit dolor.,10555.8,PED-17342
1245,2025-05-15,Despesa,Receita,Quia officia deserunt ut.,5563.95,
1246,2025-02-22,Receita,Tecnologia,Numquam a nobis ad.,5709.87,
1247,2024-05-05,Receita,Logística,Eius accusamus itaque voluptas.,8814.78,PED-54453
1248,2025-11-24,Despesa,Tecnologia,Fuga nam officia beatae.,8848.12,PED-84839
1249,2025-06-17,Receita,Tecnologia,Repellat ab a natus iste.,-5663.11,PED-50407
1250,2024-07-02,Despesa,Marketing,Beatae similique.,-2570.05,PED-21376
1251,2024-05-29,Receita,Logística,Iure accusamus dolores fugit.,1038.13,
1252,2024-02-26,Despesa,Logística,Voluptates eligendi tempore odit.,-4499.75,
1253,2024-02-24,Receita,Marketing,Non laudantium rerum dignissimos perspiciatis.,875.48,PED-13268
1254,2024-03-02,Despesa,marketing,Est ipsam officiis.,-4195.77,PED-73369
1255,2025-09-06,receita,marketing,Provident voluptatum recusandae vero.,7389.63,
1256,2025-01-11,Receita,Receita,Fugiat a.,-7268.95,
1257,2024-05-04,Receita,Logística,Necessitatibus recusandae officia excepturi.,10646.75,
1258,2024-08-29,receita,RH,Corrupti blanditiis corrupti inventore ipsam.,9783.72,PED-23513
1259,2024-11-22,Receita,Tecnologia,Ea in iure.,7169.88,
1260,2025-05-15,receita,marketing,Voluptatum aliquam hic possimus.,-4149.09,PED-46261
1261,2024-09-27,receita,Receita,Doloremque repudiandae sequi soluta beatae.,-5646.98,
1262,2024-03-31,receita,Marketing,Unde vitae magni laudantium.,-7694.87,
1263,2025-02-27,Receita,Tecnologia,Natus totam.,-993.64,PED-51744
1264,2025-05-14,Receita,Receita,Vitae molestias eaque quas numquam.,8080.06,
1265,2025-08-01,Receita,Marketing,Blanditiis molestiae quaerat esse.,-1772.45,PED-54399
1266,2025-08-14,Receita,marketing,Vel natus.,-7420.15,
1267,2025-12-27,Receita,RH,Odio praesentium.,-6924.0,PED-65897
1268,2025-06-17,Receita,Receita,Repudiandae minima nesciunt est.,3922.43,PED-87693
1269,2025-01-11,Despesa,Logística,Perferendis itaque impedit.,-1751.19,
1270,2025-11-29,receita,Tecnologia,Facilis aut.,-5364.09,
1271,2025-05-03,receita,Logística,Eveniet soluta autem esse necessitatibus.,5689.56,PED-71000
1272,2024-07-08,Receita,marketing,Saepe placeat et aperiam tempora.,-5125.57,PED-90863
1273,2024-03-18,receita,RH,Doloribus voluptatibus repudiandae at.,-4332.94,PED-97186
1274,2024-05-04,receita,RH,Dolore expedita ad.,1750.13,PED-18567
1275,2024-09-19,Receita,Logística,Beatae facilis.,1573.04,PED-32387
1276,2025-11-08,receita,Tecnologia,Asperiores placeat in beatae cum.,3493.57,
1277,2024-02-16,receita,Receita,Unde debitis.,7935.16,
1278,2024-07-19,receita,Tecnologia,Facilis consequuntur deleniti quibusdam.,1219.5,PED-87402
1279,2025-08-16,Receita,Tecnologia,Incidunt doloribus ipsa molestiae.,-3126.18,PED-30843
1280,2024-12-19,receita,Marketing,Quia et nihil voluptates commodi.,-1185.72,PED-87459
1281,2024-05-24,receita,Tecnologia,Fuga rem necessitatibus quas.,7746.54,
1282,2024-12-29,Receita,Receita,Dicta neque sit ipsam molestiae.,5392.1,PED-85260
1283,2025-03-10,Receita,Tecnologia,Rerum expedita laudantium quo cum.,3921.51,
1284,2026-01-17,receita,marketing,Aspernatur atque magni.,-1839.29,
1285,2024-04-23,Despesa,Marketing,Deleniti impedit corrupti.,5710.17,PED-88172
1286,2024-08-17,receita,RH,Culpa laudantium modi.,4899.78,
1287,2024-03-25,Receita,marketing,Expedita ut a ex.,9745.23,
1288,2025-09-19,Receita,Receita,Quos quos.,-5015.67,PED-79632
1289,2025-03-22,receita,Tecnologia,Quo consequuntur illum magni asperiores.,3558.63,
1290,2025-06-19,Despesa,Logística,Ab quis occaecati occaecati.,-2005.29,PED-99071
1291,2024-10-31,receita,Receita,Possimus quia iure saepe.,11651.61,
1292,2025-12-29,Despesa,Marketing,Excepturi ducimus et cum quia.,4229.82,PED-76902
1293,2025-01-18,Receita,Logística,Quis iure sit.,-6751.79,
1294,2024-06-11,Receita,Receita,Molestias doloribus voluptates.,3200.61,
1295,2024-10-07,receita,Marketing,Laudantium porro ratione laudantium eaque.,-3295.18,PED-87353
1296,2024-02-28,Despesa,Logística,Nulla nobis alias consequatur.,6235.47,PED-63219
1297,2025-08-31,receita,Tecnologia,Consectetur a culpa consequatur.,-3775.68,PED-32729
1298,2025-07-08,Receita,marketing,Soluta doloremque ipsam perferendis.,3108.43,PED-57223
1299,2024-10-06,Receita,Logística,In illo pariatur.,11949.12,
1300,2025-09-04,Receita,Marketing,Laudantium ab.,-6565.08,
1301,2025-10-27,Despesa,RH,Cumque nulla omnis eaque.,5158.53,
1302,2024-07-15,Receita,Receita,Minima impedit.,8118.83,PED-69772
1303,2024-10-14,Despesa,marketing,Temporibus culpa.,1087.89,PED-65590
1304,2025-04-23,receita,Logística,Autem cumque qui.,-3485.18,
1305,2024-11-29,Despesa,RH,Amet dolore in perspiciatis.,8936.08,PED-41031
1306,2025-02-23,receita,Tecnologia,Ratione odio illo.,3527.05,
1307,2024-02-14,Despesa,RH,Voluptas doloremque quod.,6097.65,PED-24832
1308,2025-10-14,Despesa,Marketing,Aspernatur maxime culpa asperiores fuga.,-5158.25,PED-78997
1309,2025-02-01,receita,Tecnologia,Nemo consequuntur doloribus cupiditate blanditiis.,-6435.31,
1310,2024-02-25,Receita,RH,Corrupti inventore maxime.,4613.26,
1311,2025-11-05,Despesa,Receita,Quasi sint.,2783.94,PED-85973
1312,2025-12-13,Despesa,Marketing,Delectus temporibus nemo dignissimos maxime.,10071.71,
1313,2025-08-17,receita,RH,Dolores neque sed pariatur consequuntur.,2253.26,PED-71503
1314,2025-01-25,receita,Logística,Voluptates repudiandae magni facilis.,11211.63,PED-48616
1315,2026-01-18,Receita,Marketing,Id possimus facilis.,5901.02,PED-88333
1316,2026-01-08,Despesa,Tecnologia,Vero id blanditiis distinctio dolore.,-2791.14,PED-92483
1317,2026-01-29,Despesa,marketing,Deleniti assumenda.,3457.2,PED-96025
1318,2026-01-27,Despesa,Tecnologia,Ratione occaecati itaque.,-7454.04,
1319,2025-04-20,Receita,Tecnologia,Assumenda omnis temporibus voluptatum.,-6462.75,PED-46418
1320,2025-11-24,Receita,Tecnologia,Quod vel placeat.,-2380.56,
1321,2024-03-08,Despesa,Marketing,Iste laudantium.,4076.43,
1322,2024-02-04,Despesa,RH,Eveniet unde eveniet.,-604.66,PED-32989
1323,2024-11-13,Despesa,marketing,Minima temporibus modi atque harum.,1698.37,
1324,2024-09-02,receita,Marketing,Quaerat quam quos nulla laborum.,11346.91,
1325,2025-10-05,receita,RH,Ea modi porro delectus.,7407.36,PED-41188
1326,2025-10-19,Despesa,Receita,Provident totam vitae.,-4654.33,PED-85727
1327,2025-10-04,Receita,Receita,Soluta dolore totam neque doloremque.,-2712.09,
1328,2024-08-10,Receita,RH,Eligendi possimus labore omnis.,-25.1,PED-49500
1329,2025-04-26,Despesa,Tecnologia,Accusantium beatae praesentium a.,-3326.77,PED-99589
1330,2024-03-17,receita,Logística,Quas accusantium fuga velit.,-5097.0,
1331,2026-01-27,receita,RH,Mollitia saepe exercitationem vero.,-359.92,
1332,2025-05-29,Receita,Tecnologia,Provident libero totam sapiente.,4748.48,PED-66595
1333,2025-09-14,receita,Logística,Eligendi possimus quae quo sit.,-2658.24,PED-22881
1334,2024-11-09,Despesa,Tecnologia,Eius tenetur eos dicta saepe.,-176.92,
1335,2025-07-31,Despesa,Receita,Necessitatibus vitae.,3774.49,PED-35549
1336,2025-05-25,Despesa,Receita,Animi esse corporis laboriosam deleniti.,11864.3,
1337,2024-10-18,Despesa,Marketing,Repudiandae consectetur quia accusamus.,8633.79,PED-11567
1338,2025-12-05,Receita,Tecnologia,Ex voluptatum numquam numquam incidunt.,-5921.85,PED-68450
1339,2025-04-06,Receita,Receita,Blanditiis cum quasi.,-2334.06,
1340,2025-11-05,Receita,Tecnologia,Repellendus nesciunt quasi necessitatibus sunt.,-6161.17,
1341,2024-07-27,Despesa,Receita,Iusto voluptate.,-5564.2,
1342,2025-07-15,Despesa,marketing,Nisi incidunt laboriosam magni eum.,-480.83,
1343,2025-01-07,Receita,Receita,Dignissimos ratione dolorum quam quam.,-4314.74,PED-48609
1344,2024-06-01,Despesa,Marketing,Reprehenderit enim natus.,4775.61,PED-46226
1345,2025-05-03,Despesa,Receita,Veritatis officiis sunt qui.,7397.61,PED-52389
1346,2025-07-25,Receita,Marketing,Iure in veritatis perferendis ducimus.,-2454.25,PED-18177
1347,2024-04-06,receita,Logística,Ut quo.,11919.17,PED-43847
1348,2025-09-13,Receita,RH,Ullam omnis nostrum deserunt itaque.,-6612.03,PED-36302
1349,2025-11-26,Receita,Receita,Quibusdam ipsum maiores.,1841.15,PED-28857
1350,2025-06-21,Receita,Tecnologia,Vitae repellendus id aspernatur.,4866.76,PED-67878
1351,2025-06-17,Receita,Marketing,Sapiente perspiciatis impedit eaque dolor.,-6541.61,PED-84887
1352,2024-06-22,receita,Marketing,Veritatis fugiat itaque mollitia.,9930.25,
1353,2024-11-12,Receita,Receita,Necessitatibus quisquam blanditiis facere.,-190.32,PED-29871
1354,2024-07-16,receita,Tecnologia,Voluptatum doloribus porro numquam ducimus.,-7925.92,PED-74314
1355,2025-03-07,receita,RH,Cumque dolor quia tempora illum.,8880.98,
1356,2024-02-29,Receita,RH,Minima earum.,11083.11,
1357,2024-12-10,Despesa,Tecnologia,Exercitationem fugit ducimus.,10700.84,PED-57044
1358,2024-09-23,Despesa,Logística,Repudiandae quia.,12.3,
1359,2024-10-12,receita,Tecnologia,Aspernatur incidunt accusamus.,9066.84,
1360,2025-06-23,receita,Logística,Accusantium ipsa fugiat assumenda laborum.,4955.85,
1361,2025-05-12,receita,Receita,Perferendis distinctio perferendis quod.,-4179.94,
1362,2025-06-12,Despesa,Receita,Consequatur laudantium.,-814.78,PED-21123
1363,2025-07-25,Despesa,marketing,Error architecto.,-5201.14,
1364,2024-05-17,Despesa,Tecnologia,Quidem facere numquam unde itaque.,-3230.3,
1365,2025-03-08,Despesa,Receita,Sequi totam tempore officiis laborum.,-1845.38,PED-79984
1366,2024-12-05,Receita,Marketing,Corporis distinctio consequatur quisquam quam.,-1214.3,
1367,2025-08-28,receita,Marketing,Quidem eveniet doloremque sequi.,-3766.44,PED-95701
1368,2024-05-21,Despesa,Tecnologia,Eius consectetur laborum fugiat.,-5020.93,
1369,2024-05-31,Receita,Marketing,Corrupti quos inventore ad.,6709.19,
1370,2025-12-18,receita,Tecnologia,Error odio tempore rem.,-7083.97,
1371,2025-02-11,Receita,marketing,Possimus aut suscipit perspiciatis.,4653.23,
1372,2024-11-16,receita,Tecnologia,Pariatur sit necessitatibus.,-4586.21,
1373,2025-05-22,Receita,Marketing,Quaerat doloremque amet.,1942.87,
1374,2025-06-13,Receita,marketing,Cupiditate quis magnam ea id.,524.23,PED-98918
1375,2025-04-18,receita,Marketing,Temporibus ea officiis inventore illo.,11517.07,
1376,2024-09-06,receita,marketing,Laborum quia neque.,7284.56,
1377,2024-12-05,receita,Marketing,Suscipit accusantium.,-5585.09,PED-28512
1378,2026-01-14,Receita,Receita,Ullam qui expedita.,-601.45,PED-31627
1379,2025-02-16,Receita,Tecnologia,Vel hic eligendi.,-7186.02,PED-23102
1380,2026-01-02,Receita,Marketing,Atque debitis.,9592.54,
1381,2024-02-12,Receita,marketing,Earum voluptates veniam placeat.,10522.74,PED-95426
1382,2025-08-21,receita,Receita,Velit voluptates esse quod doloribus.,8148.24,
1383,2024-05-24,Receita,marketing,Tempora a quidem cumque sunt.,4796.51,PED-78562
1384,2024-11-06,receita,marketing,Quod facere.,10761.79,
1385,2025-01-22,Despesa,marketing,Doloribus nam officia blanditiis eligendi.,6343.98,
1386,2024-12-03,Despesa,Logística,Non sit.,-1042.93,
1387,2024-03-08,Receita,Marketing,Repellat eum ipsam fugit.,11732.07,PED-22541
1388,2025-07-14,Despesa,Tecnologia,Eos officiis ipsam.,-3614.48,
1389,2025-07-06,receita,Marketing,Labore nisi vel.,-4125.62,PED-29558
1390,2024-04-21,receita,marketing,Non voluptate delectus.,-4804.81,
1391,2025-10-29,Despesa,Logística,Minus cupiditate delectus est voluptatem.,-2298.71,PED-66973
1392,2025-06-10,receita,Tecnologia,Sapiente adipisci vel dolorum in.,8103.07,
1393,2024-11-30,Receita,Receita,Sapiente adipisci distinctio.,-6950.87,
1394,2024-05-19,Receita,Marketing,Quod enim.,1701.23,
1395,2025-12-02,Receita,Receita,Laborum atque.,896.42,PED-85990
1396,2024-06-26,receita,marketing,Quibusdam quae vel repudiandae veniam.,6941.74,
1397,2025-09-17,Receita,Logística,Veniam consequatur saepe.,-3444.36,PED-41079
1398,2025-03-24,Receita,RH,Officia explicabo eum ratione id.,9827.3,PED-19637
1399,2025-06-09,Despesa,RH,Rerum vero a.,-6913.21,
1400,2025-12-21,Receita,Tecnologia,Minus fugit.,1099.82,PED-60768
1401,2024-11-09,Receita,RH,Quis iste nobis.,6396.42,PED-92840
1402,2024-06-09,receita,marketing,Eaque repudiandae.,-1282.17,
1403,2024-12-25,receita,marketing,Dolor laboriosam provident sint.,-5777.81,PED-71018
1404,2025-06-29,receita,marketing,Earum pariatur rem.,7206.79,PED-38816
1405,2024-08-16,Despesa,marketing,Debitis ut laudantium.,7790.94,
1406,2025-12-16,Despesa,Tecnologia,Quia accusamus velit asperiores.,9100.08,PED-21334
1407,2024-08-10,Despesa,RH,Non ea quidem.,9243.98,PED-38369
1408,2024-02-27,receita,Logística,Veritatis deserunt cumque vel.,-7709.92,
1409,2024-06-01,Receita,Logística,Deserunt doloribus quia dolore alias.,684.97,
1410,2025-12-30,Despesa,Marketing,Aperiam deserunt sint.,355.44,
1411,2026-01-31,receita,Receita,Hic porro.,7372.13,PED-14406
1412,2024-09-02,Despesa,RH,Saepe itaque consequatur.,1585.39,PED-22844
1413,2024-02-14,receita,marketing,Voluptatibus dolor perferendis a provident.,-6338.17,PED-11628
1414,2025-12-21,Receita,marketing,Amet facere dicta.,-831.89,
1415,2024-05-25,Receita,RH,Ipsam asperiores totam.,5380.71,PED-31207
1416,2024-11-12,Despesa,Receita,Eos saepe soluta.,3673.2,PED-69616
1417,2024-08-11,Receita,Receita,Eaque eos dolor neque.,107.21,PED-58551
1418,2025-07-14,Despesa,Receita,Inventore eaque repellendus possimus modi.,-7972.73,
1419,2024-05-01,receita,Receita,Qui quasi.,-1341.88,PED-14287
1420,2024-09-15,receita,Logística,Velit rem magni.,5961.1,
1421,2024-02-26,Despesa,Marketing,Facere ipsum veritatis.,4409.1,
1422,2024-08-03,Despesa,Receita,Ipsa asperiores at hic.,-720.19,
1423,2025-03-27,receita,Logística,Maiores nisi.,1307.06,PED-15357
1424,2025-05-14,receita,marketing,Modi ad facere reiciendis voluptatem.,4963.45,
1425,2025-07-20,Receita,Logística,Harum itaque quo aliquam.,-3227.35,PED-24884
1426,2024-08-16,Despesa,Tecnologia,Aliquid dolores ex.,9422.63,
1427,2024-08-01,receita,Logística,Nisi dolorem sit vel.,9958.66,PED-76003
1428,2025-08-14,receita,Marketing,Molestiae delectus quisquam molestias.,-6732.62,PED-55249
1429,2025-01-05,receita,Tecnologia,Eum reiciendis vel.,2533.65,PED-26083
1430,2025-05-03,Despesa,Tecnologia,In similique quia labore.,5566.17,PED-79842
1431,2024-03-28,receita,Tecnologia,Impedit repellat reprehenderit.,-637.08,
1432,2024-09-03,Receita,RH,Quaerat alias repellendus.,-6253.82,
1433,2025-04-28,receita,Marketing,Molestiae molestias eum rerum.,-5812.7,
1434,2024-04-18,Despesa,marketing,Suscipit ullam et debitis.,1926.57,
1435,2025-09-18,receita,RH,Similique at.,11391.49,
1436,2026-01-10,receita,Logística,Consequatur magnam id.,402.6,
1437,2024-08-07,receita,marketing,Veniam ipsam.,-6741.01,PED-40451
1438,2025-05-03,receita,Tecnologia,Eius tempora voluptatem.,-1144.15,PED-94679
1439,2024-12-30,receita,Tecnologia,Occaecati enim rem aspernatur.,5317.11,PED-79489
1440,2025-03-01,receita,Logística,Deleniti minus modi maxime voluptatibus.,3345.03,
1441,2025-09-18,receita,marketing,Sunt quas deleniti sint.,1684.86,
1442,2024-06-21,Receita,Logística,Molestias a modi nam.,-2312.36,
1443,2024-08-06,Despesa,Tecnologia,Rerum sed eaque.,-2295.07,
1444,2024-04-18,Receita,marketing,Cumque repudiandae magni porro.,-5661.65,
1445,2024-07-05,receita,Logística,Saepe minus ut aperiam provident.,-606.56,
1446,2025-02-15,Despesa,Logística,Nulla enim adipisci.,11560.45,PED-29391
1447,2024-12-25,receita,Tecnologia,Nam ipsum expedita architecto.,11509.31,PED-79945
1448,2025-10-26,Receita,Marketing,Quas numquam debitis.,91.25,
1449,2024-04-05,receita,Logística,Minima explicabo.,-4878.93,PED-81584
1450,2025-06-11,Despesa,Receita,Minima sint corrupti tempore.,-2088.86,
1451,2025-02-15,Despesa,Receita,Natus officia rem eligendi voluptatibus.,10137.62,PED-67947
1452,2025-12-20,Despesa,Marketing,Error tenetur nisi expedita.,6632.81,
1453,2024-09-22,Despesa,Tecnologia,Rem laboriosam minima rerum.,-5662.48,PED-13250
1454,2025-02-17,Despesa,marketing,Expedita impedit cumque ut nesciunt.,919.45,PED-22121
1455,2024-07-31,Receita,Tecnologia,Esse eos.,4826.25,
1456,2024-06-02,receita,marketing,Ad provident suscipit.,-7549.03,PED-80570
1457,2024-05-01,Despesa,Receita,Eligendi unde enim.,11152.47,PED-77081
1458,2025-11-10,Receita,RH,Expedita quibusdam.,-1644.84,
1459,2024-12-21,Despesa,Logística,Deserunt culpa.,-48.84,PED-66051
1460,2024-08-19,receita,Logística,Adipisci at atque voluptate facere.,-7756.18,PED-55209
1461,2026-01-02,receita,RH,Praesentium magni ducimus.,9486.03,
1462,2024-12-12,Despesa,RH,Reprehenderit optio natus totam.,6830.55,PED-64474
1463,2025-02-12,receita,marketing,Nostrum laborum.,8113.46,PED-65552
1464,2025-07-08,Receita,Tecnologia,Fuga ad fuga consequuntur magnam.,3958.71,
1465,2026-01-07,receita,RH,Corporis placeat harum.,11767.65,PED-78852
1466,2025-12-03,Receita,Tecnologia,Alias saepe cupiditate.,7122.28,
1467,2024-07-06,receita,Receita,Possimus inventore voluptas sequi facere.,10288.21,
1468,2025-09-09,Despesa,RH,Quisquam voluptatum autem expedita.,6204.94,
1469,2025-12-21,Receita,RH,Distinctio amet consequatur.,-2210.74,
1470,2025-07-07,receita,Tecnologia,Saepe eos id debitis.,-1921.71,PED-83306
1471,2025-04-29,Receita,Marketing,Minus recusandae nam.,7824.39,PED-30188
1472,2025-06-21,receita,Receita,Unde cupiditate error consequatur omnis.,8684.86,
1473,2024-09-21,Despesa,Receita,Provident aut autem tenetur.,9853.73,
1474,2026-01-09,receita,Receita,Placeat et dolor perferendis nam.,4895.72,
1475,2024-08-29,receita,RH,Quasi recusandae eveniet maiores.,11886.66,PED-18745
1476,2024-08-26,Despesa,RH,Asperiores expedita corporis natus.,3311.49,PED-43804
1477,2024-06-26,Despesa,Marketing,Corporis harum dolorem.,-535.96,
1478,2025-07-02,receita,marketing,Libero voluptate sunt voluptatem nulla.,3633.09,PED-29154
1479,2024-02-24,receita,Receita,Sint nam.,-5290.05,
1480,2024-06-05,receita,Logística,Error dignissimos quidem perspiciatis.,390.28,
1481,2025-12-20,receita,Logística,Quaerat culpa aliquam id officiis.,2592.25,
1482,2025-11-07,Despesa,marketing,Expedita architecto voluptatem illum inventore.,7293.79,
1483,2025-10-24,Despesa,Logística,Ipsam et molestias.,9448.86,PED-99780
1484,2026-01-17,receita,Receita,Voluptatibus voluptatibus laudantium.,5959.35,
1485,2024-12-20,Despesa,Tecnologia,Esse corrupti neque dolorem.,-967.41,
1486,2024-07-20,Receita,Tecnologia,Rem aspernatur dolorem.,-2371.64,PED-73556
1487,2024-03-08,receita,marketing,Odit hic.,-5951.64,
1488,2025-11-18,Receita,Tecnologia,Quidem labore nesciunt sapiente.,4268.57,
1489,2024-12-28,receita,RH,Deleniti sapiente magni.,10320.62,
1490,2024-08-24,Receita,RH,Doloribus similique molestias.,-1035.8,
1491,2024-03-07,receita,Tecnologia,Hic nam ipsum commodi.,2462.42,
1492,2025-05-21,Despesa,Logística,Corrupti amet nisi nostrum.,-7424.81,
1493,2024-04-15,Receita,Receita,Molestias quibusdam at.,-5152.81,PED-39697
1494,2024-04-07,Receita,marketing,Dolorem blanditiis praesentium.,-5395.63,PED-20302
1495,2024-08-05,Despesa,Marketing,Quas eligendi adipisci.,-6445.29,PED-73472
1496,2025-05-02,Receita,marketing,Fugit atque id consectetur.,-5843.65,
1497,2025-03-16,receita,Marketing,Quam ab cum.,10170.59,
1498,2025-06-11,receita,Receita,Modi eos hic omnis.,-7794.55,
1499,2026-01-24,Despesa,marketing,Dicta voluptas sed.,3752.06,
1500,2025-02-13,Despesa,Logística,Sit sunt velit.,-7414.82,PED-29078
1501,2024-11-14,Despesa,Logística,Earum dignissimos quidem.,-955.93,
1502,2026-01-02,Despesa,Tecnologia,Excepturi culpa quibusdam exercitationem.,-6633.26,
1503,2025-01-17,Despesa,marketing,Dolores reiciendis.,6316.23,
1504,2024-12-05,Despesa,Marketing,Aspernatur incidunt.,11471.6,
1505,2025-12-17,Despesa,Receita,Quos optio odit ducimus.,1494.31,
1506,2024-10-28,receita,Receita,Dolorum distinctio molestias impedit.,11154.95,PED-33704
1507,2025-06-08,receita,RH,A eos ea.,-3714.52,PED-39825
1508,2024-08-26,Receita,Logística,Minima molestiae debitis.,-5527.69,
1509,2025-09-30,receita,Logística,Assumenda excepturi.,6094.62,
1510,2024-12-07,Receita,Logística,Explicabo nesciunt.,1874.26,PED-60434
1511,2025-01-22,receita,Tecnologia,Deleniti sapiente enim.,6723.49,
1512,2024-08-03,Despesa,RH,Esse harum rem eum.,-2188.21,
1513,2024-05-29,Receita,RH,Quod illo.,10781.64,
1514,2024-06-17,Receita,Receita,Sunt maiores veniam.,1832.97,PED-23785
1515,2024-07-28,receita,Tecnologia,Provident iste molestias aliquam.,5170.97,
1516,2024-08-19,Receita,RH,Nam ipsam facilis.,12.49,
1517,2025-10-25,Despesa,marketing,Ratione ad inventore.,-6705.79,PED-36094
1518,2025-12-05,Receita,Tecnologia,Delectus fuga at ipsa.,8880.59,
1519,2025-06-08,Receita,RH,Rem nam explicabo.,6504.01,PED-46505
1520,2025-01-20,Despesa,RH,At vitae.,-878.05,PED-97382
1521,2024-10-16,receita,Tecnologia,Incidunt quas animi.,-2422.19,
1522,2025-08-30,Receita,Logística,Nobis occaecati reiciendis eos consequuntur.,1786.83,
1523,2025-05-26,Receita,Marketing,Enim iure molestias.,6755.97,PED-18942
1524,2024-09-09,Despesa,Marketing,Qui excepturi tenetur ipsa repellat.,11441.45,PED-60152
1525,2024-02-23,Receita,Logística,Omnis corporis mollitia.,4439.34,
1526,2024-07-27,Despesa,Tecnologia,Mollitia velit.,7351.44,
1527,2025-12-03,receita,Receita,Ipsum explicabo ipsa fugiat est.,1957.98,PED-76164
1528,2025-01-05,Despesa,Logística,Maxime quam animi.,8189.63,
1529,2025-10-23,Receita,RH,Laudantium corporis doloribus beatae.,9602.51,PED-25615
1530,2025-07-09,receita,Logística,Nobis impedit.,9057.49,PED-68006
1531,2024-07-21,Receita,Marketing,Iusto modi voluptate.,-4462.62,PED-96430
1532,2024-07-29,Despesa,marketing,Enim consequuntur.,1829.59,PED-27627
1533,2024-09-17,Despesa,RH,Eaque quos sequi provident.,1749.1,PED-24336
1534,2025-02-25,Despesa,Tecnologia,Repudiandae quasi.,5707.48,PED-85000
1535,2025-03-15,receita,Tecnologia,Iusto molestiae.,9087.03,
1536,2024-07-09,receita,Logística,Corrupti ex mollitia.,1893.82,PED-59518
1537,2024-07-12,receita,Logística,Soluta eius inventore ipsam.,-6771.52,
1538,2024-08-15,Receita,Logística,Quod sequi praesentium.,-1022.46,
1539,2025-01-15,Despesa,Logística,Omnis facilis non ratione.,-388.53,PED-66118
1540,2025-02-25,receita,RH,Labore autem architecto natus.,-974.61,
1541,2024-04-05,Receita,marketing,Perferendis ullam iste optio distinctio.,4961.66,
1542,2024-11-13,Despesa,Marketing,Beatae ipsa tempore dignissimos fugiat.,9378.8,PED-25003
1543,2025-12-19,Receita,Marketing,Consectetur officiis perspiciatis maxime laborum.,2768.34,PED-14899
1544,2025-09-22,Despesa,RH,Quia quos eligendi.,3360.99,PED-65203
1545,2024-07-09,Receita,Receita,Placeat quod consequuntur quos ut.,1394.0,PED-12914
1546,2025-06-19,receita,Tecnologia,Omnis delectus minus earum.,-193.98,
1547,2025-02-05,receita,Marketing,Nemo modi nulla saepe.,5817.28,PED-36988
1548,2024-06-21,receita,Tecnologia,Voluptatum hic recusandae.,8229.14,PED-97475
1549,2024-10-16,Receita,Tecnologia,Nam dolores quaerat deleniti.,-2009.58,
1550,2024-07-12,receita,Receita,Iusto corrupti soluta aliquid.,8946.68,
1551,2024-04-05,receita,Logística,Dolorem quibusdam expedita dolores.,-7049.37,PED-85172
1552,2024-02-22,Receita,Tecnologia,Sapiente sunt vitae suscipit.,6857.76,
1553,2025-09-08,Despesa,Logística,Alias repellat beatae laboriosam.,-2532.7,PED-84242
1554,2024-09-21,receita,marketing,Saepe aliquid earum cum.,-1053.67,PED-20048
1555,2024-05-20,Despesa,Logística,Similique quae ut.,658.21,PED-80772
1556,2025-09-04,Receita,RH,Nisi molestias laborum cupiditate.,46.02,PED-91915
1557,2024-08-03,Despesa,Tecnologia,Facere ea eum dicta excepturi.,-4387.98,
1558,2025-12-23,Despesa,RH,Repudiandae cumque quia tempore dignissimos.,-3740.94,PED-71249
1559,2024-09-04,Despesa,Tecnologia,Repellendus magnam sunt ad.,8178.67,
1560,2025-11-30,Despesa,marketing,Alias quibusdam est dolore nobis.,-714.51,
1561,2024-03-07,Receita,Receita,Fugiat nemo eum.,5706.13,PED-49357
1562,2025-01-11,receita,Logística,Aliquam quam.,9203.72,
1563,2025-09-23,receita,Logística,Enim voluptatibus in fuga molestiae.,8474.21,
1564,2024-10-08,receita,Receita,Eum mollitia molestiae dicta.,4024.65,
1565,2025-03-26,Receita,marketing,Rem et.,-4161.68,PED-42189
1566,2024-03-09,receita,RH,Quod cupiditate atque ipsa.,3196.5,PED-67164
1567,2025-06-18,Despesa,Marketing,Exercitationem vitae ex.,-3960.19,
1568,2025-12-08,Receita,Logística,Amet cupiditate.,7793.4,
1569,2025-12-13,Despesa,Marketing,Illo aperiam.,11275.74,
1570,2024-07-22,Receita,Marketing,Eius inventore eum officia.,-1721.9,
1571,2024-08-14,receita,Logística,Assumenda molestiae nostrum nisi.,5433.44,PED-21836
1572,2025-04-07,Despesa,marketing,Ullam expedita nisi voluptas.,-3279.18,
1573,2025-01-01,Despesa,Receita,Iste mollitia.,8579.63,PED-78846
1574,2026-01-22,receita,Marketing,Architecto commodi doloremque voluptas.,-3238.46,PED-26027
1575,2025-11-05,receita,Tecnologia,Officia quasi deserunt.,6744.73,PED-40924
1576,2025-07-22,Receita,marketing,Perferendis sunt.,-5863.72,PED-38063
1577,2024-04-12,receita,RH,Saepe fugit aperiam.,-2913.88,
1578,2025-12-05,receita,Tecnologia,Illum accusamus architecto magnam delectus.,-505.9,PED-24806
1579,2026-01-13,Despesa,RH,Error qui praesentium.,1497.08,PED-42289
1580,2024-02-04,Receita,Logística,Fugiat enim.,1504.44,PED-58200
1581,2026-01-05,Receita,Receita,Id adipisci voluptas.,11336.1,
1582,2025-08-16,Despesa,Receita,Sequi veritatis.,7978.83,
1583,2024-06-27,receita,Tecnologia,Sapiente distinctio nulla ratione amet.,-306.2,PED-93748
1584,2025-09-26,Despesa,Marketing,Enim asperiores.,2698.21,PED-40983
1585,2025-09-07,receita,Marketing,Non cum natus.,10195.78,PED-61508
1586,2024-04-24,receita,Marketing,Illo doloremque pariatur adipisci.,10726.45,PED-40862
1587,2024-08-26,Receita,marketing,Sit atque distinctio inventore repudiandae.,10317.82,PED-92752
1588,2025-12-10,Despesa,RH,Et nam hic quisquam reprehenderit.,7786.35,
1589,2026-01-22,receita,RH,Voluptatibus consequatur.,6738.84,PED-53610
1590,2025-06-21,Receita,marketing,Quae quo blanditiis quasi.,5969.64,
1591,2025-06-06,receita,RH,Officiis quibusdam unde sapiente.,4042.32,PED-81791
1592,2025-04-13,receita,Receita,Dolore aliquid ipsam.,-7452.98,
1593,2024-12-06,Despesa,RH,Repudiandae praesentium consectetur.,7820.39,
1594,2025-03-20,receita,marketing,Ad deserunt similique consequatur.,4565.93,
1595,2024-05-12,Receita,marketing,Accusamus voluptatibus ratione.,-3007.93,
1596,2025-01-20,Despesa,Receita,Incidunt ex sit commodi.,206.32,PED-51864
1597,2025-05-10,receita,Receita,Fugit deserunt.,-5329.8,PED-32738
1598,2024-12-13,receita,marketing,Quia error eum eligendi.,-6312.02,
1599,2024-11-19,receita,RH,Voluptate vel.,10895.14,
1600,2024-08-06,Receita,Marketing,Occaecati iure est possimus.,10462.25,
1601,2025-07-02,Receita,RH,Iusto enim consequuntur iusto.,-4034.68,
1602,2025-07-14,receita,Tecnologia,Maiores aperiam.,578.07,
1603,2024-04-29,Receita,Logística,Nostrum expedita accusamus ipsam.,-4597.54,
1604,2026-01-26,Receita,Receita,In omnis.,2516.75,PED-69468
1605,2024-03-03,Receita,marketing,Deleniti officiis occaecati.,6271.27,PED-34975
1606,2025-06-11,receita,Receita,Officia voluptatibus quasi.,1883.36,PED-27065
1607,2025-07-26,Receita,Tecnologia,Perspiciatis illum.,-3688.67,
1608,2026-01-13,receita,marketing,Quaerat similique id voluptate porro.,170.48,
1609,2025-03-18,receita,Logística,Cumque atque.,-3290.29,
1610,2025-06-14,receita,Tecnologia,Omnis consequuntur necessitatibus dolores quia.,5685.34,
1611,2025-12-05,Receita,RH,Eos temporibus molestias mollitia.,-5335.9,PED-52368
1612,2025-04-17,Despesa,marketing,Doloremque vero ratione laboriosam.,6266.72,PED-65481
1613,2024-03-19,Receita,Marketing,Aliquid quis consequatur eaque adipisci.,3140.0,PED-16830
1614,2024-08-15,Receita,RH,Culpa eos ea.,10164.53,
1615,2024-04-23,Receita,Logística,Dolores doloremque voluptatibus.,2090.84,PED-59930
1616,2026-01-19,receita,Receita,Commodi esse nostrum.,-581.98,
1617,2024-05-23,Despesa,marketing,Nulla quos.,-2794.17,PED-76027
1618,2025-10-19,receita,RH,Sequi dignissimos ab dolores.,-5361.61,PED-51591
1619,2025-06-23,Receita,Logística,Hic saepe sequi autem quisquam.,-5663.16,
1620,2024-10-21,receita,Logística,Quisquam provident tenetur.,6956.47,PED-66372
1621,2025-05-09,receita,Tecnologia,Quaerat quod nam veritatis.,8591.78,PED-44571
1622,2024-04-19,receita,marketing,Illo laborum quidem beatae.,-1689.14,
1623,2024-10-25,Despesa,Receita,Commodi incidunt perspiciatis fuga praesentium.,4733.04,
1624,2025-04-04,Receita,marketing,Repudiandae dignissimos laudantium quos.,-6908.66,
1625,2025-06-13,receita,Logística,Distinctio adipisci natus.,-4728.9,PED-71228
1626,2025-09-13,Receita,RH,Molestias error deserunt aliquam.,-7184.17,PED-56729
1627,2024-03-18,receita,RH,Placeat quia consectetur.,-5750.18,
1628,2024-04-15,receita,Marketing,Error possimus.,-3925.33,
1629,2024-03-29,Receita,Receita,Fuga itaque ipsum.,2174.76,
1630,2025-12-12,Despesa,Marketing,Debitis recusandae mollitia molestiae.,2520.31,
1631,2024-03-08,receita,Marketing,Ut pariatur ea voluptates vitae.,-3076.85,
1632,2024-08-30,receita,Marketing,Doloribus minima dicta.,-2314.37,
1633,2024-05-31,receita,Logística,Sed nam.,3806.77,PED-23902
1634,2024-05-27,Receita,Marketing,Esse porro ipsum.,-6378.74,PED-96447
1635,2025-07-04,receita,Receita,Rem a expedita voluptate.,11104.03,
1636,2025-11-06,receita,Marketing,Mollitia odio.,5123.46,PED-69388
1637,2025-07-20,Despesa,Receita,Id perspiciatis odit.,10137.57,
1638,2024-11-13,Receita,Marketing,Rem repellendus.,8031.16,PED-47087
1639,2024-03-24,Receita,Receita,Cupiditate nulla modi eaque.,-6585.52,PED-88943
1640,2026-01-03,Receita,RH,Repellat eius.,-2896.72,PED-41467
1641,2024-07-04,Receita,Marketing,Voluptatibus natus eveniet.,9046.92,PED-31356
1642,2025-09-23,receita,Logística,Culpa minus tempore harum.,4943.36,
1643,2024-09-04,Receita,Logística,Eveniet rem vel.,1816.9,PED-66670
1644,2024-07-17,Despesa,Tecnologia,Minus magni quos.,-5374.27,
1645,2024-03-01,receita,Tecnologia,Reiciendis reiciendis assumenda maiores.,-4002.57,PED-68385
1646,2025-01-28,receita,Logística,Accusamus expedita.,3261.14,
1647,2025-05-08,receita,Logística,Vel non.,4277.36,PED-66899
1648,2024-12-19,Receita,Marketing,Odit optio magni id repellendus.,2266.83,
1649,2024-08-05,Despesa,Receita,Placeat totam optio.,6272.71,
1650,2024-10-13,receita,RH,Repellendus qui suscipit odit iusto.,747.11,PED-72601
1651,2025-07-21,Receita,marketing,Fugiat asperiores ut nemo.,5686.28,
1652,2025-09-20,Despesa,RH,Dolor ab saepe reprehenderit nesciunt.,-2090.37,
1653,2024-07-22,Receita,Tecnologia,Id minus inventore asperiores.,-5847.36,PED-65694
1654,2025-07-07,Receita,RH,Molestiae esse maiores aperiam soluta.,5217.11,PED-84511
1655,2024-11-08,receita,Logística,Dolorem praesentium enim ipsam.,3711.36,
1656,2025-07-06,Receita,Receita,Illum delectus labore hic esse.,5231.57,
1657,2024-07-18,receita,Marketing,Earum cupiditate.,-6334.19,PED-49013
1658,2024-02-22,Despesa,Receita,Aliquid fugiat.,1099.96,PED-97852
1659,2024-02-04,Despesa,Logística,Error accusamus tempora amet vero.,-1173.31,
1660,2025-06-27,Receita,Marketing,Provident debitis nisi.,6940.59,PED-89174
1661,2024-09-02,Despesa,Marketing,Repellendus dolore repudiandae quas.,675.98,
1662,2024-11-22,receita,Marketing,A voluptatum provident.,-7733.91,PED-95957
1663,2024-12-03,receita,Receita,Hic quod totam doloribus.,101.83,PED-96208
1664,2024-02-05,receita,Tecnologia,Iste cum tenetur saepe tenetur.,8262.65,PED-90837
1665,2024-05-12,Despesa,Receita,Rerum similique dolor.,11262.83,PED-98487
1666,2024-05-21,receita,Marketing,Totam iste possimus.,-5498.21,
1667,2024-03-26,Receita,Marketing,Corrupti ratione maiores quasi.,5920.65,
1668,2025-09-11,Receita,RH,Temporibus doloribus quam non.,4972.46,
1669,2025-10-03,receita,Receita,Quas dicta.,9163.79,
1670,2024-02-28,Receita,Logística,Consectetur exercitationem molestias.,7394.42,PED-29420
1671,2026-01-16,receita,Marketing,Adipisci excepturi neque.,-5670.82,PED-29978
1672,2025-12-22,receita,RH,Accusantium commodi similique ex ratione.,-7607.44,
1673,2025-12-29,Receita,Logística,Non numquam aliquam quaerat magni.,3388.61,
1674,2025-12-23,receita,Marketing,Deserunt autem veritatis quam.,-5946.73,PED-66595
1675,2024-09-10,receita,Receita,Optio ab quibusdam illum.,3573.23,PED-82653
1676,2024-07-20,Receita,RH,Aliquam distinctio soluta quisquam.,-6.39,PED-77286
1677,2024-10-13,Receita,Receita,Necessitatibus itaque.,-6785.91,PED-12492
1678,2025-08-20,Despesa,Logística,Magni voluptates fugiat ipsam numquam.,3065.11,PED-45107
1679,2024-12-10,receita,Marketing,Laudantium dolores.,1895.78,PED-94696
1680,2025-07-15,receita,Receita,Accusamus placeat rem minus.,724.6,PED-31146
1681,2024-12-17,Despesa,marketing,Corrupti odit quae.,1384.81,
1682,2024-04-29,Despesa,marketing,Sit quia.,3753.17,PED-99780
1683,2025-07-03,Despesa,Receita,Quasi nostrum commodi.,5139.16,PED-27191
1684,2024-02-28,Despesa,Receita,Rem tempora cumque.,-192.58,PED-64638
1685,2025-03-26,receita,marketing,Delectus quaerat.,4436.85,
1686,2024-07-16,Despesa,RH,Minus ab nisi.,-5418.07,
1687,2025-09-30,Despesa,RH,Suscipit voluptatum voluptatum consectetur.,-5981.93,PED-64523
1688,2025-01-21,receita,marketing,Deserunt est pariatur adipisci libero.,-3811.34,
1689,2024-06-15,receita,Logística,Eius dolore deserunt.,-859.12,
1690,2025-10-27,Despesa,Marketing,Natus magnam consequuntur ullam.,8136.31,PED-54267
1691,2025-07-08,Receita,Tecnologia,Debitis tenetur doloremque.,-3466.19,
1692,2024-07-07,receita,Logística,Corrupti itaque error.,11873.26,
1693,2025-12-08,Despesa,Logística,Assumenda blanditiis quam rem.,9926.35,
1694,2024-08-07,Despesa,Marketing,Ipsum fuga cupiditate nesciunt.,10532.64,PED-67386
1695,2025-01-31,Receita,Marketing,Repellat expedita.,7633.05,
1696,2026-01-16,Despesa,Marketing,Ea laborum necessitatibus.,2146.11,
1697,2024-10-28,Receita,Logística,Debitis explicabo voluptate.,-4859.35,PED-48289
1698,2025-08-12,Despesa,RH,Quo illo eligendi.,6651.04,
1699,2025-08-07,Despesa,Logística,Quasi odit consequuntur ea temporibus.,-1307.85,
1700,2024-05-04,Receita,RH,Laudantium incidunt hic commodi.,11392.73,
1701,2024-10-30,receita,Logística,Nostrum sapiente.,-2264.83,
1702,2024-06-23,receita,Logística,Et consequuntur.,6303.99,PED-64396
1703,2024-12-19,Despesa,Receita,Eligendi magni asperiores.,-3090.97,PED-79422
1704,2025-05-31,Receita,marketing,Earum tenetur delectus quae.,8035.37,PED-64186
1705,2024-03-06,receita,Tecnologia,Laudantium nam nihil consectetur eveniet.,7892.15,
1706,2024-07-23,receita,marketing,Vero atque ducimus blanditiis commodi.,7403.04,
1707,2026-02-01,Receita,Logística,Velit reprehenderit rerum beatae.,-1703.91,PED-31538
1708,2024-02-18,Receita,RH,Id ex magni corrupti.,7183.85,
1709,2024-06-18,Despesa,Marketing,Cupiditate perferendis corporis.,11554.66,PED-96554
1710,2026-01-27,receita,RH,Cupiditate mollitia iste.,9715.66,PED-82562
1711,2024-10-28,Despesa,Receita,Sequi maiores dolores.,-1726.1,
1712,2025-12-24,receita,Tecnologia,Adipisci quam asperiores magnam.,4208.02,PED-29249
1713,2024-12-18,receita,Receita,Voluptatum itaque voluptates.,-3897.33,PED-81358
1714,2024-05-02,Despesa,Logística,Eius et ad eligendi deleniti.,9753.5,PED-95033
1715,2024-10-21,Receita,Logística,Praesentium repudiandae et eligendi repellendus.,-6314.38,PED-80442
1716,2025-12-16,receita,Receita,Magnam doloremque odit.,6377.61,PED-26515
1717,2024-12-10,Receita,Marketing,Nesciunt aperiam corrupti a.,2233.43,PED-50927
1718,2025-03-12,Despesa,marketing,Officia vel.,-7531.57,PED-80770
1719,2024-03-02,Receita,Logística,Sed laboriosam earum.,6530.18,
1720,2024-12-29,Despesa,Marketing,Voluptatibus quibusdam.,8831.67,PED-44046
1721,2024-10-12,Receita,Marketing,Molestias magnam asperiores maiores.,7131.2,PED-26351
1722,2025-03-25,receita,Tecnologia,Repudiandae eos recusandae.,6737.17,PED-69394
1723,2025-05-24,Receita,Receita,Deleniti est quasi.,11780.0,
1724,2025-08-07,receita,Logística,Quaerat dignissimos ducimus unde.,-2309.29,
1725,2024-02-06,Despesa,RH,Minus nostrum.,2393.33,
1726,2024-08-30,receita,Tecnologia,Dolorem reiciendis ipsam.,3647.38,PED-57352
1727,2024-02-11,Receita,marketing,Odit laborum nostrum aut.,6232.81,
1728,2024-12-29,Receita,Marketing,Perferendis nostrum.,497.73,PED-27047
1729,2024-12-15,Receita,RH,Est quia cupiditate impedit.,-6438.55,PED-98712
1730,2025-01-19,Despesa,Tecnologia,Illo sed nobis inventore consectetur.,2378.9,PED-61744
1731,2025-08-02,Despesa,RH,Sequi iusto et iusto cum.,4729.22,PED-67682
1732,2025-03-27,Despesa,RH,Occaecati sequi nisi velit repellat.,8476.24,
1733,2024-05-16,receita,Receita,Amet aliquam.,1154.26,
1734,2025-06-03,Despesa,marketing,Maiores nihil animi.,1108.65,
1735,2025-05-07,Despesa,Logística,Dolorem officia.,10433.95,PED-25566
1736,2025-12-20,Receita,Marketing,Eius pariatur facere.,-608.28,
1737,2025-08-02,Despesa,marketing,Quidem aperiam ea facere accusantium.,-5645.16,PED-49967
1738,2025-08-09,receita,Logística,Minima aliquid quae.,1718.51,
1739,2024-06-14,Despesa,RH,Velit in accusamus rem.,-7026.98,PED-49998
1740,2025-10-29,Receita,marketing,Quas ex ducimus.,8382.5,
1741,2024-10-03,Receita,Tecnologia,Possimus qui in repudiandae molestiae.,-1027.02,PED-15856
1742,2024-07-18,receita,Tecnologia,Natus nemo harum.,-1805.96,PED-69293
1743,2024-09-21,receita,RH,Dolore officia.,8689.2,
1744,2024-03-04,Receita,Tecnologia,Aperiam vel in repudiandae consequatur.,4729.21,PED-68973
1745,2024-06-25,Receita,Receita,Quasi sunt voluptate et.,-1495.67,PED-91889
1746,2025-07-26,receita,marketing,Repudiandae odio consectetur ea.,10004.89,
1747,2025-04-14,Despesa,RH,Beatae minus eum consequuntur quos.,6718.26,
1748,2024-03-30,Receita,Receita,Vel quam enim.,-7503.92,PED-92589
1749,2024-03-18,Despesa,Receita,Cum quia.,-5524.37,
1750,2024-03-14,Receita,Tecnologia,Atque repellendus distinctio.,2836.69,
1751,2024-06-08,receita,Tecnologia,Illum officiis molestiae saepe odit.,9937.29,
1752,2024-06-06,Receita,Logística,Placeat neque ullam.,7735.14,PED-42150
1753,2025-03-08,Receita,Tecnologia,Et vero soluta nesciunt.,4137.1,
1754,2025-09-11,receita,Marketing,Ut neque.,-1200.87,PED-33659
1755,2025-07-26,Receita,Tecnologia,Sapiente natus a.,-1652.35,
1756,2024-06-20,Receita,Marketing,Nesciunt cupiditate atque blanditiis.,2835.59,
1757,2024-05-29,Receita,Logística,Voluptate quidem eveniet quis vitae.,7366.09,PED-30214
1758,2025-10-23,receita,Receita,Vel optio exercitationem deleniti.,-4616.18,PED-90540
1759,2025-08-06,Receita,Marketing,Deserunt adipisci neque alias.,6266.01,PED-49062
1760,2025-02-26,Receita,Logística,Ad sit.,-5150.79,PED-52495
1761,2024-02-25,receita,Marketing,Saepe illum culpa inventore.,-6962.44,
1762,2025-08-30,receita,Tecnologia,Nulla dolore velit.,7047.8,
1763,2025-07-16,receita,Marketing,Aut nihil illum corrupti.,-1633.27,PED-82498
1764,2025-04-15,Receita,RH,Fuga assumenda molestiae.,-7421.87,
1765,2024-10-07,Receita,Logística,Est atque.,3081.51,
1766,2025-07-18,Receita,Tecnologia,Maxime possimus eum iusto magni.,5031.02,PED-26458
1767,2025-03-12,Despesa,RH,Corrupti quis aperiam architecto voluptatem.,919.65,
1768,2024-11-11,Receita,Logística,Assumenda voluptatibus quos.,2808.8,
1769,2024-08-19,Despesa,RH,Numquam perspiciatis.,11227.04,PED-82764
1770,2024-05-28,Receita,Marketing,Sunt doloremque at.,8252.87,PED-91360
1771,2025-03-20,Despesa,marketing,Natus corrupti quidem.,-7989.14,PED-73201
1772,2025-11-18,Despesa,Logística,Enim praesentium est.,8789.75,PED-59827
1773,2025-11-11,Despesa,marketing,Sit repellendus eos.,3703.18,PED-76889
1774,2025-02-13,Receita,marketing,Corporis delectus at consectetur nam.,6783.66,
1775,2025-02-13,receita,Marketing,Consequuntur alias illo quidem.,-93.9,
1776,2024-09-15,Despesa,Tecnologia,Mollitia cum nesciunt atque quisquam.,11976.43,
1777,2024-10-02,Despesa,Tecnologia,Adipisci beatae sed.,11148.34,PED-51720
1778,2024-03-19,Despesa,Logística,Facilis perferendis error cumque.,11592.81,PED-69338
1779,2026-01-11,Receita,Receita,Dolores minus eos veniam reiciendis.,11660.44,
1780,2024-08-06,receita,Tecnologia,Enim ipsa.,-1430.86,
1781,2024-08-18,Despesa,RH,Tenetur sed exercitationem perspiciatis.,-7914.42,
1782,2025-11-19,receita,Tecnologia,Distinctio mollitia ullam officia.,9905.36,PED-74091
1783,2026-01-06,Despesa,Marketing,Facilis eveniet veniam blanditiis.,7746.1,
1784,2025-08-22,Despesa,Marketing,Soluta veniam mollitia error.,9851.44,PED-98029
1785,2025-10-14,Despesa,Marketing,Modi officiis deserunt.,-940.11,PED-59332
1786,2025-05-26,receita,marketing,Adipisci tenetur.,8782.92,
1787,2025-10-25,receita,Logística,Porro delectus facere ut veniam.,10724.96,
1788,2025-04-03,Receita,Receita,Praesentium repellendus doloribus rem.,-7604.37,PED-46848
1789,2025-10-05,Receita,Marketing,Quia tempore ducimus.,8325.62,PED-91951
1790,2024-11-16,Despesa,marketing,Quo nulla ad blanditiis.,-3314.84,PED-74724
1791,2025-03-31,Receita,Logística,Laboriosam sed quia.,1856.76,
1792,2025-06-02,Receita,marketing,Facilis modi non quam accusamus.,11685.27,PED-93681
1793,2025-05-20,Receita,Logística,Doloribus tempora accusamus.,3382.04,
1794,2024-09-24,Despesa,marketing,Error quibusdam omnis totam.,5196.77,
1795,2025-07-09,Receita,Tecnologia,Maiores voluptas facere.,-5435.07,
1796,2025-11-13,receita,Tecnologia,Possimus earum praesentium enim.,9109.58,PED-78561
1797,2025-10-19,Receita,Receita,Velit repellat saepe.,-7537.65,PED-98832
1798,2025-09-04,Despesa,Tecnologia,Et fuga aperiam soluta voluptatibus.,9662.04,PED-10256
1799,2025-01-22,Despesa,Receita,Molestias tempora.,10861.48,PED-16797
1800,2025-11-04,receita,RH,Vero ut ipsum.,-2519.29,PED-99151
1801,2025-08-10,receita,Logística,Hic quisquam placeat necessitatibus repudiandae.,2345.14,
1802,2025-05-11,Receita,Logística,Impedit vel placeat.,10367.83,PED-79784
1803,2025-12-22,receita,Marketing,Placeat est debitis.,-162.82,
1804,2025-10-30,Despesa,Marketing,Ex et commodi magnam.,11805.29,PED-39573
1805,2025-03-22,Receita,marketing,Eligendi eveniet excepturi aperiam.,-4062.46,PED-53152
1806,2025-06-21,Receita,Receita,Totam vel illo pariatur.,4505.89,PED-13653
1807,2025-12-11,receita,Marketing,Aliquam numquam corrupti temporibus placeat.,3850.62,PED-92090
1808,2026-01-20,receita,marketing,Minima cupiditate rem quam autem.,-5843.19,PED-41242
1809,2025-01-28,Receita,Logística,Aperiam voluptatum facilis eos eum.,2393.5,
1810,2025-04-04,Despesa,Tecnologia,Explicabo placeat consequatur.,770.59,PED-22539
1811,2024-12-09,Despesa,Marketing,Veniam sequi minus.,-6289.31,
1812,2025-03-25,receita,Logística,Vitae non sint eveniet.,9801.67,
1813,2025-01-16,Receita,RH,Deleniti nesciunt ipsum perspiciatis.,-6904.22,PED-90050
1814,2025-02-05,Receita,Marketing,Quasi repellendus repellendus sapiente.,5551.29,
1815,2025-11-21,receita,RH,Debitis magni magnam aperiam explicabo.,33.66,PED-90911
1816,2024-09-23,Receita,Tecnologia,Voluptatum sit molestiae voluptas libero.,7749.5,
1817,2025-09-17,receita,RH,Dolores expedita corporis.,1284.18,
1818,2025-06-11,receita,Receita,Reiciendis optio neque.,10751.7,PED-13404
1819,2024-12-16,Despesa,Logística,Asperiores iure exercitationem possimus.,3756.27,
1820,2025-09-11,Receita,Tecnologia,Harum culpa accusamus optio.,6265.99,
1821,2025-02-22,Despesa,marketing,Veniam optio cum sint.,4747.27,PED-43591
1822,2024-12-29,receita,RH,Autem quia.,6492.46,
1823,2025-09-11,Receita,marketing,Alias cum impedit vitae.,7940.51,
1824,2025-10-28,receita,Tecnologia,Accusantium fugiat quod.,716.96,PED-95420
1825,2024-10-25,receita,Tecnologia,Natus reprehenderit unde laborum.,9704.44,
1826,2025-03-10,receita,Logística,Delectus quae numquam repudiandae.,4066.59,PED-48150
1827,2025-09-03,Receita,Tecnologia,Adipisci laboriosam a.,3728.8,
1828,2024-07-29,Receita,marketing,Quia illo deleniti.,2142.16,
1829,2024-03-22,receita,Logística,Quidem aspernatur.,-4091.86,
1830,2025-04-14,Receita,Logística,Quae aliquid enim iure iste.,-4212.89,PED-72354
1831,2024-06-18,Despesa,Receita,Temporibus necessitatibus ipsam blanditiis.,-1377.09,PED-85813
1832,2025-11-04,Despesa,Logística,Animi libero perferendis.,373.91,
1833,2024-10-27,receita,Marketing,Pariatur quos ducimus.,1918.61,
1834,2025-06-06,Despesa,marketing,Mollitia odit beatae quod.,1330.74,
1835,2024-06-17,receita,Receita,Temporibus nobis veniam voluptates occaecati.,7366.97,PED-53452
1836,2024-11-29,Receita,RH,Vitae omnis.,-4315.11,PED-10881
1837,2025-11-25,Receita,Marketing,Exercitationem adipisci temporibus.,-842.27,
1838,2025-12-02,Receita,Logística,Magnam occaecati facere a.,808.16,PED-92750
1839,2026-01-18,Receita,Marketing,Repudiandae harum voluptas.,-4017.54,
1840,2024-02-05,Receita,Logística,Error voluptatum deleniti necessitatibus.,6376.73,
1841,2024-04-12,Receita,marketing,Rerum incidunt odit.,-7570.16,
1842,2024-08-16,Receita,Receita,Magni nisi sit placeat.,-5255.13,
1843,2025-01-26,receita,marketing,Magnam dolores voluptas.,-1898.55,PED-41476
1844,2024-10-15,receita,Receita,Ea autem aut.,-4572.8,PED-79065
1845,2024-08-18,Despesa,Marketing,Mollitia qui voluptate nobis laboriosam.,-5630.13,
1846,2024-06-26,Receita,Tecnologia,Aspernatur eos unde error.,-436.09,PED-59054
1847,2025-03-15,Despesa,RH,Facilis laboriosam voluptas.,11539.63,
1848,2024-12-07,Despesa,Tecnologia,Fugit iste.,-4217.96,PED-80184
1849,2025-11-14,Receita,Logística,Asperiores saepe aut dolor omnis.,-3056.57,PED-92504
1850,2025-11-11,Receita,Tecnologia,Eius recusandae dolore ex.,11367.69,
1851,2025-08-15,Despesa,Marketing,Iure non eos omnis.,7693.3,
1852,2024-04-13,Receita,Tecnologia,Nisi maiores voluptas.,-237.68,PED-94550
1853,2025-06-26,receita,Tecnologia,Aut ullam magnam modi corrupti.,1285.35,PED-52182
1854,2024-09-30,Despesa,Receita,Adipisci laborum suscipit.,1665.94,PED-74853
1855,2024-10-23,receita,Tecnologia,Animi debitis nesciunt beatae dolorum.,18.92,
1856,2024-03-24,Receita,marketing,Temporibus molestias repudiandae dolorum.,9897.69,
1857,2024-08-03,receita,marketing,Atque eos repellat recusandae ipsum.,-1880.02,
1858,2025-12-30,receita,Logística,Temporibus sapiente.,3011.04,
1859,2024-07-17,receita,RH,Et cumque.,2376.41,
1860,2025-05-03,receita,Tecnologia,Necessitatibus voluptatibus eveniet maxime.,4422.52,PED-65850
1861,2024-04-15,receita,RH,Dolorum ducimus.,179.06,PED-75213
1862,2025-11-08,receita,RH,At sint.,-7505.64,
1863,2024-06-16,receita,Receita,Dignissimos expedita fugiat harum.,-6482.23,PED-20802
1864,2025-11-06,Despesa,Tecnologia,Exercitationem voluptatibus.,2933.04,PED-20244
1865,2024-04-04,Receita,Marketing,Earum cumque.,-5628.24,
1866,2024-09-14,Despesa,marketing,Eaque saepe laudantium illum.,-1324.84,PED-98487
1867,2025-02-13,receita,Logística,Tenetur porro voluptatum consequuntur.,6904.23,PED-99592
1868,2024-03-27,Receita,Receita,Esse et qui nam.,4080.68,PED-28070
1869,2025-09-05,Receita,Logística,Quasi et fugiat repellat.,-2363.09,PED-55433
1870,2024-06-12,receita,Tecnologia,Natus sunt ullam iure voluptate.,7156.12,PED-11558
1871,2024-08-14,Despesa,Tecnologia,Laborum ipsam.,11785.49,PED-29566
1872,2025-06-09,Receita,marketing,Nam eum odit est.,6466.72,PED-37508
1873,2024-09-23,Receita,Tecnologia,Debitis laboriosam recusandae tenetur.,3740.07,PED-82432
1874,2025-05-01,Despesa,RH,Neque odio.,-1186.81,PED-21255
1875,2024-06-28,Receita,RH,Ipsam fuga illum suscipit.,7402.62,
1876,2024-04-08,receita,RH,Tempora aperiam sapiente porro inventore.,9058.88,PED-13945
1877,2026-01-24,Receita,Tecnologia,Minus soluta eum.,9475.0,
1878,2025-12-06,receita,Receita,Numquam natus delectus.,8685.98,
1879,2025-08-23,receita,RH,Reiciendis assumenda odit animi.,5715.26,PED-62870
1880,2024-09-15,receita,Tecnologia,Aperiam voluptate delectus.,-7535.2,
1881,2025-04-01,Receita,Logística,Labore enim labore.,3363.82,PED-89036
1882,2025-05-30,receita,marketing,Officiis itaque necessitatibus illo aliquid.,10973.85,PED-18350
1883,2025-06-16,Receita,RH,Nihil nobis occaecati commodi.,-5827.23,PED-84647
1884,2025-09-26,Despesa,Logística,Culpa vel eius.,-6135.17,
1885,2024-10-17,Receita,Receita,Neque aliquid.,4067.28,
1886,2024-11-03,Receita,Marketing,Nemo quo saepe laboriosam iste.,10226.91,PED-60579
1887,2024-10-15,Receita,marketing,Molestiae minus fuga.,-2177.89,
1888,2024-04-08,receita,Marketing,Praesentium facilis tempora.,-626.95,
1889,2025-06-27,receita,RH,Quae voluptatibus optio molestiae.,-177.89,
1890,2026-01-15,Despesa,RH,Consectetur dolor unde voluptatum.,1565.02,PED-19012
1891,2024-10-05,Receita,marketing,Labore illum ex atque similique.,9408.98,PED-50600
1892,2024-08-25,Despesa,Receita,Maiores eveniet amet quibusdam accusantium.,1495.6,PED-89129
1893,2025-03-03,Despesa,marketing,Velit eum voluptas ratione.,2049.5,PED-99762
1894,2025-04-29,receita,marketing,Modi consectetur accusantium.,-7851.13,PED-28702
1895,2025-05-27,Receita,RH,Debitis quam esse fugiat.,4096.97,PED-42353
1896,2025-06-16,Despesa,RH,Cumque laudantium repellat totam.,1204.09,
1897,2025-01-03,Despesa,Marketing,Fugiat animi saepe culpa.,-2241.76,PED-69809
1898,2025-01-04,Despesa,Receita,Ipsa autem.,7846.94,
1899,2024-09-11,receita,marketing,Sapiente qui fugit molestiae.,-4408.44,PED-90967
1900,2025-06-02,receita,RH,Cum officiis quos fugit veritatis.,10216.66,
1901,2025-04-10,receita,Receita,Temporibus itaque.,10913.75,
1902,2024-07-08,receita,Receita,Tempora doloremque illum repellat.,2754.75,
1903,2024-03-17,Despesa,Receita,Architecto minus porro ullam.,6448.19,PED-38476
1904,2025-05-05,receita,Tecnologia,Nostrum nesciunt.,-5575.39,
1905,2025-11-10,Receita,Tecnologia,Recusandae autem veniam atque.,7330.78,PED-52731
1906,2025-12-26,receita,marketing,Sit laborum incidunt.,-2944.67,
1907,2024-08-31,receita,Marketing,Dolores ad ratione eius tempora.,-6536.09,PED-98555
1908,2024-06-23,receita,Logística,Rem sit officia corporis.,6919.15,PED-35480
1909,2025-11-27,Receita,Marketing,Omnis perferendis laborum.,-2987.89,PED-27888
1910,2024-09-28,Despesa,Receita,Aliquam ratione cum laborum eveniet.,1284.91,
1911,2024-11-16,Receita,Tecnologia,Quia deleniti eius voluptates.,5140.45,
1912,2025-07-09,receita,Logística,Atque suscipit.,8831.25,
1913,2025-06-17,Despesa,Marketing,Cum reiciendis modi repudiandae inventore.,-4455.27,PED-26272
1914,2024-07-21,Receita,Marketing,Quia distinctio quo labore necessitatibus.,5427.84,PED-11469
1915,2025-08-19,Receita,RH,Dolores fugiat laborum rerum.,-838.26,
1916,2025-07-13,Despesa,Tecnologia,Assumenda in alias ratione odio.,-3676.67,
1917,2024-06-29,receita,Receita,Recusandae iure sint repudiandae sapiente.,-1833.51,
1918,2025-01-08,Receita,RH,Doloribus magni similique repellendus.,7342.28,PED-42728
1919,2024-10-19,Receita,marketing,Assumenda magni.,-6172.27,
1920,2025-04-19,Receita,Logística,Doloremque autem ab voluptatibus.,8410.53,
1921,2024-12-15,Receita,Marketing,Quae facilis voluptatum officiis veniam.,7938.48,
1922,2025-01-23,Despesa,marketing,At blanditiis esse nam iusto.,-7119.75,
1923,2025-07-28,receita,Logística,Asperiores excepturi excepturi est reprehenderit.,3241.08,
1924,2025-04-15,Despesa,RH,Accusantium molestiae.,10778.46,
1925,2024-08-10,Receita,Marketing,Non aperiam.,-868.47,
1926,2024-10-08,receita,Receita,Vitae voluptatum doloremque.,-1675.2,
1927,2024-09-16,receita,marketing,Accusamus commodi.,-6679.67,PED-46497
1928,2025-06-21,Receita,Marketing,Alias ipsa repellat.,9709.2,PED-63883
1929,2025-08-24,Despesa,RH,Voluptates expedita qui repellat.,11662.05,
1930,2024-06-20,receita,Marketing,Tenetur est.,3997.34,PED-92689
1931,2024-11-17,Despesa,Receita,Nobis nam quasi reiciendis.,-5341.37,PED-32980
1932,2024-08-11,Despesa,RH,Quos ex aperiam.,-6649.73,PED-12313
1933,2025-06-28,receita,Tecnologia,Eligendi harum.,4811.84,
1934,2024-09-20,Receita,Marketing,Amet sunt culpa consectetur adipisci.,4326.97,PED-26260
1935,2024-09-15,Receita,Receita,Magni quod.,569.96,
1936,2024-02-20,Receita,marketing,Ab ab maiores fugiat nam.,-509.53,
1937,2025-08-26,Receita,RH,Atque cumque quos.,-3912.29,
1938,2024-02-14,Despesa,Tecnologia,Dolorem ex animi.,11771.03,PED-68160
1939,2025-03-26,Receita,Logística,Neque saepe vero laborum delectus.,-1649.23,PED-15191
1940,2025-04-30,Despesa,Logística,Quisquam deleniti.,7011.02,PED-40016
1941,2024-07-23,receita,marketing,Rerum doloremque vitae ab.,-3883.65,
1942,2024-02-04,Despesa,Receita,Accusantium repellendus sint nostrum.,6390.04,PED-89700
1943,2024-10-02,Despesa,Logística,Harum fugiat esse.,-4329.09,
1944,2025-01-10,Receita,RH,Consequuntur maxime.,-6600.3,
1945,2024-09-22,Despesa,marketing,Sit pariatur.,10765.49,
1946,2024-08-15,Receita,Tecnologia,Sapiente est soluta asperiores.,2976.94,
1947,2026-01-11,Despesa,Marketing,Quisquam recusandae voluptates facere.,524.8,PED-71220
1948,2024-11-01,Receita,Receita,Harum necessitatibus laborum eos labore.,-4049.27,
1949,2024-08-27,Despesa,marketing,Sed maxime ratione fugiat.,-1937.99,PED-85552
1950,2025-05-03,Despesa,marketing,Sed aliquid.,-2562.78,
1951,2025-07-09,receita,RH,Expedita beatae numquam quo magnam.,-445.65,PED-71697
1952,2025-12-24,receita,Tecnologia,Incidunt molestiae tempora nulla.,4187.88,
1953,2025-02-18,receita,Marketing,Aspernatur dolorem debitis veritatis.,7238.59,
1954,2024-10-03,receita,Tecnologia,Excepturi ipsa quis placeat.,2743.95,
1955,2025-10-29,receita,RH,Quam hic ab cumque impedit.,1273.02,PED-69454
1956,2025-05-20,receita,Tecnologia,Voluptatibus laborum sapiente numquam deserunt.,4120.51,PED-19429
1957,2025-05-06,Receita,Receita,Aliquam tempore tempore quibusdam.,1385.17,
1958,2024-09-24,Receita,Marketing,Numquam molestiae et.,9233.1,PED-59054
1959,2025-10-06,receita,RH,At itaque sed nostrum.,10805.7,PED-58908
1960,2024-10-24,receita,Logística,Assumenda culpa dolor officia.,4820.97,
1961,2025-04-16,receita,Marketing,Ipsam assumenda.,11849.45,PED-26315
1962,2024-10-24,Despesa,marketing,Excepturi inventore cumque nisi.,-4115.44,PED-67186
1963,2025-09-06,Despesa,Logística,Sit molestias.,2192.17,PED-74044
1964,2024-04-22,Despesa,Marketing,Vero ipsa consequatur.,5018.13,
1965,2025-06-14,Receita,RH,Sed saepe animi ratione.,-7309.85,
1966,2024-07-06,Despesa,Receita,Modi ut velit aliquam asperiores.,4906.67,PED-44253
1967,2024-06-02,Despesa,marketing,Provident quas consequatur quis.,-2914.24,
1968,2024-11-28,Receita,Marketing,Error aliquam ea sunt.,7419.44,PED-94462
1969,2026-01-21,receita,Receita,Dolorem sequi nihil maiores laboriosam.,3723.21,
1970,2025-04-12,receita,marketing,Neque nesciunt quam voluptatem sed.,8594.99,PED-43144
1971,2025-07-07,Despesa,Tecnologia,Accusamus molestias fugit.,5169.72,PED-60172
1972,2024-02-06,Despesa,RH,Dignissimos sint dolores.,7049.25,
1973,2026-01-04,Despesa,Tecnologia,Nemo velit perspiciatis libero.,7533.82,
1974,2024-04-27,receita,Receita,Quos laudantium recusandae consequatur.,-3809.49,PED-62162
1975,2025-03-23,Receita,marketing,Nisi dolorum odit ad perspiciatis.,8327.79,
1976,2025-11-04,Receita,Receita,Natus quae doloribus nihil.,356.79,PED-64636
1977,2025-08-26,Despesa,RH,Aliquam labore.,-4587.31,
1978,2025-02-18,Despesa,marketing,Facilis saepe aspernatur tempore dolore.,-4039.59,
1979,2024-12-20,receita,Tecnologia,Id delectus consequuntur.,8287.41,
1980,2024-05-25,Receita,Receita,Libero omnis amet aperiam sunt.,-4345.41,PED-35150
1981,2025-08-06,receita,RH,Odio dolorem.,4536.75,
1982,2025-01-01,Despesa,marketing,Cum unde placeat labore velit.,-6403.8,PED-21233
1983,2024-04-02,Receita,Logística,Repellendus corporis mollitia distinctio.,-6714.75,
1984,2024-02-04,receita,RH,Nulla perspiciatis ratione earum ab.,5456.09,
1985,2025-07-09,Receita,Logística,Dolor id nisi adipisci.,7035.97,
1986,2024-04-29,Receita,marketing,Facere illo tempora quas.,2446.69,PED-10951
1987,2025-06-10,Despesa,Tecnologia,Quia dicta earum.,11737.94,PED-44843
1988,2025-12-16,receita,Logística,Reprehenderit quam ea ullam.,4087.43,PED-54112
1989,2024-07-24,Despesa,Logística,Numquam rerum magni.,11988.9,PED-41404
1990,2024-04-19,Despesa,RH,Temporibus quod qui.,-431.29,PED-17502
1991,2025-08-12,receita,Marketing,Blanditiis ducimus omnis nam.,-7938.31,
1992,2025-05-13,Receita,Tecnologia,Error excepturi illum.,-5542.11,PED-79550
1993,2024-09-26,Despesa,marketing,Quis magni tempora ipsum officia.,-631.4,PED-91048
1994,2025-05-18,Despesa,RH,A corrupti quia.,5204.57,PED-10410
1995,2024-12-07,Receita,Receita,Illo consequuntur ducimus odio earum.,-795.89,PED-15997
1996,2024-02-17,Despesa,RH,Reprehenderit facilis architecto.,-3328.83,PED-73509
1997,2025-08-31,Despesa,Tecnologia,Voluptates ut totam consequatur molestiae.,7879.21,PED-55656
1998,2024-12-09,receita,Receita,Officiis consequuntur esse modi.,9142.0,PED-23166
1999,2025-03-27,receita,Tecnologia,Culpa libero dolorum.,-4098.46,
2000,2024-12-27,Receita,RH,Corrupti facere delectus.,7936.42,PED-49498
2001,2024-03-26,Receita,RH,Consequatur sint nemo fuga voluptate.,11101.02,
2002,2024-12-13,Receita,marketing,Ducimus natus consequuntur.,-4591.34,
2003,2024-04-17,Receita,RH,In similique corrupti.,11867.23,
2004,2024-10-31,receita,RH,Sit error omnis sint.,7326.18,PED-38885
2005,2024-09-18,Despesa,RH,Assumenda harum.,11030.08,
2006,2025-08-13,Despesa,marketing,Laborum laboriosam ratione.,10454.72,PED-93040
2007,2024-10-24,Receita,Receita,Provident dicta quisquam.,-1343.98,
2008,2025-12-03,Despesa,Logística,Esse distinctio eos reprehenderit.,-459.79,PED-60023
2009,2025-02-17,Receita,marketing,Numquam magni quasi enim.,-2818.12,
2010,2025-08-22,Receita,Marketing,Ipsa maxime.,-1195.24,
2011,2025-07-18,Despesa,Marketing,Accusantium eaque voluptatibus maiores hic.,3456.78,PED-26700
2012,2024-02-28,receita,Tecnologia,In quos assumenda totam nesciunt.,6738.36,
2013,2024-04-29,Despesa,Tecnologia,Sit illo molestias vitae aliquam.,-4202.85,PED-60875
2014,2024-11-05,receita,Logística,Maxime quidem tempora assumenda.,7950.36,
2015,2024-11-13,Receita,RH,Ea ad sapiente omnis quae.,-7816.23,PED-70372
2016,2025-01-21,Receita,Logística,Ipsam ut similique temporibus.,8744.33,PED-75514
2017,2025-10-27,Receita,Tecnologia,Accusamus corporis consequatur.,-2332.14,
2018,2025-04-03,Despesa,Logística,Natus deserunt accusantium.,-1822.17,PED-26182
2019,2025-02-19,Despesa,Tecnologia,Beatae ab similique autem optio.,1565.65,PED-38272
2020,2025-12-21,receita,Receita,Debitis vitae accusantium necessitatibus quisquam.,11329.91,PED-17708
2021,2025-01-07,Receita,Receita,Deleniti velit repudiandae.,-3787.74,
2022,2024-02-21,Receita,RH,Magnam nihil porro beatae.,6547.91,
2023,2024-03-11,Receita,Tecnologia,Expedita aspernatur eum magni.,-154.29,PED-65369
2024,2025-10-03,receita,RH,Rerum accusamus eaque quia.,-178.74,PED-79185
2025,2025-06-08,receita,Receita,Quasi iure veniam voluptatem dolorem.,10461.28,PED-81828
2026,2024-12-13,Receita,marketing,Numquam velit non.,-1531.63,
2027,2025-03-23,Despesa,Logística,Suscipit minima.,1150.65,
2028,2025-11-11,receita,Receita,Cumque laudantium eaque.,1648.83,
2029,2025-10-19,Receita,Receita,Quis temporibus sit.,-4086.9,
2030,2025-11-07,receita,Receita,Autem tenetur fugiat.,9122.83,
2031,2025-04-19,receita,RH,Sint blanditiis ducimus.,5588.91,
2032,2024-04-12,Receita,Logística,Itaque quae fugiat officia.,11483.18,
2033,2024-11-05,Receita,Tecnologia,Enim quia.,5001.96,PED-87777
2034,2025-10-11,Receita,Receita,Nihil magni quas temporibus.,6451.01,
2035,2024-02-14,Receita,marketing,Perferendis odio quo unde nisi.,-67.1,
2036,2025-04-14,Despesa,Receita,Dolorum doloremque.,-492.57,
2037,2025-01-19,receita,Receita,Iure dignissimos possimus.,-357.98,PED-92881
2038,2025-07-19,receita,Marketing,Suscipit illo atque ad.,-5599.99,
2039,2025-08-26,receita,Receita,Ratione enim molestias mollitia.,5375.84,
2040,2025-12-09,Receita,Tecnologia,Aut dignissimos expedita est.,3459.64,PED-85055
2041,2025-10-23,receita,Receita,Quam corrupti assumenda.,6907.19,
2042,2024-09-23,receita,RH,Ducimus odit.,11999.08,PED-66840
2043,2024-12-18,Despesa,marketing,Eius maiores dolor repellat.,-6011.17,
2044,2026-01-07,receita,Receita,Debitis vel quia.,-7605.07,PED-82883
2045,2024-08-08,Receita,Tecnologia,Iure facere aperiam facilis.,8742.88,
2046,2024-10-07,Receita,Receita,Sequi maxime consequatur.,9952.05,
2047,2024-09-23,Receita,Tecnologia,Unde et rerum similique necessitatibus.,944.66,
2048,2025-09-04,Receita,marketing,Vel reiciendis in in atque.,3501.62,
2049,2024-10-27,Receita,Tecnologia,Impedit laboriosam debitis necessitatibus.,-2864.79,
2050,2024-02-17,Receita,Tecnologia,Modi ducimus aliquid.,-2028.44,
2051,2024-12-16,receita,Receita,Omnis accusamus.,-7998.29,
2052,2025-07-25,Despesa,Logística,Occaecati vitae tempora repudiandae.,5183.15,
2053,2025-05-04,Despesa,RH,Unde molestias officia voluptatum.,5902.03,PED-78506
2054,2024-03-20,Despesa,Tecnologia,Ad consequatur officiis et sint.,2211.81,
2055,2024-09-23,Receita,Marketing,Dicta dolorem quas.,-4238.53,
2056,2024-07-14,Receita,Tecnologia,Praesentium eaque reprehenderit.,3041.41,PED-87566
2057,2025-08-02,receita,marketing,Hic mollitia quis.,6582.09,
2058,2025-05-14,Despesa,Logística,Dolor ex.,-2786.51,
2059,2024-11-18,receita,RH,Error ea.,-6334.92,PED-43315
2060,2024-08-18,Despesa,marketing,Recusandae repellendus.,2718.09,PED-19248
2061,2024-09-09,Despesa,Receita,Cupiditate reiciendis.,4911.42,
2062,2024-05-02,receita,marketing,Eligendi esse earum.,-1672.79,PED-66836
2063,2025-03-26,Receita,Tecnologia,Unde ut.,-3050.05,
2064,2025-10-08,Despesa,Marketing,Laborum culpa deserunt neque.,5679.58,
2065,2025-06-28,receita,Receita,Vitae necessitatibus aliquam modi adipisci.,-6220.52,PED-53714
2066,2026-01-01,Receita,marketing,Libero nostrum facere beatae.,-2527.06,PED-22838
2067,2025-03-22,Receita,RH,Quis error.,11035.66,
2068,2024-04-16,Despesa,Receita,Aliquid reiciendis dolores et quasi.,9510.24,PED-87178
2069,2025-04-29,Receita,Tecnologia,Aspernatur quis minus sapiente.,-1022.0,PED-84993
2070,2025-12-21,Despesa,Logística,Dignissimos nostrum.,4149.34,
2071,2024-12-30,receita,RH,Perferendis veniam ea ipsum nisi.,-4386.55,PED-98842
2072,2024-05-01,receita,Tecnologia,Sapiente porro.,-5448.56,
2073,2024-07-29,Despesa,marketing,Quia culpa.,-5146.6,PED-84391
2074,2025-06-27,Receita,Receita,Molestiae aperiam consequuntur maiores.,4783.87,
2075,2024-05-13,Despesa,Tecnologia,At voluptatibus architecto.,364.87,
2076,2024-05-30,receita,Logística,Dolore rem aliquid ex.,7969.38,PED-75828
2077,2024-08-26,receita,RH,At quia minus cum.,2411.89,PED-39984
2078,2025-10-26,Despesa,Marketing,Ullam pariatur ipsa.,10949.09,PED-63282
2079,2025-06-01,Receita,Receita,Iste sed nam eveniet.,-6410.5,
2080,2024-09-16,Receita,Tecnologia,Omnis enim deserunt.,-6851.77,PED-47467
2081,2025-12-18,Receita,RH,Rem ipsa alias quo.,5540.66,PED-27881
2082,2025-12-30,receita,Tecnologia,Asperiores quis magnam.,5702.44,
2083,2024-11-08,receita,Marketing,Cum porro ut.,4325.73,PED-10955
2084,2025-07-25,Despesa,Tecnologia,Reiciendis consequatur.,6993.36,
2085,2024-12-01,Despesa,RH,Doloremque fugiat.,11292.95,
2086,2025-12-20,Receita,Marketing,Officia neque expedita.,-658.98,PED-27474
2087,2025-02-15,Receita,RH,Cupiditate deserunt accusamus veniam.,1910.16,PED-32345
2088,2025-03-27,Receita,Logística,Mollitia tenetur occaecati voluptatibus tempore.,10280.9,
2089,2025-06-17,receita,Logística,Similique itaque nisi.,1662.49,
2090,2024-11-03,Receita,Receita,Aliquid fugiat quisquam sit.,4623.53,
2091,2025-06-15,receita,Receita,Omnis maiores hic alias.,2310.58,PED-14643
2092,2025-07-02,Despesa,RH,Ea minima.,-6850.07,PED-10772
2093,2025-01-29,receita,Logística,Commodi quidem.,-922.15,PED-10675
2094,2025-08-27,Despesa,marketing,Blanditiis sint.,41.36,
2095,2025-06-18,receita,RH,Doloribus temporibus quaerat sit.,-4049.11,
2096,2025-06-05,receita,Marketing,Tempora ipsa doloribus corporis.,10262.18,
2097,2025-08-06,Despesa,Logística,Exercitationem adipisci laborum id.,-3478.1,PED-61820
2098,2025-01-12,receita,Logística,Nulla molestias ipsa.,566.83,PED-33878
2099,2025-01-23,Receita,RH,Facere quasi fuga sequi.,5125.59,
2100,2024-04-18,Receita,Logística,Amet accusantium ab.,6941.82,PED-10761
2101,2025-07-05,Despesa,marketing,Quod praesentium itaque.,-5786.69,
2102,2024-10-16,Receita,RH,Nihil nisi illum ad dolor.,421.12,
2103,2024-09-17,Receita,Receita,Veritatis voluptas illo fuga.,-4020.16,PED-72822
2104,2024-05-29,Receita,RH,Temporibus quibusdam vel.,1781.36,
2105,2025-10-22,receita,RH,Velit voluptatibus tempore qui facilis.,2037.17,
2106,2025-10-10,Receita,Marketing,Impedit esse accusamus sint.,7854.26,
2107,2025-01-26,receita,Tecnologia,Unde itaque illum.,-7727.02,
2108,2025-01-31,Receita,Receita,Nihil quas rem.,8596.72,
2109,2025-06-07,receita,RH,Similique repellat sint architecto deserunt.,-2210.67,
2110,2025-11-13,receita,marketing,Sequi voluptatum fugiat occaecati.,4352.26,
2111,2025-10-01,Receita,Logística,Quam amet sit error.,7334.55,
2112,2024-11-07,Despesa,RH,Aliquam excepturi deserunt minima.,-4031.75,
2113,2025-10-08,Receita,Tecnologia,Veniam quia vel rerum.,4578.16,
2114,2025-10-03,Receita,marketing,Quas adipisci reiciendis vitae.,25.66,
2115,2024-04-22,Receita,RH,Autem eligendi.,-7646.77,
2116,2024-11-21,Receita,RH,Suscipit facilis itaque eveniet.,145.94,
2117,2024-02-10,Receita,Logística,Impedit quam ipsam.,521.52,PED-18041
2118,2025-12-29,Despesa,Marketing,Dolorum facilis.,-1914.2,PED-45290
2119,2024-11-11,receita,Logística,Culpa eveniet adipisci commodi.,6231.71,PED-42370
2120,2025-10-13,Receita,marketing,Fugiat corporis asperiores reprehenderit vitae.,-7182.22,PED-16832
2121,2025-01-06,Receita,Logística,Provident unde cupiditate atque.,1441.16,
2122,2024-02-26,receita,marketing,Iusto ullam earum harum ab.,-2954.74,PED-74393
2123,2025-03-28,receita,Logística,Voluptates quia ipsa.,-5769.43,
2124,2024-05-30,Despesa,Tecnologia,Magnam cumque beatae.,7409.27,PED-27079
2125,2024-02-23,receita,Receita,Accusamus libero quisquam facilis quod.,8200.7,PED-87189
2126,2025-09-22,Receita,Receita,Voluptate sequi perspiciatis accusamus.,-2481.06,PED-86588
2127,2025-10-16,Receita,Marketing,Et ipsum sed nemo.,-5390.29,
2128,2025-11-09,Receita,Tecnologia,Atque sunt corporis unde.,11366.6,
2129,2025-10-31,Receita,Receita,Quis qui delectus.,915.4,
2130,2024-10-21,Despesa,Tecnologia,Ipsum sapiente voluptatem quis.,-1142.04,
2131,2025-03-14,Despesa,Receita,Iusto reprehenderit enim.,-4926.55,
2132,2025-07-29,receita,Tecnologia,Voluptate sunt deserunt ducimus aliquid.,6232.06,PED-83445
2133,2024-05-03,receita,RH,Nihil cum dolor.,4597.29,PED-25391
2134,2024-08-26,Receita,RH,Ad alias libero nesciunt.,380.08,
2135,2024-03-30,Receita,Tecnologia,Quod architecto quibusdam.,-2517.03,PED-26899
2136,2024-05-25,Receita,Tecnologia,Reiciendis veritatis incidunt.,-6784.13,PED-34928
2137,2025-06-02,receita,Receita,Fugiat beatae rem corporis.,2649.4,
2138,2025-12-07,Receita,RH,Quia magni minima.,7014.56,PED-60351
2139,2025-05-26,receita,Tecnologia,Dolorum unde qui aut.,-2570.12,
2140,2024-12-29,Receita,Tecnologia,Voluptate velit ullam.,-3643.85,PED-11161
2141,2025-08-15,Despesa,Receita,Recusandae sapiente inventore blanditiis sed.,6411.58,PED-43925
2142,2024-02-07,Receita,Logística,Veritatis culpa necessitatibus rem iusto.,6165.09,
2143,2025-06-25,Receita,marketing,Omnis vero.,-7087.75,PED-41223
2144,2025-02-24,Receita,Receita,Enim qui laborum.,-5037.21,
2145,2024-02-12,receita,Marketing,Neque similique.,4848.26,
2146,2024-10-21,Despesa,Marketing,Id explicabo a odio.,-7972.0,PED-55542
2147,2024-10-17,receita,Marketing,Facilis eligendi.,10928.56,PED-81994
2148,2024-08-27,Despesa,marketing,Ratione dolores.,166.86,PED-90148
2149,2025-11-22,receita,Marketing,Odit temporibus cum.,4519.11,PED-11364
2150,2025-01-30,Receita,Receita,Doloribus occaecati.,11304.55,PED-33165
2151,2025-02-15,Receita,Tecnologia,Aliquid inventore eius.,5146.35,
2152,2025-12-21,Despesa,Receita,Reiciendis reprehenderit.,5762.31,PED-95698
2153,2024-03-06,Despesa,Receita,Doloribus doloremque doloremque animi quibusdam.,4086.83,PED-37021
2154,2024-02-24,Receita,Logística,Ipsa animi perferendis velit ratione.,-2624.13,PED-86239
2155,2025-10-09,Receita,RH,Facere voluptatibus maiores quae doloribus.,-3365.54,PED-66872
2156,2025-08-25,Receita,RH,Et quaerat est quis.,-6126.18,PED-33791
2157,2024-06-17,Receita,marketing,Culpa facilis expedita.,-4222.8,
2158,2025-03-11,Despesa,Logística,Facere eligendi nulla.,-7579.05,
2159,2025-08-26,receita,Receita,Autem quidem consectetur nam.,4156.44,
2160,2024-08-30,Receita,RH,Odio nesciunt nemo.,-3094.92,PED-94557
2161,2024-05-09,Receita,Receita,Consequuntur deserunt dolore alias.,2535.57,
2162,2024-06-15,receita,RH,Nemo odio quas.,-7585.68,
2163,2025-05-31,Receita,marketing,Natus quis consequuntur.,7402.35,
2164,2025-05-01,Despesa,Tecnologia,Quam perspiciatis repellat.,-7730.06,
2165,2024-08-14,Despesa,Receita,Doloremque sapiente vero eos.,8365.11,
2166,2024-08-29,Receita,RH,Eligendi aspernatur officiis.,7193.44,
2167,2024-08-10,receita,Logística,Fugiat eos facilis autem officia.,1578.17,
2168,2024-04-27,Despesa,Receita,Dolore minus commodi earum.,-2650.87,
2169,2024-05-23,Receita,Marketing,Reiciendis ab asperiores.,-5943.69,
2170,2024-05-01,Despesa,RH,Facilis aliquid ut reiciendis.,-5163.3,
2171,2024-09-01,Receita,RH,Voluptatibus molestiae.,-292.34,PED-56309
2172,2025-01-17,Receita,Receita,Alias rerum natus laboriosam.,-305.12,PED-24733
2173,2024-06-11,Receita,Marketing,Reprehenderit cupiditate unde.,-3509.55,PED-46937
2174,2026-01-21,Receita,Tecnologia,Nesciunt quidem doloribus.,-1325.5,
2175,2025-05-10,Receita,Tecnologia,Veniam facere magni.,-4977.94,PED-66181
2176,2025-11-04,Despesa,marketing,Quasi explicabo.,5588.67,PED-29689
2177,2025-11-20,Despesa,Logística,Officiis itaque recusandae sint.,-1032.29,PED-23621
2178,2025-02-17,receita,Receita,Tenetur eius error deserunt voluptas.,-617.75,
2179,2024-08-04,Receita,marketing,Architecto quos eius commodi id.,7555.68,PED-29213
2180,2025-08-22,Receita,RH,Adipisci amet.,933.91,
2181,2024-12-28,Receita,Tecnologia,Voluptates aliquam.,549.06,
2182,2025-04-01,Receita,Logística,Maxime reprehenderit sapiente sed veniam.,11895.43,PED-33838
2183,2024-11-18,receita,Logística,Libero totam vitae.,1884.13,PED-73083
2184,2024-06-25,Despesa,Receita,Iusto aut placeat.,-1330.7,
2185,2025-06-14,receita,RH,Necessitatibus amet modi.,2986.79,PED-80614
2186,2024-05-14,Despesa,Tecnologia,Dicta rerum.,8428.08,
2187,2024-06-29,Despesa,Receita,Cum quis facere distinctio.,436.82,
2188,2025-10-17,Despesa,Marketing,Culpa neque.,-3296.14,
2189,2025-06-25,Receita,Logística,Accusamus delectus maxime sequi vero.,3167.49,
2190,2025-07-09,Receita,Logística,Facilis tenetur nulla.,-782.83,PED-28264
2191,2026-01-15,receita,marketing,Nulla nisi incidunt inventore maxime.,8705.05,PED-82286
2192,2026-01-20,Receita,marketing,Excepturi iure asperiores.,8556.44,
2193,2026-01-18,Receita,Receita,Architecto nemo possimus.,6079.26,
2194,2025-11-02,Despesa,RH,Exercitationem optio.,-566.32,
2195,2026-01-03,receita,Tecnologia,Quaerat repellat velit id fuga.,9409.54,
2196,2024-10-20,receita,marketing,Saepe dolor quas laudantium.,-6420.13,
2197,2025-10-12,Despesa,RH,Provident odit in vitae.,-5005.66,PED-33910
2198,2024-12-11,Despesa,marketing,Id placeat temporibus.,6962.14,PED-49257
2199,2025-02-08,receita,Receita,Consequatur optio.,-1253.26,
2200,2024-07-27,receita,Marketing,Unde animi tempore nam.,-4882.25,
2201,2025-03-14,Despesa,marketing,Magnam nam dicta.,2065.91,PED-11424
2202,2025-05-16,receita,Receita,Numquam nam suscipit in et.,10964.84,PED-69545
2203,2025-06-22,Despesa,Tecnologia,Consequatur veniam ducimus voluptatibus id.,-1879.32,PED-39794
2204,2024-08-22,Receita,Logística,Velit quaerat.,11462.45,PED-78354
2205,2025-04-30,Receita,Receita,Eos repudiandae in.,-3762.72,
2206,2025-02-24,Receita,RH,Quod consectetur rem laudantium maiores.,-4326.12,
2207,2025-03-07,Despesa,RH,Aspernatur minima esse.,1548.33,PED-95550
2208,2025-02-18,receita,marketing,Illum molestias.,-6906.57,PED-58690
2209,2024-10-15,Receita,Logística,Pariatur accusantium necessitatibus ab.,-5831.98,PED-20198
2210,2024-08-14,Despesa,Logística,Officia similique aliquam.,-7439.02,
2211,2025-12-11,Despesa,Marketing,Voluptatem minus reiciendis tempora.,-6693.62,
2212,2025-12-26,receita,marketing,Quae maiores fugiat pariatur.,3033.83,
2213,2025-06-13,Receita,Logística,Ipsum corporis quas et.,-6299.21,
2214,2024-02-23,Despesa,RH,Nesciunt nesciunt impedit.,-7086.39,
2215,2024-03-30,receita,Marketing,Quae qui ex quae dolorem.,11610.83,PED-47015
2216,2025-12-28,Despesa,marketing,Sapiente vel quidem.,-1710.55,PED-61202
2217,2024-09-13,Receita,Receita,Repellendus alias sed harum voluptatibus.,5493.73,PED-53426
2218,2025-12-15,Despesa,Tecnologia,Soluta quis autem necessitatibus.,-5979.94,
2219,2024-04-16,Despesa,RH,Recusandae quae.,1539.06,PED-14903
2220,2025-07-12,Receita,marketing,Itaque facere itaque quo.,5647.48,
2221,2025-01-28,Despesa,marketing,Accusantium corporis quis.,9688.04,
2222,2024-05-24,Despesa,marketing,Suscipit mollitia.,11868.33,PED-75748
2223,2026-01-04,receita,marketing,Magnam illo laboriosam aperiam.,-1219.59,PED-57227
2224,2025-12-04,Receita,Receita,Similique repudiandae autem in velit.,7483.5,
2225,2024-10-20,Receita,Tecnologia,Sequi voluptatem cumque.,4137.54,PED-29975
2226,2024-04-30,Receita,Marketing,Minima expedita provident autem.,-5147.55,
2227,2024-07-08,receita,Marketing,Reiciendis nam omnis magni.,1096.16,PED-32245
2228,2025-03-10,Receita,Marketing,Accusantium doloremque nam iusto expedita.,-2397.65,PED-57622
2229,2025-06-18,Receita,Marketing,Cumque dolorum illo voluptate.,-4416.27,PED-70390
2230,2025-03-20,receita,Logística,Ex et deserunt.,7262.93,
2231,2025-02-24,Receita,Tecnologia,Excepturi necessitatibus.,1765.18,PED-57641
2232,2025-08-26,receita,RH,Ducimus debitis odit aperiam.,9140.02,
2233,2025-06-28,receita,Logística,Totam enim minus labore.,2249.59,PED-91871
2234,2025-07-21,receita,Marketing,Nulla veritatis.,5644.02,PED-76314
2235,2024-04-25,receita,Receita,Fugiat quae architecto maiores.,-7146.49,
2236,2024-06-05,Despesa,marketing,Impedit laudantium explicabo nihil.,5994.91,
2237,2024-07-28,Receita,Marketing,Architecto quasi.,-2186.79,PED-30736
2238,2025-03-07,Receita,marketing,Saepe similique hic eius.,-235.54,
2239,2024-08-18,receita,RH,Repellendus nisi sit.,1369.77,PED-80138
2240,2025-09-22,Receita,Marketing,Quisquam sapiente ex.,-4394.53,PED-24201
2241,2025-08-30,receita,marketing,Nesciunt repellendus omnis nisi culpa.,30.41,PED-18450
2242,2025-12-14,receita,Tecnologia,Occaecati sed sapiente veritatis doloremque.,1725.9,
2243,2024-06-06,receita,RH,Eligendi facilis harum.,-7234.35,PED-30413
2244,2025-02-13,Receita,Receita,Rem repellat quibusdam laboriosam.,-3730.6,
2245,2025-06-16,Despesa,RH,Earum omnis quisquam.,-6751.99,PED-57381
2246,2025-10-07,receita,marketing,Molestias itaque saepe perferendis consectetur.,-6918.45,PED-13007
2247,2025-09-03,receita,Logística,Soluta ducimus aliquam.,4713.75,
2248,2025-10-23,Receita,Logística,Quis iure.,101.37,PED-49103
2249,2024-03-21,receita,Tecnologia,Dicta accusamus.,-3717.9,
2250,2025-08-23,Receita,Marketing,Labore molestiae doloribus iste.,9899.13,PED-66168
2251,2025-03-30,receita,marketing,Ut molestiae adipisci asperiores quis.,-4027.89,PED-64932
2252,2024-12-11,receita,Tecnologia,Id magni soluta aperiam.,5776.61,PED-31061
2253,2024-10-26,receita,Receita,Odit non.,3406.34,
2254,2025-03-05,Receita,Receita,Eius nisi neque officia.,5359.25,
2255,2025-02-23,receita,Receita,Saepe quasi.,11727.36,
2256,2025-03-03,Receita,RH,Minima quam magnam animi.,10676.39,PED-75463
2257,2025-09-23,Receita,Receita,Aliquam molestiae quia cum distinctio.,127.73,
2258,2024-04-24,receita,marketing,Esse facilis quod magni porro.,4685.86,
2259,2024-05-29,Receita,marketing,Architecto exercitationem voluptas ex.,6914.15,PED-34596
2260,2024-08-27,Despesa,Tecnologia,Voluptas recusandae ea nobis explicabo.,7487.69,PED-88766
2261,2025-08-23,Receita,Logística,Repudiandae ipsum molestiae pariatur.,-3804.74,
2262,2025-05-24,receita,Logística,Odio ipsam itaque veritatis.,-7676.17,
2263,2025-07-26,Despesa,RH,Qui praesentium illo quia est.,4978.23,PED-69768
2264,2024-03-18,receita,Logística,Occaecati deleniti eum.,-955.78,PED-81102
2265,2024-04-03,Despesa,Logística,Sapiente libero neque.,-5732.4,PED-33044
2266,2025-06-18,receita,Logística,Asperiores perferendis perferendis odit.,-4462.1,
2267,2025-04-29,Despesa,RH,Voluptatum corrupti accusantium ad.,-368.73,PED-96455
2268,2024-11-29,Despesa,Logística,Qui dolore tenetur.,6041.85,
2269,2024-10-30,Receita,Marketing,Amet iure architecto eum nostrum.,4992.49,PED-90774
2270,2025-08-15,Receita,RH,Provident eius quidem praesentium.,6998.87,
2271,2025-08-03,Despesa,RH,Occaecati expedita aperiam error veritatis.,2067.23,PED-14277
2272,2024-09-05,receita,marketing,Saepe numquam fugiat totam commodi.,-3542.41,PED-69589
2273,2024-06-06,Receita,marketing,Incidunt qui cum.,9126.85,PED-26310
2274,2024-10-18,receita,RH,Esse fugit accusantium voluptates eos.,10159.87,PED-94523
2275,2025-03-16,Receita,Logística,Magnam minima alias delectus.,7643.92,PED-76527
2276,2024-06-04,receita,Receita,Odio cum mollitia sed.,-2710.02,
2277,2025-04-24,Receita,RH,Totam accusantium soluta ipsam.,-7346.51,
2278,2024-08-06,receita,Tecnologia,Sed autem.,8400.69,PED-88636
2279,2025-09-25,receita,marketing,Maiores soluta incidunt dolores veritatis.,11183.21,
2280,2025-10-18,Despesa,RH,Porro cum.,-4146.79,PED-94467
2281,2025-07-28,Receita,Tecnologia,Delectus optio.,582.05,PED-93397
2282,2024-05-25,Despesa,marketing,Totam earum nisi amet doloremque.,62.38,
2283,2025-06-17,receita,marketing,Autem non aliquid cumque.,-6008.44,
2284,2024-06-28,Despesa,Tecnologia,Dolores veniam nostrum magni fugit.,7685.63,PED-92223
2285,2025-04-17,Despesa,marketing,Doloribus iusto.,10974.01,
2286,2025-09-28,Receita,Marketing,Ipsum a.,748.42,
2287,2025-05-31,Receita,Tecnologia,Occaecati nostrum quas.,6151.52,PED-20324
2288,2025-11-16,Receita,Receita,Ipsum recusandae iusto.,6683.38,PED-69468
2289,2024-04-24,Receita,marketing,Officia quam eum quos.,5050.45,PED-39065
2290,2025-01-06,Receita,Tecnologia,Harum ad voluptate.,8809.14,PED-59559
2291,2025-06-08,Despesa,Marketing,Natus reiciendis ipsam.,-2500.7,
2292,2024-07-20,Despesa,Tecnologia,Iste repudiandae iusto molestias laudantium.,9338.78,PED-24540
2293,2024-08-15,Despesa,Marketing,At sapiente.,-5858.47,PED-47022
2294,2024-06-05,Receita,Marketing,Ipsa totam esse.,-6452.37,
2295,2024-03-08,receita,Marketing,Maxime minima id.,1820.74,PED-12877
2296,2025-10-02,Receita,RH,Autem consequuntur voluptatum.,11184.34,
2297,2025-01-02,Despesa,RH,Harum iste.,-494.91,PED-51102
2298,2024-02-15,Receita,marketing,Numquam sint.,-2024.9,
2299,2024-06-07,Receita,Logística,Explicabo quibusdam temporibus.,11874.79,
2300,2024-08-24,Receita,Tecnologia,Officia non nam ea error.,6833.94,
2301,2025-04-07,Despesa,Marketing,Fugit quibusdam perferendis fugiat.,2719.08,
2302,2024-06-01,Receita,Logística,Incidunt voluptatum qui reiciendis.,-5704.23,
2303,2025-03-31,receita,marketing,Unde necessitatibus sunt iusto.,-3604.78,PED-26591
2304,2025-04-15,receita,RH,Quidem reprehenderit sequi earum voluptatem.,-4015.25,PED-22054
2305,2025-09-30,Despesa,Tecnologia,Accusantium rerum id vel.,5038.49,PED-71216
2306,2024-08-23,receita,Tecnologia,Est quasi quibusdam.,10926.91,PED-35304
2307,2024-03-27,Receita,marketing,Reiciendis earum sapiente.,5741.15,PED-46842
2308,2024-03-04,Receita,Tecnologia,Ipsa vero beatae.,7863.06,PED-87015
2309,2025-01-30,Receita,marketing,Culpa ad assumenda commodi.,11075.24,PED-73941
2310,2024-02-05,receita,RH,Cupiditate perferendis facilis.,3926.6,PED-45608
2311,2024-08-15,Despesa,Marketing,Molestiae veniam voluptates animi.,4145.91,
2312,2024-11-19,Despesa,Logística,Omnis ipsum beatae laboriosam.,-520.79,
2313,2024-03-07,receita,marketing,Perspiciatis odit.,9788.99,PED-77024
2314,2024-03-19,Despesa,RH,Inventore voluptatibus.,-2130.53,PED-94554
2315,2025-08-13,receita,Marketing,Hic aspernatur non omnis.,-5707.0,PED-52294
2316,2024-05-19,Receita,Logística,Vero quisquam voluptate.,-3093.64,PED-38204
2317,2025-10-25,receita,marketing,Voluptas totam id iure.,7590.29,
2318,2025-07-14,receita,Receita,In harum cupiditate.,-7781.98,
2319,2025-11-02,receita,Tecnologia,Nam vel voluptates.,7904.79,
2320,2025-07-23,receita,Logística,Ratione quaerat.,4036.04,
2321,2025-02-27,Receita,Tecnologia,Aliquid ab deleniti.,-2439.03,
2322,2024-07-04,Despesa,Receita,Tempore necessitatibus.,435.0,PED-67043
2323,2024-07-03,receita,marketing,Quis ipsum.,-4057.53,PED-74740
2324,2024-09-04,Receita,Logística,Illum voluptatem quasi.,424.74,PED-26265
2325,2025-11-12,Receita,Tecnologia,Ratione est eligendi.,-1462.5,
2326,2025-10-24,Despesa,Marketing,Perspiciatis eos.,-2299.26,
2327,2024-06-27,receita,Logística,Sed reiciendis nam.,-5378.84,
2328,2024-04-20,Despesa,Tecnologia,Earum quidem fugit adipisci.,-7217.6,
2329,2024-07-13,Receita,RH,Neque impedit saepe.,-6097.6,PED-64405
2330,2024-07-12,receita,Logística,Nisi expedita eveniet laboriosam modi.,7073.85,
2331,2026-01-06,Despesa,Logística,In illo iure officia.,1876.37,PED-16169
2332,2024-07-05,receita,Receita,Nesciunt nisi nisi quam.,11679.34,
2333,2025-12-08,receita,Tecnologia,Hic voluptatum repellendus quibusdam.,-5945.13,
2334,2024-05-25,Receita,marketing,Autem autem.,-5897.29,PED-52317
2335,2024-04-04,Receita,marketing,Sint aut impedit voluptatibus.,-6239.67,
2336,2024-05-13,Despesa,Marketing,Quasi magnam.,-2806.25,
2337,2025-04-20,Receita,Logística,Excepturi quas quos perferendis.,-6499.16,PED-53165
2338,2024-02-22,receita,Receita,Assumenda vitae voluptatum non.,-4593.23,PED-28056
2339,2025-01-26,Receita,marketing,Cupiditate accusantium.,-1613.35,PED-29398
2340,2024-02-05,Despesa,RH,Autem corporis delectus commodi.,5364.71,
2341,2025-03-13,Despesa,RH,Nemo nobis illum ipsum.,5225.38,PED-46771
2342,2025-08-08,Despesa,RH,Quos vitae deserunt impedit.,-3483.39,PED-44578
2343,2025-02-01,Despesa,Marketing,A at dolorum iure.,-939.81,
2344,2025-05-24,Despesa,Marketing,Nostrum fugiat earum.,-6497.11,
2345,2025-03-09,Receita,Marketing,Totam architecto illo unde molestiae.,5409.98,PED-71361
2346,2025-04-24,Receita,RH,Non nulla.,-5909.31,PED-37349
2347,2025-10-02,receita,Receita,Dolor ratione impedit nemo doloremque.,1080.44,
2348,2024-04-18,Receita,marketing,Illo dignissimos velit rerum.,10333.94,PED-60538
2349,2024-10-08,Despesa,Tecnologia,Eveniet molestiae deleniti repellendus rem.,-3939.59,
2350,2025-09-25,Receita,Logística,Aut porro amet.,461.88,PED-99950
2351,2024-04-27,Despesa,Receita,Corrupti ex similique ullam architecto.,-5958.71,
2352,2025-04-02,Despesa,Marketing,Distinctio repudiandae necessitatibus.,-3188.75,
2353,2025-07-29,receita,Marketing,Corrupti in minima voluptate nostrum.,1524.81,PED-79584
2354,2024-03-07,receita,Logística,Rerum voluptates itaque excepturi.,-5633.48,
2355,2025-03-05,receita,RH,At expedita necessitatibus.,-3758.68,PED-62026
2356,2024-09-19,Despesa,Logística,Odio odio.,-6936.86,PED-45728
2357,2024-04-14,Receita,Marketing,Suscipit repudiandae nobis fuga.,4972.43,
2358,2024-10-25,receita,marketing,A consequatur praesentium maiores.,53.84,PED-87863
2359,2024-12-13,Despesa,Tecnologia,Eum modi dolorem.,1872.32,
2360,2025-05-31,Despesa,Marketing,Amet illo minima accusantium.,4926.9,
2361,2024-09-22,Receita,Marketing,Placeat optio beatae.,9901.17,PED-85396
2362,2024-06-03,Receita,Marketing,Rerum minima magnam iure natus.,2642.63,
2363,2024-04-02,Despesa,Receita,Temporibus ipsam sed possimus culpa.,6316.47,PED-61368
2364,2025-01-21,Receita,marketing,Natus quibusdam ut libero.,6678.49,PED-45162
2365,2025-01-16,Receita,marketing,Beatae odit velit vel ad.,7714.55,PED-55564
2366,2025-10-05,Despesa,Tecnologia,Ratione soluta sit.,-2240.43,
2367,2025-03-19,Receita,Tecnologia,Aut in nisi.,10155.65,PED-91542
2368,2024-04-13,Despesa,Logística,Quae occaecati iure fugit.,9051.28,
2369,2024-03-11,receita,Receita,Maxime facilis deleniti.,-6610.91,PED-34555
2370,2024-03-06,receita,marketing,Dolore quos assumenda quibusdam sit.,11244.86,PED-97298
2371,2025-09-07,receita,Logística,Impedit sit maxime iste optio.,-7583.46,
2372,2025-01-08,Receita,Receita,Veniam odit atque recusandae dolorum.,7205.22,PED-11275
2373,2024-11-01,receita,Tecnologia,Aut sed.,-7979.87,PED-42441
2374,2025-11-03,Receita,Marketing,Quae deserunt.,8378.53,PED-84352
2375,2025-01-12,Receita,Tecnologia,Impedit iste.,2062.93,
2376,2024-06-11,Receita,Logística,Tenetur dicta officia ut nam.,8077.85,PED-53997
2377,2025-12-22,receita,Receita,Inventore perspiciatis itaque laboriosam.,-984.38,PED-81527
2378,2024-03-24,Despesa,RH,Dolor modi.,-2929.26,
2379,2025-06-05,receita,Logística,Illo quod iste dolores labore.,6203.14,PED-77873
2380,2026-01-16,Receita,Logística,Odit deleniti perspiciatis dicta voluptatum.,5715.68,
2381,2025-03-01,Receita,RH,Vitae culpa.,9125.31,
2382,2025-08-27,receita,RH,Dolorum expedita aliquid.,-7381.91,PED-85705
2383,2026-02-01,receita,marketing,Asperiores dolore vitae libero ut.,6887.3,PED-35407
2384,2024-11-15,Despesa,Marketing,Alias nisi ea.,11309.06,PED-92167
2385,2024-08-19,Despesa,marketing,Alias cumque.,-2693.81,PED-99006
2386,2025-10-17,receita,RH,Itaque assumenda dolorem.,3782.96,PED-46208
2387,2025-10-20,Receita,Marketing,Quae dolores voluptatem itaque quasi.,3590.34,
2388,2025-08-23,receita,RH,Molestias quisquam quod.,3333.25,PED-55481
2389,2024-06-10,Receita,Marketing,Dignissimos temporibus tempore.,1978.54,
2390,2024-02-05,receita,Receita,Ullam dolore dolor cupiditate.,-4995.44,
2391,2026-01-31,receita,RH,Reprehenderit molestias dignissimos dicta.,-2234.8,
2392,2025-11-15,receita,Marketing,Maxime earum corporis.,-3653.49,
2393,2025-03-15,Receita,RH,Odit quos est officia.,-1883.57,PED-66403
2394,2024-06-27,Despesa,Marketing,Dolores earum nesciunt exercitationem.,-7001.96,PED-28051
2395,2024-06-07,receita,Tecnologia,Ut quidem perferendis in.,5306.52,
2396,2026-01-19,Receita,Receita,Ducimus fuga.,-2586.62,PED-35785
2397,2025-08-29,Despesa,Marketing,Impedit alias maxime debitis.,-2183.96,PED-14212
2398,2025-10-17,receita,marketing,Mollitia est tempore.,8234.18,PED-93498
2399,2026-01-08,receita,RH,Iste aperiam eligendi.,11338.14,PED-22863
2400,2026-01-22,receita,Tecnologia,Adipisci dignissimos magni provident rem.,-1785.28,PED-83912
2401,2024-12-28,Despesa,Logística,Quas ipsam recusandae repellendus.,8087.6,
2402,2024-03-22,receita,marketing,Quaerat deleniti quae.,326.25,PED-36151
2403,2025-12-06,receita,Marketing,Totam facilis.,-2053.32,PED-92355
2404,2024-10-27,Despesa,marketing,Molestias rerum.,-480.68,
2405,2024-07-04,Receita,Tecnologia,Quisquam fuga consequuntur ipsa.,838.03,PED-51059
2406,2026-01-05,receita,Logística,Consectetur eos nihil.,553.38,PED-65116
2407,2024-04-15,receita,Marketing,Libero autem animi assumenda pariatur.,10251.17,PED-13463
2408,2025-06-28,Receita,marketing,Excepturi excepturi animi rem.,4304.17,
2409,2024-08-13,Despesa,Tecnologia,Ducimus omnis.,-537.78,PED-91381
2410,2025-01-08,Receita,RH,Illo porro eius eaque.,-5481.28,
2411,2025-02-09,receita,Tecnologia,Sint incidunt suscipit.,1204.42,
2412,2026-01-18,Receita,Logística,Reprehenderit quaerat nemo.,8597.89,
2413,2024-06-26,receita,Tecnologia,Quod nihil.,-6052.02,PED-48086
2414,2024-04-04,Despesa,Logística,Animi deserunt id doloremque.,9286.28,
2415,2025-08-21,Despesa,marketing,Non inventore earum.,2325.28,PED-83668
2416,2025-04-20,Receita,marketing,Enim ex distinctio incidunt fugit.,9901.05,
2417,2025-12-04,receita,Receita,Quidem dolorem soluta exercitationem.,-1782.18,PED-10845
2418,2024-03-16,Despesa,Receita,Voluptatum eaque fugiat.,-3986.0,
2419,2025-10-29,Receita,Tecnologia,Culpa quasi.,9597.98,
2420,2025-09-24,Receita,marketing,Rem doloribus eaque perspiciatis assumenda.,-5927.86,PED-13231
2421,2024-09-20,receita,Marketing,A vero sit assumenda.,10520.89,PED-49311
2422,2025-12-05,receita,marketing,Iste facere reprehenderit quo perferendis.,8405.42,PED-81659
2423,2024-07-29,Despesa,Receita,Eaque quo.,782.6,
2424,2024-12-30,receita,marketing,Esse commodi dolore.,4723.94,
2425,2024-04-25,Despesa,Receita,Alias consectetur tempore laboriosam tempore.,-3186.36,
2426,2025-07-30,receita,RH,Nemo libero quas dolorem.,-2199.28,
2427,2024-02-27,Despesa,RH,Praesentium cupiditate sed.,-653.21,PED-46068
2428,2024-04-04,receita,Receita,Totam unde.,7997.1,PED-70812
2429,2024-04-06,receita,marketing,Qui velit eum.,-7440.59,
2430,2024-02-10,Despesa,RH,Sequi sequi.,-7779.61,
2431,2026-01-09,Despesa,Receita,Temporibus consequatur similique.,9864.42,PED-91248
2432,2024-04-19,Receita,Logística,Fuga delectus.,11255.93,PED-71329
2433,2024-11-16,receita,Marketing,Totam deleniti.,11635.07,
2434,2025-05-14,receita,Receita,Iste ipsum sint sapiente.,2501.11,
2435,2024-11-12,Receita,Receita,Aspernatur porro magnam saepe sunt.,-4971.95,PED-95974
2436,2024-08-02,receita,Receita,Fugit deleniti.,9173.28,PED-28355
2437,2025-01-01,Despesa,Logística,Accusantium quibusdam voluptates magnam similique.,10469.54,PED-18940
2438,2024-05-12,receita,RH,Expedita sit veritatis delectus quae.,4116.84,PED-33642
2439,2025-09-07,Receita,Receita,Molestiae totam suscipit id.,-1518.47,PED-86116
2440,2025-08-20,Despesa,Tecnologia,Voluptas mollitia expedita quia commodi.,8597.73,
2441,2025-08-28,Receita,Receita,Labore quos optio commodi.,-4816.41,
2442,2025-05-08,receita,Receita,Porro occaecati itaque animi cupiditate.,1528.26,
2443,2025-06-04,Receita,marketing,Magni exercitationem adipisci aliquam.,6563.26,PED-60342
2444,2025-05-26,Receita,Marketing,Qui ex sapiente sequi.,4238.07,
2445,2025-07-03,Despesa,Marketing,Deserunt qui amet earum.,830.57,
2446,2025-10-04,Receita,Logística,Deserunt animi.,-5846.78,PED-68918
2447,2024-06-10,Receita,Receita,Laudantium iure nihil.,3475.59,
2448,2024-05-04,receita,RH,Optio nemo corporis.,750.3,
2449,2025-02-02,Receita,Receita,Sit quo.,-4758.21,
2450,2025-10-25,Receita,Tecnologia,Aperiam distinctio.,-7515.14,
2451,2024-07-12,Receita,Marketing,Saepe odio ipsam.,8200.18,PED-10686
2452,2026-01-25,receita,Tecnologia,Voluptates quos nostrum minus.,2931.62,PED-19432
2453,2025-02-16,Receita,Receita,Incidunt perspiciatis natus aut.,6599.54,PED-94178
2454,2024-10-28,Receita,marketing,Nulla tenetur distinctio dolore.,3407.4,PED-72093
2455,2025-04-14,receita,Tecnologia,In reprehenderit est.,9995.12,
2456,2024-02-10,receita,RH,Quo itaque molestias laboriosam.,4509.41,
2457,2024-12-25,Receita,Tecnologia,Adipisci reiciendis incidunt.,-2035.46,PED-25456
2458,2025-04-28,Receita,Marketing,Doloremque aspernatur nulla laborum officiis.,4029.79,
2459,2025-10-09,Receita,Logística,Temporibus sint unde eveniet.,10445.47,PED-42949
2460,2024-10-15,Despesa,Logística,Inventore culpa nisi tenetur possimus.,-6640.94,PED-30691
2461,2024-04-17,Receita,Tecnologia,Harum id quod voluptatibus.,3507.12,PED-77863
2462,2025-05-22,receita,Tecnologia,Repudiandae eaque odit.,-6867.04,PED-24532
2463,2025-05-09,receita,Receita,Quas quos accusamus.,-7400.44,PED-54308
2464,2024-02-16,receita,marketing,Odio commodi alias.,-1309.18,
2465,2024-12-19,Receita,Tecnologia,Odit beatae rerum.,8335.25,
2466,2025-02-13,Receita,RH,Maxime doloremque recusandae.,-6541.76,
2467,2025-06-13,receita,Marketing,Corrupti adipisci nostrum.,10998.16,
2468,2024-12-15,Despesa,RH,Animi in voluptatum.,10932.01,
2469,2025-12-18,Receita,Marketing,Commodi laborum.,1931.93,PED-39523
2470,2024-02-15,receita,RH,Corrupti voluptate vitae.,-1931.63,
2471,2024-02-23,Receita,Marketing,Sequi vitae.,7472.26,PED-35712
2472,2024-04-25,Despesa,Receita,Neque enim quisquam in.,6758.47,PED-82416
2473,2024-09-26,Receita,RH,Ipsum in nisi ad.,7313.63,PED-26415
2474,2024-06-05,Despesa,RH,Sed facere quam.,2990.9,PED-25149
2475,2024-12-17,Receita,Tecnologia,Numquam optio nesciunt.,11650.69,PED-58196
2476,2025-08-24,Receita,Logística,Illum quaerat praesentium.,730.5,
2477,2025-10-24,Receita,Marketing,Id praesentium porro magnam.,3772.35,PED-39769
2478,2025-07-16,Despesa,Tecnologia,Atque aperiam voluptate maxime iure.,3360.97,
2479,2025-05-10,Receita,Marketing,Quas ex.,-6866.91,
2480,2025-06-17,receita,Marketing,Iste adipisci corporis doloribus.,-1717.48,
2481,2024-08-05,receita,marketing,Et hic.,4122.48,
2482,2024-10-01,Despesa,Marketing,Voluptates id mollitia.,-6472.44,
2483,2024-11-15,receita,Receita,Voluptatum omnis veritatis illo.,6704.37,
2484,2026-01-02,receita,Receita,Vel animi excepturi eaque.,-1945.62,PED-58094
2485,2025-04-02,Despesa,marketing,Fugit suscipit molestiae autem.,2536.88,PED-45066
2486,2024-10-30,Despesa,Tecnologia,Sequi odio.,2068.91,PED-17077
2487,2024-07-23,receita,Receita,Perferendis sit dolorem voluptates.,11011.27,PED-73728
2488,2025-01-13,Receita,marketing,Perferendis fugiat.,10240.98,
2489,2024-08-15,receita,Receita,Quas deserunt accusantium.,3059.31,PED-26088
2490,2024-03-09,Despesa,marketing,Quo quod expedita.,-7282.65,PED-40815
2491,2025-03-24,Despesa,RH,Magnam quaerat debitis laboriosam.,11060.9,PED-12790
2492,2025-05-06,Receita,Logística,Repellat minima nihil laboriosam.,-2440.65,PED-60354
2493,2024-06-16,Receita,Marketing,Possimus officia blanditiis voluptate.,-2418.15,PED-89920
2494,2024-08-08,receita,Marketing,Minima necessitatibus atque.,9255.46,PED-60418
2495,2024-07-21,Receita,marketing,Porro nesciunt.,-3885.4,PED-34173
2496,2025-09-11,Despesa,Marketing,Veniam quod labore delectus.,5208.05,PED-14103
2497,2024-05-10,Receita,Tecnologia,Dolorum ad cupiditate.,7089.56,PED-54068
2498,2024-07-13,Despesa,marketing,Doloremque accusamus ullam.,7145.04,PED-54688
2499,2025-01-22,receita,Receita,Tempore perferendis odit ratione.,10571.33,
2500,2024-06-24,Despesa,RH,Magni omnis fugiat.,11049.47,PED-98862
2501,2024-06-28,Despesa,RH,Veniam delectus rem optio.,476.7,PED-84488
2502,2024-08-16,Receita,RH,Quis optio.,1346.65,
2503,2025-04-21,Receita,Logística,Consequuntur eos qui.,7991.78,
2504,2024-08-12,Receita,Tecnologia,Voluptate blanditiis.,-2083.5,PED-84852
2505,2025-02-25,Receita,Tecnologia,Dolorem alias fugiat.,-2514.6,PED-45225
2506,2025-05-27,Despesa,Tecnologia,Beatae nulla sint.,-7753.22,PED-50225
2507,2024-09-01,receita,marketing,Occaecati fuga nemo reiciendis omnis.,876.17,PED-12263
2508,2025-06-02,Receita,RH,Temporibus eaque.,-7259.92,PED-57018
2509,2024-04-22,Despesa,Tecnologia,Beatae consequatur adipisci.,-3643.15,
2510,2025-03-19,receita,Tecnologia,Quas neque.,3028.96,PED-18394
2511,2024-07-13,Receita,Logística,Autem explicabo placeat odit debitis.,7319.54,PED-46194
2512,2026-01-05,receita,marketing,Optio ratione.,-3451.62,
2513,2024-11-07,Despesa,Receita,Atque aut quo.,-7008.41,
2514,2024-12-28,Receita,Receita,Earum quaerat nisi recusandae debitis.,2134.38,PED-67712
2515,2026-01-08,Receita,Tecnologia,Assumenda dolores quibusdam laborum facere.,6347.15,PED-17970
2516,2025-07-14,receita,Marketing,Commodi quae dolor porro.,5567.76,
2517,2025-10-12,Despesa,marketing,Provident officiis culpa temporibus.,-1005.41,PED-20155
2518,2025-09-25,Receita,Tecnologia,Itaque placeat ab excepturi mollitia.,-6451.0,PED-36744
2519,2024-09-17,Despesa,Logística,Minima commodi.,8582.76,PED-99262
2520,2025-06-19,Receita,Receita,Error ipsum tempore libero.,529.51,
2521,2026-01-03,Receita,Logística,Beatae vitae illo.,4139.33,PED-57223
2522,2025-02-25,receita,Receita,Et corrupti veritatis in.,-505.69,
2523,2025-12-22,Receita,Logística,Recusandae non.,-7107.79,
2524,2024-05-14,Receita,Tecnologia,Fugiat sequi tempora.,-3770.41,PED-51039
2525,2025-04-08,Receita,RH,Sed sit nulla tempora amet.,8614.54,
2526,2024-12-17,receita,Receita,Repellat minus occaecati.,-6431.1,
2527,2024-06-08,Despesa,Tecnologia,Voluptate voluptatum.,11956.26,PED-92617
2528,2024-05-01,Despesa,Receita,Libero suscipit quis unde quasi.,-5575.15,
2529,2025-08-10,Despesa,RH,Aspernatur modi dolores magnam.,5183.96,PED-78201
2530,2024-12-31,receita,Logística,Sint architecto nulla.,-4099.53,PED-85398
2531,2025-03-23,Receita,Logística,Aperiam tenetur dignissimos aperiam nobis.,-3138.53,
2532,2025-08-09,receita,Logística,Assumenda itaque doloremque ipsam.,6963.77,
2533,2024-04-19,receita,Receita,Eos sequi voluptates laboriosam.,11152.17,PED-63729
2534,2024-02-16,Receita,Logística,Aliquid quas.,3209.14,PED-20019
2535,2024-11-24,Despesa,RH,Repellat ut asperiores pariatur iure.,4104.37,PED-68847
2536,2024-05-07,Receita,Tecnologia,Sapiente maiores repellat voluptatum mollitia.,8556.42,
2537,2025-07-29,receita,Receita,Repellendus magni ex cupiditate.,3695.11,PED-28106
2538,2025-04-27,receita,Logística,Labore quisquam architecto.,-1723.11,PED-20683
2539,2024-06-22,receita,Tecnologia,Corporis quae eius distinctio.,11664.96,PED-85499
2540,2024-07-14,Despesa,marketing,Ipsam placeat repellat.,9997.45,
2541,2025-07-01,Receita,Marketing,Sapiente nisi earum.,372.51,PED-82689
2542,2024-07-10,Despesa,Marketing,Consequuntur quam modi quasi omnis.,-5472.04,PED-14466
2543,2025-01-21,Receita,Receita,Autem blanditiis voluptatum quidem libero.,-4661.29,
2544,2025-09-08,Despesa,Tecnologia,Sed atque.,10372.46,PED-65359
2545,2024-10-02,Receita,RH,Dolorem vero sed velit.,5938.57,PED-41645
2546,2025-02-21,Receita,Logística,Ratione neque repellendus ut.,9948.53,
2547,2026-01-26,Despesa,Marketing,Deleniti deserunt distinctio at sed.,-6524.95,PED-56525
2548,2024-06-15,receita,Receita,Sapiente dignissimos.,995.07,PED-67106
2549,2025-12-04,receita,Receita,Illum qui occaecati.,-5307.89,
2550,2024-06-02,Receita,Marketing,Aliquam quas.,3871.07,PED-58480
2551,2025-03-11,receita,Logística,Ipsum facilis sapiente.,771.74,PED-76672
2552,2024-12-28,Receita,marketing,Voluptatem accusantium asperiores.,-2053.03,
2553,2025-08-24,Despesa,Tecnologia,Delectus neque neque inventore.,9946.03,PED-85999
2554,2026-01-28,receita,Logística,Laborum consequuntur.,-318.65,
2555,2024-08-16,Receita,Receita,Animi dolores aspernatur labore.,9647.68,PED-37614
2556,2024-07-26,Despesa,Logística,Repudiandae ipsum labore iure.,3502.76,PED-90671
2557,2025-04-10,Receita,Logística,Nostrum laboriosam tenetur aliquam.,-2304.18,PED-25538
2558,2024-09-17,receita,RH,Autem non voluptate praesentium incidunt.,778.33,PED-32193
2559,2024-08-31,receita,Tecnologia,In numquam rerum corrupti.,7069.38,PED-40366
2560,2025-09-30,Receita,Marketing,Excepturi repellendus assumenda laborum neque.,-3863.14,
2561,2024-09-27,Receita,Tecnologia,Adipisci maiores.,10050.83,
2562,2024-05-25,Receita,RH,Error aut necessitatibus culpa.,8650.09,PED-13378
2563,2025-02-27,Receita,Logística,Error non aliquid.,10836.12,PED-84863
2564,2024-06-14,Despesa,RH,Suscipit eius facere libero.,2417.88,PED-69486
2565,2025-07-29,Receita,Receita,Sunt eveniet mollitia cupiditate.,6126.44,PED-25720
2566,2024-09-01,receita,RH,Enim voluptates voluptate unde.,-2738.87,PED-27933
2567,2024-07-03,Despesa,Receita,Error expedita.,-5670.75,
2568,2025-11-13,Despesa,marketing,Nesciunt totam incidunt natus.,6547.23,
2569,2025-08-17,Despesa,Logística,Quod recusandae modi nemo voluptas.,-2477.84,
2570,2025-08-05,Despesa,Receita,Soluta veritatis quisquam eius voluptas.,-1703.8,PED-15027
2571,2026-01-02,Receita,Receita,Veniam aut fugit.,7883.95,
2572,2025-09-29,Despesa,Receita,Ullam non eveniet quod harum.,8752.7,
2573,2025-09-05,Despesa,Receita,Perferendis deserunt sit facilis autem.,-7840.59,PED-27940
2574,2024-02-23,Receita,Receita,Atque eum labore consequuntur.,-4086.43,
2575,2024-03-12,receita,marketing,Earum quod dolor velit qui.,6671.21,
2576,2025-07-25,Receita,Receita,Minus aut rerum nulla.,9517.28,
2577,2026-01-30,Receita,RH,Molestiae a aliquid.,-6654.77,
2578,2025-09-29,Despesa,marketing,Adipisci doloremque magnam fugit perspiciatis.,-7223.75,PED-44481
2579,2024-11-22,Despesa,Tecnologia,Nobis aliquid.,-3305.68,PED-55705
2580,2024-02-24,Despesa,Receita,Ducimus sequi esse.,11086.7,
2581,2024-12-19,receita,Receita,Sunt necessitatibus libero.,1701.2,PED-92578
2582,2024-04-08,Despesa,Logística,Distinctio assumenda ut.,2868.27,
2583,2025-11-08,Receita,Marketing,Dignissimos maxime nesciunt.,11258.38,PED-47653
2584,2025-05-18,receita,Logística,Earum possimus expedita earum eaque.,-3052.07,
2585,2024-09-09,Receita,RH,Quidem voluptatibus nulla aut.,11126.31,
2586,2024-03-22,receita,Receita,Possimus autem.,-38.21,PED-26784
2587,2024-03-15,receita,Tecnologia,Maxime explicabo officia.,240.06,
2588,2025-03-15,receita,Logística,Excepturi corrupti.,2149.75,
2589,2024-06-03,Despesa,Logística,At ea beatae dolorum.,-2767.89,PED-51630
2590,2025-10-30,receita,RH,Commodi corporis.,503.99,
2591,2024-10-28,receita,RH,Aliquid quasi illo.,6563.74,
2592,2024-08-15,receita,RH,Reprehenderit tempora nemo fugiat dolorem.,196.23,
2593,2025-09-19,Despesa,marketing,Ipsam laboriosam iste quis sapiente.,7591.04,PED-24459
2594,2024-08-28,Receita,Tecnologia,Nulla totam.,2795.35,PED-12767
2595,2025-09-04,Receita,Receita,In fuga temporibus vero.,-1334.24,
2596,2024-02-15,Despesa,Marketing,Id nisi architecto sit at.,2372.98,
2597,2025-12-08,Receita,Tecnologia,Laboriosam suscipit dolores a expedita.,-89.47,PED-40059
2598,2024-02-25,Receita,Logística,Sapiente ipsa.,-1369.96,
2599,2025-05-23,Receita,Marketing,Mollitia velit.,8909.64,
2600,2024-10-26,Despesa,RH,Iusto saepe repellat.,7826.87,
2601,2025-09-14,receita,Logística,Autem cum rerum cum.,-7515.11,
2602,2026-01-26,Receita,Logística,Pariatur quae officia magnam.,6998.31,PED-59526
2603,2025-07-06,Receita,Receita,Exercitationem sint dolorum ea.,9532.43,
2604,2025-04-21,Receita,Tecnologia,Quam perferendis optio perferendis.,6442.26,
2605,2024-02-27,Receita,Receita,Maiores laudantium eligendi laboriosam enim.,8605.03,
2606,2024-07-11,Receita,Receita,Neque labore eum non pariatur.,3763.92,
2607,2024-03-16,Despesa,Logística,Quas aspernatur voluptates nulla.,7695.44,
2608,2024-12-28,receita,Logística,Quae dolorem fugit voluptas consequatur.,1178.11,PED-23065
2609,2025-06-23,Despesa,Tecnologia,A consectetur soluta mollitia.,1428.01,PED-48173
2610,2026-02-03,Receita,marketing,Porro explicabo ea nihil totam.,11337.73,PED-83530
2611,2025-07-23,receita,Logística,Ut iusto.,10153.32,
2612,2025-05-28,receita,Marketing,Quas iusto labore iure sit.,11863.08,PED-61595
2613,2025-07-06,Despesa,Receita,Amet inventore.,-5833.91,
2614,2025-08-14,receita,marketing,Blanditiis cum ullam rem.,941.71,
2615,2024-03-19,Despesa,Logística,Provident praesentium eligendi cupiditate.,-1351.29,
2616,2025-01-15,Receita,Tecnologia,Ex culpa magnam possimus.,-4614.89,
2617,2024-09-24,Receita,marketing,Rerum nulla.,63.9,
2618,2025-06-22,Receita,RH,Optio hic dicta sed.,-2959.52,PED-50823
2619,2024-08-02,Receita,Marketing,Iure voluptatum delectus.,-1571.14,PED-84096
2620,2025-04-28,Receita,Logística,Iusto eveniet aspernatur maxime.,5807.95,PED-83716
2621,2024-08-05,Despesa,RH,Tempora iusto ipsam.,-1739.68,
2622,2025-04-04,receita,RH,Aut blanditiis.,6177.36,
2623,2025-09-26,Receita,RH,Quia tenetur ad perferendis.,5985.11,
2624,2024-10-26,Receita,marketing,Iure iste aliquid fugiat praesentium.,2398.78,
2625,2026-01-24,Receita,RH,Illo nemo labore corrupti.,9394.98,
2626,2025-06-17,receita,RH,Ut error vel.,-4585.56,PED-78758
2627,2024-05-13,Receita,Receita,Velit iure corporis voluptatem eaque.,9484.3,PED-64807
2628,2024-03-29,Receita,Logística,Sequi odit commodi.,-5648.33,PED-48564
2629,2025-06-12,Despesa,Logística,Tenetur rem eveniet.,4302.01,
2630,2024-05-07,Receita,Logística,Nemo perferendis id ut.,2465.02,PED-36799
2631,2025-02-10,Despesa,Tecnologia,Voluptatem rem minus consectetur.,-2975.21,
2632,2025-06-23,receita,Receita,Harum maxime dolor error.,6402.61,
2633,2024-06-22,Despesa,Receita,Nulla voluptatem aut blanditiis.,8588.16,PED-11287
2634,2025-11-06,receita,marketing,Nobis nulla quo blanditiis.,-4993.02,
2635,2025-08-13,receita,Receita,Ratione quisquam similique distinctio.,-4246.51,PED-22300
2636,2025-06-24,receita,Marketing,Recusandae inventore officiis magni distinctio.,-6777.84,
2637,2025-01-12,Receita,Logística,Odit at aliquid ipsum.,4726.87,PED-39626
2638,2024-02-13,Despesa,Marketing,Totam illo eaque adipisci.,10557.59,PED-45989
2639,2024-12-19,receita,Tecnologia,A illo dolores.,6586.46,PED-58139
2640,2025-02-15,receita,Tecnologia,Voluptate architecto blanditiis quasi.,2820.34,
2641,2025-09-19,Receita,Tecnologia,Provident id quae.,-4951.56,PED-38369
2642,2025-08-21,Receita,Logística,Maxime neque quidem blanditiis suscipit.,3273.2,PED-26607
2643,2024-07-12,receita,Tecnologia,Cumque at.,7439.57,PED-87616
2644,2025-08-09,Despesa,Tecnologia,Excepturi dolores recusandae voluptate.,5369.94,
2645,2024-03-31,Receita,Marketing,Aspernatur cumque doloremque rerum.,7667.3,
2646,2024-03-11,Despesa,marketing,Eveniet debitis optio illo.,-5133.33,
2647,2025-04-27,receita,Marketing,Hic vel.,9919.07,
2648,2025-11-19,Despesa,RH,Reiciendis maxime.,508.11,PED-71825
2649,2025-09-17,receita,Tecnologia,Tenetur quaerat.,7200.15,PED-41558
2650,2024-06-29,receita,RH,Consequatur dignissimos laudantium neque id.,6124.89,PED-56529
2651,2025-02-09,Despesa,Logística,Ex necessitatibus quas.,2613.71,
2652,2024-09-02,Receita,Receita,Placeat assumenda at porro.,8672.1,PED-28728
2653,2025-08-31,Despesa,RH,Unde architecto recusandae dicta.,1801.87,
2654,2025-03-13,Despesa,RH,Qui illum minus quasi corrupti.,5041.84,
2655,2024-05-12,receita,RH,Quisquam ratione sint.,7414.9,PED-55349
2656,2024-07-23,Receita,Tecnologia,Cum rem ipsa.,3195.88,PED-35032
2657,2024-06-05,receita,marketing,Ipsam porro quis.,10663.85,
2658,2025-07-03,receita,Logística,Consequuntur eos.,2520.05,PED-10735
2659,2024-09-07,receita,Marketing,Eligendi beatae commodi fugiat eos.,10220.82,
2660,2025-07-19,Despesa,Logística,Reprehenderit excepturi rem.,-7329.44,PED-46038
2661,2025-06-28,receita,Marketing,Consequuntur illum hic sapiente.,11914.76,PED-43166
2662,2024-04-19,Despesa,Marketing,Ex necessitatibus cupiditate eaque eum.,11422.81,PED-13988
2663,2024-06-10,Despesa,Receita,Veritatis facilis dicta ipsa.,1089.61,PED-32776
2664,2025-04-21,Despesa,Receita,Omnis laborum.,7011.73,
2665,2024-09-24,receita,Marketing,Fugit possimus alias totam.,4258.41,
2666,2026-02-02,Receita,Marketing,Quod rem quaerat.,391.45,
2667,2025-08-20,receita,Receita,Odio alias possimus.,6211.82,
2668,2025-05-07,Despesa,Logística,Reiciendis eos expedita neque nesciunt.,11668.07,
2669,2025-01-03,receita,Receita,Praesentium architecto recusandae animi.,8964.6,
2670,2025-03-18,Despesa,Receita,Dicta vitae sunt temporibus.,10886.02,
2671,2024-04-14,Despesa,RH,Mollitia laboriosam.,327.57,
2672,2026-01-19,Receita,marketing,Adipisci voluptate porro debitis.,8500.95,
2673,2024-04-18,Despesa,Logística,Veniam possimus.,-6320.63,
2674,2025-07-27,receita,Tecnologia,Esse quae iusto quaerat.,-4026.33,PED-76252
2675,2025-02-13,Receita,Receita,Iste et magni sed.,6936.57,PED-10422
2676,2026-01-04,receita,Tecnologia,Incidunt eos.,-986.3,PED-54754
2677,2025-10-10,Despesa,Receita,Rerum itaque.,-6278.1,
2678,2025-03-05,Receita,Marketing,Nemo ipsa harum quo facere.,-4349.98,
2679,2025-06-25,receita,Tecnologia,Est vel consequuntur quasi.,4532.5,
2680,2024-05-26,Receita,marketing,Dolores quasi.,4758.91,
2681,2025-02-22,Despesa,marketing,Consequuntur consequuntur optio.,-1844.35,
2682,2024-04-16,Despesa,Receita,Eligendi similique ipsa cum.,-5345.3,PED-16990
2683,2024-12-17,Despesa,Logística,Beatae aliquam saepe consectetur sit.,-4439.92,PED-28405
2684,2024-02-13,receita,marketing,Tenetur ipsam neque.,8705.51,
2685,2024-09-27,Receita,Logística,Amet quia.,-2812.92,PED-67619
2686,2025-10-24,Receita,RH,Reiciendis eligendi assumenda deleniti.,-896.94,PED-57659
2687,2024-11-14,Despesa,Tecnologia,Laboriosam a reprehenderit.,993.46,
2688,2024-06-26,Receita,Tecnologia,Facere minus impedit.,-286.39,
2689,2024-05-03,Despesa,RH,Iusto voluptatum voluptas.,-1061.57,PED-99393
2690,2025-11-24,Receita,Logística,Dolores modi sit distinctio.,5993.08,PED-76029
2691,2024-06-10,Receita,Tecnologia,Error rem.,7468.18,
2692,2024-07-01,receita,Logística,Suscipit illum vitae neque esse.,-7371.04,
2693,2024-08-28,receita,marketing,Consequatur fugit ducimus porro unde.,1344.94,PED-52335
2694,2025-04-23,Despesa,RH,Adipisci laudantium adipisci consectetur nam.,5166.1,PED-14436
2695,2025-04-17,Despesa,Marketing,Asperiores reprehenderit.,4589.44,
2696,2024-08-18,receita,RH,Magnam soluta cum quisquam.,-1305.75,
2697,2025-12-29,Receita,Logística,Commodi nam illo ipsa.,-1874.49,
2698,2026-01-11,Receita,RH,Quidem suscipit voluptates necessitatibus.,8184.43,PED-69827
2699,2024-05-03,Despesa,RH,Ea rem exercitationem excepturi.,1471.44,PED-41927
2700,2024-03-09,Despesa,Logística,Labore nihil accusantium.,4018.84,PED-73249
2701,2025-08-27,receita,Marketing,Corporis nobis tempora.,11415.31,
2702,2025-12-05,receita,RH,Non voluptatum accusamus exercitationem.,7481.45,PED-85692
2703,2025-05-07,Despesa,Marketing,Dicta ea.,-4719.48,PED-31808
2704,2026-01-16,Despesa,Receita,Animi debitis nobis soluta.,10856.93,
2705,2024-12-14,Receita,Receita,Explicabo consequuntur ad.,-1337.06,
2706,2024-08-27,receita,marketing,Perspiciatis totam qui.,8029.79,PED-70124
2707,2024-09-12,Receita,RH,Culpa corrupti molestiae.,-7983.14,
2708,2024-08-23,Receita,Logística,Ea maiores facilis magnam culpa.,-1849.46,
2709,2025-04-05,Receita,RH,A ab sequi.,-6196.66,
2710,2025-07-07,Despesa,Tecnologia,Quis laborum aut.,8913.37,
2711,2024-11-10,receita,marketing,Nemo nihil vel eius.,-1105.76,PED-71708
2712,2024-09-17,Despesa,marketing,Ab aperiam amet aut.,10256.66,PED-97613
2713,2024-08-28,receita,Receita,Dicta nesciunt.,-3145.16,PED-22559
2714,2025-03-30,Receita,Logística,Ipsum quam fugit.,7260.89,PED-27501
2715,2025-05-06,receita,Logística,Aliquid quia aut.,8395.82,PED-65652
2716,2025-10-28,Despesa,Marketing,Officiis dolores quis.,-1062.66,
2717,2024-10-31,Receita,Tecnologia,Placeat provident soluta.,-4436.8,PED-40822
2718,2024-02-29,receita,Logística,Blanditiis laboriosam ratione qui illo.,2029.12,PED-10208
2719,2024-07-14,Receita,Receita,Adipisci nobis ea sint veritatis.,-3398.53,
2720,2025-11-07,Receita,marketing,Accusamus ea labore commodi.,-1961.24,PED-22170
2721,2024-03-24,receita,Receita,Repellendus explicabo officiis tempora rerum.,-4402.49,PED-29758
2722,2024-12-17,receita,RH,Expedita voluptas illum.,5505.46,
2723,2024-09-04,receita,RH,Incidunt dolores libero quibusdam.,-4409.64,
2724,2024-12-23,receita,Marketing,A ipsa.,-1074.26,PED-23291
2725,2025-10-20,Receita,marketing,Tempora quo nulla quas.,-1619.48,PED-85324
2726,2025-07-22,Despesa,RH,Provident perferendis eligendi.,-7768.23,PED-95697
2727,2024-07-29,receita,Marketing,Explicabo officiis eligendi explicabo sequi.,-1940.91,
2728,2024-05-09,Despesa,RH,Provident eligendi dicta culpa velit.,2041.23,PED-72068
2729,2024-11-01,Despesa,Logística,Quo dolorem.,-5766.56,PED-33440
2730,2024-12-06,Despesa,RH,Veritatis tempore placeat perspiciatis.,9406.29,
2731,2024-03-11,Receita,Logística,Ratione atque dicta porro.,10964.02,PED-87352
2732,2025-02-27,Receita,Tecnologia,Tempora itaque.,8256.7,PED-69636
2733,2025-03-20,Receita,RH,Quibusdam perspiciatis saepe voluptates.,-2365.72,PED-25931
2734,2024-03-14,receita,Logística,Facere eius tenetur id.,-6998.53,PED-88555
2735,2024-07-30,receita,RH,Et reprehenderit quos.,-1250.77,
2736,2024-11-16,Despesa,Logística,Sint animi ducimus quisquam.,-4425.44,PED-56777
2737,2025-03-31,Receita,RH,Architecto vitae impedit cupiditate.,-1507.35,
2738,2025-04-29,Despesa,Marketing,Ratione consequatur architecto.,-855.11,PED-14798
2739,2024-04-27,Receita,marketing,Officiis soluta nostrum.,-6319.06,
2740,2024-11-23,Despesa,marketing,Fugiat asperiores at.,4658.4,PED-66505
2741,2025-03-28,receita,RH,Voluptatibus ad error.,5779.84,PED-41994
2742,2025-08-08,Receita,Marketing,Possimus ducimus.,-1468.23,
2743,2025-05-22,Despesa,Receita,Velit perspiciatis adipisci minima.,4756.29,PED-23254
2744,2024-10-14,Despesa,Receita,Nesciunt libero aspernatur nihil.,-6424.7,PED-93458
2745,2025-10-05,receita,RH,Ratione provident distinctio.,-7552.33,
2746,2025-03-07,receita,Marketing,Accusantium eveniet.,7872.9,PED-84828
2747,2025-10-19,receita,Tecnologia,Dicta nemo.,2280.79,
2748,2025-07-17,receita,Tecnologia,Corporis ipsum iste unde voluptatem.,1458.37,PED-67271
2749,2024-05-20,Despesa,Receita,Minus eveniet atque.,7566.18,
2750,2024-04-16,Despesa,RH,Perspiciatis quibusdam nesciunt.,10194.93,PED-98894
2751,2025-02-24,receita,Marketing,Consectetur architecto minima odio.,143.66,PED-12453
2752,2024-05-09,Despesa,marketing,Cumque earum dolore excepturi voluptatem.,-2504.63,PED-70613
2753,2025-05-28,Receita,marketing,Ipsam mollitia magni cum.,-3503.5,
2754,2025-06-23,Receita,Tecnologia,Ullam a blanditiis nihil.,-2243.37,PED-89864
2755,2025-03-22,Despesa,RH,Laudantium impedit enim quae veniam.,4695.45,PED-53090
2756,2025-01-24,receita,Tecnologia,Commodi numquam sint repellendus.,-7748.66,PED-54642
2757,2024-09-03,receita,RH,Porro vero.,-4964.43,
2758,2024-02-18,Despesa,Receita,Porro numquam tenetur numquam.,-4599.73,PED-61126
2759,2024-10-15,receita,Marketing,Qui omnis doloribus.,5213.97,
2760,2024-09-10,Despesa,RH,Facere sapiente quo at.,3226.51,
2761,2025-06-25,Receita,Receita,Rerum animi accusamus.,11697.37,PED-58390
2762,2024-02-16,receita,Logística,Enim labore omnis consequuntur minus.,1029.98,
2763,2024-10-12,Receita,Tecnologia,Consectetur expedita culpa.,3698.74,PED-91823
2764,2026-01-07,Despesa,RH,Nobis in.,307.86,PED-13068
2765,2025-01-18,Despesa,Receita,Culpa iusto voluptatibus eum omnis.,1815.14,PED-40765
2766,2024-06-09,Despesa,marketing,Ut laborum modi.,-431.42,
2767,2026-02-02,receita,marketing,A deserunt.,-3773.9,PED-24500
2768,2025-02-04,Receita,marketing,Illum fuga.,7337.49,PED-62575
2769,2025-12-16,receita,marketing,Numquam maxime.,363.6,PED-88544
2770,2025-04-01,receita,Logística,Inventore dolores ipsum.,4605.51,PED-97062
2771,2025-05-22,Despesa,Tecnologia,Exercitationem et dolore.,2650.17,PED-39504
2772,2024-10-13,receita,RH,Iusto ab nam.,-2274.33,
2773,2024-11-30,Receita,RH,Dolores illum.,-2231.84,PED-79817
2774,2025-04-18,receita,Receita,Autem perspiciatis a.,-4554.59,PED-22887
2775,2024-02-15,Despesa,Receita,Aliquid magnam temporibus.,362.0,PED-64823
2776,2024-02-10,Receita,Receita,Assumenda maxime impedit delectus.,-7419.18,
2777,2025-01-09,Despesa,Tecnologia,Sunt eveniet ab tempora.,2067.23,PED-20552
2778,2024-03-26,Receita,Logística,Illum consequatur facilis.,4196.25,PED-31818
2779,2025-01-23,Despesa,Marketing,Tenetur pariatur.,11036.92,PED-12977
2780,2025-12-22,Despesa,Tecnologia,Dolores illo laborum suscipit.,9268.77,PED-31152
2781,2025-04-03,receita,Receita,Odio expedita doloribus.,9493.0,PED-32965
2782,2024-09-13,Despesa,marketing,Natus provident.,-1545.52,
2783,2024-05-26,Receita,marketing,Nihil cupiditate.,3552.04,
2784,2024-07-13,Despesa,Tecnologia,Minus velit.,873.06,
2785,2024-04-03,receita,Tecnologia,Necessitatibus rem iure.,4827.59,PED-89168
2786,2025-09-15,Receita,marketing,Unde neque molestiae dolor.,1244.24,
2787,2025-09-02,Despesa,Marketing,Repellat pariatur quasi.,5640.47,PED-63260
2788,2025-12-28,receita,Marketing,Provident dolor qui minus.,7660.85,
2789,2025-10-28,Despesa,Tecnologia,Ab ullam.,4941.79,
2790,2024-08-29,receita,RH,Magni animi asperiores quidem.,8555.08,PED-17836
2791,2025-12-09,receita,Receita,Repellendus provident esse.,7375.23,PED-57628
2792,2025-10-11,Despesa,Tecnologia,Neque ducimus.,4585.36,PED-67677
2793,2024-05-19,Receita,Marketing,Minima nulla impedit.,-5080.33,
2794,2025-02-17,Despesa,marketing,Modi commodi modi.,-670.71,PED-96053
2795,2024-11-28,Receita,marketing,Voluptatem rerum nobis nesciunt.,7911.06,PED-37536
2796,2025-03-22,Receita,Logística,Illum perspiciatis facilis nulla nam.,4840.71,PED-19708
2797,2025-08-01,Despesa,RH,Provident nulla quidem deserunt ipsa.,7050.05,PED-44078
2798,2025-03-31,receita,Receita,Numquam quo minus.,893.44,PED-69031
2799,2025-11-26,Despesa,Logística,Dolore blanditiis eveniet.,3888.56,
2800,2025-06-14,Despesa,Logística,Sunt doloribus.,-7481.19,PED-58608
2801,2024-02-21,Despesa,Logística,Nam quia.,-1866.75,PED-30749
2802,2024-06-17,receita,Receita,Ratione excepturi asperiores earum maxime.,797.25,
2803,2025-07-23,Despesa,Receita,Blanditiis amet.,-5428.94,PED-89619
2804,2025-09-25,receita,Logística,Sunt ut ea provident.,4735.25,
2805,2024-11-03,Despesa,Logística,Id tenetur pariatur quo dolore.,-5032.73,PED-11581
2806,2026-01-19,receita,Receita,Numquam ullam.,2171.83,PED-77740
2807,2024-12-30,receita,Tecnologia,Aperiam perferendis commodi.,10000.08,
2808,2025-12-30,Despesa,Tecnologia,Est quis velit.,-1714.08,PED-59068
2809,2025-04-30,receita,Receita,Corporis illum.,-4617.58,PED-78843
2810,2024-12-05,Receita,RH,Accusamus sint quas.,9942.67,
2811,2025-03-14,receita,marketing,Accusantium unde libero cumque.,-1813.83,
2812,2025-03-26,receita,Tecnologia,Eos accusamus id.,7560.29,
2813,2025-05-10,receita,RH,Exercitationem vitae illo cum.,1186.43,
2814,2025-06-30,Despesa,Tecnologia,Cum aliquam velit.,9962.69,PED-36546
2815,2025-03-19,Despesa,Marketing,Dolorum sint natus.,-30.18,PED-22955
2816,2025-07-03,Despesa,Marketing,Nostrum impedit.,-2570.53,
2817,2025-01-11,Receita,RH,Dicta voluptate libero et.,3334.04,
2818,2025-08-25,receita,Receita,Quia nesciunt eaque.,-4346.31,
2819,2024-03-20,Receita,Receita,Maxime eaque optio blanditiis.,6347.61,
2820,2025-01-22,Despesa,Logística,Beatae corporis debitis.,3039.51,
2821,2025-10-15,Despesa,Marketing,Voluptatibus perferendis modi.,10122.82,PED-27373
2822,2024-02-21,Receita,marketing,Tempora illum quae fuga.,-3448.28,PED-86765
2823,2024-07-17,receita,Marketing,Reprehenderit beatae veniam in maxime.,2738.67,PED-16695
2824,2024-09-08,Despesa,Marketing,Voluptas iure.,-4071.48,PED-25257
2825,2025-06-28,Receita,RH,Temporibus sequi.,-4052.08,
2826,2024-06-17,Despesa,RH,Quibusdam molestiae non iusto quam.,-2000.78,PED-11258
2827,2025-03-27,Receita,Receita,Nam excepturi esse et.,9730.35,
2828,2024-05-14,Despesa,Receita,Minus nemo dolores repudiandae nesciunt.,4288.27,
2829,2025-03-17,receita,RH,Et eius quod commodi.,4027.08,
2830,2025-03-12,receita,Tecnologia,Corrupti et.,1665.59,PED-47192
2831,2025-03-13,receita,Tecnologia,Commodi tempora.,-3019.56,PED-46082
2832,2025-11-11,Despesa,RH,Veritatis maxime ex corporis enim.,-5770.6,PED-33878
2833,2025-07-12,Receita,Logística,Beatae iure quos quibusdam facilis.,9867.34,PED-76787
2834,2024-02-22,receita,marketing,Sit aliquid atque.,-4424.1,PED-66625
2835,2025-05-02,Receita,RH,Repellendus minus tempore.,-1151.37,
2836,2025-09-14,Receita,Marketing,A voluptate animi.,7257.05,PED-37946
2837,2025-08-19,Despesa,Logística,Impedit ut rerum dolorum.,-1599.68,PED-79520
2838,2025-10-04,Receita,Receita,Ea ex suscipit provident eveniet.,-1998.77,
2839,2024-08-17,Despesa,Receita,Quia accusantium.,-4908.05,
2840,2024-05-10,receita,marketing,Hic impedit.,9047.15,
2841,2025-09-07,receita,Tecnologia,Mollitia maiores at.,11623.09,PED-95654
2842,2024-05-11,Despesa,Logística,Doloremque adipisci harum asperiores.,-3425.53,PED-44452
2843,2025-09-15,receita,Logística,Dignissimos similique quos.,-5100.27,PED-53741
2844,2024-12-02,Despesa,Logística,Tenetur velit ea deserunt culpa.,994.16,PED-65744
2845,2026-02-03,receita,Marketing,Explicabo expedita itaque ipsum quos.,7244.45,
2846,2025-04-05,receita,Logística,Sapiente aut esse commodi neque.,4915.85,PED-28340
2847,2026-01-26,receita,Marketing,Est quisquam dolorum.,8370.66,
2848,2024-06-13,Despesa,Receita,Labore aliquam facere eligendi cumque.,-2881.41,
2849,2025-07-21,receita,RH,Dolores ex at vero repellendus.,7818.4,
2850,2025-07-12,Receita,Tecnologia,Accusamus accusamus.,2058.87,
2851,2024-12-12,Receita,marketing,Exercitationem placeat nostrum.,-4791.64,PED-72872
2852,2025-10-30,Receita,Receita,Dolor doloribus voluptate commodi.,-198.74,
2853,2025-04-04,receita,Tecnologia,Distinctio in.,3722.29,
2854,2026-01-12,Receita,Receita,Iste adipisci id.,-1146.16,PED-80503
2855,2025-03-03,receita,Logística,Itaque totam cum.,-5779.38,
2856,2024-03-25,receita,Receita,Neque odit libero ipsam.,275.55,
2857,2024-06-18,Despesa,Logística,Repudiandae cumque quos nemo.,3481.76,
2858,2024-08-18,receita,marketing,Accusantium iste quidem.,-1443.16,PED-81642
2859,2025-04-15,Despesa,Tecnologia,Aliquid repudiandae.,8346.2,
2860,2024-08-08,Receita,Receita,Iste deleniti molestias ipsam minus.,6228.05,PED-51151
2861,2025-04-26,receita,Receita,Optio nesciunt.,9691.7,PED-34135
2862,2024-11-25,receita,marketing,Inventore molestiae nam illo molestiae.,1216.07,
2863,2025-04-29,Despesa,Receita,Non nesciunt officiis.,-2819.48,
2864,2025-08-10,Receita,Marketing,Alias molestiae enim dicta.,4844.8,PED-66011
2865,2025-11-15,receita,Marketing,Cupiditate ut.,8633.49,PED-17901
2866,2025-09-07,Receita,Tecnologia,Reiciendis sapiente sequi.,744.14,PED-14205
2867,2024-10-16,Despesa,RH,Illum laborum consequuntur tenetur.,-2347.07,
2868,2024-03-13,Despesa,Marketing,Facere tempore sed quasi.,3306.14,
2869,2024-03-05,Despesa,marketing,Quidem adipisci quidem distinctio quod.,7971.82,PED-21498
2870,2024-07-11,Despesa,Receita,Cum quidem natus.,11858.99,PED-19579
2871,2024-02-29,receita,RH,Illo corrupti sit enim.,1025.77,PED-29949
2872,2025-05-29,Receita,marketing,Nihil sapiente.,4956.8,PED-54539
2873,2024-11-10,Despesa,Receita,Quasi rerum delectus beatae.,6789.17,
2874,2025-10-20,receita,Tecnologia,Consequuntur est cum.,-2123.72,PED-91748
2875,2026-01-31,Receita,Marketing,Quaerat doloremque labore error eaque.,-3495.4,
2876,2024-09-21,receita,marketing,Fugiat assumenda ipsum.,3687.53,PED-52810
2877,2025-06-11,Despesa,Receita,Fugit consequatur doloremque saepe.,-3993.37,PED-85292
2878,2024-05-11,Despesa,Tecnologia,Similique laudantium nihil repellat autem.,-4947.9,
2879,2025-04-25,receita,marketing,Dolores quidem.,-5982.07,
2880,2024-05-07,Receita,Tecnologia,Iusto quam modi.,-1029.61,PED-19078
2881,2024-12-23,receita,marketing,Nostrum quae ducimus.,5163.34,PED-36437
2882,2024-05-23,Receita,RH,Aperiam consequatur quas accusamus ratione.,11820.07,
2883,2025-08-04,receita,Marketing,Illo aperiam ipsam nostrum.,-5253.76,
2884,2024-04-10,receita,Marketing,Exercitationem tenetur veniam eaque at.,879.05,PED-37339
2885,2024-04-09,Receita,RH,Debitis exercitationem reiciendis eveniet.,770.94,
2886,2024-12-09,receita,Tecnologia,Quam perspiciatis consequatur.,8289.99,
2887,2026-01-01,Despesa,Tecnologia,Nesciunt quis.,6490.37,
2888,2026-01-30,Receita,Marketing,Dolores nesciunt accusantium.,10813.92,PED-89278
2889,2024-12-30,Despesa,Logística,Vero odit architecto fuga.,302.56,
2890,2025-12-14,Despesa,Logística,Cum voluptatem animi.,1559.58,
2891,2025-10-01,receita,Marketing,Optio earum amet minus.,-7854.89,PED-65052
2892,2024-06-27,Receita,Logística,Minima aperiam tempore nisi.,-792.15,
2893,2024-03-07,receita,Receita,Porro sunt placeat quaerat.,-1986.11,PED-21069
2894,2024-12-21,receita,Marketing,Accusamus nesciunt occaecati dolorem.,11026.18,PED-46007
2895,2025-05-19,Receita,marketing,Dolores assumenda quo vero.,8948.3,
2896,2024-02-16,Receita,Tecnologia,Rerum vero.,-4884.83,
2897,2025-01-22,Receita,Tecnologia,Reprehenderit aspernatur nostrum.,8047.61,PED-96632
2898,2024-10-08,receita,Tecnologia,Quam suscipit nam tempora.,297.53,PED-30641
2899,2025-01-17,Receita,marketing,Quo cumque ut cumque tenetur.,10725.83,
2900,2025-11-27,receita,Marketing,Tenetur quae repellendus nemo maxime.,7731.14,PED-13929
2901,2025-08-09,Receita,Logística,Fugit hic.,73.09,PED-58913
2902,2024-03-25,Despesa,Logística,Consectetur quas.,-7430.44,PED-13385
2903,2024-08-29,Receita,RH,Quia voluptas.,-7315.54,PED-28919
2904,2025-01-11,Receita,Tecnologia,Explicabo minus.,-459.26,
2905,2024-05-10,Receita,Marketing,Iusto expedita pariatur.,-7701.23,
2906,2025-04-16,receita,Marketing,Quia beatae voluptates numquam.,-5751.79,PED-72349
2907,2025-12-30,receita,Tecnologia,Voluptas dolore tenetur.,808.32,
2908,2024-10-06,receita,RH,Quae temporibus.,1389.74,
2909,2024-02-19,receita,Receita,Architecto accusantium inventore mollitia.,2799.72,
2910,2024-10-29,receita,RH,Esse eaque fugiat.,6974.38,
2911,2026-01-02,Receita,marketing,Impedit autem.,2294.68,
2912,2025-06-30,Despesa,Marketing,Modi accusantium fuga architecto.,6863.7,PED-62931
2913,2024-12-22,Despesa,Marketing,Officiis cumque delectus.,-3004.42,
2914,2026-01-05,Despesa,Receita,Inventore velit dolorem corporis.,-1977.84,PED-70574
2915,2024-05-16,Receita,Logística,Eaque quidem doloremque dicta fuga.,440.42,
2916,2024-05-15,Despesa,Receita,Ipsum iusto quaerat voluptate numquam.,10692.49,PED-14485
2917,2025-03-18,Despesa,Marketing,Minus tenetur tempora.,7883.9,
2918,2024-04-30,Receita,Receita,Ullam consequuntur at.,-7317.72,
2919,2026-01-08,receita,Logística,Est sunt dolore quam.,-7765.75,PED-73016
2920,2024-09-24,receita,marketing,Harum placeat.,4574.26,PED-85654
2921,2025-04-27,receita,marketing,Labore perferendis error deleniti.,1063.87,PED-44446
2922,2024-07-22,Receita,Receita,Fugit accusantium voluptatem.,-2413.9,PED-77435
2923,2025-08-11,receita,marketing,Voluptas laudantium corporis.,-2894.31,PED-73878
2924,2025-05-08,Despesa,Marketing,Nulla corrupti architecto veniam.,5360.25,PED-54875
2925,2024-10-30,Receita,Logística,Minus labore.,530.29,
2926,2025-04-21,Receita,marketing,Adipisci accusantium praesentium reprehenderit.,11501.76,
2927,2025-07-22,Despesa,Receita,Rerum quod commodi soluta quasi.,-2085.73,PED-55563
2928,2024-08-10,receita,RH,Reiciendis placeat consequatur corporis odit.,3065.97,
2929,2024-08-01,receita,Tecnologia,Dolorem quibusdam praesentium animi.,-4102.44,
2930,2026-01-06,Receita,marketing,Eum ratione exercitationem.,6668.25,
2931,2024-04-23,Despesa,Tecnologia,Suscipit molestiae ducimus.,2500.9,PED-79881
2932,2024-05-06,Despesa,marketing,Fuga asperiores enim placeat.,5873.89,
2933,2024-11-25,receita,marketing,Natus reiciendis excepturi reprehenderit animi.,-5997.24,
2934,2024-03-21,Despesa,marketing,Perspiciatis esse vitae.,2816.43,PED-89910
2935,2024-10-29,Receita,Logística,Corporis ullam dignissimos.,-7021.76,PED-62543
2936,2024-11-22,receita,Tecnologia,Corrupti quasi consectetur ratione.,11440.18,PED-72461
2937,2025-05-02,receita,marketing,Ea dolore distinctio nemo vel.,6430.95,
2938,2025-04-21,Receita,Logística,Labore assumenda quae.,6166.82,PED-97571
2939,2024-10-04,Receita,Receita,Quibusdam occaecati nobis ipsa aut.,4262.35,
2940,2025-06-17,receita,marketing,Odio aliquam mollitia culpa.,-5124.17,
2941,2025-05-02,receita,marketing,Voluptas laborum magni dolor nobis.,4921.69,
2942,2024-07-03,Receita,Logística,Totam corrupti quisquam.,-6589.37,
2943,2025-05-10,receita,Marketing,Laborum non totam quaerat corporis.,6519.58,
2944,2025-11-13,Receita,RH,Laudantium tempore nihil unde.,-5151.83,PED-46106
2945,2026-01-26,Receita,Receita,Voluptatum dolorum.,-5654.16,
2946,2024-11-01,Despesa,Tecnologia,Voluptas natus ipsam magni reprehenderit.,1422.19,PED-96562
2947,2024-05-21,receita,Marketing,Voluptatem deserunt accusamus impedit a.,2825.19,PED-89958
2948,2024-09-22,Receita,Marketing,Asperiores expedita debitis.,9604.54,PED-54744
2949,2024-04-20,Receita,RH,Beatae numquam corporis.,8759.55,
2950,2024-03-05,Despesa,RH,Totam porro impedit.,518.21,PED-32079
2951,2025-01-01,receita,marketing,Aspernatur incidunt ratione doloribus.,2456.79,PED-21609
2952,2025-02-16,Receita,Receita,Ut enim veniam.,1890.64,PED-66685
2953,2025-12-23,Receita,Receita,Nostrum accusamus impedit illum.,-5896.2,PED-46726
2954,2024-09-23,receita,Receita,Qui rerum suscipit magni.,2156.47,PED-65003
2955,2024-06-12,receita,Marketing,Incidunt deserunt quod reiciendis dolor.,-7741.48,
2956,2024-07-05,Despesa,RH,Natus aut soluta eum.,-3572.24,PED-66854
2957,2025-01-17,Receita,Receita,Ex rem deserunt dolorum sapiente.,1757.24,PED-89513
2958,2024-07-13,Despesa,Tecnologia,Quibusdam dolorum ipsam.,9407.87,PED-97498
2959,2025-03-05,Receita,Tecnologia,Recusandae ducimus alias ipsum.,-5844.05,
2960,2025-08-14,Despesa,Marketing,Odit eveniet iusto accusantium.,-5650.53,PED-41275
2961,2025-12-28,Despesa,Receita,Natus dignissimos.,6186.11,PED-89142
2962,2025-10-11,receita,Receita,Veniam ea.,6886.2,PED-55521
2963,2025-10-08,receita,Tecnologia,Dolores est sapiente vitae maiores.,9268.23,PED-14885
2964,2025-12-07,Despesa,Receita,Repellendus sint.,7552.62,
2965,2025-08-15,Receita,Tecnologia,Labore nostrum reprehenderit cupiditate deserunt.,-4385.25,PED-92643
2966,2025-08-15,Receita,Logística,Eos eveniet vero.,10413.39,PED-13719
2967,2024-05-05,receita,Logística,Deserunt aut.,8367.37,PED-55095
2968,2025-07-02,Receita,Logística,Voluptatum quasi fuga repellat eum.,920.14,PED-16265
2969,2024-09-08,receita,Receita,Ipsum omnis.,11819.51,
2970,2025-06-26,Receita,Tecnologia,Enim possimus.,7416.18,PED-81732
2971,2024-11-13,Despesa,RH,Tempore veritatis doloremque.,7066.38,PED-32551
2972,2025-01-03,Receita,Logística,Eveniet architecto ea saepe.,-963.91,
2973,2025-09-25,receita,Logística,Nesciunt sed dolore vitae quam.,-5974.04,PED-21853
2974,2024-12-13,receita,Tecnologia,Animi itaque esse consequuntur quasi.,1943.85,PED-34404
2975,2026-01-24,Receita,Logística,Nostrum modi.,9119.52,PED-73627
2976,2025-12-02,receita,RH,Excepturi temporibus ipsam ea ad.,9915.6,
2977,2025-04-03,receita,Marketing,Corrupti cupiditate.,-5770.39,PED-86263
2978,2026-01-06,Despesa,Receita,Reiciendis sed nulla recusandae labore.,4846.15,
2979,2024-06-29,receita,Tecnologia,Corporis aliquam facilis.,5912.72,
2980,2025-11-03,Receita,Receita,Fugit deleniti doloremque.,3959.39,PED-96925
2981,2024-07-02,receita,marketing,Ducimus aliquid perferendis optio.,6317.76,PED-79838
2982,2024-11-25,receita,marketing,Maiores aut repellendus magni.,10425.17,PED-23582
2983,2024-11-13,Despesa,Tecnologia,Sapiente beatae quidem.,11414.91,
2984,2025-10-16,receita,Marketing,Et exercitationem unde.,-3081.93,PED-30317
2985,2025-06-30,Receita,RH,Ut blanditiis architecto quae mollitia.,-3510.63,
2986,2025-01-30,Receita,RH,Est illum facere mollitia vero.,4957.9,
2987,2025-07-23,Receita,Logística,Sed veritatis exercitationem tempora.,-3126.4,PED-12722
2988,2025-05-31,receita,RH,Eaque eius eligendi.,3126.45,
2989,2024-08-19,receita,marketing,Blanditiis tenetur molestiae.,8958.1,PED-86139
2990,2025-02-17,Despesa,Tecnologia,Veniam dolorum.,9772.08,PED-60738
2991,2025-04-25,Despesa,Logística,Sint eligendi.,8068.52,PED-44544
2992,2025-12-07,receita,Logística,Esse iste eum animi eos.,10001.06,PED-40763
2993,2025-12-22,Despesa,Logística,Laborum labore aliquam nisi.,-6459.19,PED-27628
2994,2026-02-03,Despesa,marketing,Ipsa sit quod dolorum ea.,7911.14,
2995,2025-05-13,Receita,Tecnologia,Maxime labore.,6167.08,PED-80170
2996,2025-11-11,Receita,Tecnologia,Placeat inventore qui.,-3443.51,
2997,2026-01-22,receita,Logística,Earum aliquam perspiciatis cupiditate.,3485.18,PED-16973
2998,2024-05-13,Despesa,RH,Eos nemo eaque dolorum blanditiis.,1942.66,
2999,2026-01-14,Receita,Marketing,Dolorem dolorem blanditiis.,3199.17,
3000,2024-05-29,receita,RH,Rem nesciunt magnam amet.,9351.54,
3001,2024-03-27,Despesa,Logística,Sit iusto ex fugiat.,-6691.74,PED-46187
3002,2024-03-06,Despesa,Marketing,Officiis reprehenderit porro aliquid.,6272.24,PED-74331
3003,2024-12-27,Despesa,marketing,Dolorum voluptas aliquam.,11724.13,PED-38207
3004,2024-12-13,receita,Tecnologia,Suscipit animi dignissimos temporibus.,5944.12,PED-49932
3005,2024-08-01,Receita,Tecnologia,Ullam architecto.,7968.33,PED-76578
3006,2025-01-21,Receita,Tecnologia,Nostrum repellendus quas dignissimos.,11603.57,PED-86922
3007,2024-07-06,Receita,Tecnologia,Veritatis dolores fugiat veniam itaque.,-6940.58,
3008,2025-02-27,Receita,Tecnologia,Earum quis eaque sunt consequatur.,-6727.43,
3009,2024-08-08,Despesa,marketing,Fugit sapiente.,-3024.01,
3010,2024-05-17,Receita,Marketing,Aperiam corporis et ea.,4988.14,
3011,2024-11-13,receita,Marketing,Dolorem laborum exercitationem saepe nostrum.,-6116.77,PED-62894
3012,2025-10-05,receita,RH,Vitae autem architecto aliquid beatae.,5928.3,PED-28154
3013,2024-06-03,Receita,Marketing,Ducimus ea rem.,-1776.09,PED-33253
3014,2025-01-22,receita,RH,Temporibus officia dignissimos ducimus.,-6185.31,PED-44144
3015,2024-10-23,Receita,marketing,Quibusdam ut incidunt quia laboriosam.,-975.99,
3016,2024-10-13,receita,RH,Voluptatem quibusdam adipisci doloremque ea.,7036.31,PED-78664
3017,2025-07-20,Receita,Tecnologia,Non consequuntur quis.,-6781.98,
3018,2025-08-14,Despesa,Logística,Laudantium sed ipsam quo.,-6090.19,
3019,2024-06-18,Receita,Logística,Nobis enim soluta facilis.,-304.93,PED-13624
3020,2025-03-08,Receita,marketing,Sit doloribus.,-4230.36,PED-91378
3021,2025-07-29,Receita,Tecnologia,Eos soluta.,-3632.52,
3022,2026-01-08,Despesa,marketing,Ab exercitationem numquam excepturi.,3994.37,
3023,2025-12-23,receita,Receita,Atque consectetur.,8919.46,
3024,2025-10-07,receita,Marketing,Quasi cumque explicabo.,4441.65,
3025,2025-03-08,receita,Logística,Laboriosam dolorem tempora.,-5844.5,
3026,2025-01-21,Despesa,Tecnologia,Ab deserunt delectus accusantium odit.,-4652.29,PED-23070
3027,2025-02-17,Receita,Tecnologia,Modi soluta molestiae consequuntur.,-4894.95,PED-90372
3028,2025-03-28,receita,Receita,Quas voluptate.,2959.61,PED-60966
3029,2025-10-07,Receita,Receita,Ex ducimus nisi voluptatum illo.,3089.24,
3030,2024-08-05,receita,marketing,Quasi consectetur magni necessitatibus.,-3210.97,
3031,2026-01-26,receita,Marketing,Odio numquam.,-833.57,
3032,2025-03-22,Despesa,Marketing,Aliquam quasi similique.,5270.25,PED-52015
3033,2024-04-07,Despesa,Receita,Accusamus cupiditate eaque dignissimos deleniti.,-3981.36,
3034,2024-09-28,receita,marketing,Cum aliquam eum dicta molestias.,-2140.82,PED-92095
3035,2024-02-24,receita,RH,Dolorum quidem quae delectus.,-458.66,
3036,2024-07-19,receita,Marketing,Enim eaque rem vero.,-1569.71,PED-73452
3037,2025-10-20,receita,RH,Adipisci dolorum unde.,11845.75,
3038,2024-03-23,Despesa,Marketing,Dolores ipsam minus dignissimos.,-4238.42,PED-21689
3039,2024-08-19,Despesa,Receita,Qui ipsam ipsam facere autem.,10005.53,
3040,2025-10-11,Despesa,Logística,Totam sequi tempora.,6785.14,
3041,2024-02-24,Receita,Logística,Quod cupiditate fuga.,-301.97,
3042,2025-01-08,Despesa,RH,Voluptatem nemo dignissimos voluptates nemo.,6770.8,
3043,2024-07-28,Despesa,Logística,Fugit cupiditate natus.,5622.67,
3044,2024-05-10,Receita,RH,Dolorem blanditiis reprehenderit.,10999.29,PED-39041
3045,2025-02-09,Receita,Receita,Consequatur eveniet fuga modi aperiam.,-3927.84,
3046,2025-03-10,Receita,RH,Rem ducimus cupiditate recusandae.,-3879.4,PED-25247
3047,2025-02-22,Receita,marketing,Excepturi unde.,5191.88,
3048,2024-11-10,receita,marketing,Vitae aliquam.,-564.32,
3049,2025-06-01,Receita,marketing,Impedit soluta nisi amet.,3975.03,PED-91495
3050,2024-06-27,receita,Receita,Error tempora perspiciatis.,3410.79,PED-92076
3051,2025-09-21,Receita,Receita,Beatae vitae quae.,6732.67,PED-45732
3052,2024-12-06,Despesa,Marketing,Laudantium error eum.,317.75,PED-64216
3053,2025-04-02,receita,marketing,Voluptate ut.,8334.49,PED-73991
3054,2025-10-27,Despesa,Marketing,Repudiandae dignissimos dolorum corporis.,4530.74,
3055,2025-09-15,Despesa,RH,Temporibus repellendus maxime iusto vero.,-5422.24,
3056,2025-04-20,Despesa,Marketing,Repellendus iure.,-5694.43,
3057,2024-07-10,Receita,Tecnologia,Impedit laboriosam eaque exercitationem.,-1452.43,PED-43619
3058,2025-03-04,receita,Tecnologia,Ipsum nihil nostrum.,-2271.22,PED-84725
3059,2024-03-29,Receita,Marketing,Provident perferendis aliquid alias.,-101.88,
3060,2024-12-27,Despesa,RH,Dicta alias.,-3984.24,
3061,2025-12-09,receita,RH,Eaque placeat delectus possimus.,-5813.12,
3062,2025-08-31,receita,marketing,Non at excepturi.,-6327.84,
3063,2024-03-23,receita,Tecnologia,Quos necessitatibus.,-581.96,PED-28711
3064,2024-11-30,Despesa,Marketing,Saepe neque distinctio fugit debitis.,5257.54,
3065,2025-06-08,Receita,Receita,Consequuntur excepturi fuga.,-1641.57,
3066,2024-11-09,Receita,Logística,Dicta nulla ab.,9189.75,
3067,2024-04-02,receita,RH,Consectetur eum nesciunt temporibus.,-3987.01,
3068,2025-09-21,receita,RH,Nesciunt eum libero.,-4938.05,
3069,2024-12-05,Receita,marketing,Hic et similique.,4544.27,PED-54025
3070,2024-04-28,Receita,RH,Exercitationem veniam perferendis.,-6612.34,PED-42214
3071,2024-08-11,Despesa,marketing,Temporibus totam placeat.,-5132.73,
3072,2026-01-19,Receita,Receita,Cum sit saepe iste.,-6697.37,
3073,2024-11-06,Despesa,Receita,Vitae iste vitae eligendi omnis.,-4601.7,PED-52160
3074,2025-04-21,Receita,marketing,Saepe eveniet ipsam optio.,10030.39,
3075,2025-04-02,Receita,RH,Blanditiis deserunt labore repellat odio.,-7931.58,PED-17656
3076,2024-06-17,Despesa,Marketing,Beatae et veniam labore.,9140.06,
3077,2024-11-03,Despesa,Tecnologia,Placeat explicabo fugiat tempore sapiente.,-6521.52,PED-95047
3078,2026-01-11,Despesa,Receita,Id non occaecati repellat.,-278.91,PED-99864
3079,2024-09-01,receita,Receita,Nisi quis eveniet alias.,-3246.62,PED-74298
3080,2025-08-04,receita,Receita,Labore enim provident.,1099.69,PED-30072
3081,2025-04-06,Despesa,Logística,Dolorum ad dolore facilis.,-3523.2,
3082,2025-01-12,receita,Logística,Rem ullam hic sed.,9638.75,
3083,2026-02-02,receita,Logística,Rerum mollitia doloribus facilis reprehenderit.,-5120.32,PED-70284
3084,2025-02-05,Despesa,Tecnologia,Consequuntur similique vero.,9033.67,
3085,2025-01-23,Despesa,Logística,Saepe in nisi.,-3837.98,PED-63188
3086,2025-07-08,receita,RH,Fugit repellat optio.,6668.99,PED-68181
3087,2026-01-16,receita,Logística,Maiores modi optio maiores.,-1243.97,PED-97211
3088,2024-10-24,Receita,Receita,Praesentium labore.,2598.74,
3089,2024-07-31,Despesa,marketing,Molestiae in omnis error.,3367.73,PED-96419
3090,2026-01-04,receita,Tecnologia,Quae distinctio magnam corrupti expedita.,9248.77,PED-63504
3091,2024-10-04,Despesa,Logística,Eos occaecati assumenda dolorem laboriosam.,-3729.73,PED-28524
3092,2025-04-11,Receita,Tecnologia,Qui iusto culpa.,5044.75,PED-49363
3093,2024-06-10,Receita,marketing,Ab nihil quos assumenda.,-3656.44,
3094,2024-07-16,Despesa,RH,Dolor consequuntur.,10742.44,
3095,2025-04-17,receita,Marketing,Cum itaque rem laboriosam.,5879.39,
3096,2025-03-24,receita,Receita,Cupiditate eos quis praesentium.,5612.6,PED-30428
3097,2025-05-18,Despesa,marketing,Porro facilis recusandae exercitationem magnam.,-4986.33,PED-51483
3098,2025-07-11,Receita,Receita,Ratione dolores quaerat tempore hic.,-5388.9,PED-73790
3099,2024-06-08,Despesa,Tecnologia,Sint assumenda ad dolor.,2611.76,
3100,2025-06-24,Despesa,Marketing,Cum sit autem.,7739.25,
3101,2025-06-16,Receita,Marketing,Doloremque est animi occaecati omnis.,-1369.83,PED-21789
3102,2025-08-07,receita,marketing,Exercitationem quaerat.,6871.69,PED-37919
3103,2025-07-03,Receita,Logística,Ipsum repellendus temporibus dolorum eaque.,4464.63,PED-51353
3104,2024-09-29,receita,Logística,Sequi necessitatibus rem.,6072.06,PED-47976
3105,2024-05-01,Receita,Tecnologia,Occaecati facere minima ipsa nulla.,-4803.75,
3106,2024-02-07,receita,Marketing,Repellendus fugit ab tempora.,2646.1,PED-91040
3107,2025-03-01,Receita,Tecnologia,Ex soluta nesciunt.,3046.42,PED-71547
3108,2024-12-11,Despesa,marketing,Consectetur nam dolore.,11522.49,
3109,2024-09-09,receita,Marketing,Officiis hic eveniet dolore.,7113.47,PED-27773
3110,2024-05-22,receita,RH,Dolore temporibus.,1537.6,PED-12615
3111,2024-05-07,receita,Tecnologia,Atque a at.,3438.2,
3112,2024-06-10,receita,Receita,Porro mollitia voluptatem.,3335.66,
3113,2024-04-26,receita,Marketing,Maiores dolor voluptates pariatur.,-4455.29,PED-91793
3114,2025-05-02,Despesa,RH,Impedit praesentium amet autem.,10335.28,
3115,2024-10-23,Despesa,Logística,Rerum ab esse.,-2153.01,PED-20888
3116,2024-12-11,Despesa,RH,Inventore molestias voluptas dolor laborum.,-7680.89,PED-87374
3117,2024-03-19,Receita,Logística,Porro voluptate enim perspiciatis.,9025.06,PED-35168
3118,2025-12-08,Despesa,Marketing,Beatae sint natus.,1792.18,
3119,2025-05-31,Despesa,marketing,Sint repudiandae necessitatibus.,6010.3,PED-44486
3120,2024-11-28,receita,Logística,Aperiam voluptatum ullam non deleniti.,-7190.89,PED-96074
3121,2024-06-10,Despesa,Marketing,Mollitia error quisquam.,-1341.62,
3122,2024-10-04,Despesa,Marketing,Modi a eos rem.,6692.83,PED-12518
3123,2024-05-17,receita,marketing,Ad ex eveniet rerum aperiam.,10090.7,PED-59809
3124,2024-06-21,Receita,Receita,Repellendus nihil labore illo rem.,5438.08,PED-59170
3125,2024-11-08,receita,Tecnologia,Itaque ea rerum.,9072.53,PED-65641
3126,2024-05-05,Despesa,Logística,Iste corporis dignissimos iusto.,-5353.2,PED-55382
3127,2025-06-15,Despesa,marketing,Magni neque impedit architecto.,1776.61,
3128,2024-10-06,receita,Receita,Voluptatum sint consectetur cumque.,-6304.09,PED-97323
3129,2024-12-28,Despesa,Marketing,Quo id veritatis reiciendis.,-7539.85,
3130,2024-10-24,Receita,Marketing,Laudantium animi.,-4457.86,
3131,2025-04-10,Despesa,marketing,Repudiandae reiciendis explicabo.,7577.53,
3132,2024-02-07,Despesa,Marketing,Illo quasi placeat placeat.,6730.07,
3133,2025-12-25,Receita,Tecnologia,Incidunt animi blanditiis quam.,4522.53,PED-70393
3134,2025-03-07,Despesa,Marketing,Fugit modi quasi.,4251.3,
3135,2024-04-02,Receita,Receita,Iure reiciendis quae.,10531.24,
3136,2025-11-17,Despesa,Marketing,Explicabo voluptas eum enim.,-7923.18,
3137,2025-12-22,Receita,Marketing,Quaerat quasi nostrum perspiciatis eum.,6339.58,PED-60711
3138,2025-10-14,Despesa,Tecnologia,Adipisci sapiente illo.,-4147.23,PED-35860
3139,2025-01-16,Despesa,Receita,Error molestias omnis exercitationem.,-4278.7,
3140,2024-04-24,receita,marketing,Beatae dicta maxime tenetur.,2151.69,
3141,2024-11-14,Receita,Logística,Ab dolorum itaque non fugit.,-5122.14,
3142,2024-07-26,Despesa,Marketing,Ipsa eaque aliquid dolores possimus.,6057.36,
3143,2024-04-07,Receita,Logística,Consectetur quas esse et.,7125.72,
3144,2025-07-30,receita,Receita,Sapiente officiis soluta nihil.,8720.81,PED-48891
3145,2024-03-27,Despesa,Receita,Distinctio et debitis dolorum.,-2291.94,PED-65905
3146,2024-07-05,receita,Receita,Excepturi temporibus necessitatibus rerum eius.,-3184.59,PED-10915
3147,2025-08-05,receita,marketing,Ab quasi eius.,-6706.93,PED-18229
3148,2025-06-27,receita,Receita,Commodi qui mollitia magni magni.,-6791.92,
3149,2025-08-06,Despesa,Receita,Esse exercitationem.,918.64,
3150,2025-09-15,receita,Tecnologia,Et expedita in libero pariatur.,7427.72,
3151,2025-03-22,Despesa,Logística,Aut cum minima.,6542.98,PED-51820
3152,2024-03-22,receita,Receita,Tempore molestiae.,8219.31,PED-58554
3153,2024-02-11,receita,RH,Ducimus repellat amet.,-1730.51,
3154,2024-03-21,Despesa,marketing,Suscipit sapiente saepe.,-7146.01,PED-56254
3155,2025-04-13,receita,RH,Animi minima sed non.,-1512.64,PED-62853
3156,2025-01-26,receita,RH,Perferendis repellat quasi.,-4946.3,PED-60536
3157,2024-05-22,Receita,marketing,Iure in fugit.,7765.31,
3158,2025-03-25,receita,Logística,Quas sequi omnis quasi.,-7721.0,
3159,2025-02-17,Receita,Tecnologia,Sint officia.,10920.86,
3160,2024-04-05,Receita,RH,Dolore maiores ab.,1445.76,PED-45506
3161,2025-10-26,Receita,Marketing,Itaque minus molestiae.,1946.45,PED-30750
3162,2024-10-13,Despesa,Logística,Enim consequuntur saepe saepe.,-3445.21,PED-73771
3163,2025-07-09,receita,RH,Nisi quod fuga dignissimos.,10946.62,PED-30948
3164,2024-06-16,Despesa,Marketing,Reiciendis libero officiis.,-932.61,
3165,2025-07-12,receita,Receita,Quasi atque dolores.,1534.01,
3166,2025-02-19,Receita,Tecnologia,Sed pariatur assumenda.,10866.76,PED-38364
3167,2025-04-16,receita,Marketing,Dolores ab accusantium minima.,11137.13,
3168,2024-09-10,receita,Receita,Harum repellendus in earum.,-1787.76,PED-91065
3169,2024-08-12,Despesa,Marketing,Minima nemo sunt.,3982.32,PED-79420
3170,2024-12-19,receita,Receita,Magni ducimus repellendus aperiam ad.,-532.91,PED-26794
3171,2025-06-08,Despesa,RH,Eos optio modi modi.,-6737.5,PED-68599
3172,2024-09-13,receita,marketing,Nostrum quis consequatur consequatur quidem.,-3810.88,
3173,2026-02-03,receita,Receita,Eius ratione ea.,10314.76,PED-72414
3174,2025-07-10,Despesa,Logística,Vero aliquid magni.,3544.4,
3175,2024-04-11,Receita,Logística,Voluptatum libero.,7631.9,
3176,2024-10-18,Despesa,Tecnologia,Soluta libero sint nemo provident.,4187.74,PED-42649
3177,2025-07-08,Despesa,RH,Tenetur eveniet aperiam recusandae rem.,9811.14,
3178,2025-05-15,receita,marketing,Voluptates molestias expedita illum.,4472.14,PED-20657
3179,2024-04-15,receita,Tecnologia,Illo debitis ab explicabo dolorem.,10008.61,
3180,2025-11-18,receita,RH,Eligendi eaque earum nobis.,7548.66,
3181,2025-01-17,receita,Marketing,Placeat non nisi facere.,1474.94,
3182,2024-11-17,receita,Logística,Illo tempora in natus.,8496.74,
3183,2024-11-09,receita,Logística,Aliquid aspernatur voluptate.,1693.95,
3184,2025-04-23,Despesa,marketing,Illo blanditiis.,11154.51,
3185,2025-03-06,receita,Receita,Labore et expedita.,-6788.74,PED-35551
3186,2025-07-29,Receita,RH,Perferendis placeat sequi reprehenderit.,459.83,PED-11430
3187,2025-09-19,receita,marketing,Mollitia alias occaecati.,-5118.81,
3188,2024-02-16,Despesa,Receita,Unde rem excepturi vitae.,7247.47,PED-20316
3189,2024-05-22,receita,marketing,In nisi laborum.,933.7,
3190,2025-09-09,Despesa,RH,Est earum.,7169.23,PED-24122
3191,2024-05-27,receita,Logística,Veritatis quas.,-4044.39,PED-89500
3192,2024-05-22,receita,marketing,Sequi pariatur maxime iusto corporis.,3729.61,
3193,2025-10-05,Receita,Marketing,Nesciunt nesciunt quasi quia.,9354.75,PED-82427
3194,2025-01-16,receita,marketing,Odio totam eum necessitatibus.,-1694.63,
3195,2024-07-03,Despesa,RH,Rerum quos tempore dolores.,4926.57,
3196,2024-06-20,receita,Tecnologia,Magnam enim.,8721.47,PED-14526
3197,2025-05-12,receita,Tecnologia,Alias placeat aspernatur.,7129.83,
3198,2025-10-21,Despesa,Receita,Quis omnis.,6273.28,
3199,2024-11-16,Receita,marketing,Inventore eos error hic.,-4968.6,
3200,2024-06-18,Despesa,marketing,Modi soluta provident quia numquam.,-6162.81,PED-57227
3201,2024-04-07,receita,Marketing,Impedit dolorum ipsam error culpa.,252.84,PED-19119
3202,2025-10-15,receita,Tecnologia,Fugit veniam.,-6756.99,PED-64572
3203,2024-06-14,Despesa,marketing,Labore sed fugit voluptatibus.,2961.95,
3204,2025-08-23,receita,marketing,Veritatis esse.,-5695.02,
3205,2025-01-28,Receita,Marketing,Maxime repellendus reprehenderit ut quaerat.,4895.17,
3206,2024-03-11,Receita,Receita,Vitae atque omnis sed.,8857.86,PED-39559
3207,2025-11-24,Receita,Marketing,Labore deserunt.,-3619.98,
3208,2025-08-01,Receita,Tecnologia,Quibusdam animi ipsa iusto odio.,-1610.82,PED-60793
3209,2025-08-06,Receita,Tecnologia,Voluptates provident exercitationem.,7310.73,
3210,2024-05-31,Despesa,Receita,Minima dignissimos ducimus necessitatibus voluptas.,5942.49,
3211,2025-12-26,Receita,marketing,Corporis quaerat necessitatibus ipsum.,3793.37,
3212,2025-01-07,Despesa,RH,Vel pariatur et.,-7856.95,PED-20567
3213,2025-10-05,Despesa,marketing,Doloremque a.,-56.37,
3214,2024-03-08,Despesa,Receita,Aspernatur harum.,4455.84,PED-44818
3215,2025-03-13,Despesa,RH,Nesciunt enim tempora fuga.,-4802.73,PED-36422
3216,2025-11-22,receita,marketing,Qui culpa facere ab.,-1458.84,PED-44123
3217,2025-06-17,Receita,Receita,Error hic aliquam ab natus.,-2292.37,PED-13777
3218,2024-10-22,Despesa,Receita,Velit voluptate.,5436.93,
3219,2025-04-19,Receita,Marketing,Saepe unde aperiam tenetur.,-7166.8,
3220,2024-03-19,Receita,Tecnologia,Inventore a in.,6714.05,
3221,2025-10-12,Despesa,Logística,Quo voluptatibus neque qui.,-781.23,
3222,2025-03-07,Despesa,Logística,Nam assumenda animi.,-3663.88,PED-13121
3223,2025-01-27,Receita,marketing,Atque unde dolorum nesciunt.,8591.74,
3224,2024-12-15,receita,Receita,Asperiores culpa aliquam modi.,-228.57,PED-52907
3225,2025-03-18,receita,Tecnologia,Praesentium mollitia autem similique explicabo.,7077.17,PED-74445
3226,2025-03-22,Despesa,Tecnologia,Earum ipsam.,-2293.15,
3227,2024-06-30,Receita,Tecnologia,Illo iusto perferendis.,-5854.77,
3228,2024-12-12,Despesa,Marketing,Quam soluta atque blanditiis.,9143.32,
3229,2024-03-25,receita,RH,Aliquid quaerat.,-371.58,
3230,2024-08-05,Receita,Marketing,Deserunt laborum repellendus.,-639.0,
3231,2025-04-05,receita,Receita,Sequi tempora eum.,9528.89,PED-19974
3232,2025-03-25,receita,Receita,Error eveniet placeat.,-7552.11,
3233,2025-01-26,receita,marketing,Possimus ipsam facere.,-2745.49,
3234,2025-07-03,Despesa,Receita,Totam iste at.,11048.5,PED-13980
3235,2025-03-20,Receita,Marketing,Suscipit cum consequuntur exercitationem illo.,-5748.26,PED-40776
3236,2026-01-19,Despesa,Receita,Ad corrupti minus a.,3148.9,
3237,2025-09-22,Despesa,Tecnologia,Vero esse hic laborum.,1594.5,
3238,2024-10-29,Receita,RH,Praesentium minima corporis saepe.,5560.39,
3239,2025-11-02,receita,RH,Alias eaque exercitationem soluta.,8609.02,
3240,2025-11-28,Receita,Tecnologia,Repellat placeat.,9948.16,
3241,2024-08-23,receita,Receita,Nobis distinctio illum alias.,-2368.63,
3242,2024-12-20,receita,Marketing,Magnam eaque omnis facilis fugiat.,5424.85,
3243,2025-12-13,Despesa,RH,Beatae non quis necessitatibus maiores.,8207.08,
3244,2026-01-10,Despesa,RH,Corporis laudantium laboriosam.,3178.89,
3245,2024-04-21,Despesa,Receita,Officia fugiat vel nihil.,-7054.11,
3246,2025-03-19,Despesa,Logística,Mollitia quibusdam aliquid.,1125.15,
3247,2025-06-23,receita,Receita,Quas sapiente in.,10036.42,
3248,2024-05-29,receita,Receita,Molestias quos a.,4786.28,
3249,2024-05-06,Despesa,RH,Distinctio quibusdam distinctio.,-557.8,PED-55539
3250,2025-08-08,Receita,Receita,Impedit cumque pariatur.,7033.18,PED-74816
3251,2025-12-30,receita,RH,Laborum earum soluta.,-6271.09,
3252,2025-12-30,receita,Logística,Eligendi et delectus aperiam.,4909.28,
3253,2025-09-21,Receita,Logística,Explicabo cum recusandae.,2127.06,
3254,2024-09-06,Despesa,Logística,Quidem ipsam adipisci odit.,2804.22,
3255,2025-12-04,Receita,Receita,Molestiae officia quidem explicabo.,-73.0,
3256,2025-05-25,Despesa,Tecnologia,Nam laborum eum impedit repellat.,-7160.43,
3257,2025-03-16,receita,Tecnologia,Deserunt in illum perspiciatis.,5292.74,
3258,2025-10-01,Despesa,Receita,Modi magni.,7754.48,
3259,2024-08-28,receita,Receita,Neque esse non velit.,8729.38,PED-58932
3260,2024-02-17,Despesa,Receita,Doloremque et molestiae nesciunt.,8387.22,PED-38714
3261,2025-03-01,Despesa,RH,Quas asperiores.,5756.02,
3262,2024-09-27,Despesa,Receita,Aut consequatur laborum recusandae voluptas.,1073.08,
3263,2024-05-31,Despesa,Marketing,Nostrum est.,1904.06,PED-19464
3264,2024-04-20,Receita,RH,Hic pariatur nisi.,-1942.85,
3265,2025-06-08,Receita,Marketing,Omnis unde esse quos.,-7675.6,
3266,2025-05-21,Receita,marketing,Voluptatum illum quas fuga.,8553.13,
3267,2024-03-01,Receita,Logística,Libero perferendis eveniet.,1051.99,PED-25591
3268,2025-03-26,receita,Receita,Dolorem ratione nobis.,60.02,PED-88323
3269,2024-04-20,receita,RH,Aut voluptatum facere quam similique.,-501.68,PED-49817
3270,2024-12-13,Despesa,Tecnologia,Quos esse laudantium soluta architecto.,10391.11,
3271,2024-05-21,Despesa,RH,Quia dicta culpa.,11540.27,PED-75535
3272,2025-05-20,receita,Marketing,Quae repellendus debitis.,-2884.36,PED-72075
3273,2024-03-17,Despesa,Marketing,Cumque dolore accusantium quod porro.,454.03,PED-86955
3274,2025-10-08,Despesa,RH,Illum voluptatibus accusantium.,11892.77,
3275,2024-03-26,receita,Marketing,Cumque dolorem magnam.,1497.44,
3276,2025-05-15,Receita,marketing,Earum dolor facere cupiditate.,6485.57,
3277,2024-10-24,receita,RH,Quas vel optio quam.,6981.04,PED-41637
3278,2025-01-30,Receita,Logística,Deserunt suscipit a eaque veritatis.,-1803.73,
3279,2024-06-05,Despesa,RH,Beatae temporibus facere.,-6100.92,
3280,2024-09-17,Despesa,Receita,Corrupti animi sapiente ex.,7616.7,PED-76361
3281,2025-10-17,Receita,Tecnologia,Voluptates asperiores excepturi.,-4375.33,PED-46010
3282,2025-05-15,Despesa,Receita,Repellendus placeat commodi.,6486.62,
3283,2024-11-13,Despesa,Tecnologia,Quae ipsum explicabo voluptate porro.,1821.98,PED-69208
3284,2025-11-21,Receita,Marketing,Eos delectus.,-2194.27,PED-53439
3285,2025-01-24,Receita,Receita,Quas provident provident.,-4904.08,
3286,2026-02-02,receita,RH,Voluptate neque nulla labore.,-3019.15,
3287,2025-05-12,receita,Marketing,Aliquid qui ullam fuga.,-1954.47,PED-39284
3288,2025-06-26,Despesa,Tecnologia,Labore sit quia ab.,8910.77,PED-39980
3289,2024-03-18,Despesa,Marketing,Error accusantium accusamus quia.,-5969.25,
3290,2025-09-11,Despesa,Tecnologia,Cumque eum.,3255.42,PED-67422
3291,2024-07-01,receita,Receita,A accusantium.,599.47,PED-78835
3292,2025-07-26,Despesa,Tecnologia,Nobis voluptas ab odio.,-5873.44,
3293,2024-09-09,receita,RH,Exercitationem quo delectus culpa voluptatibus.,3145.63,
3294,2025-04-28,Receita,Marketing,Inventore ab.,-2744.49,PED-97123
3295,2025-06-27,receita,RH,Fugit impedit ea deserunt.,2142.27,
3296,2024-06-20,Receita,Marketing,Quos voluptatum.,-4760.09,
3297,2025-05-28,Despesa,marketing,Iste repudiandae porro aliquam fugiat.,922.04,PED-81554
3298,2025-12-27,Despesa,Logística,Sapiente facere dolorum soluta.,1557.59,
3299,2024-08-25,Despesa,RH,Temporibus deleniti perspiciatis.,-5683.0,
3300,2024-11-16,Receita,marketing,Aperiam quasi dolorum nulla.,-1993.14,
3301,2024-09-30,receita,Marketing,Vitae facilis.,2203.92,
3302,2025-12-21,Despesa,Receita,Ab harum odit nesciunt.,-2682.25,
3303,2024-08-03,receita,marketing,Minima quidem.,-1609.42,PED-41939
3304,2025-08-11,Receita,marketing,Ratione id vel repellendus rem.,5280.73,PED-72688
3305,2025-01-10,Receita,Marketing,Nam harum.,-4551.64,
3306,2025-08-19,Receita,Receita,Doloremque minus ipsa culpa.,-5460.89,
3307,2024-12-06,Receita,RH,Quam dolores tenetur molestias.,2267.69,
3308,2024-12-16,Receita,Receita,Facilis debitis quae sapiente quaerat.,7068.27,PED-92001
3309,2024-10-07,Receita,Logística,Vero saepe eum beatae.,127.83,
3310,2024-06-09,receita,RH,Tempore iure eum molestias neque.,-7446.7,PED-98035
3311,2025-12-17,receita,RH,Harum mollitia expedita ut repellendus.,4128.73,
3312,2024-07-05,receita,Tecnologia,Harum occaecati fugiat id facere.,10987.76,PED-76787
3313,2024-10-23,Despesa,Receita,Ipsum eum a odit.,-4854.3,PED-88509
3314,2024-07-11,receita,Marketing,Nobis eligendi voluptatem officiis necessitatibus.,654.83,PED-14051
3315,2025-04-12,Receita,Tecnologia,Libero aperiam eum dignissimos.,-6303.15,
3316,2025-10-02,receita,Logística,Perferendis nobis illo deserunt pariatur.,-134.65,PED-70883
3317,2024-12-30,receita,Tecnologia,Dolore dolorum laborum consequuntur aliquid.,4105.92,PED-50388
3318,2024-06-06,Despesa,RH,Asperiores illo dicta minima.,-278.12,
3319,2026-01-08,receita,Logística,Necessitatibus dolor illo adipisci.,-6180.25,PED-74182
3320,2024-06-10,Despesa,Tecnologia,Sed eius aliquam eligendi.,4327.33,PED-18248
3321,2025-03-25,Despesa,Logística,Vel expedita aperiam.,10683.22,
3322,2025-04-09,receita,Logística,Ipsum voluptas nam beatae.,10144.35,
3323,2025-09-15,receita,Logística,Cumque temporibus omnis.,-4163.07,PED-53908
3324,2026-01-15,receita,Logística,Perferendis assumenda expedita.,3955.21,
3325,2026-01-07,Despesa,marketing,Occaecati iste eius molestiae.,8044.89,
3326,2025-10-03,Despesa,Receita,Nam nobis quidem.,-770.26,PED-81142
3327,2025-03-16,Receita,RH,Possimus ipsum officia beatae facilis.,3634.98,
3328,2025-02-15,Despesa,Receita,Quae ab quam molestias.,9522.91,
3329,2024-06-30,Receita,Tecnologia,Velit nulla.,7798.9,
3330,2025-08-26,Despesa,RH,Aliquid rem molestias.,-500.03,PED-61331
3331,2025-03-09,Despesa,Logística,Quibusdam porro nihil quaerat possimus.,10649.68,PED-70172
3332,2024-09-21,Receita,Logística,Libero cum.,4119.68,
3333,2025-03-07,receita,Tecnologia,Architecto ab veritatis consequatur deserunt.,11677.35,
3334,2025-08-09,Receita,Logística,Ipsa iusto laboriosam eos.,10556.11,PED-69606
3335,2024-02-26,Despesa,Tecnologia,Voluptas nobis qui unde.,409.86,
3336,2024-06-12,receita,Receita,Mollitia explicabo est.,11633.93,
3337,2025-03-28,receita,RH,Dicta nesciunt harum odio accusamus.,-262.31,
3338,2024-11-27,Receita,Marketing,Saepe ea.,-773.3,
3339,2026-01-19,Receita,Logística,Error est reiciendis error.,-5850.77,PED-80152
3340,2025-11-29,Receita,Marketing,Corrupti non laboriosam.,10514.96,
3341,2025-06-11,Receita,Receita,Inventore repellendus.,3331.35,
3342,2025-09-24,receita,Tecnologia,Cupiditate quia expedita voluptas.,6391.44,PED-47249
3343,2025-08-27,Receita,marketing,Labore odit.,-3591.25,PED-89123
3344,2025-11-17,Despesa,Logística,Qui nesciunt corrupti architecto minus.,8815.36,
3345,2025-10-18,Despesa,Tecnologia,Delectus expedita beatae porro.,-1665.64,
3346,2024-05-19,receita,marketing,Aliquid ad voluptate.,2834.23,
3347,2024-04-12,Receita,Tecnologia,Alias atque deleniti quas.,6809.12,PED-45353
3348,2024-10-28,Receita,Marketing,Consequatur error.,-3076.14,
3349,2024-07-21,Receita,RH,Explicabo officia nisi.,4192.14,
3350,2025-06-01,receita,Marketing,Nisi corrupti modi.,-7936.63,PED-97970
3351,2024-11-03,receita,Tecnologia,Quas aliquam atque.,9217.91,PED-60685
3352,2025-06-23,Receita,marketing,Perspiciatis consequuntur eos repellendus.,-5992.67,PED-20747
3353,2024-02-15,Despesa,RH,Harum commodi harum quas.,850.55,PED-60393
3354,2024-03-21,Receita,Tecnologia,Explicabo numquam.,7301.12,PED-36886
3355,2024-10-27,receita,Tecnologia,Repellendus reprehenderit voluptate excepturi.,-1154.23,PED-12715
3356,2024-11-30,Despesa,Tecnologia,Et impedit eaque.,-241.99,
3357,2024-04-17,receita,marketing,Earum fuga omnis dicta pariatur.,6069.13,PED-88768
3358,2026-02-01,Receita,RH,Autem aliquam eveniet facilis fugit.,-3857.38,PED-51184
3359,2025-07-16,receita,Logística,Id modi.,-3024.69,
3360,2025-05-09,receita,Tecnologia,Eligendi sint eaque perferendis.,9554.61,
3361,2025-05-10,Despesa,Receita,Animi facilis veniam.,-6706.1,PED-12867
3362,2025-08-02,Despesa,Logística,Sapiente earum sapiente ratione.,-809.59,PED-12686
3363,2025-06-28,receita,Receita,Veritatis ut.,906.55,
3364,2024-11-10,receita,Logística,Veritatis ipsam amet nesciunt.,-1035.4,PED-45274
3365,2024-05-11,receita,RH,Labore alias illum.,-4838.04,
3366,2024-09-23,Receita,RH,Et eos debitis harum.,-708.56,
3367,2024-02-24,Despesa,marketing,Explicabo ea error.,-6152.46,
3368,2026-01-01,receita,Marketing,Magni debitis dignissimos alias.,2505.08,PED-43442
3369,2024-11-16,Receita,Logística,Et provident ipsum minima.,-5167.32,PED-67133
3370,2025-12-12,Receita,marketing,Dolorum et.,189.29,
3371,2025-03-12,Receita,Marketing,Mollitia beatae tempore.,4418.89,
3372,2024-11-29,receita,Tecnologia,Sed quis nulla tempora.,1404.97,
3373,2025-06-09,Receita,Marketing,Ex neque in.,8154.57,
3374,2024-09-24,Receita,Marketing,At impedit cupiditate et quis.,-2619.12,
3375,2024-11-11,receita,Tecnologia,Eum deserunt reprehenderit necessitatibus.,7217.21,
3376,2024-07-09,Despesa,marketing,Accusamus exercitationem quasi laborum.,-3087.07,PED-11146
3377,2025-06-27,Receita,Logística,Maxime quasi dolorum.,2264.92,
3378,2025-05-12,receita,marketing,Assumenda ad harum quasi ipsa.,-4659.97,
3379,2024-08-29,Receita,marketing,Nam vero et.,9233.77,PED-58128
3380,2025-06-19,receita,marketing,Blanditiis occaecati molestiae ab eligendi.,1098.88,
3381,2025-05-22,Receita,Receita,Deserunt impedit earum aperiam.,4120.22,
3382,2024-09-04,receita,marketing,Illum nam harum delectus.,-7988.53,PED-70394
3383,2026-01-13,Despesa,RH,Doloremque facere tempora amet.,3006.31,PED-62939
3384,2026-01-09,Despesa,Tecnologia,Cumque doloremque.,-921.29,PED-89366
3385,2025-02-27,receita,Tecnologia,Officiis eveniet aliquid.,10737.4,PED-31875
3386,2026-01-23,Receita,Marketing,Minima quod sequi.,-3862.14,PED-88616
3387,2024-03-18,receita,Marketing,A perferendis harum vitae maiores.,4087.92,PED-64055
3388,2026-01-14,receita,Logística,Maiores nisi quibusdam impedit.,-527.53,PED-51228
3389,2024-12-28,Receita,Marketing,Commodi quasi delectus dolorem laborum.,-3688.59,
3390,2025-07-12,receita,Tecnologia,Saepe ex in.,7810.49,PED-28329
3391,2025-02-02,receita,marketing,Nihil ipsum dolores.,-5153.69,PED-39762
3392,2024-07-30,receita,RH,Quae saepe earum dolore incidunt.,-15.22,PED-70975
3393,2025-10-06,Receita,RH,Illum mollitia quia aliquid.,-5391.72,
3394,2026-01-06,Receita,Receita,Non ea fuga aliquid eveniet.,10454.93,PED-48721
3395,2024-09-27,Receita,Logística,Voluptatibus ipsum cupiditate deserunt sit.,1301.79,PED-60666
3396,2025-08-16,Receita,Tecnologia,Tempore dicta minus.,-2120.98,PED-77182
3397,2025-07-10,Receita,RH,Eos modi atque.,-6644.89,
3398,2025-07-01,receita,Tecnologia,Itaque consequuntur eum fuga.,-4681.09,
3399,2024-09-21,Despesa,Receita,Illum possimus in cupiditate.,3231.8,
3400,2025-08-31,Despesa,marketing,Odio assumenda maxime.,4613.49,
3401,2024-09-21,receita,RH,Vel impedit quia dolore.,-1319.18,PED-90337
3402,2024-09-21,receita,Tecnologia,Voluptate dolore sint facilis.,-1469.11,
3403,2025-03-19,Despesa,Tecnologia,Ratione vel maxime totam.,-5534.04,PED-67461
3404,2025-12-20,receita,Tecnologia,Vel incidunt officiis.,-7276.88,
3405,2025-10-04,Receita,RH,Quis a aspernatur nostrum beatae.,-1396.96,PED-67653
3406,2025-01-09,Receita,marketing,Id nemo quos quidem.,7242.18,
3407,2025-11-18,Despesa,RH,Accusamus iure mollitia aut a.,-2484.8,
3408,2025-08-13,Receita,Logística,Tenetur a dolor laborum.,-7757.71,
3409,2024-07-10,receita,Tecnologia,Consequatur reiciendis.,-4126.71,PED-29876
3410,2024-10-07,Despesa,Tecnologia,Maxime modi quibusdam.,-2897.04,
3411,2025-06-21,Receita,marketing,Commodi iste.,9176.81,PED-44800
3412,2025-01-17,Receita,marketing,Quidem pariatur totam dolorem.,1366.13,PED-31706
3413,2025-08-26,Receita,Marketing,A voluptates.,5388.34,PED-54923
3414,2025-01-18,receita,Logística,Reiciendis odit explicabo.,3540.87,PED-81817
3415,2025-03-03,Despesa,Receita,Placeat laudantium exercitationem.,-1469.34,PED-30394
3416,2025-04-08,Despesa,marketing,Exercitationem omnis non.,-3476.02,PED-12913
3417,2024-09-14,receita,Logística,Sed consequatur quis maxime.,-1436.93,PED-76694
3418,2024-02-06,receita,Receita,Molestiae enim rem iure dolorem.,11826.26,PED-16722
3419,2026-01-06,receita,Marketing,Vero architecto rerum quis.,8481.38,
3420,2025-03-27,Receita,marketing,Nesciunt placeat placeat alias.,1286.95,
3421,2024-06-03,Despesa,Tecnologia,Exercitationem aliquam nam rem quam.,2116.87,PED-64086
3422,2024-07-02,receita,Tecnologia,Incidunt fugiat pariatur.,-1375.74,
3423,2024-03-05,Receita,Tecnologia,Culpa laboriosam.,1623.47,
3424,2024-06-12,receita,Marketing,Est doloremque a ullam.,712.47,
3425,2025-04-01,receita,RH,Sunt aspernatur dicta cum animi.,11567.17,PED-53749
3426,2025-06-22,Receita,Logística,Quasi occaecati sit amet sit.,-3286.35,PED-74469
3427,2025-11-24,Despesa,marketing,Qui facere reprehenderit.,106.35,PED-40816
3428,2025-05-26,Receita,Tecnologia,Quia architecto dolores assumenda itaque.,8090.59,
3429,2026-01-11,Despesa,Logística,Eius tempore autem aspernatur laboriosam.,3868.92,
3430,2024-06-08,Receita,Marketing,Vel fugiat aperiam.,7923.89,
3431,2024-11-28,Despesa,RH,Repellendus odio nulla.,1852.97,
3432,2025-01-18,Receita,Marketing,Totam commodi odio temporibus.,1424.16,
3433,2024-04-14,receita,Logística,Commodi officiis distinctio molestias.,5574.79,
3434,2025-01-06,Receita,marketing,Dolor enim suscipit.,9857.59,
3435,2025-12-14,Receita,Tecnologia,Optio quaerat modi est.,-6353.08,
3436,2025-05-09,Receita,marketing,Rem officiis est illum commodi.,9941.12,
3437,2025-06-16,receita,Tecnologia,Inventore dolorem.,-2171.43,
3438,2024-09-20,Despesa,Logística,Perferendis voluptatem praesentium pariatur.,-5227.68,PED-70599
3439,2025-11-20,Receita,Receita,Officiis odio.,7521.5,
3440,2024-03-06,receita,Tecnologia,Quam fugit dolore delectus.,-3524.16,
3441,2026-01-28,receita,Logística,Delectus ipsam possimus iste.,5300.17,PED-71952
3442,2025-04-16,receita,Tecnologia,Iusto totam voluptate magni.,-1872.02,PED-95654
3443,2026-01-24,receita,marketing,Provident tenetur impedit eaque.,7885.15,PED-50543
3444,2024-05-31,Receita,marketing,Eligendi culpa voluptatem molestias.,1225.74,
3445,2025-03-01,Receita,Marketing,Eaque harum cupiditate.,3753.66,
3446,2025-02-21,Receita,RH,Exercitationem similique perspiciatis.,-5477.81,PED-19626
3447,2025-01-31,receita,Receita,Voluptatum non quo quaerat incidunt.,-1600.99,PED-41359
3448,2024-06-26,receita,RH,Distinctio in provident aliquam debitis.,-5547.63,PED-94451
3449,2025-11-14,Despesa,marketing,Expedita libero aspernatur debitis adipisci.,9911.79,
3450,2025-02-11,receita,marketing,Quia ipsam tempora expedita.,-184.11,
3451,2024-04-14,Receita,Marketing,Ipsam iusto dolorem debitis officia.,8822.43,PED-43053
3452,2024-08-07,Receita,RH,Inventore repudiandae.,1270.08,PED-62099
3453,2024-11-09,receita,marketing,Ullam nemo minus expedita.,8315.62,PED-65358
3454,2025-01-19,Despesa,Receita,Dolore aspernatur.,-4320.76,PED-31519
3455,2024-07-26,receita,Marketing,Modi nulla.,1737.88,
3456,2025-03-20,Receita,marketing,Maiores cupiditate.,-3199.53,PED-89157
3457,2025-07-11,receita,marketing,Soluta distinctio perspiciatis molestias.,6415.69,
3458,2024-04-14,Receita,Receita,Quos quaerat.,-785.45,PED-54952
3459,2025-08-29,receita,Marketing,Rerum voluptatum id aliquid.,-5908.05,
3460,2024-03-16,Receita,marketing,Ut rem fugit numquam.,-1349.64,PED-96332
3461,2024-06-23,Despesa,RH,Qui nemo itaque numquam quidem.,9791.73,
3462,2024-08-10,receita,Receita,Ab illo iste quam.,8005.59,PED-69631
3463,2024-09-01,Despesa,RH,In quam molestiae nemo.,-7109.73,
3464,2025-06-10,receita,Tecnologia,Nostrum libero voluptatem harum.,4540.85,PED-18231
3465,2025-07-02,receita,RH,Amet quidem sint.,10282.1,
3466,2025-03-03,receita,Tecnologia,Unde eum laborum adipisci odit.,-3542.01,PED-44694
3467,2024-08-01,Despesa,Marketing,Ab expedita id animi eum.,8334.73,PED-97612
3468,2024-11-29,receita,Logística,Velit repellendus dignissimos architecto.,-7914.3,
3469,2025-02-05,Receita,RH,Impedit fuga nobis dicta fugit.,-3220.4,PED-10294
3470,2025-10-02,Receita,Marketing,Blanditiis dolorum adipisci vel.,8047.82,PED-45865
3471,2025-09-01,Receita,Tecnologia,Consectetur iure voluptatibus necessitatibus.,9370.92,PED-93888
3472,2025-01-18,Despesa,Receita,Nulla ipsa temporibus.,-6976.09,
3473,2024-09-04,Despesa,Receita,Voluptatum id sint eligendi.,3047.19,
3474,2024-04-09,receita,Tecnologia,Omnis excepturi explicabo.,6514.42,
3475,2025-01-12,Receita,Receita,Voluptatem natus veritatis eaque.,590.01,
3476,2025-04-12,receita,Marketing,Inventore dolores ullam non.,-6010.8,
3477,2025-12-27,Despesa,Logística,Adipisci eveniet nesciunt.,5436.22,
3478,2025-05-04,receita,marketing,Laborum reiciendis fugit illo a.,6583.24,
3479,2024-11-28,receita,Logística,Accusantium quam.,11957.7,
3480,2024-12-08,Receita,marketing,Placeat nobis eveniet voluptatem rem.,9464.42,
3481,2024-09-11,Receita,Logística,Voluptatum similique.,11302.87,PED-24859
3482,2024-07-05,receita,Marketing,Cum ipsa eum reiciendis perferendis.,2009.26,PED-80070
3483,2025-02-17,Despesa,Marketing,Deserunt facilis expedita.,1624.84,PED-90526
3484,2025-10-27,Receita,Logística,Pariatur architecto facilis unde.,7780.0,
3485,2025-01-14,receita,marketing,Sapiente quaerat nisi.,2906.09,
3486,2025-12-09,Despesa,Marketing,In quibusdam veritatis.,11842.46,
3487,2026-01-26,receita,marketing,Neque ratione eveniet.,2441.73,
3488,2024-08-18,receita,Receita,Ullam architecto corrupti exercitationem fuga.,-972.35,PED-54588
3489,2025-04-04,receita,Marketing,Non iusto explicabo.,8145.5,
3490,2025-07-14,Receita,marketing,Quo quos ducimus.,4421.5,
3491,2026-01-01,Despesa,marketing,Accusantium incidunt error.,8690.22,PED-74798
3492,2024-10-04,receita,Logística,Optio eos numquam.,4850.55,
3493,2025-05-24,Receita,RH,Ea at veritatis iste.,-4238.39,PED-84834
3494,2024-07-23,Receita,Receita,Omnis error dolores odit eos.,10678.4,PED-95028
3495,2025-01-04,receita,Receita,Impedit commodi exercitationem quod.,8750.38,PED-51309
3496,2024-08-29,Receita,marketing,Id facilis fugit.,8860.45,
3497,2024-10-29,Despesa,marketing,Perferendis tempore molestiae esse.,1468.6,PED-82559
3498,2025-12-09,Receita,Tecnologia,Ea itaque nobis.,8216.59,PED-93634
3499,2024-02-06,Receita,Logística,Perspiciatis minima veritatis eaque.,2741.63,PED-65789
3500,2024-12-28,Receita,Marketing,Repudiandae quisquam occaecati ducimus esse.,-6901.74,
3501,2025-06-27,Despesa,Logística,Maxime totam occaecati.,8313.87,PED-30058
3502,2024-07-07,receita,RH,Quae fugiat molestiae.,11626.21,PED-79594
3503,2024-03-06,Receita,RH,Qui tempore eligendi quam molestias.,-1832.3,PED-49298
3504,2024-10-02,Receita,Marketing,Recusandae illum.,11625.08,
3505,2024-04-14,Despesa,Marketing,Dolore modi iure ad.,9390.1,
3506,2025-07-18,receita,Marketing,Ea optio distinctio autem nulla.,-6096.85,PED-44629
3507,2024-05-26,receita,Marketing,Accusantium dicta harum.,-4347.62,
3508,2025-12-06,Receita,Marketing,Debitis beatae et distinctio.,-2469.7,
3509,2025-06-08,Despesa,Tecnologia,Molestiae accusantium.,10704.19,PED-81573
3510,2024-10-05,Despesa,Receita,Pariatur tempore non consectetur.,-2049.08,
3511,2024-10-30,receita,RH,Aperiam distinctio repudiandae.,-6140.65,PED-53681
3512,2026-01-25,Despesa,Marketing,Facere tempora doloremque ut.,-5262.17,
3513,2026-01-05,Receita,RH,Asperiores sequi qui optio.,-7149.5,PED-57333
3514,2024-04-26,Despesa,Marketing,Quam sit laboriosam tempore.,-2714.35,
3515,2025-10-05,Receita,Logística,Labore nemo.,-4632.4,
3516,2025-10-12,Despesa,Marketing,Tempora facilis distinctio corrupti.,1406.31,
3517,2024-10-01,Despesa,Receita,Magnam voluptas ab.,2193.69,
3518,2024-02-29,Despesa,Tecnologia,Tempora veniam.,9501.45,
3519,2025-07-24,receita,Tecnologia,Officia perspiciatis repellat.,-3241.77,
3520,2025-08-18,Despesa,Receita,Iste vero reprehenderit ipsum.,-231.18,PED-79177
3521,2025-08-02,receita,marketing,Enim molestiae non tempore consectetur.,90.41,PED-87433
3522,2025-11-23,Despesa,Logística,Eum ipsa culpa veniam.,-2612.8,
3523,2025-02-21,Despesa,RH,Magnam iure labore placeat.,-2900.01,PED-89332
3524,2024-08-04,Receita,Marketing,Pariatur saepe illum vero mollitia.,110.9,PED-35056
3525,2025-07-03,Despesa,marketing,Voluptates assumenda rem.,3532.32,
3526,2025-07-22,Despesa,marketing,Distinctio harum tempora quas deleniti.,-5351.03,
3527,2025-09-19,Receita,Receita,Provident inventore.,-7068.72,PED-19463
3528,2024-11-21,Receita,marketing,Rem id nulla rerum.,-2469.02,
3529,2025-04-10,Despesa,marketing,Dolore quia dolores mollitia sit.,6344.73,PED-11803
3530,2025-12-29,Receita,Logística,Soluta consectetur quod.,-3873.33,
3531,2024-10-09,Despesa,Receita,Architecto vero delectus.,7711.95,PED-58333
3532,2025-04-09,receita,RH,A pariatur a voluptatibus.,5190.4,PED-99170
3533,2024-05-11,receita,Receita,Voluptatum quibusdam ipsam.,-3969.02,
3534,2025-11-05,Receita,RH,Suscipit debitis atque nostrum.,-936.44,
3535,2025-10-22,receita,RH,Delectus ratione reiciendis.,10982.86,
3536,2025-04-21,receita,Marketing,Sapiente maxime eligendi harum.,665.87,
3537,2025-07-19,Receita,Receita,Neque eum aperiam.,1174.95,
3538,2026-02-02,receita,Marketing,Cumque reiciendis.,9626.13,PED-28441
3539,2025-04-23,receita,marketing,Possimus a eligendi.,523.05,PED-11804
3540,2025-07-23,Despesa,Marketing,Rerum at maiores.,3729.69,PED-55592
3541,2024-11-02,Despesa,marketing,Cupiditate vero quasi.,986.86,PED-46125
3542,2024-03-28,receita,Logística,Accusantium ducimus.,-4790.83,PED-38909
3543,2025-01-08,Receita,Marketing,Consequatur blanditiis quibusdam accusamus.,7620.16,PED-94570
3544,2024-09-03,receita,marketing,Rerum aperiam nihil error.,11729.86,
3545,2025-09-05,Receita,Logística,Vitae vero similique necessitatibus quidem.,6424.85,PED-78423
3546,2025-08-11,Despesa,Marketing,Repellendus iste ipsa ipsam.,-2563.76,PED-96283
3547,2024-03-30,Despesa,RH,Quasi labore sed.,-7594.01,
3548,2024-06-05,Receita,Logística,Odio eius.,-2958.02,
3549,2024-12-13,Despesa,RH,Ratione quo.,11549.03,
3550,2025-07-18,Receita,Logística,Dolore voluptatum provident iste.,7369.86,PED-82597
3551,2026-01-25,Despesa,Logística,Laudantium tempore dicta.,-7970.79,
3552,2025-08-13,Receita,Receita,Quibusdam deserunt.,-1873.24,PED-65685
3553,2025-07-07,Despesa,Logística,Aspernatur optio recusandae.,3723.85,PED-92424
3554,2024-03-28,Despesa,Tecnologia,Molestias a possimus magnam.,3304.31,
3555,2024-08-21,receita,RH,Deleniti repellendus quisquam vel corporis.,4492.38,PED-42097
3556,2025-12-14,Receita,Logística,Animi exercitationem dolores vitae inventore.,-862.39,PED-41610
3557,2024-04-06,receita,marketing,Accusamus voluptatibus iste.,616.46,
3558,2025-12-10,Despesa,Marketing,Enim placeat animi odit commodi.,-5936.15,
3559,2024-08-05,receita,Marketing,Soluta eos animi laborum porro.,-3900.81,
3560,2024-06-16,Receita,Receita,Culpa autem exercitationem deleniti id.,11795.49,PED-81901
3561,2025-03-30,Despesa,marketing,Reiciendis dicta iusto veritatis.,-3585.36,
3562,2025-08-03,receita,Marketing,Eligendi commodi dignissimos ex.,-7267.68,PED-11533
3563,2026-01-06,Receita,Logística,Maxime molestiae voluptates fugit.,4860.38,
3564,2025-11-12,Receita,Logística,Ab veritatis fugiat id.,10471.34,
3565,2024-06-28,Receita,Logística,Delectus hic qui earum aut.,7821.99,
3566,2024-05-05,Receita,RH,Animi labore.,5779.93,
3567,2025-01-03,Despesa,Receita,Doloremque hic quisquam consequuntur.,6573.29,
3568,2025-05-06,receita,Logística,In sequi asperiores.,-5998.13,
3569,2025-10-29,Despesa,Logística,Numquam quibusdam.,-7998.14,PED-55738
3570,2026-02-01,receita,Tecnologia,Numquam ratione odio asperiores iusto.,5918.78,
3571,2024-02-07,Despesa,Tecnologia,Cumque possimus illum.,-7572.77,
3572,2024-05-03,Receita,marketing,Repellat sapiente.,-3315.61,
3573,2024-05-24,Receita,marketing,Omnis iure iusto officia eligendi.,-4047.11,PED-48666
3574,2024-04-12,Receita,Receita,Libero iusto vero a.,989.34,
3575,2025-11-02,Receita,Marketing,Dolore dolore voluptatibus.,6514.88,PED-36760
3576,2025-07-06,Despesa,Logística,Repudiandae fugiat accusantium.,8694.93,
3577,2024-08-08,Despesa,Marketing,Eum commodi fugit.,8672.39,PED-30849
3578,2025-05-01,receita,Marketing,Possimus eius perferendis.,-4572.5,
3579,2024-02-24,Despesa,RH,Perspiciatis omnis.,-5829.51,
3580,2024-08-23,Receita,marketing,Doloremque at.,301.06,
3581,2025-10-14,Despesa,marketing,Consequuntur at quaerat.,-2677.2,PED-78191
3582,2024-07-11,receita,marketing,Iure aliquid.,8575.51,
3583,2024-03-10,receita,RH,Recusandae incidunt quia sequi quod.,-4557.3,PED-68336
3584,2025-01-15,receita,Logística,Eveniet perspiciatis quod alias.,4125.63,
3585,2025-05-31,receita,Logística,Fugiat exercitationem esse eligendi aliquid.,-489.48,PED-80182
3586,2024-02-17,Receita,Tecnologia,Hic cumque error.,-5693.05,
3587,2024-02-29,Receita,Receita,Hic natus vero rem veniam.,6005.39,PED-24832
3588,2025-05-13,receita,Receita,Exercitationem beatae.,3613.25,
3589,2025-12-23,Despesa,marketing,Sed impedit ducimus.,2780.51,
3590,2025-08-17,Receita,Marketing,Ipsa tempora sapiente sunt.,2168.32,
3591,2025-09-08,Receita,Tecnologia,Quasi deserunt consectetur impedit.,3045.55,
3592,2024-03-02,receita,Logística,Quasi dolor pariatur.,-1358.48,
3593,2025-09-09,Receita,RH,Aspernatur repellendus ad praesentium magni.,1810.17,
3594,2024-06-24,Receita,Receita,Dolorem unde tenetur modi.,4724.99,
3595,2025-03-28,Despesa,RH,Sit iusto reiciendis.,-6571.3,
3596,2024-04-03,Despesa,Logística,Voluptatum maxime atque.,1217.98,PED-99304
3597,2025-03-12,receita,Marketing,Fugit explicabo.,-7337.88,
3598,2024-03-07,Despesa,Receita,Aut molestiae debitis perspiciatis officia.,-7515.86,
3599,2024-11-24,receita,marketing,Ut assumenda culpa.,7151.17,
3600,2025-12-30,Receita,Receita,Quam ratione quis reprehenderit.,-4191.56,PED-22879
3601,2026-01-12,Despesa,Receita,Magni praesentium voluptatibus maiores.,-569.21,
3602,2024-03-14,Despesa,marketing,Inventore doloremque placeat.,11768.06,PED-51005
3603,2025-02-11,Despesa,Marketing,Voluptatum sunt soluta.,7893.79,PED-76062
3604,2024-11-11,receita,Logística,Tempora eveniet dolorem quibusdam.,-4814.51,
3605,2024-09-16,Despesa,Receita,Tenetur maxime atque exercitationem.,3527.7,PED-72492
3606,2024-03-15,receita,Tecnologia,Voluptate quis tempora voluptas.,10205.07,
3607,2025-12-05,Receita,Logística,Odio laudantium perferendis.,2028.31,PED-15565
3608,2024-08-17,receita,RH,Fuga quam soluta.,-7192.34,PED-66975
3609,2025-02-01,Receita,Marketing,Ducimus laboriosam culpa.,3984.23,PED-10366
3610,2025-10-18,Receita,RH,Animi nulla maxime dicta voluptatibus.,-1092.96,
3611,2024-05-08,receita,Receita,Cum sit.,2317.81,
3612,2024-04-12,receita,RH,Officia occaecati non.,3260.03,PED-40907
3613,2025-07-16,Receita,Logística,Ipsa quae rerum officia.,2233.65,PED-52158
3614,2024-06-05,Despesa,Marketing,Ex facilis delectus.,-675.79,PED-32313
3615,2024-03-01,Despesa,Marketing,Dolorum perspiciatis.,3050.87,PED-15161
3616,2024-02-08,Receita,RH,Quo ab earum mollitia.,-3841.67,PED-63763
3617,2024-02-12,Despesa,Logística,Nemo veniam hic a accusantium.,7730.46,
3618,2024-10-23,Receita,Marketing,Facere temporibus soluta tenetur.,-6785.76,
3619,2024-10-14,receita,Logística,Distinctio ipsa.,8697.96,
3620,2024-08-09,receita,Receita,Consequuntur vitae hic.,6665.7,
3621,2025-07-09,Despesa,RH,Explicabo rerum eum adipisci.,1968.94,
3622,2024-05-28,receita,Receita,Distinctio corporis autem.,7277.06,
3623,2024-03-19,receita,Logística,Saepe quae laudantium.,-3155.46,
3624,2025-06-18,Receita,Receita,Sint maiores laboriosam.,1.65,PED-98854
3625,2025-01-24,Despesa,marketing,Recusandae minus eveniet soluta perferendis.,2434.47,PED-94565
3626,2024-11-25,receita,Logística,Vero accusamus ipsum exercitationem laborum.,-4828.14,PED-41813
3627,2024-04-06,Despesa,marketing,Optio atque necessitatibus.,-634.87,PED-79248
3628,2025-03-09,Receita,Marketing,Eligendi velit officiis harum.,-1808.3,
3629,2024-05-21,receita,Marketing,Asperiores facilis non optio.,8440.74,PED-48223
3630,2025-04-14,Receita,Logística,Est omnis esse odit provident.,10922.83,PED-58977
3631,2025-12-09,Receita,marketing,A optio fuga.,65.58,PED-40025
3632,2025-08-28,receita,Tecnologia,Earum nam numquam consectetur.,5663.67,
3633,2025-10-09,Despesa,Marketing,Blanditiis alias velit.,5373.29,PED-71581
3634,2024-09-28,receita,RH,Alias quae quas.,7841.88,
3635,2025-12-16,Receita,Receita,Unde esse.,-5820.7,
3636,2024-09-12,receita,Logística,Quod iusto repellendus.,6509.89,PED-27596
3637,2025-07-15,Despesa,Receita,Nihil placeat ea perspiciatis aliquid.,-6769.4,
3638,2025-05-23,receita,Receita,Repudiandae amet perspiciatis.,4781.63,
3639,2025-04-09,Receita,marketing,Consequatur quod at.,-3821.26,
3640,2025-01-18,Despesa,Logística,Ipsa vitae.,3742.43,PED-26014
3641,2024-04-08,Despesa,marketing,Dolor facere ducimus neque.,8134.1,
3642,2025-07-18,Receita,Receita,Impedit labore quos fugit.,3997.1,PED-78971
3643,2026-01-21,Despesa,Marketing,Natus quidem temporibus id.,2887.56,
3644,2025-07-31,Receita,Tecnologia,Aliquid impedit eveniet reprehenderit ut.,-6171.63,
3645,2025-01-16,receita,marketing,Autem fuga.,-5305.86,PED-94414
3646,2025-12-15,Receita,Marketing,Voluptatem error.,9647.66,
3647,2025-07-27,Receita,Tecnologia,Molestiae praesentium magni aliquam.,7227.07,PED-75099
3648,2025-10-23,receita,Marketing,Hic corrupti porro vitae excepturi.,1234.26,PED-75625
3649,2024-06-29,Despesa,Receita,Minima provident quia blanditiis.,9280.32,
3650,2024-06-12,Receita,marketing,Ipsum in consequuntur.,8406.98,
3651,2025-01-29,receita,RH,Voluptatibus maxime quasi vero.,-5759.71,
3652,2025-10-25,Receita,Receita,Itaque voluptatum laudantium labore itaque.,-454.18,PED-71901
3653,2024-05-17,receita,Receita,Architecto et architecto temporibus.,-2327.02,
3654,2025-08-02,Despesa,RH,Corrupti ut.,10333.44,
3655,2025-12-24,receita,Logística,Perferendis vero atque.,4194.85,
3656,2024-10-23,Receita,Marketing,Accusamus totam optio.,-1775.44,
3657,2024-11-02,Despesa,Receita,Molestiae velit illum dicta.,7437.35,
3658,2025-07-14,Despesa,Logística,Provident error modi.,-3483.12,PED-62035
3659,2024-08-28,receita,Marketing,Ducimus cum.,3731.14,
3660,2025-10-22,Receita,Receita,Animi itaque beatae a.,-4846.44,
3661,2025-01-07,Receita,marketing,Nobis sequi.,1025.84,PED-53934
3662,2024-02-09,receita,Marketing,Aliquid placeat repellendus.,-6155.51,PED-14781
3663,2024-11-03,Receita,Tecnologia,Culpa repellat.,2722.1,PED-15616
3664,2025-07-21,Despesa,Marketing,Consequatur amet similique.,7560.37,
3665,2026-01-10,receita,RH,Quis ipsum dolore molestiae.,573.39,
3666,2025-05-19,Receita,Receita,Deleniti provident excepturi.,-5424.27,
3667,2025-02-06,Receita,Marketing,Dolore magni voluptatibus doloribus.,2405.13,PED-36631
3668,2024-07-25,receita,RH,Quo architecto corporis quis corrupti.,9690.79,
3669,2024-04-03,receita,marketing,Corrupti deleniti reprehenderit porro.,5698.16,PED-19526
3670,2024-06-26,Despesa,marketing,Praesentium repellat.,-6001.09,
3671,2024-05-09,receita,Logística,Illum cum.,-884.09,
3672,2024-11-19,receita,Tecnologia,Quibusdam consectetur est.,-5824.53,PED-92100
3673,2024-02-17,receita,Tecnologia,Architecto voluptatum quibusdam.,4883.02,
3674,2024-05-25,Despesa,Logística,Doloremque temporibus doloremque quae.,-2191.98,
3675,2024-03-25,Receita,Logística,Officia sint velit odio.,9927.21,PED-10649
3676,2026-02-01,Receita,Logística,Vel perferendis.,-2031.19,
3677,2025-01-13,receita,Marketing,Deleniti doloremque totam corrupti.,-3760.79,PED-94559
3678,2024-04-01,Despesa,Receita,Aspernatur occaecati fugiat recusandae id.,-5517.26,PED-23431
3679,2025-02-25,receita,Receita,Corrupti autem consequuntur veritatis dicta.,5879.34,
3680,2025-12-01,Despesa,Logística,Amet suscipit praesentium.,11863.81,
3681,2024-05-05,receita,Logística,Eligendi maxime eos.,3481.75,PED-12067
3682,2025-08-15,receita,Tecnologia,Optio at sapiente reiciendis ullam.,8146.5,PED-62803
3683,2024-07-18,Despesa,Tecnologia,Optio harum non.,8161.4,PED-96084
3684,2025-04-12,Despesa,Receita,Quasi expedita velit.,4093.2,PED-88683
3685,2025-01-20,Receita,Tecnologia,Sed voluptatum cum.,-2089.05,PED-80158
3686,2025-01-12,Despesa,RH,Dolores libero dolor.,4735.54,
3687,2025-08-08,Receita,Logística,Omnis deleniti.,3306.8,
3688,2025-02-26,Despesa,Logística,Deleniti fugiat.,3389.63,
3689,2025-01-11,Receita,Marketing,Aut expedita possimus blanditiis.,-4300.91,PED-39232
3690,2024-02-17,Receita,RH,Autem blanditiis.,84.24,
3691,2024-11-15,receita,Tecnologia,Suscipit porro deleniti occaecati iusto.,5993.55,PED-83126
3692,2024-07-31,Receita,RH,Odit nemo sit reiciendis.,4804.79,PED-69923
3693,2025-01-18,Receita,Receita,Neque nesciunt sunt ea dolorum.,839.79,PED-38299
3694,2025-06-27,Despesa,Receita,Enim iste illum.,-3437.79,
3695,2024-08-22,receita,Receita,Corporis ea dicta molestias.,5250.87,
3696,2025-02-06,Despesa,marketing,Et in nihil.,5145.18,
3697,2024-11-27,receita,Marketing,Iste quam sint.,9945.02,
3698,2025-12-03,Receita,Receita,Libero similique animi.,3325.36,PED-66904
3699,2024-07-24,Receita,Tecnologia,Eos delectus quidem laboriosam.,8091.71,PED-29299
3700,2024-04-24,Despesa,Logística,Ut eveniet.,2890.01,PED-29216
3701,2025-05-10,Despesa,Logística,Doloribus animi laborum velit.,-6130.05,PED-82170
3702,2025-11-15,Despesa,RH,Quibusdam consequuntur nihil.,-1105.65,
3703,2024-09-19,Receita,Marketing,Pariatur dolorum repellat ad.,3235.88,
3704,2024-12-06,Despesa,Receita,Consequatur tempore ipsam.,9645.74,PED-34941
3705,2025-02-03,Despesa,Logística,Cum animi fugit delectus.,11609.48,PED-25753
3706,2024-05-02,Receita,Logística,Quidem pariatur ex ea ex.,-26.59,
3707,2025-07-31,Despesa,Logística,Maiores fugiat quo debitis eum.,8995.27,
3708,2025-07-10,Receita,marketing,Corporis consequuntur temporibus vel adipisci.,1568.35,
3709,2025-07-17,Receita,Receita,Veritatis dolorem omnis.,9044.16,PED-66917
3710,2024-03-28,receita,Marketing,Veritatis eligendi magnam accusamus.,11968.87,PED-25307
3711,2024-08-01,Despesa,marketing,Totam adipisci vel.,-6498.87,
3712,2025-04-20,Despesa,Logística,Amet ratione nobis enim rerum.,8471.21,
3713,2025-09-13,Receita,RH,Iste reprehenderit.,2556.25,PED-90224
3714,2024-02-18,Receita,Logística,Neque rem tempore.,4597.24,PED-19589
3715,2024-06-01,Receita,RH,Dolorum qui eligendi atque possimus.,155.82,
3716,2025-05-10,Despesa,RH,Voluptate repellat quo perferendis.,4841.46,
3717,2025-10-28,Receita,Receita,Laborum sit fugit distinctio.,-632.78,PED-93558
3718,2025-12-11,receita,Marketing,Quaerat totam.,9914.37,PED-67756
3719,2024-09-04,Despesa,Logística,Nisi enim rem facilis error.,-185.24,PED-17626
3720,2024-02-28,Receita,Receita,Consequatur magnam debitis tenetur dolore.,64.38,
3721,2025-03-31,Despesa,marketing,Mollitia aliquam accusamus libero.,-1108.99,
3722,2024-08-20,Despesa,RH,Eveniet possimus eius cupiditate.,6499.76,PED-72146
3723,2024-11-21,Receita,marketing,Iste aspernatur dicta eius necessitatibus.,3308.43,
3724,2024-11-16,receita,Marketing,Occaecati ut eius earum suscipit.,-54.42,PED-78679
3725,2024-08-18,Receita,marketing,Corporis necessitatibus excepturi laboriosam nam.,-4031.22,
3726,2025-05-21,Receita,marketing,Ipsum ut saepe.,11083.86,PED-51182
3727,2025-03-06,Despesa,marketing,Impedit beatae officia.,-3947.63,
3728,2025-01-10,receita,Tecnologia,Cupiditate vel atque.,10543.34,
3729,2025-01-29,Receita,marketing,Accusantium laboriosam vel.,5560.65,
3730,2025-02-23,Receita,RH,Optio dicta pariatur natus quibusdam.,-5747.6,
3731,2025-06-09,Despesa,Receita,Facilis nulla necessitatibus non.,-1644.88,PED-71306
3732,2025-10-14,Despesa,Tecnologia,Consequuntur itaque repellendus eligendi dolorum.,11528.66,
3733,2025-12-10,Receita,marketing,Officia numquam fugit.,949.79,PED-97539
3734,2025-03-13,receita,Logística,Accusantium similique.,3851.1,PED-32111
3735,2025-08-19,Receita,marketing,Repellat ratione voluptas sequi beatae.,9282.46,
3736,2025-09-22,Receita,RH,Non occaecati quibusdam officiis est.,-2492.16,
3737,2024-07-11,receita,marketing,Ad inventore optio vero.,5640.97,PED-23318
3738,2024-06-25,receita,Tecnologia,Quae velit ipsum amet.,-5834.35,PED-28582
3739,2024-05-16,Despesa,RH,Doloribus ad perspiciatis perspiciatis.,5345.53,
3740,2025-02-26,Receita,Marketing,Assumenda excepturi corporis.,8679.16,
3741,2025-01-16,receita,Tecnologia,Saepe provident.,2724.88,
3742,2024-02-06,Despesa,marketing,Neque fuga quasi.,-2778.03,
3743,2024-12-24,Despesa,Tecnologia,Debitis voluptatem itaque omnis.,-1197.25,PED-74396
3744,2025-05-10,Receita,RH,Nihil debitis maiores eaque.,9331.67,
3745,2025-12-04,Receita,Tecnologia,Quae maxime placeat consequuntur.,-4455.67,PED-99329
3746,2025-03-13,receita,Marketing,Quas ea sequi rerum excepturi.,-1230.57,PED-85028
3747,2025-01-31,Despesa,Marketing,Explicabo aut asperiores molestias.,1856.52,PED-87150
3748,2025-10-03,receita,Receita,Libero temporibus autem aut rem.,10542.11,PED-25596
3749,2024-02-06,receita,Receita,Possimus ex accusamus molestiae ad.,-6778.22,
3750,2024-12-19,receita,Tecnologia,Autem voluptas.,7597.72,
3751,2025-12-17,receita,Marketing,Cumque eveniet.,-477.66,
3752,2025-08-11,Despesa,marketing,Provident cupiditate asperiores.,-4391.02,PED-92467
3753,2024-03-24,receita,Receita,Dicta ratione alias vero rerum.,-4815.66,PED-61558
3754,2025-09-17,Receita,Logística,Nihil tempora cum culpa facilis.,2781.49,
3755,2025-11-25,Despesa,Logística,Ut possimus commodi impedit neque.,98.69,
3756,2025-04-30,Despesa,Receita,Maxime tempore.,7401.8,
3757,2024-05-04,Despesa,marketing,Eius laudantium nemo nihil.,-1452.15,PED-62157
3758,2024-03-21,Despesa,Marketing,Alias modi.,3150.53,PED-80026
3759,2024-11-28,Receita,RH,Occaecati ullam dolor reprehenderit.,4468.74,PED-81022
3760,2024-02-17,Despesa,Marketing,Accusantium provident molestiae enim.,11061.74,
3761,2026-01-12,receita,Marketing,Blanditiis fuga quidem.,11028.0,PED-40120
3762,2025-03-01,Despesa,Tecnologia,Autem itaque dicta autem impedit.,6335.02,PED-42869
3763,2025-10-31,Despesa,marketing,Delectus labore.,-2037.25,PED-89376
3764,2024-10-25,Despesa,Tecnologia,Eligendi voluptates eius quasi.,2244.11,
3765,2024-08-23,Despesa,Marketing,Porro at placeat alias.,-2328.68,PED-69226
3766,2024-02-21,Receita,Receita,Natus consequatur facilis deleniti.,5096.66,PED-22014
3767,2025-03-16,Receita,marketing,Sit ex accusantium.,9903.92,PED-62645
3768,2025-10-24,receita,RH,Culpa molestiae.,-4080.23,
3769,2024-07-18,Receita,Tecnologia,Consectetur quos sint quos.,1040.13,
3770,2025-03-25,Despesa,Marketing,Animi dolor.,6388.17,PED-96991
3771,2024-03-10,receita,Tecnologia,Natus incidunt non eveniet nobis.,2643.95,
3772,2025-10-15,Despesa,Tecnologia,Animi praesentium.,10306.37,PED-76296
3773,2024-06-27,Despesa,marketing,Veniam illo tempora qui.,8740.9,PED-26972
3774,2025-04-25,Despesa,Tecnologia,Natus velit.,-4076.93,PED-15004
3775,2024-11-06,Despesa,Tecnologia,Voluptatum sapiente.,-7986.91,
3776,2025-09-07,Despesa,Receita,Hic voluptatibus consectetur ducimus.,7848.1,
3777,2024-08-17,Despesa,Logística,Consequatur suscipit quis.,9660.41,PED-96975
3778,2024-06-26,receita,RH,Facere nisi cupiditate voluptatibus.,6553.77,PED-53499
3779,2026-01-06,Despesa,Marketing,Quos cupiditate rerum quia.,-7387.32,
3780,2024-08-25,receita,Tecnologia,Officiis corrupti.,-4481.86,PED-54909
3781,2025-11-04,receita,Logística,Praesentium cum esse earum corporis.,-4348.88,PED-78627
3782,2024-04-17,receita,Tecnologia,Corrupti vel qui.,-118.66,PED-28396
3783,2025-03-07,Despesa,Logística,Ex quibusdam ea.,-4286.22,
3784,2025-08-02,Despesa,Tecnologia,Asperiores nulla minus earum praesentium.,6787.21,PED-45291
3785,2024-07-10,Receita,marketing,Accusantium eligendi soluta praesentium iure.,2923.64,
3786,2024-12-15,receita,RH,Corrupti nam voluptate laboriosam.,-4711.57,PED-20434
3787,2024-05-26,Receita,Tecnologia,Minus nostrum magnam.,7229.96,
3788,2024-04-20,receita,RH,Doloremque natus ipsam a dicta.,-4646.41,
3789,2025-06-17,receita,Tecnologia,Ullam neque earum perferendis suscipit.,-3566.96,PED-39133
3790,2025-05-28,Despesa,Tecnologia,Corporis quis repellat ullam.,7633.65,
3791,2026-01-01,Receita,Tecnologia,Optio sunt iure veniam.,-5875.79,PED-61277
3792,2024-07-10,receita,Marketing,Nobis velit sapiente.,11032.57,PED-74177
3793,2024-06-19,receita,Tecnologia,Non quod.,-1512.47,PED-89938
3794,2024-12-11,receita,Receita,Omnis neque unde doloribus ex.,-2253.9,
3795,2024-12-08,Receita,marketing,Sequi totam tempore doloribus.,-1867.61,
3796,2025-03-21,Despesa,Tecnologia,Delectus repellat ab maiores.,8486.57,
3797,2025-03-01,receita,Tecnologia,Facilis est.,1684.98,
3798,2024-12-15,Despesa,Receita,Quos dolorum nostrum quia.,-1327.7,PED-40935
3799,2024-04-17,Receita,Marketing,Molestias impedit.,8771.26,PED-37549
3800,2024-08-01,receita,Marketing,Occaecati nostrum ad.,-1495.08,
3801,2024-09-23,receita,Logística,Quod voluptatum nesciunt doloribus.,-3954.06,
3802,2024-09-18,receita,Tecnologia,Maxime sapiente error necessitatibus consequuntur.,9721.98,PED-64982
3803,2025-02-19,Despesa,Tecnologia,Facere ut soluta.,-6052.44,PED-65869
3804,2025-11-04,receita,Marketing,Autem eum tempora libero laborum.,-7678.86,PED-91365
3805,2024-07-21,Receita,Receita,Natus quos officiis quisquam.,9285.18,PED-24300
3806,2025-02-15,Receita,Marketing,Eos quas similique.,7526.67,PED-33242
3807,2024-12-25,receita,Tecnologia,Molestias sequi magni voluptatem amet.,2584.24,PED-25992
3808,2024-07-25,Despesa,Marketing,At fuga.,4101.44,PED-27253
3809,2025-05-23,Receita,Logística,Qui iure quam sequi fuga.,-780.27,PED-40803
3810,2025-05-28,receita,marketing,Minus fugit quasi.,9803.71,PED-53370
3811,2025-04-24,receita,Marketing,Similique deleniti recusandae sequi.,11110.92,PED-86489
3812,2024-10-14,receita,Tecnologia,Voluptate itaque blanditiis commodi.,844.03,
3813,2024-08-03,Receita,RH,Animi eveniet hic.,6122.03,PED-76874
3814,2024-09-09,Despesa,Receita,Cum et nulla neque corporis.,-2407.72,PED-92860
3815,2024-12-31,Despesa,Tecnologia,Tempore facere necessitatibus ex.,439.29,PED-57672
3816,2025-05-09,Despesa,Tecnologia,Nostrum voluptate.,-2239.35,
3817,2024-09-24,receita,Tecnologia,Ratione itaque assumenda dolor sequi.,10209.74,PED-20876
3818,2024-06-12,receita,Marketing,Nihil eveniet voluptas.,-5277.49,
3819,2025-05-21,Receita,marketing,Provident culpa molestias iure.,8032.43,
3820,2024-04-28,Despesa,Receita,Omnis animi necessitatibus.,9568.15,
3821,2025-04-14,Receita,Receita,Quidem consequatur culpa veniam.,9547.43,PED-25169
3822,2025-08-23,receita,Marketing,Placeat doloribus.,-3833.12,PED-52464
3823,2024-12-04,receita,Marketing,Occaecati deleniti neque.,2435.74,PED-93023
3824,2024-10-18,Despesa,Receita,Quisquam pariatur dignissimos numquam.,-4357.02,PED-23155
3825,2024-07-20,receita,Logística,Cumque earum occaecati error.,9022.44,PED-78785
3826,2024-06-03,receita,Tecnologia,Necessitatibus molestiae ipsum ea nisi.,4399.25,
3827,2025-11-11,receita,Receita,Similique ex repudiandae aperiam.,11809.26,PED-39109
3828,2025-10-15,receita,Receita,Recusandae at assumenda fugiat tempore.,7776.55,PED-48360
3829,2025-08-16,Receita,Receita,Delectus eveniet et.,-7872.69,
3830,2025-11-30,receita,Logística,Quas dolores atque.,-3816.98,
3831,2026-01-16,Receita,Receita,Perferendis dolorem voluptatum exercitationem itaque.,2867.29,
3832,2024-04-20,Receita,Marketing,Error nobis qui quo.,-5474.09,
3833,2025-09-05,Despesa,Marketing,Magnam numquam vitae blanditiis delectus.,4538.24,
3834,2025-11-02,Receita,RH,Aperiam illo voluptatum voluptatem.,6765.93,
3835,2026-01-05,receita,Logística,Ad architecto voluptates.,1790.76,PED-36733
3836,2024-12-13,receita,Marketing,Sunt suscipit quibusdam provident odit.,2650.26,PED-71821
3837,2024-09-24,Despesa,Receita,Possimus veniam iste.,-6258.16,
3838,2025-08-08,Receita,Logística,Assumenda nisi pariatur minima.,1601.59,PED-52054
3839,2025-09-26,Despesa,Logística,Exercitationem voluptatum ipsam aut veritatis.,3240.83,PED-44816
3840,2024-02-29,Receita,RH,Debitis eligendi possimus molestias earum.,-4904.9,
3841,2025-11-15,receita,marketing,Architecto eligendi perspiciatis consequatur.,4372.23,PED-76968
3842,2025-02-19,receita,Receita,Accusantium in corporis.,3076.0,PED-23402
3843,2024-03-23,Receita,Tecnologia,Excepturi quibusdam eveniet.,9380.61,
3844,2024-03-24,Despesa,RH,Necessitatibus consequatur excepturi voluptas.,-4489.02,
3845,2024-11-23,Receita,RH,Sit enim dolorum.,7744.23,
3846,2026-01-09,Receita,Logística,Debitis repellendus neque.,-4364.21,
3847,2024-09-30,Despesa,RH,Perspiciatis temporibus officia.,9631.17,PED-23213
3848,2024-07-10,receita,Receita,Unde officia corrupti fugit a.,9077.35,PED-19877
3849,2025-10-19,Receita,Tecnologia,Similique unde necessitatibus velit.,3013.18,
3850,2025-06-03,receita,Receita,Aut expedita tempore ea fuga.,-726.15,
3851,2025-05-11,receita,Tecnologia,Sequi error ad eos tenetur.,10793.92,PED-44967
3852,2024-11-07,Receita,RH,Sed debitis odio officia.,6495.72,PED-70689
3853,2024-04-16,Receita,marketing,Quidem fugit fugit nulla culpa.,8164.84,
3854,2024-06-19,Receita,Tecnologia,Officiis fugiat magni reprehenderit.,-1347.52,PED-43278
3855,2025-10-06,Despesa,Receita,In quae suscipit fuga magni.,6500.6,PED-33653
3856,2025-12-17,Despesa,Tecnologia,Atque architecto.,775.92,
3857,2026-01-18,receita,Marketing,Sequi ipsum quis.,-4758.21,
3858,2025-04-02,Despesa,Tecnologia,Tempore ut assumenda consequatur tenetur.,1370.22,PED-79074
3859,2025-01-08,Despesa,Marketing,Accusantium sapiente ducimus voluptatum.,-3715.26,
3860,2025-01-17,Despesa,Tecnologia,Sequi distinctio ab.,10916.09,
3861,2024-03-19,Receita,marketing,Nostrum quam assumenda magni.,-7438.43,
3862,2024-03-16,Receita,Logística,Necessitatibus consequuntur nesciunt at.,-57.37,
3863,2025-08-20,Receita,Marketing,Facilis reiciendis similique adipisci animi.,9667.43,PED-44774
3864,2025-06-04,Despesa,Receita,Amet accusamus eligendi.,9696.51,PED-77977
3865,2025-09-25,receita,Receita,Laborum rerum nostrum.,-3788.29,PED-58784
3866,2025-06-06,Receita,marketing,Alias sint officiis delectus assumenda.,4748.54,
3867,2024-06-26,Receita,marketing,Voluptates quaerat minima molestias iste.,-7653.26,
3868,2024-05-15,receita,Receita,A nam commodi deleniti.,-6359.8,PED-85060
3869,2024-11-01,Receita,RH,Neque voluptatibus praesentium voluptatibus.,-6671.83,
3870,2025-11-07,Despesa,Tecnologia,Laborum quia aliquam.,9970.79,
3871,2025-12-08,Receita,Receita,Officia libero labore saepe harum.,3543.77,PED-86923
3872,2024-04-06,Despesa,Marketing,Sapiente aperiam officiis nostrum illum.,-6150.5,PED-36062
3873,2025-07-21,receita,Receita,Cupiditate perferendis veniam corporis dolores.,9357.14,
3874,2025-09-01,Receita,Tecnologia,Neque minus.,8464.98,PED-10643
3875,2025-04-12,receita,Marketing,Quam ipsam voluptate.,-3791.66,PED-87789
3876,2025-07-24,Receita,Tecnologia,Blanditiis fugit veritatis cum.,11348.29,PED-29029
3877,2024-08-04,Receita,Receita,Ad fugit sed.,-4981.37,
3878,2024-07-25,Receita,marketing,Voluptate perspiciatis odit pariatur.,-5638.42,PED-70338
3879,2024-02-20,receita,Receita,Cupiditate dolor beatae consectetur.,-5207.3,
3880,2025-03-10,Receita,Marketing,Corrupti enim minus.,-348.36,
3881,2024-10-19,Receita,Marketing,Eligendi libero non excepturi.,-5580.86,PED-14183
3882,2025-01-26,Receita,Receita,Ad alias asperiores.,-1141.22,PED-79357
3883,2025-06-12,Receita,marketing,Vero quisquam facilis quod distinctio.,10509.66,
3884,2024-11-22,receita,Tecnologia,Eligendi porro rem.,-4151.11,PED-59844
3885,2025-05-07,Receita,Tecnologia,Sit tempore pariatur rerum iste.,-7731.82,PED-33440
3886,2025-10-10,Despesa,Receita,Provident qui occaecati.,8225.18,
3887,2025-12-07,Receita,Logística,Incidunt molestias dicta.,-4477.26,PED-21809
3888,2024-12-22,Receita,Tecnologia,Consequatur fugiat vero.,5660.83,
3889,2026-01-02,receita,Marketing,Animi facere maiores.,3528.59,
3890,2025-07-31,Receita,Tecnologia,Perferendis velit numquam ullam voluptates.,-2265.74,
3891,2025-09-27,Despesa,marketing,Necessitatibus veniam eius.,6012.51,PED-58067
3892,2024-09-19,Despesa,RH,Cumque officia vitae aliquam.,8792.92,
3893,2024-02-19,Receita,Receita,Soluta non unde sequi.,5339.01,PED-88145
3894,2025-12-22,Receita,Receita,Omnis quod consectetur a.,3669.18,
3895,2025-04-02,Receita,RH,Iste eum assumenda.,-5626.99,
3896,2024-06-19,receita,Logística,Ullam amet laudantium quia quidem.,2993.9,PED-80731
3897,2024-05-29,receita,Logística,Optio voluptatem ipsum.,7251.44,
3898,2024-12-07,Receita,Logística,Beatae doloribus quas atque.,10830.25,
3899,2025-05-13,Receita,RH,Magnam eos velit ut.,10603.7,
3900,2025-11-02,receita,Tecnologia,Amet labore.,-4760.92,PED-40252
3901,2025-03-19,receita,Marketing,Ducimus ratione magni eius nostrum.,-4672.96,
3902,2024-05-18,receita,Receita,Saepe odio est.,6430.95,PED-21190
3903,2024-05-26,receita,Tecnologia,Aliquam nihil.,-7552.39,
3904,2025-05-24,Receita,Logística,Eos quas a possimus.,2620.94,PED-24029
3905,2024-10-31,receita,Logística,Culpa labore eos velit.,11058.29,
3906,2024-04-20,Receita,Receita,Exercitationem officiis debitis.,6206.63,
3907,2025-07-07,Receita,Marketing,Minus natus tenetur itaque architecto.,-5506.11,PED-90758
3908,2025-03-06,receita,RH,Eos officia eos modi.,3288.57,PED-93864
3909,2024-07-01,receita,RH,Nam tenetur vero repudiandae.,9860.85,
3910,2024-07-07,receita,RH,Maiores aliquid.,3802.46,PED-55617
3911,2025-07-24,receita,RH,Qui suscipit veniam non.,8870.11,PED-42256
3912,2024-10-07,receita,Marketing,Inventore aperiam ipsum iusto.,-5262.82,PED-42912
3913,2024-10-06,receita,Marketing,Reiciendis dolore unde.,-5788.8,
3914,2025-09-08,Receita,Tecnologia,Delectus commodi repellat velit veniam.,-5547.26,
3915,2024-12-26,Despesa,RH,Adipisci laboriosam.,3076.87,PED-23156
3916,2024-12-10,receita,Logística,Eum adipisci nisi cum eos.,7268.88,PED-21793
3917,2024-07-12,Receita,RH,Minus fuga fugit dicta fugiat.,2325.6,
3918,2025-04-17,Despesa,Marketing,Ipsam debitis doloribus ad architecto.,8246.72,PED-97843
3919,2025-03-01,receita,Marketing,Ducimus dolore.,-5037.36,
3920,2024-02-12,receita,Receita,Quam itaque minima quia.,-6783.95,
3921,2025-02-23,Despesa,Marketing,Facere natus recusandae facere.,171.74,
3922,2025-08-09,Receita,RH,Accusamus delectus nihil reprehenderit.,6252.43,
3923,2024-10-23,Receita,Logística,Voluptas velit.,-777.58,PED-79559
3924,2025-01-05,receita,Logística,Ab animi.,-4010.11,
3925,2025-03-28,Receita,Receita,Ratione aliquid sunt quisquam hic.,-4068.93,PED-12284
3926,2025-02-14,Receita,Logística,Laboriosam error.,2633.83,PED-79222
3927,2025-12-30,receita,RH,Minus doloribus.,6068.16,PED-88139
3928,2025-02-20,receita,Marketing,Tempora doloribus blanditiis.,-3908.76,
3929,2024-10-03,receita,marketing,Repellendus ea facilis.,11995.17,PED-36262
3930,2025-04-28,Receita,RH,Corrupti rerum.,10439.39,PED-67340
3931,2026-01-28,receita,marketing,Facere vel corporis quasi.,-6421.33,
3932,2024-09-05,Despesa,marketing,Molestias at a autem.,8613.86,
3933,2025-01-22,Receita,Marketing,Magnam occaecati suscipit.,11596.46,PED-62819
3934,2024-08-08,receita,Marketing,Dolorem expedita.,-1787.97,
3935,2025-12-13,Receita,Marketing,Iste modi vel quae illo.,-6988.45,PED-87137
3936,2025-03-11,Despesa,RH,Labore asperiores.,-5513.53,
3937,2025-02-22,Receita,Receita,Cum at nostrum veniam.,5102.06,
3938,2024-08-05,Despesa,Tecnologia,Natus magnam eligendi.,-6641.11,PED-83783
3939,2024-06-20,Despesa,Marketing,Laudantium eos necessitatibus.,-1699.06,
3940,2024-11-19,receita,marketing,Mollitia ipsam quisquam.,-7154.06,
3941,2025-10-17,Despesa,Logística,Distinctio adipisci.,4931.68,PED-88372
3942,2024-08-26,receita,Tecnologia,Sunt temporibus exercitationem.,2583.76,
3943,2025-08-18,Despesa,Marketing,Ratione beatae nisi.,-4026.72,PED-87374
3944,2025-04-11,Despesa,Marketing,Eaque iste excepturi.,8273.31,PED-60098
3945,2025-12-29,Receita,RH,Eligendi ipsa sequi odio.,10161.52,
3946,2024-04-20,Receita,RH,Qui repudiandae.,-2266.9,PED-16436
3947,2024-03-29,receita,Tecnologia,Blanditiis laborum perspiciatis cupiditate.,-2676.52,
3948,2025-03-06,receita,RH,Nobis libero impedit.,-4339.69,PED-77552
3949,2024-07-19,Despesa,Tecnologia,Repellat eveniet vitae inventore delectus.,10239.39,PED-90025
3950,2024-10-25,Receita,Marketing,Numquam numquam illum.,6229.74,
3951,2024-10-07,receita,Receita,Aspernatur odit tempore et.,-5208.67,PED-38094
3952,2024-05-02,Receita,Tecnologia,Id illo.,1214.84,
3953,2024-10-08,Receita,Marketing,Ab aliquam eum.,214.84,
3954,2025-08-23,Despesa,Receita,Atque rerum fuga.,4555.4,
3955,2025-01-29,Receita,Logística,Placeat quia dolorem doloremque.,5686.92,PED-90636
3956,2024-08-08,Receita,Marketing,Inventore quidem modi sequi temporibus.,-6329.98,
3957,2024-11-24,Despesa,Tecnologia,Praesentium quaerat officiis ratione adipisci.,2072.99,PED-87024
3958,2025-12-17,Despesa,Tecnologia,Ex natus porro ea.,-7389.28,PED-19254
3959,2025-10-05,receita,Logística,Repellendus odit facere.,2702.08,
3960,2024-12-01,receita,Logística,Adipisci accusantium quidem ipsum.,2438.93,PED-40557
3961,2024-10-09,Despesa,Logística,Vitae itaque.,753.36,
3962,2024-05-23,Receita,Marketing,Quos voluptas ea rem.,-2809.99,PED-16137
3963,2025-09-21,receita,Logística,Asperiores deleniti dolorum aliquam perferendis.,1465.51,
3964,2024-06-08,Receita,RH,Fuga minus cumque saepe corrupti.,3268.58,PED-49263
3965,2025-04-12,Receita,Receita,Facere facere commodi amet.,5359.67,PED-30687
3966,2024-04-25,Despesa,Tecnologia,Magni accusantium vero perferendis.,-2591.68,PED-31672
3967,2025-11-21,Despesa,Tecnologia,Facere similique voluptatem earum nam.,-4991.26,PED-61393
3968,2025-12-01,Despesa,Receita,Vero qui esse nihil.,-6999.49,PED-15653
3969,2026-01-01,Receita,Receita,Accusantium fugit aut.,-5641.72,PED-21591
3970,2025-04-08,Receita,Logística,Labore minus aliquam.,542.99,
3971,2024-12-02,Receita,RH,Deleniti fugit quo voluptate sit.,-2317.65,
3972,2025-04-23,receita,Receita,Dolor commodi suscipit.,-452.26,PED-24025
3973,2024-08-06,Despesa,Receita,Consectetur unde.,5400.57,
3974,2025-01-19,receita,Receita,Mollitia in adipisci quos.,-7096.65,PED-89265
3975,2024-11-05,Despesa,Receita,Sapiente dolorum.,-2339.2,PED-89930
3976,2024-08-25,receita,Tecnologia,Eius autem dolore.,-3026.9,PED-44711
3977,2025-06-18,Receita,Logística,Sit ducimus magnam.,1061.2,
3978,2025-06-05,Receita,RH,Earum velit corporis ipsam ad.,-7767.7,PED-83509
3979,2025-07-18,Receita,RH,Blanditiis vel non minima laudantium.,-5153.21,
3980,2025-11-25,Despesa,RH,Ipsam odio asperiores adipisci.,-2495.66,
3981,2024-07-21,Receita,Tecnologia,Sequi eius eos aperiam.,11353.23,PED-39098
3982,2025-06-16,Despesa,RH,Natus fugit alias voluptates.,2654.07,
3983,2024-03-06,Despesa,Marketing,Laudantium voluptas laborum.,9606.69,PED-28017
3984,2025-12-09,receita,RH,Esse voluptatem ducimus.,-4973.23,PED-79102
3985,2024-12-20,Despesa,Tecnologia,Aut laudantium.,-6637.0,
3986,2024-09-18,Receita,Logística,In omnis necessitatibus.,-6522.94,
3987,2024-05-28,receita,Receita,Illo ab.,7109.82,
3988,2025-11-25,Receita,Receita,Saepe et numquam.,147.59,
3989,2024-10-22,receita,Receita,Exercitationem reiciendis inventore.,152.65,PED-10055
3990,2024-05-27,Receita,marketing,Repellendus sunt consectetur.,-7124.18,PED-43359
3991,2024-12-24,Despesa,Tecnologia,Tempore tempore enim.,-6112.09,
3992,2025-08-31,Receita,Logística,Placeat harum dolores.,10128.58,PED-46492
3993,2024-07-22,receita,marketing,Aliquam accusantium beatae.,-2756.35,
3994,2024-02-13,receita,Logística,Quam debitis rem.,5005.72,PED-35329
3995,2025-06-26,receita,Marketing,Quisquam excepturi eligendi facilis accusantium.,7753.96,PED-64577
3996,2025-06-27,Receita,RH,Harum illum repellendus.,7112.11,
3997,2025-12-26,Despesa,marketing,Alias maiores quasi.,6003.89,
3998,2025-06-29,Despesa,Tecnologia,Eum facilis unde dolor.,11128.52,PED-10373
3999,2025-06-29,receita,Tecnologia,Ad alias ad praesentium.,-5090.8,
4000,2025-04-13,receita,Logística,Distinctio nostrum vel fuga.,273.99,
4001,2025-05-03,receita,Tecnologia,Pariatur repellendus consectetur.,-4305.84,PED-61710
4002,2024-08-02,receita,Tecnologia,Mollitia ducimus.,443.7,
4003,2025-01-07,Despesa,Tecnologia,Molestias nostrum adipisci aliquid dolorum.,-83.45,PED-91073
4004,2025-06-30,receita,Tecnologia,Eveniet quisquam eos.,-376.75,
4005,2024-06-29,receita,Logística,Voluptas dolor repellat.,3767.04,
4006,2026-01-27,Receita,Marketing,Vero quia voluptas numquam sequi.,4273.94,
4007,2025-04-07,Receita,Receita,Recusandae harum exercitationem quaerat.,7620.92,
4008,2025-08-22,Despesa,RH,Nesciunt impedit eaque.,9783.08,PED-15831
4009,2024-12-31,Receita,Marketing,Laborum autem labore.,1489.62,
4010,2024-03-12,Receita,Tecnologia,Ab molestias.,2756.35,PED-82776
4011,2024-08-30,Receita,RH,Sequi explicabo.,-1712.24,
4012,2024-10-11,Receita,Tecnologia,Veritatis quo consequatur rem doloribus.,3585.38,PED-52946
4013,2025-05-31,Despesa,Marketing,Accusantium qui voluptate.,-420.34,
4014,2024-04-11,Receita,Tecnologia,Hic facilis architecto temporibus.,5121.28,PED-85025
4015,2024-10-29,Receita,Logística,Occaecati laudantium nam excepturi itaque.,2607.06,PED-86069
4016,2024-09-06,Receita,Marketing,Maiores quam maiores.,-2133.65,PED-59327
4017,2025-08-08,Despesa,Logística,Et a optio.,7710.34,PED-82974
4018,2024-04-28,receita,RH,Ipsa ab dolorum et ratione.,209.21,PED-52844
4019,2025-05-05,receita,marketing,Totam fugit quia quia aspernatur.,-7712.9,PED-50729
4020,2025-01-27,receita,Logística,Dolores labore consequatur reiciendis recusandae.,1800.59,PED-68077
4021,2025-12-13,Despesa,Marketing,Repudiandae quisquam.,3424.2,PED-50438
4022,2024-09-21,Receita,marketing,Voluptatibus facere corrupti.,7625.19,
4023,2025-05-15,receita,marketing,Sunt deleniti et assumenda.,-3149.67,PED-58434
4024,2025-11-04,receita,RH,Occaecati magni perferendis.,7665.58,
4025,2024-08-17,receita,Logística,Non minima voluptatum.,6011.97,
4026,2025-02-23,receita,Receita,Culpa vel sit.,-1319.96,PED-89723
4027,2024-04-15,Receita,Marketing,Deserunt iusto sit.,-7816.88,PED-98508
4028,2024-02-11,Receita,marketing,Hic labore.,-5631.71,PED-29943
4029,2024-05-21,Receita,RH,Ipsa fuga est architecto esse.,563.64,PED-72700
4030,2024-04-25,receita,RH,Autem doloribus quae iure.,-5313.27,
4031,2025-03-17,receita,Marketing,Molestiae in harum provident accusantium.,-5926.87,PED-33183
4032,2025-11-23,Despesa,Marketing,Nisi doloribus.,-6154.0,PED-75976
4033,2025-05-06,Despesa,Tecnologia,Quam optio vitae laborum.,4788.36,
4034,2024-12-12,Despesa,Marketing,Exercitationem necessitatibus odit.,-5833.04,PED-87176
4035,2025-04-16,receita,Receita,Expedita iusto inventore vero.,1890.68,
4036,2025-02-15,Receita,Marketing,Aliquam accusantium iure sint.,-4542.22,PED-88056
4037,2024-02-10,receita,Marketing,Sequi explicabo assumenda.,10619.71,PED-45808
4038,2024-12-31,Receita,Receita,Recusandae voluptas fugiat ut.,170.97,
4039,2024-10-02,Despesa,RH,Numquam in at occaecati eos.,-6477.21,
4040,2024-05-15,Receita,marketing,Nisi atque.,2575.24,PED-39990
4041,2024-02-12,receita,marketing,Nesciunt sunt nihil.,601.67,PED-87167
4042,2025-10-19,Despesa,Marketing,Cumque tempora natus accusantium.,1224.09,
4043,2024-04-15,receita,Logística,Nisi iure minus libero dicta.,10959.76,PED-32915
4044,2024-03-15,Receita,Marketing,Suscipit molestiae provident a dicta.,5434.98,PED-40482
4045,2024-07-03,receita,Logística,Iure distinctio neque.,7938.32,
4046,2024-10-19,Receita,Receita,Laudantium nobis.,10891.45,PED-43353
4047,2025-06-06,Despesa,Logística,Aspernatur enim saepe omnis cumque.,-2295.86,PED-71239
4048,2024-10-02,Despesa,marketing,Odio aspernatur unde.,9397.41,
4049,2025-03-04,Receita,marketing,Nulla sed dignissimos ratione quidem.,-4916.72,PED-68648
4050,2024-12-31,Despesa,Tecnologia,Odio eum nulla.,7307.0,
4051,2025-01-20,receita,RH,Autem vitae sit ullam corrupti.,10023.41,
4052,2024-04-11,Receita,Receita,Cupiditate iste.,-2130.6,
4053,2024-05-06,receita,marketing,Ex molestiae nam tenetur.,-7385.9,PED-82756
4054,2024-09-05,Despesa,marketing,Saepe ipsam ducimus.,8392.95,PED-72224
4055,2024-08-01,Despesa,Marketing,Quo quo.,5101.1,
4056,2025-10-29,Despesa,RH,Nam excepturi possimus.,11246.32,PED-15466
4057,2025-08-05,receita,Receita,Ex sit dicta.,4706.83,PED-14351
4058,2025-04-27,Despesa,marketing,Natus suscipit sunt nesciunt.,-1500.01,
4059,2024-09-25,receita,Tecnologia,Ad consequuntur repellat vitae.,9875.88,
4060,2025-02-08,receita,Marketing,Reprehenderit doloribus officiis veritatis vero.,-7284.72,
4061,2025-11-25,Despesa,Marketing,Dolorum beatae.,6303.11,PED-61948
4062,2024-05-20,receita,Tecnologia,Repellat adipisci enim soluta.,-2267.89,PED-18776
4063,2024-04-08,receita,marketing,Occaecati aliquid placeat.,-2422.92,PED-43343
4064,2025-07-05,receita,Logística,Rerum quae quasi quibusdam.,549.95,
4065,2024-10-05,Despesa,Logística,Est quo quasi illum.,5768.68,
4066,2024-06-18,receita,Receita,Non assumenda ex possimus eius.,7685.56,
4067,2025-08-31,Despesa,Receita,Delectus a maxime.,5018.22,PED-97755
4068,2026-01-02,Receita,Receita,Quaerat explicabo sunt accusamus.,3915.13,PED-29278
4069,2024-06-28,Despesa,Tecnologia,Quas recusandae.,5221.41,PED-80630
4070,2024-07-19,Despesa,Tecnologia,Pariatur quis non.,3585.59,
4071,2024-07-20,Despesa,Tecnologia,Id reprehenderit quae.,-6781.58,PED-51222
4072,2024-05-30,Despesa,Receita,Consequatur sequi.,-5343.1,
4073,2025-01-04,receita,RH,Quisquam debitis fugiat iure.,5620.47,PED-43265
4074,2024-02-14,Receita,Marketing,Tempora optio sunt nam.,8204.48,PED-88409
4075,2025-05-21,Despesa,Logística,Consectetur nemo dolore voluptates.,-4499.41,
4076,2024-06-14,Despesa,Receita,Praesentium voluptatem quis quisquam.,-3472.32,
4077,2026-01-06,Despesa,marketing,Dignissimos voluptates.,-3234.66,
4078,2025-10-15,Receita,Receita,Soluta vero dolor in.,5190.62,
4079,2024-08-26,receita,marketing,In veniam maxime.,10874.03,
4080,2025-07-31,Receita,Tecnologia,Itaque cumque sint.,9338.68,
4081,2026-01-31,Receita,marketing,Voluptatem et excepturi non.,-5577.47,
4082,2024-11-03,Receita,marketing,Placeat eos expedita.,-4485.42,
4083,2025-08-05,Receita,Receita,Ut id quisquam.,2440.43,PED-70464
4084,2024-09-05,receita,Marketing,Adipisci impedit repudiandae.,-7093.81,PED-13906
4085,2024-04-15,Despesa,RH,Sint odio.,-5565.95,
4086,2025-02-07,receita,marketing,Blanditiis reiciendis quisquam.,-546.57,PED-22181
4087,2025-12-11,Receita,Receita,Earum commodi.,-3295.36,PED-82487
4088,2025-11-18,receita,Receita,Hic sit aut sapiente.,-3120.63,
4089,2024-08-28,receita,Logística,Aliquam quam possimus.,422.8,
4090,2024-10-13,Receita,Logística,Velit labore fuga voluptas.,-1813.4,PED-87162
4091,2024-05-14,Despesa,Marketing,Cupiditate provident vero illum.,-7302.62,
4092,2025-01-20,receita,RH,Possimus ea quos odit hic.,10319.99,PED-10459
4093,2026-01-30,receita,Logística,Dignissimos atque ullam.,11049.94,PED-87113
4094,2024-09-12,receita,Marketing,Quaerat iste.,-1371.85,PED-16039
4095,2024-05-18,receita,Receita,Veritatis doloribus adipisci.,-201.32,
4096,2025-08-13,Receita,Marketing,Perspiciatis similique suscipit ea.,10099.74,PED-61509
4097,2025-07-27,receita,Marketing,Repudiandae et harum.,6179.18,PED-39464
4098,2025-06-10,Receita,RH,Laboriosam ut.,2833.08,PED-23182
4099,2025-01-13,Despesa,Tecnologia,Provident ad explicabo facilis laborum.,-2622.71,PED-91082
4100,2024-06-22,Receita,Tecnologia,Nemo sapiente at quia quasi.,4303.51,
4101,2025-10-25,receita,RH,Velit libero odit.,2964.7,
4102,2025-10-01,receita,Tecnologia,Non eligendi aliquam.,6512.31,PED-84003
4103,2025-01-26,Receita,RH,Quisquam ratione maiores eligendi quisquam.,4138.66,
4104,2024-06-26,Despesa,RH,Totam quasi occaecati minima assumenda.,3160.6,
4105,2024-11-24,receita,Tecnologia,Occaecati soluta voluptatibus perspiciatis iure.,11900.13,PED-96561
4106,2025-11-23,Despesa,Marketing,Occaecati voluptatibus laudantium.,-718.31,PED-58627
4107,2025-03-05,Receita,Logística,Libero debitis eius quis sint.,1070.69,PED-20162
4108,2025-08-21,receita,Marketing,Dolorem molestias.,5864.27,
4109,2024-02-26,Receita,Marketing,Dolorem quibusdam et corporis doloribus.,-5345.98,PED-56990
4110,2025-11-21,Despesa,Tecnologia,Provident rem libero.,3546.24,PED-34480
4111,2025-06-08,Receita,Logística,Omnis aliquam voluptas.,11555.56,
4112,2025-06-22,Despesa,Logística,Voluptatibus itaque quasi.,10690.49,PED-19547
4113,2025-05-21,receita,Logística,Suscipit quisquam doloribus tempore.,2209.94,PED-25437
4114,2025-04-12,receita,RH,Quam repudiandae praesentium expedita corporis.,-2184.25,
4115,2024-11-16,receita,Logística,Laboriosam cupiditate fugit.,-298.07,
4116,2024-09-26,Receita,Tecnologia,Distinctio pariatur a nobis.,5459.49,
4117,2024-11-05,receita,Marketing,Atque ut iusto.,4171.03,PED-87623
4118,2025-04-16,Receita,RH,Dolore est magnam.,-2674.58,
4119,2025-04-23,Despesa,RH,Explicabo amet ipsam animi.,-1314.65,
4120,2024-09-01,receita,Marketing,Cumque cupiditate aliquam voluptate expedita.,8223.26,PED-44646
4121,2024-08-06,receita,marketing,Vel vitae beatae mollitia dolore.,-5895.28,PED-82555
4122,2024-10-19,Despesa,Logística,Dolor eos.,-543.03,PED-15946
4123,2025-05-22,receita,Tecnologia,Recusandae optio totam porro.,-5471.62,
4124,2024-11-27,Receita,Logística,Accusamus magni delectus.,1938.9,
4125,2024-06-24,Despesa,Marketing,Illo laborum.,-6732.61,
4126,2024-12-13,Despesa,Logística,Iusto labore assumenda reprehenderit.,200.17,PED-16925
4127,2025-11-25,Receita,marketing,Aperiam facilis ullam qui.,8545.62,PED-46496
4128,2024-05-17,Receita,Tecnologia,Quod alias amet impedit.,-4740.9,PED-83399
4129,2026-01-29,Despesa,Logística,Cumque aliquid molestias quidem.,-7898.86,PED-21660
4130,2025-05-29,Despesa,Receita,Quos fugit voluptas.,10906.4,
4131,2024-04-26,Receita,Receita,Maiores facilis quam nostrum.,-2763.65,
4132,2026-01-24,Receita,marketing,Dolore vel aut.,11873.72,PED-19501
4133,2024-05-29,Despesa,Logística,Aut sapiente ipsum ratione veniam.,-7875.06,
4134,2025-08-19,receita,Tecnologia,Neque error voluptates debitis.,4829.61,
4135,2024-06-30,Receita,Tecnologia,Alias vel doloribus quibusdam.,-563.97,
4136,2025-12-22,receita,Marketing,Quaerat numquam aspernatur.,11621.1,
4137,2025-09-23,receita,marketing,Magni nobis exercitationem tempora.,548.07,PED-15717
4138,2025-09-07,Receita,RH,Nihil nemo nobis consectetur.,-6935.2,
4139,2024-06-28,Receita,Marketing,Totam eum excepturi.,-7343.44,PED-19290
4140,2024-05-21,Despesa,Logística,Illo veritatis ut repellendus tempore.,5609.71,PED-10603
4141,2025-12-17,receita,Receita,Accusantium doloremque in temporibus.,8599.54,
4142,2024-05-25,Despesa,Tecnologia,Cumque explicabo.,7704.15,PED-83632
4143,2024-07-12,Despesa,Logística,Quaerat corporis rem debitis.,-3459.93,
4144,2025-06-23,Despesa,Tecnologia,Dolorem quasi est molestiae nulla.,1366.5,
4145,2024-10-03,receita,Logística,Eos corrupti dolorem.,-5369.9,PED-43697
4146,2024-02-13,receita,Marketing,Ex accusamus ea omnis.,268.39,
4147,2024-08-07,receita,marketing,Fugit eos.,8095.47,
4148,2024-11-24,Receita,Receita,In accusamus quidem.,7468.92,PED-14655
4149,2024-08-20,receita,Marketing,Magnam explicabo itaque quia nemo.,-4925.42,PED-83594
4150,2025-07-18,Receita,Receita,Cum recusandae ipsa.,-4336.48,PED-71377
4151,2024-06-12,Receita,Receita,At vero.,-801.14,
4152,2025-01-03,receita,marketing,Sunt nihil.,413.54,PED-17926
4153,2025-02-21,receita,Tecnologia,Aspernatur quaerat a.,708.43,PED-66264
4154,2025-04-03,Receita,Tecnologia,Reiciendis illo.,2959.07,PED-42947
4155,2025-01-23,Despesa,Tecnologia,Magni repellat maiores numquam.,-4095.36,
4156,2025-07-14,receita,marketing,Ea hic dolor autem.,-347.5,PED-92656
4157,2024-07-29,receita,marketing,Officia modi laborum eum itaque.,2803.84,PED-53364
4158,2025-02-04,Receita,RH,Vitae aliquid temporibus.,8326.09,
4159,2024-11-09,receita,Logística,Sapiente quidem molestiae quidem quam.,979.71,PED-53982
4160,2024-04-27,Receita,Logística,Quas ducimus cum.,11218.42,
4161,2024-03-29,Despesa,marketing,Ducimus reprehenderit.,6583.73,
4162,2025-11-25,Despesa,Logística,Consequuntur ad hic excepturi aliquam.,10046.27,
4163,2024-08-25,Receita,RH,Architecto est doloremque illum similique.,4578.88,
4164,2024-03-02,Despesa,Tecnologia,Nostrum facere illo iusto blanditiis.,-5965.67,
4165,2025-05-21,Receita,Marketing,Vitae recusandae.,1253.99,PED-76520
4166,2025-04-30,Receita,Tecnologia,Similique odit eos.,11725.6,
4167,2024-11-26,receita,Logística,Numquam fugit ipsam.,6083.19,PED-68351
4168,2025-06-03,Receita,Receita,Accusamus ut ullam.,6053.94,
4169,2025-01-30,receita,Receita,Facere pariatur nulla.,4419.65,PED-40645
4170,2025-06-23,receita,Receita,Voluptates unde non iure.,10809.94,
4171,2024-10-04,Receita,Marketing,Atque vitae earum.,5337.23,PED-33886
4172,2025-11-10,receita,Tecnologia,Ex quam excepturi molestias.,-853.11,
4173,2024-06-21,Receita,RH,Sapiente molestiae cumque.,7190.93,
4174,2024-04-05,receita,Marketing,Cumque ratione.,-1254.79,PED-33998
4175,2025-03-11,Despesa,Receita,Quam nemo accusantium nihil hic.,5727.87,PED-44030
4176,2025-03-30,Despesa,Tecnologia,Earum enim nemo in.,-1204.31,PED-67417
4177,2025-03-02,Receita,RH,Libero eos debitis asperiores.,-6002.14,
4178,2024-02-25,Receita,RH,Ab veritatis.,3899.21,PED-16490
4179,2024-04-29,Despesa,Receita,Sapiente porro architecto.,3797.74,
4180,2025-01-23,Receita,Receita,Quam earum molestiae quidem blanditiis.,7019.92,
4181,2025-01-08,Receita,RH,Natus qui reiciendis incidunt tempora.,-2243.09,
4182,2024-03-18,receita,Receita,Deserunt esse fuga.,-7755.9,
4183,2024-08-17,Receita,Logística,Laborum velit voluptate laborum.,-1035.8,
4184,2025-11-09,receita,Marketing,Libero blanditiis molestias labore fugit.,2129.65,
4185,2025-03-20,Receita,Tecnologia,Blanditiis impedit neque quod perspiciatis.,-2002.16,
4186,2024-09-20,Receita,Receita,Placeat nihil illum illo.,-1263.79,
4187,2024-06-22,Despesa,Logística,At odio eum.,-1077.84,PED-41933
4188,2025-12-24,Despesa,Tecnologia,Velit aperiam enim.,-1190.65,PED-15990
4189,2025-10-23,receita,Marketing,Suscipit nemo corporis minima rerum.,-7334.85,PED-63419
4190,2024-12-14,Despesa,Tecnologia,Nulla veniam aperiam molestias.,-7739.04,PED-12519
4191,2025-08-12,Despesa,RH,Distinctio beatae accusamus modi molestias.,10858.09,
4192,2024-09-03,Receita,Tecnologia,Dignissimos tempora a odio nam.,-262.85,PED-67571
4193,2025-09-08,receita,Marketing,Nisi optio animi nemo.,7565.88,PED-41671
4194,2025-03-19,Despesa,Logística,Sapiente nihil nihil officiis.,5887.76,
4195,2025-11-02,Despesa,marketing,Tenetur laborum doloribus officiis iste.,3405.52,PED-47876
4196,2025-01-19,Despesa,Receita,Necessitatibus eaque.,11263.6,
4197,2025-07-29,Receita,Marketing,Fugiat totam explicabo.,-147.39,PED-70093
4198,2025-11-03,Receita,Logística,Reiciendis voluptatum impedit.,-1438.17,
4199,2025-12-22,Despesa,Logística,Unde exercitationem eligendi repellendus.,8568.85,PED-19552
4200,2024-08-11,Receita,RH,Perferendis est ullam inventore.,-1737.93,PED-27040
4201,2024-12-20,Receita,Logística,Pariatur omnis quos vel.,-5884.64,PED-80416
4202,2025-08-02,Receita,Tecnologia,Recusandae impedit sint.,-6777.03,
4203,2025-11-05,Receita,marketing,Illum nobis incidunt.,-1845.69,
4204,2025-07-20,Receita,Receita,Magni minus repellat.,7749.1,
4205,2024-05-15,Despesa,RH,Voluptas quis voluptatem esse.,8778.61,PED-16081
4206,2025-01-14,Receita,Marketing,Dolor ex consequatur.,4744.13,PED-80911
4207,2026-01-04,Despesa,Logística,Dolorem molestias ipsum reiciendis.,-3140.49,
4208,2024-12-25,Receita,RH,Ex corporis.,-148.36,
4209,2024-10-31,Despesa,Marketing,Quidem eaque reiciendis.,-2368.2,PED-98911
4210,2025-02-05,receita,Logística,Nam voluptas consectetur natus accusantium.,7084.74,PED-83737
4211,2025-08-06,receita,Tecnologia,Autem ex dolor omnis.,9214.08,
4212,2025-06-17,Despesa,Receita,Aliquid ipsum.,3871.93,PED-65508
4213,2024-03-02,Receita,RH,Ipsa ullam.,-7071.48,PED-41492
4214,2025-01-24,Despesa,marketing,Amet in id quis.,7946.79,PED-28542
4215,2024-10-29,receita,Logística,Tempora dolorum qui quidem consequatur.,2413.22,PED-20189
4216,2024-04-25,receita,RH,Earum perspiciatis.,9798.56,
4217,2025-12-04,Receita,RH,Voluptatem in itaque.,-5709.31,
4218,2025-08-09,Receita,Receita,Veritatis occaecati nulla quidem qui.,7038.69,
4219,2025-03-31,Receita,RH,Suscipit eum necessitatibus assumenda deserunt.,6008.48,
4220,2024-12-28,Despesa,Tecnologia,Molestias facere ullam inventore.,6511.14,
4221,2024-07-29,receita,Tecnologia,Corporis esse mollitia.,7713.53,PED-78452
4222,2025-07-12,Despesa,Marketing,Quidem aspernatur quia.,5727.91,
4223,2024-05-17,receita,Marketing,Perferendis soluta dignissimos sunt pariatur.,7456.05,PED-75946
4224,2025-12-31,Receita,Tecnologia,Laborum eligendi esse quisquam.,-571.43,
4225,2025-09-15,Despesa,Tecnologia,Labore sequi nemo accusamus.,9614.49,PED-84576
4226,2024-12-01,Despesa,RH,Inventore similique facilis voluptas.,-4650.41,PED-22346
4227,2024-11-27,Despesa,Tecnologia,A totam magnam exercitationem.,-7110.86,PED-16598
4228,2024-04-05,Receita,RH,Itaque voluptas qui.,2699.56,
4229,2025-10-08,Receita,Tecnologia,Illo doloremque optio.,11581.79,
4230,2024-10-15,Despesa,Tecnologia,Architecto quasi corporis provident.,1591.84,PED-32593
4231,2025-08-18,receita,Logística,Alias necessitatibus modi inventore.,9324.65,
4232,2024-10-08,Despesa,marketing,Consequuntur nostrum quidem facilis.,-4637.57,
4233,2025-07-03,Receita,Marketing,Voluptatem ad modi.,-4447.35,PED-38016
4234,2026-01-18,Despesa,marketing,Maiores dolorum labore.,4505.44,
4235,2025-08-26,Despesa,marketing,Blanditiis officia rerum illo.,-6816.81,PED-21623
4236,2026-01-06,receita,RH,Nisi nostrum eaque nemo ex.,11748.06,
4237,2024-12-23,Despesa,marketing,Quisquam ullam voluptas quidem.,10491.1,
4238,2025-05-27,Receita,RH,Enim officia libero totam numquam.,11478.76,
4239,2025-01-13,Despesa,Marketing,Illo ea magnam totam.,5462.53,
4240,2024-05-06,Receita,Marketing,Numquam amet atque laborum.,4680.88,PED-16646
4241,2025-07-29,Despesa,Receita,Ducimus ea.,-5014.65,
4242,2024-03-21,Despesa,RH,Adipisci dolores ut minus.,1960.54,
4243,2024-12-18,Receita,Logística,Consequuntur dignissimos.,6357.05,
4244,2024-11-11,Despesa,Marketing,Vero saepe possimus accusamus nemo.,358.57,PED-16164
4245,2025-02-02,receita,RH,Officia perferendis fuga iure laudantium.,-4059.17,
4246,2025-03-21,receita,Receita,Consequuntur sed inventore sunt.,7860.94,PED-40252
4247,2025-06-08,receita,RH,Quos sapiente suscipit voluptatibus.,-882.82,
4248,2025-05-13,Despesa,Tecnologia,Eligendi quos nam dolorum natus.,-3515.1,
4249,2025-08-01,Despesa,marketing,Voluptas fugiat quisquam.,11813.37,PED-21751
4250,2025-09-15,Despesa,Receita,Magni atque ipsa assumenda.,11565.6,PED-19702
4251,2025-10-05,receita,RH,Cupiditate vero.,9303.78,
4252,2025-12-29,Despesa,Receita,Voluptas veritatis temporibus id.,11115.73,
4253,2025-09-20,Receita,Logística,Incidunt officia.,-3041.17,PED-80937
4254,2024-07-31,Receita,Tecnologia,Dolorum quia animi quidem facilis.,-258.01,
4255,2025-08-06,Despesa,Marketing,Fugiat eligendi modi nulla illum.,8029.17,
4256,2025-01-10,receita,RH,Vel voluptatem.,-7720.16,PED-17323
4257,2024-02-28,receita,Tecnologia,Rem voluptatum eaque.,9695.96,PED-64746
4258,2025-01-29,receita,Marketing,Tempore laboriosam modi.,-336.71,
4259,2025-06-18,Receita,Tecnologia,Corrupti explicabo soluta.,2242.9,PED-61605
4260,2024-03-26,receita,Marketing,Voluptatibus libero tempore.,-1936.07,PED-47609
4261,2024-03-02,receita,Receita,Voluptates error molestiae.,-7276.45,PED-66555
4262,2025-09-18,Receita,Receita,Est dignissimos atque quo at.,-1876.61,
4263,2025-10-27,Despesa,RH,Odit ipsum natus accusantium.,-1124.2,PED-49623
4264,2024-11-26,Receita,RH,Iure odio.,-4204.55,PED-32143
4265,2024-04-03,Receita,RH,Fugiat alias magni modi.,9641.28,
4266,2024-12-31,receita,marketing,Quia id qui et.,-2885.47,
4267,2024-12-20,Despesa,Logística,Inventore tempora velit.,10816.77,PED-82719
4268,2024-07-24,receita,Receita,Blanditiis porro libero.,-4973.89,
4269,2024-12-30,Despesa,Receita,Aspernatur ipsam aspernatur adipisci.,1859.85,
4270,2025-10-12,Despesa,Tecnologia,Enim asperiores ratione eligendi.,10606.1,
4271,2024-11-25,Despesa,Logística,Veniam deleniti sint vero blanditiis.,10148.8,PED-21093
4272,2025-07-20,receita,marketing,Dolorum maxime soluta error.,-3979.74,
4273,2024-06-16,Receita,Receita,Facere quas at laudantium libero.,11313.88,PED-46927
4274,2025-12-24,Receita,Logística,Praesentium id dolor deleniti veritatis.,5334.21,
4275,2025-12-26,Receita,marketing,Libero voluptatibus quibusdam nihil.,-2785.16,
4276,2026-01-09,Despesa,marketing,Minima laboriosam.,-6449.03,PED-57951
4277,2024-06-20,receita,Marketing,Occaecati ea porro consequatur.,-522.76,PED-45006
4278,2024-08-05,receita,Receita,Voluptatibus corrupti dicta sunt.,-191.91,PED-83887
4279,2024-12-29,receita,Logística,Animi quia.,7921.32,PED-62609
4280,2024-07-23,Despesa,Receita,Ea veniam quod illo harum.,-1289.93,PED-36131
4281,2025-05-31,Receita,RH,Pariatur pariatur eum occaecati.,-585.62,PED-71890
4282,2025-09-14,receita,RH,Pariatur quibusdam laboriosam.,10623.87,PED-87941
4283,2024-02-21,Receita,RH,Laboriosam ipsam voluptatem distinctio ut.,-3827.57,
4284,2024-07-28,Receita,marketing,Voluptatum sunt.,-1134.85,
4285,2024-12-05,Despesa,Receita,Ratione praesentium dolorum.,10165.17,PED-85063
4286,2025-07-18,Despesa,Logística,Libero adipisci accusantium.,2160.91,
4287,2024-03-26,receita,Tecnologia,Voluptatibus enim dolores.,-5148.09,PED-58655
4288,2024-09-16,receita,Logística,Aliquid nesciunt aspernatur enim iste.,8884.79,
4289,2025-08-10,Receita,Marketing,Eius nobis cupiditate.,1064.01,
4290,2025-07-21,Receita,Logística,Voluptatum eius incidunt numquam sed.,7538.39,
4291,2025-05-03,receita,marketing,Recusandae odit ut.,-303.88,
4292,2025-04-19,Despesa,Logística,Recusandae quibusdam pariatur fugit tempore.,5013.3,
4293,2026-02-03,Receita,marketing,Sint mollitia inventore.,10819.17,PED-25249
4294,2024-06-19,receita,Logística,Doloribus vitae alias.,-3730.18,PED-17318
4295,2024-06-19,Despesa,RH,Dignissimos veritatis ullam.,-3599.79,
4296,2025-07-30,Receita,Receita,Ducimus error.,10073.34,
4297,2025-01-22,receita,Tecnologia,Amet fugiat provident velit beatae.,8439.03,
4298,2026-01-26,Receita,Marketing,Rem adipisci veniam eum quaerat.,-632.79,PED-81956
4299,2024-12-08,Receita,Tecnologia,Dolorum sequi reiciendis a hic.,-2382.97,
4300,2025-10-29,receita,Receita,Perferendis necessitatibus.,-2412.8,PED-33097
4301,2025-03-30,Despesa,RH,Et ullam nemo amet.,-2804.77,PED-99165
4302,2025-06-25,Receita,Marketing,Temporibus aliquam veniam dolores nesciunt.,1944.4,
4303,2025-06-27,Despesa,Receita,Suscipit quidem nobis.,-7493.7,PED-79341
4304,2024-06-28,receita,Receita,Exercitationem sequi quod.,8407.12,PED-39171
4305,2025-01-15,receita,RH,Atque quam quaerat voluptatibus earum.,-5358.86,PED-66357
4306,2024-04-15,Despesa,Logística,Ex numquam.,134.75,PED-35556
4307,2025-02-02,Receita,Marketing,Earum in ipsum.,-2426.85,
4308,2024-08-16,Despesa,Receita,Ex sunt vero optio.,-857.8,PED-29988
4309,2025-07-05,Despesa,Marketing,Voluptates repellat dolorum ipsum.,-7508.27,PED-58167
4310,2024-03-03,Despesa,Tecnologia,Explicabo quo.,5165.71,
4311,2024-02-23,Receita,marketing,Nobis praesentium itaque dolorum dolores.,1676.9,
4312,2024-02-10,Despesa,marketing,Fugiat facilis deserunt.,-6685.75,PED-34419
4313,2025-07-01,receita,Receita,Nemo nobis harum deserunt iste.,8933.64,
4314,2024-11-05,receita,Marketing,Est dolorem eaque.,4084.31,
4315,2024-12-21,Receita,RH,Aperiam repudiandae corporis deleniti doloremque.,2581.73,
4316,2024-12-03,receita,marketing,Officia et accusamus.,10168.66,
4317,2024-09-26,Receita,RH,Dolores libero eius.,4448.69,
4318,2025-09-19,Despesa,RH,Repellendus aut voluptatum.,-4479.79,
4319,2025-11-14,Despesa,Receita,Libero amet ex ex culpa.,4623.35,
4320,2025-12-22,receita,marketing,Error doloremque quis mollitia.,6382.73,PED-90657
4321,2025-07-24,Despesa,Receita,Vero a minus.,-3735.83,
4322,2025-01-20,Receita,marketing,Ab id.,4798.73,
4323,2025-04-13,Despesa,Tecnologia,Ut maxime quis temporibus.,-4197.92,
4324,2025-11-07,Receita,Logística,Debitis quasi praesentium quis quod.,-728.19,
4325,2025-12-03,receita,marketing,Cumque officia consequuntur voluptas.,-5415.95,PED-65473
4326,2025-03-01,Receita,Tecnologia,Consequatur harum reprehenderit.,-999.84,PED-14555
4327,2024-08-26,receita,Marketing,In eligendi unde occaecati voluptas.,10147.96,PED-82250
4328,2024-08-18,Receita,Tecnologia,Nisi id numquam ducimus.,-4251.25,PED-89578
4329,2025-10-20,Receita,Tecnologia,Voluptatum maxime nobis at.,8138.52,PED-36201
4330,2025-02-21,Receita,Marketing,Dolor at laborum.,-7716.81,
4331,2025-04-14,receita,Marketing,Nostrum pariatur tempore atque aut.,-915.58,
4332,2025-02-20,Despesa,Receita,Blanditiis minima nemo voluptatibus.,3204.41,
4333,2025-04-16,receita,Receita,Accusamus explicabo laudantium id.,7875.12,PED-92610
4334,2025-09-16,Despesa,Logística,Ratione totam commodi magni.,2682.65,PED-43852
4335,2024-10-10,receita,marketing,Laudantium laudantium explicabo aperiam.,-1513.76,
4336,2025-09-11,Receita,marketing,Consectetur alias ea sint.,11593.56,
4337,2024-03-22,Receita,marketing,Possimus ipsum odio.,10392.85,
4338,2025-01-24,Despesa,Marketing,Nihil ex.,7087.63,PED-48277
4339,2025-12-25,Receita,Logística,Expedita tempore.,3204.26,
4340,2024-05-09,Despesa,Receita,Rem soluta quae.,11816.25,
4341,2025-02-16,Receita,Receita,Perspiciatis quia eveniet dolor odit.,11167.09,
4342,2025-01-15,receita,marketing,Harum nisi quas.,8421.06,PED-90993
4343,2025-01-02,Receita,Logística,Optio tempora doloremque quia omnis.,5121.79,
4344,2024-03-24,Despesa,Receita,Dicta incidunt iste sit.,1575.77,
4345,2025-03-30,Despesa,Marketing,Libero dolorem.,2631.45,PED-45593
4346,2024-04-01,Despesa,RH,Laborum ea unde cum cum.,-2484.41,
4347,2025-03-09,receita,Receita,Eveniet aliquam.,-1694.89,PED-83254
4348,2025-02-16,Receita,Receita,Voluptatum blanditiis nulla.,3233.69,
4349,2024-03-03,Despesa,Marketing,Ullam dolorem cum maiores.,-3604.97,
4350,2025-04-20,receita,Receita,Cupiditate explicabo suscipit accusamus.,-6853.36,PED-47594
4351,2024-12-22,Receita,Tecnologia,Ipsum quisquam praesentium.,8563.44,PED-72066
4352,2025-04-16,receita,Marketing,Ex beatae quas reprehenderit.,-1723.38,PED-46287
4353,2025-12-03,Receita,Logística,Placeat perferendis qui.,-1631.59,
4354,2024-06-16,Receita,Receita,Maiores beatae ipsa necessitatibus.,5193.76,
4355,2025-08-09,receita,Receita,Impedit ratione ducimus adipisci.,-2646.64,PED-20157
4356,2024-07-15,receita,RH,Expedita at.,-2567.62,
4357,2025-11-22,Despesa,Receita,Ducimus magnam.,-480.49,PED-37724
4358,2024-10-17,receita,Tecnologia,Est quis necessitatibus rem.,1933.02,
4359,2025-04-24,receita,Marketing,Ex sed minus.,8224.07,PED-12380
4360,2024-05-27,Receita,RH,Sed voluptatum.,11527.89,
4361,2025-08-21,Receita,Tecnologia,Ab aspernatur temporibus.,9337.54,
4362,2025-05-11,Receita,Receita,Molestiae fugiat totam autem dolore.,5232.65,PED-29617
4363,2024-03-29,Receita,marketing,Blanditiis explicabo quas.,3431.47,PED-66360
4364,2025-01-08,receita,Tecnologia,Nisi aperiam impedit odit.,3330.59,PED-69494
4365,2025-04-12,Receita,Tecnologia,Iusto ex vero.,11097.82,
4366,2025-03-13,Receita,marketing,Nam quam sed.,527.25,
4367,2024-02-26,Receita,Tecnologia,Doloribus quaerat nostrum ratione.,11701.8,
4368,2024-10-10,receita,Receita,Autem laudantium blanditiis.,-211.93,PED-13711
4369,2024-12-03,receita,Receita,Natus sunt eos ducimus dolores.,3535.51,PED-79522
4370,2025-08-27,Despesa,Tecnologia,Cupiditate dolores accusamus ad.,407.13,
4371,2024-03-04,Despesa,Receita,Magnam labore.,3433.32,
4372,2025-03-16,Receita,Tecnologia,Quia neque ab.,-6166.09,PED-60099
4373,2024-08-31,receita,marketing,Facere minima magnam molestias dolorem.,-7382.46,PED-77173
4374,2025-05-04,Receita,marketing,Dicta recusandae doloribus eos.,-5506.22,
4375,2025-04-24,Receita,Tecnologia,Neque numquam beatae.,-6614.94,PED-13082
4376,2024-04-02,receita,RH,Ipsum omnis esse modi ullam.,-2554.25,PED-47065
4377,2025-10-17,receita,RH,Minus a modi.,-7862.25,
4378,2025-05-24,Receita,RH,Tempore nemo eaque id.,11363.39,PED-70852
4379,2025-06-01,receita,Logística,Placeat quo esse.,2895.11,PED-67050
4380,2024-11-04,receita,Logística,Soluta sunt vero esse officiis.,3447.92,PED-87736
4381,2024-10-14,receita,Marketing,Ad soluta.,395.79,PED-36385
4382,2025-07-18,receita,RH,Nostrum repellat magni.,5812.52,PED-14426
4383,2024-12-20,receita,Marketing,Quasi commodi voluptatibus repudiandae.,-7538.93,PED-42016
4384,2025-04-06,receita,Receita,Iusto nihil dicta.,-3588.18,
4385,2025-05-10,Despesa,Receita,Sapiente explicabo.,-277.58,PED-45703
4386,2026-01-07,Despesa,marketing,Iste tempore minima quidem.,11257.72,
4387,2024-12-31,Receita,Receita,Quidem ab.,3308.65,
4388,2024-10-05,Despesa,Receita,Voluptate deleniti placeat.,-396.86,
4389,2025-05-08,Receita,Receita,Sapiente incidunt nemo ipsam.,-580.77,
4390,2025-02-18,Receita,Logística,Nostrum inventore tempora.,-1004.71,
4391,2024-08-26,receita,RH,Officia totam vitae.,5488.42,PED-65910
4392,2025-02-02,Receita,Marketing,Quas modi sunt suscipit assumenda.,9066.51,PED-90488
4393,2025-12-15,Despesa,Tecnologia,Debitis dolorum voluptate adipisci.,8998.78,PED-84700
4394,2024-02-18,Despesa,RH,Voluptatum velit veniam animi.,-1026.38,PED-46922
4395,2025-07-02,Despesa,RH,Optio vero quo quisquam.,-3039.73,PED-53307
4396,2025-11-24,receita,Receita,Optio quod quam.,-3571.87,
4397,2025-11-14,receita,Tecnologia,Quod atque explicabo quasi sed.,-5573.75,
4398,2025-03-31,Despesa,marketing,Esse odit.,8675.67,PED-43879
4399,2024-04-04,Despesa,RH,Debitis laborum nihil et ullam.,-2298.22,PED-85355
4400,2024-12-23,receita,Logística,Voluptas beatae at perspiciatis.,-7656.48,
4401,2025-07-26,Receita,marketing,Assumenda soluta.,-7045.12,PED-53016
4402,2024-05-08,Receita,Tecnologia,Error officia reiciendis repellendus quo.,6459.0,PED-38642
4403,2025-12-16,Receita,marketing,Voluptates iusto dolor explicabo consectetur.,-4846.13,PED-11045
4404,2025-04-19,Receita,Marketing,Veniam magnam repudiandae.,5825.44,PED-25092
4405,2024-05-10,Receita,RH,Beatae fuga asperiores nam porro.,-1463.53,PED-77970
4406,2024-11-18,Receita,Logística,Corporis eius maiores.,4605.95,PED-64106
4407,2025-12-25,receita,RH,Inventore iste.,8007.06,
4408,2024-09-29,Receita,marketing,Suscipit qui voluptas.,-7796.79,PED-49553
4409,2024-12-14,Despesa,RH,Similique illo temporibus dignissimos.,8965.13,
4410,2026-01-03,Receita,Receita,Eveniet in aperiam.,4218.77,
4411,2024-04-18,Receita,marketing,Labore sequi nihil eius.,9944.78,
4412,2024-10-28,Receita,Marketing,Cum distinctio.,-3919.2,PED-70485
4413,2024-02-20,receita,Logística,Nostrum ipsam.,2575.3,PED-87975
4414,2024-10-03,Receita,Logística,Vel necessitatibus.,3647.01,PED-92313
4415,2026-02-03,Receita,Tecnologia,Labore perferendis facilis.,10798.41,
4416,2024-11-24,Receita,Logística,Earum atque itaque esse.,6116.33,PED-82423
4417,2024-04-19,Receita,Logística,Ipsam soluta consequuntur.,5915.26,PED-61976
4418,2025-07-06,Receita,Marketing,Veritatis minima saepe minus.,-6550.42,PED-81046
4419,2024-12-09,Receita,marketing,Soluta voluptatibus.,-2067.53,
4420,2025-12-10,receita,marketing,Similique adipisci hic.,10655.76,
4421,2025-05-27,Receita,marketing,Quod inventore quis ipsa.,-1799.45,
4422,2024-05-04,receita,RH,Provident error modi.,-3841.75,
4423,2024-07-05,receita,marketing,Incidunt voluptatum porro animi omnis.,5265.71,PED-85949
4424,2024-08-13,Despesa,Receita,Esse consequatur sapiente non.,5862.93,PED-96249
4425,2024-05-30,Despesa,Marketing,Quod occaecati.,-7346.61,PED-95344
4426,2025-05-04,Despesa,Receita,Recusandae placeat.,9943.73,PED-84590
4427,2024-11-02,receita,Tecnologia,Saepe aut dolore.,11185.27,
4428,2025-03-31,Despesa,Receita,Pariatur quibusdam fuga.,11445.58,PED-67429
4429,2025-03-16,Receita,RH,Magni modi dolores facilis.,-2730.08,PED-14920
4430,2025-11-02,Receita,Logística,Quia soluta sed adipisci.,-6831.09,PED-39934
4431,2025-07-17,Receita,marketing,Deleniti numquam reiciendis itaque iusto.,-4760.26,PED-83280
4432,2024-02-28,receita,RH,Aliquid quis.,-1233.19,PED-68779
4433,2024-11-18,Despesa,marketing,In voluptatem eius numquam.,-4020.59,
4434,2024-08-24,Despesa,marketing,Ex quos autem.,-7813.61,
4435,2025-02-22,receita,RH,Quaerat sed dolore.,3472.34,
4436,2025-11-15,Receita,Marketing,Inventore voluptatum laboriosam.,-3405.56,
4437,2024-08-21,receita,RH,Nobis dolores placeat id.,1368.92,
4438,2024-05-02,Despesa,RH,Quibusdam soluta labore.,7666.26,
4439,2025-02-18,receita,RH,Dignissimos doloribus architecto.,-5160.11,PED-72703
4440,2025-01-19,receita,marketing,Hic ut dolores laboriosam.,9972.9,
4441,2024-04-08,receita,Receita,Necessitatibus placeat debitis sit iure.,-596.1,
4442,2024-02-09,Receita,marketing,Autem ex quasi.,6694.32,PED-82892
4443,2024-11-28,receita,marketing,Iste nostrum.,-3300.24,PED-38414
4444,2025-10-25,Despesa,marketing,Rerum magni.,-7066.67,PED-80802
4445,2025-07-06,receita,Marketing,Eius minima impedit expedita.,10930.96,
4446,2025-05-20,Receita,RH,Quas nam aspernatur.,6353.99,
4447,2024-07-23,receita,Marketing,Debitis iste vero laudantium.,9621.6,PED-17666
4448,2024-11-16,Despesa,RH,Dolorem nostrum beatae inventore harum.,10325.84,PED-43940
4449,2024-07-18,Despesa,Marketing,Dolore fuga recusandae commodi.,8633.94,PED-72427
4450,2025-05-19,receita,Logística,Illo vero.,278.4,
4451,2024-07-08,receita,Marketing,Eaque distinctio quas dolores.,-273.65,
4452,2025-01-12,Despesa,RH,In dolorum ullam rerum commodi.,-4918.28,PED-98819
4453,2024-10-17,Despesa,marketing,Eum quasi dolorum excepturi.,-1210.43,
4454,2024-12-14,Receita,Logística,Esse nulla consectetur.,3975.94,PED-86668
4455,2024-12-15,receita,RH,Quaerat in mollitia repellendus illum.,7164.99,PED-46929
4456,2025-10-14,Despesa,Receita,Repellat ex earum.,6789.95,PED-42427
4457,2025-03-22,Receita,Receita,Dolor suscipit laboriosam.,-4247.47,
4458,2025-07-01,Receita,Marketing,Tenetur corrupti.,-5400.19,
4459,2025-12-23,Receita,Tecnologia,Quod assumenda sunt.,1157.79,
4460,2024-03-30,Receita,Receita,Tempora magni perspiciatis.,-1066.89,PED-82456
4461,2025-10-09,Despesa,Tecnologia,Unde quidem molestias voluptates unde.,-7000.07,PED-19690
4462,2025-04-15,Receita,RH,Velit nostrum consequuntur quasi nam.,-2173.04,
4463,2024-07-15,Despesa,marketing,Molestias veritatis ratione unde.,-949.56,PED-87038
4464,2025-01-10,Despesa,Logística,Illo tempore excepturi.,-4435.94,
4465,2024-11-03,receita,Marketing,Molestias necessitatibus placeat impedit.,-4546.73,PED-28625
4466,2024-11-12,receita,Receita,Dolore exercitationem culpa.,-2909.46,PED-38876
4467,2024-07-28,Receita,marketing,Ad eligendi quo.,-7570.72,
4468,2026-02-01,Receita,Marketing,Officia ducimus laborum quas iusto.,-486.39,PED-59398
4469,2024-11-17,Despesa,Logística,Amet ea maxime nobis.,3822.05,PED-94678
4470,2025-10-15,Receita,marketing,Eius quidem ratione vitae.,6800.76,
4471,2025-12-31,Receita,Logística,Ipsam tempore odit.,-2111.45,
4472,2025-10-04,receita,Tecnologia,Atque in dolor soluta.,8812.36,PED-75417
4473,2025-12-07,Receita,Logística,Eligendi architecto ex adipisci.,1292.5,
4474,2025-12-30,receita,Tecnologia,Explicabo sed veritatis commodi.,5662.33,PED-76517
4475,2024-04-20,Receita,Tecnologia,Id nesciunt atque.,7321.77,
4476,2025-09-08,Despesa,RH,Qui distinctio illum at.,1936.7,
4477,2024-06-04,receita,RH,Repudiandae culpa dolorum.,4693.22,
4478,2025-11-15,Despesa,Receita,A hic similique quibusdam.,-1669.35,PED-40562
4479,2026-01-08,Receita,RH,Cupiditate dolorum mollitia inventore eveniet.,10425.64,PED-72149
4480,2025-07-03,Receita,marketing,Dicta soluta.,10240.97,
4481,2026-01-26,Receita,RH,Nihil quam molestias.,-6388.93,PED-62345
4482,2025-02-13,Despesa,Marketing,Earum eveniet laboriosam magni ab.,-5164.8,
4483,2026-01-26,Receita,Receita,Deserunt quos ullam.,-622.29,
4484,2024-06-10,Despesa,Logística,Vitae laborum.,-5659.49,PED-52281
4485,2025-05-19,Receita,Marketing,Ducimus quas ipsam corrupti perspiciatis.,-4967.3,PED-51647
4486,2025-10-03,Despesa,Receita,Laudantium ex debitis amet excepturi.,3631.31,PED-40486
4487,2024-08-02,Receita,RH,Voluptatibus laboriosam doloribus sapiente.,5367.5,PED-30207
4488,2025-01-28,Receita,Tecnologia,Earum deleniti.,6454.4,
4489,2024-08-17,Receita,RH,Ex eum quia.,-460.34,PED-53938
4490,2025-09-10,Despesa,Tecnologia,Harum quae dolorem.,-7458.64,PED-97663
4491,2024-10-04,Receita,marketing,Nihil deserunt reprehenderit.,-3904.75,
4492,2025-01-11,Despesa,Tecnologia,Fugiat quibusdam.,7205.66,
4493,2026-01-12,receita,Tecnologia,Atque commodi perspiciatis iure.,2688.65,
4494,2025-11-13,Receita,Receita,Exercitationem velit provident temporibus numquam.,-6325.84,
4495,2025-08-04,Receita,Marketing,Nam aspernatur praesentium neque.,-557.74,
4496,2026-02-03,Despesa,Logística,Esse optio quos.,2766.53,PED-67074
4497,2024-03-28,Despesa,RH,Sed iusto.,11828.68,
4498,2025-01-25,Receita,Tecnologia,Facilis praesentium quo pariatur odit.,-5805.29,PED-52823
4499,2024-04-18,Despesa,Tecnologia,Veniam delectus error possimus officiis.,-6830.25,PED-50541
4500,2025-12-26,Receita,Receita,Sunt illum possimus.,-7980.8,
4501,2026-01-06,Despesa,Tecnologia,Fugit quasi ducimus et.,10311.33,PED-75251
4502,2025-01-10,Despesa,Tecnologia,Repellat atque.,1608.83,PED-51114
4503,2025-11-15,Despesa,RH,Quam suscipit enim ex sint.,4756.12,PED-46932
4504,2024-05-17,Despesa,Logística,Ex architecto dolore.,7501.42,PED-25565
4505,2024-03-05,Despesa,marketing,Aliquam velit deserunt.,-3645.77,
4506,2025-04-07,Receita,Tecnologia,Numquam nostrum cumque.,-5181.81,
4507,2024-11-11,Receita,Marketing,Quo incidunt doloremque a doloribus.,-4133.84,PED-12242
4508,2025-08-18,Despesa,Marketing,Repudiandae adipisci temporibus.,-7090.56,PED-31377
4509,2024-02-05,Despesa,marketing,Facilis sint ad.,7916.75,PED-24780
4510,2024-04-03,Despesa,RH,Quidem dolorem velit.,10753.22,
4511,2024-07-30,Receita,RH,Aperiam distinctio.,9254.02,
4512,2024-06-23,receita,Tecnologia,At minus laboriosam excepturi dolore.,4188.21,PED-90342
4513,2025-09-09,Despesa,Receita,Necessitatibus voluptates maiores distinctio.,2536.92,
4514,2025-10-02,Despesa,Receita,Omnis at.,-4016.75,
4515,2024-12-31,Receita,marketing,Magni repellendus qui eos.,9503.67,PED-65344
4516,2025-08-01,Receita,Receita,Sapiente voluptate reiciendis.,5763.78,
4517,2025-01-11,Receita,Marketing,Voluptate repellat rerum reiciendis.,-1043.29,
4518,2024-08-14,Despesa,Logística,Ducimus nobis tempore.,-4132.16,
4519,2024-07-10,Receita,Marketing,Corporis ipsum sapiente.,-1564.69,PED-16083
4520,2024-11-05,Receita,Logística,Et dolor repellat inventore.,-3114.56,
4521,2024-05-28,Despesa,Receita,Officia placeat voluptatum.,-7961.78,
4522,2025-09-11,receita,Tecnologia,Deserunt esse perspiciatis sit.,-4581.68,
4523,2025-03-22,Receita,RH,Dicta sapiente.,-37.85,
4524,2024-10-25,receita,RH,Et autem delectus repudiandae.,10671.25,
4525,2025-07-23,Despesa,marketing,Inventore architecto eum.,9640.28,PED-75745
4526,2025-03-16,Despesa,marketing,Temporibus iste laboriosam nam enim.,-3710.2,PED-73393
4527,2024-10-06,Despesa,Marketing,Sit officiis.,2113.16,
4528,2025-06-19,Despesa,Tecnologia,Porro dignissimos nesciunt.,10261.02,
4529,2026-01-18,receita,RH,Necessitatibus totam fugiat repellat.,-5904.9,PED-66892
4530,2025-02-07,Receita,Marketing,Eos eos culpa.,11462.95,
4531,2024-02-10,Despesa,Tecnologia,Consectetur cupiditate illum libero reiciendis.,7822.04,
4532,2024-06-27,Despesa,Tecnologia,Asperiores magnam.,-4952.91,
4533,2025-03-25,receita,marketing,Debitis veritatis id.,1221.73,
4534,2024-12-11,Despesa,RH,Dolorem quas dolorum corrupti.,-1492.66,PED-12593
4535,2025-06-17,receita,RH,Veritatis soluta.,-287.15,
4536,2024-09-22,receita,Receita,Temporibus voluptas in amet.,6467.03,
4537,2025-03-19,Receita,Receita,Perferendis molestias odio.,9977.08,
4538,2024-11-28,Despesa,Logística,Totam quibusdam neque in.,-3052.75,
4539,2024-02-23,receita,Tecnologia,Incidunt porro numquam.,891.89,
4540,2025-06-22,receita,Tecnologia,Temporibus impedit nemo molestias vitae.,5895.87,PED-56182
4541,2025-04-20,Despesa,Tecnologia,Ipsum laborum ipsa labore.,4865.03,PED-80912
4542,2025-05-03,receita,Receita,Laboriosam assumenda culpa.,1949.57,
4543,2024-07-12,Despesa,Receita,Nesciunt praesentium saepe dolore maxime.,-4986.49,PED-61221
4544,2025-07-26,receita,Receita,Nulla maxime totam quas.,11066.82,PED-62330
4545,2025-07-01,Receita,Tecnologia,Nesciunt vero cumque sapiente rem.,9397.55,
4546,2024-06-13,Receita,Logística,Repellat sint occaecati.,964.35,
4547,2025-06-16,receita,Logística,Quidem non quidem accusantium totam.,-3529.69,PED-45760
4548,2025-12-26,Despesa,Receita,Porro facere pariatur accusantium delectus.,-7819.35,PED-68240
4549,2024-04-08,Receita,Tecnologia,Consequatur animi minus sed.,9233.06,PED-12945
4550,2024-02-11,receita,Receita,Vel debitis.,1503.59,PED-90916
4551,2025-10-07,receita,Tecnologia,Blanditiis amet nobis.,11769.26,
4552,2024-08-19,receita,Tecnologia,Mollitia deserunt iure minus.,4374.72,
4553,2024-09-16,Despesa,Marketing,Quibusdam vel cum adipisci perspiciatis.,3064.92,PED-88025
4554,2025-07-03,receita,Receita,Praesentium ad minima adipisci nihil.,5594.31,PED-43411
4555,2024-03-18,Despesa,Tecnologia,Quod odit.,9012.16,PED-47254
4556,2025-07-20,receita,Marketing,Necessitatibus eius reprehenderit.,11072.17,PED-35367
4557,2025-01-30,Receita,RH,Deserunt minus quae aperiam earum.,1240.87,PED-47876
4558,2024-03-11,Despesa,Receita,Beatae nostrum distinctio at.,-1132.75,
4559,2025-02-07,receita,Logística,Sapiente voluptas quod nihil explicabo.,7528.11,
4560,2024-03-16,receita,Logística,At officiis sunt magni.,-1679.26,
4561,2025-11-10,Despesa,Receita,Libero illum debitis explicabo quisquam.,2295.39,
4562,2026-01-06,receita,marketing,Repudiandae assumenda mollitia minima.,-5634.65,
4563,2024-05-25,receita,marketing,Enim at dolore odio error.,11223.59,PED-15122
4564,2024-07-18,receita,Logística,Inventore natus.,3057.54,
4565,2024-10-06,Despesa,marketing,Iste suscipit ea voluptatem sequi.,-2588.81,PED-43117
4566,2025-12-13,Despesa,Marketing,Repellendus sint laudantium deserunt minima.,7403.45,
4567,2026-02-03,Despesa,Marketing,Quam ipsam soluta.,-1402.4,
4568,2024-07-10,Despesa,Tecnologia,Eius odit voluptatum corrupti.,6737.87,
4569,2024-03-20,Despesa,Logística,Alias dignissimos nulla quas iste.,319.88,
4570,2025-11-15,Receita,RH,Quaerat praesentium voluptatibus ea.,7766.06,
4571,2024-09-10,Receita,marketing,Odio ipsam eum tenetur voluptatibus.,-7081.51,PED-55208
4572,2025-12-30,Despesa,RH,Ratione placeat.,-5963.55,PED-88176
4573,2024-09-15,Despesa,marketing,Voluptas laborum officia fuga architecto.,-7654.25,PED-56849
4574,2024-11-14,receita,Marketing,Libero perferendis dolores.,3159.16,
4575,2025-11-02,receita,Tecnologia,Velit mollitia laudantium.,5299.33,PED-48560
4576,2024-12-10,receita,Tecnologia,Molestias dolorem eveniet dolorum.,-6964.27,
4577,2024-09-22,Despesa,Marketing,Pariatur modi.,2616.39,PED-31233
4578,2025-08-30,Despesa,Marketing,Incidunt sed repellat.,-7375.4,
4579,2025-07-03,receita,Logística,Molestias pariatur beatae.,9771.11,
4580,2025-09-16,Receita,Logística,Fugit ab in.,10378.68,PED-49716
4581,2025-06-30,Receita,Tecnologia,Nulla ipsum natus numquam.,3906.12,PED-15670
4582,2025-12-02,receita,Logística,Quis sapiente doloribus quod accusamus.,5305.3,PED-65304
4583,2025-03-28,receita,marketing,Voluptatem suscipit.,-1982.33,PED-15061
4584,2024-10-23,Receita,marketing,Iste quisquam porro.,-5663.42,PED-55114
4585,2025-04-20,receita,marketing,Inventore fuga deleniti.,-1691.47,
4586,2025-09-28,Receita,marketing,Voluptatem quasi laboriosam.,-5502.32,PED-11037
4587,2024-11-05,Receita,marketing,Optio at voluptatem labore natus.,10637.4,PED-94871
4588,2025-03-09,receita,Marketing,Nesciunt id numquam libero.,-2827.6,PED-50278
4589,2024-08-01,receita,Logística,Occaecati perspiciatis magni aliquam exercitationem.,2823.68,PED-99749
4590,2024-12-25,receita,Tecnologia,Sunt consequatur sunt.,-3543.25,PED-67288
4591,2025-12-05,Receita,Marketing,Cumque iusto veniam.,8962.06,
4592,2024-05-10,receita,Marketing,Consectetur temporibus voluptas incidunt sint.,1781.98,
4593,2024-05-16,receita,Logística,Nesciunt ut voluptas.,6573.08,
4594,2025-05-31,Receita,Receita,Quo molestiae minima.,8577.99,
4595,2024-12-16,Receita,Receita,Atque quisquam ea.,-3017.26,
4596,2025-07-16,Receita,Marketing,Dolorem iste dolore fugit quidem.,10585.91,
4597,2024-11-13,Despesa,marketing,Eum rerum fugiat vel nam.,4666.15,PED-70727
4598,2024-03-09,Receita,RH,Velit consequuntur molestiae.,7448.02,
4599,2025-08-26,Despesa,Logística,Nihil facere nisi.,3113.7,PED-98487
4600,2024-07-05,Despesa,Logística,Placeat temporibus rerum.,-4580.62,PED-86605
4601,2026-01-20,Receita,Receita,Placeat reprehenderit doloremque atque.,8833.96,PED-28342
4602,2024-03-26,Receita,RH,Quasi quaerat natus tempora.,-5686.88,PED-75844
4603,2024-11-05,receita,Logística,Illo itaque in.,4298.96,
4604,2024-03-28,Receita,Logística,Rerum aspernatur quibusdam.,10324.74,
4605,2025-07-27,receita,Logística,Perferendis doloremque exercitationem.,3985.73,PED-43859
4606,2025-10-13,receita,Logística,Commodi eveniet voluptatem quis.,-2615.1,PED-40188
4607,2024-11-05,Despesa,marketing,Ducimus eveniet modi.,-867.56,PED-28500
4608,2025-09-03,receita,Tecnologia,Asperiores eaque.,6636.0,
4609,2024-02-29,receita,Marketing,Molestiae aspernatur eius.,-871.86,PED-49358
4610,2024-07-03,Receita,Logística,Maiores provident nobis.,-2212.3,
4611,2024-05-03,Receita,Logística,Maxime accusamus.,-3372.64,
4612,2025-12-25,Receita,marketing,Aperiam ea nostrum perferendis ipsum.,-5503.76,PED-38543
4613,2025-04-16,Receita,Marketing,Dolor eos vero dolorum hic.,5767.62,
4614,2024-10-14,receita,Marketing,Quas facilis.,2259.6,
4615,2024-03-02,Despesa,Marketing,Quaerat possimus veritatis.,-947.47,PED-32818
4616,2024-08-05,Despesa,RH,Esse praesentium.,-4074.01,PED-47387
4617,2025-03-26,Receita,Logística,Molestiae praesentium totam minus quo.,5685.42,
4618,2024-03-27,Receita,RH,Reprehenderit quod qui.,5830.19,PED-63555
4619,2025-07-02,Despesa,marketing,Fugiat reprehenderit cupiditate.,10531.64,PED-39678
4620,2024-06-18,Despesa,Marketing,Consequatur nisi.,-5969.46,
4621,2025-09-05,receita,RH,Dolor debitis et accusamus.,5711.18,PED-34640
4622,2024-03-18,receita,RH,Laudantium nihil.,1931.28,PED-72808
4623,2025-04-21,Despesa,RH,Modi maiores laboriosam praesentium.,10670.31,PED-87658
4624,2025-04-13,Despesa,Marketing,Dignissimos sint rem.,11738.74,
4625,2025-09-15,receita,marketing,Minus nisi quas.,3753.22,PED-85443
4626,2025-02-16,receita,Receita,Deserunt excepturi quod soluta.,7877.34,PED-44339
4627,2025-05-22,Receita,Tecnologia,Quaerat fugiat eum nisi totam.,3750.84,
4628,2025-11-28,Despesa,Marketing,Repudiandae dolorum quaerat amet.,-5756.69,PED-79765
4629,2025-04-23,receita,marketing,Saepe voluptatum delectus nihil.,3548.79,
4630,2026-01-09,Despesa,Receita,Incidunt enim voluptas.,-1192.39,
4631,2024-05-20,Despesa,Tecnologia,Unde omnis eveniet.,191.98,PED-78428
4632,2025-01-30,receita,marketing,Modi dolorum.,5011.02,PED-61100
4633,2025-12-01,Despesa,Tecnologia,Fugit quo id sapiente corrupti.,7529.58,PED-48999
4634,2026-01-13,Despesa,Logística,Nihil repellat.,760.81,PED-83536
4635,2025-10-17,receita,Logística,Illo blanditiis veniam voluptates.,4702.19,PED-84844
4636,2024-11-10,Despesa,marketing,Illo ad.,10908.96,
4637,2024-11-06,Receita,marketing,Voluptates amet dicta consectetur.,-6570.86,PED-86520
4638,2024-04-03,Despesa,Tecnologia,Nisi sed id autem.,4184.05,
4639,2024-08-30,Receita,Logística,Officia quo quae nobis aspernatur.,2576.33,PED-34580
4640,2025-06-12,Receita,RH,Quidem sit asperiores quo.,-7712.23,PED-53013
4641,2025-11-10,receita,Logística,Iure sint cumque.,8217.7,
4642,2025-05-15,receita,RH,Officiis autem animi nisi.,7210.99,PED-30955
4643,2025-05-16,Despesa,Marketing,Magnam asperiores assumenda.,-6340.0,
4644,2024-08-07,Receita,Tecnologia,Maiores vitae.,2055.55,
4645,2024-06-30,Receita,Tecnologia,Reprehenderit tempore saepe.,-3084.77,
4646,2025-02-17,receita,Logística,Adipisci totam quo neque.,3528.75,
4647,2025-11-25,Receita,RH,Soluta magni.,1360.21,PED-16159
4648,2024-12-26,receita,marketing,Eos dolor dignissimos eum.,3205.48,PED-65735
4649,2024-05-07,Despesa,marketing,Consectetur vero ullam fugiat eveniet.,-3579.78,
4650,2024-06-27,Despesa,Receita,Quis qui voluptatibus laboriosam.,-1738.38,
4651,2025-05-25,Despesa,RH,Eligendi dolore nemo corporis natus.,11223.7,PED-11558
4652,2024-09-23,Receita,marketing,Facere labore.,5466.69,
4653,2024-11-28,Receita,Tecnologia,Facere numquam.,-3177.38,
4654,2024-07-15,Receita,marketing,Neque iusto aspernatur quasi.,11170.52,
4655,2024-11-13,Despesa,RH,Architecto exercitationem autem.,-1852.52,PED-94714
4656,2024-04-27,receita,Marketing,Aliquam accusantium.,-3133.01,
4657,2024-10-02,Despesa,Marketing,Consequatur magni vel.,5801.69,
4658,2024-05-23,Despesa,Receita,Ex voluptates doloremque.,-5539.66,PED-47146
4659,2025-05-16,Receita,marketing,Culpa reiciendis corrupti voluptate.,-2013.26,
4660,2025-09-24,receita,Marketing,Non exercitationem officiis.,10115.54,PED-79590
4661,2024-03-31,Receita,RH,Unde occaecati quo praesentium consequatur.,7150.52,PED-28331
4662,2025-09-21,Receita,marketing,Pariatur iste possimus dolorem quidem.,5804.14,PED-76801
4663,2025-07-03,Despesa,marketing,Libero tempore.,-3820.28,
4664,2024-04-29,Despesa,Marketing,Esse iste voluptate modi.,4532.63,PED-81375
4665,2025-01-11,receita,Marketing,Consequatur aspernatur cum sed.,-665.64,PED-48259
4666,2025-09-09,Despesa,marketing,Laboriosam aliquam.,-6281.04,PED-53818
4667,2025-07-18,receita,marketing,Dolores ipsam.,3695.66,
4668,2025-10-31,receita,Logística,Saepe nostrum nihil.,7797.08,
4669,2025-09-29,receita,Logística,Possimus totam ipsum enim.,-3078.01,
4670,2025-08-17,Despesa,marketing,Cum voluptas repellendus.,8766.38,PED-41455
4671,2025-03-01,receita,marketing,Accusamus nobis delectus optio.,1138.71,PED-30762
4672,2025-12-16,Despesa,RH,Ullam consequuntur error tempore.,197.18,
4673,2024-10-23,receita,marketing,Recusandae fugit ad suscipit aliquam.,2424.8,PED-59507
4674,2024-09-06,receita,Marketing,Voluptate totam hic.,8340.0,PED-99516
4675,2025-07-15,Receita,Marketing,Occaecati blanditiis.,9866.03,PED-91717
4676,2025-12-01,receita,Receita,Repellendus cumque voluptatem.,9832.87,PED-53877
4677,2024-06-18,receita,Logística,Fugiat quaerat illum similique esse.,-7142.93,
4678,2025-08-12,Receita,marketing,Natus atque nesciunt saepe.,5385.58,
4679,2025-08-14,Receita,RH,Illo quisquam assumenda natus.,11602.58,PED-11084
4680,2025-02-04,Receita,RH,Est odio ipsa.,393.97,
4681,2024-08-11,Despesa,Marketing,Commodi ullam natus.,-2734.06,PED-43969
4682,2024-05-31,receita,Marketing,Totam animi adipisci sit.,2577.37,
4683,2025-11-23,Despesa,Logística,Quam odit voluptate deserunt.,7884.94,PED-12832
4684,2025-12-09,Despesa,Marketing,Eius inventore.,367.78,PED-62708
4685,2025-10-31,Despesa,Receita,Rerum corrupti minus iure.,9205.34,
4686,2024-10-26,Despesa,marketing,Beatae quod illo corporis.,-4537.34,PED-80330
4687,2024-12-11,Despesa,Tecnologia,Doloremque dolor.,1086.89,PED-45339
4688,2024-03-05,receita,Marketing,Dolores alias ipsum.,9113.57,PED-41081
4689,2025-12-03,Despesa,Receita,Ea alias.,9855.13,PED-27797
4690,2024-12-18,Receita,RH,Magni doloribus.,-2682.36,
4691,2024-10-31,Despesa,RH,Quasi enim.,8120.88,
4692,2024-07-28,Receita,RH,Amet exercitationem recusandae ut autem.,8782.87,
4693,2024-04-01,Receita,Logística,Deserunt recusandae suscipit nobis nesciunt.,10942.22,
4694,2024-02-08,Despesa,RH,Occaecati rerum ex.,-3889.07,PED-71589
4695,2025-05-02,Despesa,Receita,Deleniti fuga id quisquam.,-817.12,
4696,2024-12-17,Despesa,marketing,Reiciendis quisquam suscipit quo laboriosam.,-3711.02,PED-47219
4697,2024-06-07,receita,Marketing,Eius in quae id ipsam.,8588.0,
4698,2025-03-01,Despesa,Marketing,In excepturi necessitatibus.,4100.86,
4699,2025-11-03,receita,marketing,Accusantium dolor reiciendis.,2253.02,PED-93481
4700,2024-05-24,Receita,marketing,Eos sed fugit inventore doloremque.,2899.02,
4701,2025-02-07,receita,Logística,Deleniti exercitationem aspernatur.,7750.49,PED-15179
4702,2025-11-13,Receita,Receita,Repellat ut veniam asperiores.,8947.65,
4703,2025-07-14,Despesa,Marketing,Architecto ullam earum.,6483.22,PED-56674
4704,2025-10-11,receita,marketing,Consequuntur assumenda est asperiores.,-7853.54,
4705,2024-08-04,Receita,Marketing,Labore numquam suscipit laborum.,6145.52,PED-74847
4706,2025-11-18,Receita,Tecnologia,Quo eaque accusamus quasi voluptates.,-3698.17,PED-45484
4707,2025-02-04,Receita,Tecnologia,Illo maxime ratione veniam.,4864.93,PED-17798
4708,2025-03-11,Despesa,Tecnologia,Placeat accusantium.,-1808.67,
4709,2026-01-22,Receita,Logística,Ratione aperiam.,2879.72,
4710,2025-09-22,Despesa,Receita,Voluptatibus illo accusantium.,6707.57,
4711,2025-07-06,Despesa,RH,Debitis reprehenderit.,11659.27,PED-85279
4712,2025-07-27,Receita,marketing,Explicabo sit.,-4450.88,PED-20240
4713,2024-09-02,receita,marketing,Recusandae qui architecto voluptatum.,-4289.56,PED-11833
4714,2025-05-09,Despesa,Receita,Ratione quos asperiores tempore.,5468.98,PED-32595
4715,2025-10-17,Receita,Marketing,Harum consequuntur porro molestias velit.,2671.39,
4716,2025-05-22,Receita,marketing,Assumenda optio quo.,-1890.42,PED-78922
4717,2025-06-15,Receita,Receita,Laudantium repellat inventore beatae in.,-370.35,PED-16587
4718,2024-05-24,Receita,marketing,Ab voluptatibus animi.,2923.11,
4719,2024-09-09,Receita,marketing,Dolor ratione asperiores saepe illum.,7580.72,PED-14167
4720,2024-03-27,Receita,RH,Magnam architecto nobis.,9865.25,
4721,2025-09-24,Receita,Tecnologia,Tempore architecto nostrum tempora officiis.,-792.18,
4722,2025-03-08,Receita,Logística,Doloribus sed eligendi optio.,1296.93,PED-89287
4723,2025-06-02,Receita,Marketing,Exercitationem atque.,-6084.41,
4724,2024-03-15,receita,Tecnologia,Ex necessitatibus explicabo sint.,11313.94,PED-13407
4725,2026-01-24,Receita,Tecnologia,Quam vero omnis quis.,1229.58,
4726,2025-01-24,Despesa,RH,Maxime nostrum praesentium dolor aliquid.,-4566.7,
4727,2024-04-27,Receita,Tecnologia,Nostrum hic quam voluptatum.,8259.94,
4728,2025-06-17,Despesa,Tecnologia,Iure odit.,1452.28,PED-19905
4729,2025-05-10,receita,marketing,Cum autem deserunt harum.,-4287.24,PED-13270
4730,2024-04-25,receita,Receita,Ad id nihil.,7469.48,
4731,2024-07-04,receita,Marketing,Minus maxime tempora voluptas possimus.,3389.59,
4732,2024-07-01,receita,Marketing,Iure recusandae quas.,1095.76,
4733,2024-08-07,receita,Marketing,Maiores recusandae illum.,11665.01,
4734,2024-11-18,receita,Logística,Excepturi tenetur dolore magni.,9136.57,
4735,2025-07-24,receita,marketing,Ipsam voluptas.,-6143.14,
4736,2024-12-01,Receita,Logística,Libero reprehenderit nostrum.,-4378.33,PED-87032
4737,2025-10-10,Receita,marketing,Expedita corrupti sunt temporibus reprehenderit.,11087.0,
4738,2024-08-22,Despesa,Logística,Inventore quaerat quos dolores.,-1898.18,PED-68468
4739,2024-03-22,Receita,RH,Eos deleniti voluptatibus aut voluptates.,4340.48,
4740,2024-06-06,receita,Receita,Necessitatibus nesciunt aliquid.,4510.2,
4741,2024-10-20,Receita,marketing,Omnis temporibus tempore.,1406.5,PED-20341
4742,2024-03-31,Despesa,Logística,Tempora dicta quia.,6404.0,
4743,2024-10-18,receita,Logística,Voluptate pariatur.,8543.22,PED-57066
4744,2024-06-12,Receita,RH,Quod dolorem.,-7258.89,
4745,2025-10-10,Despesa,Receita,Voluptatem laudantium enim suscipit.,-5791.2,
4746,2025-01-08,Receita,RH,Odio itaque provident nobis.,2809.85,PED-63032
4747,2024-05-02,Despesa,Tecnologia,Tempore asperiores cupiditate dolor.,8046.67,PED-64214
4748,2024-04-24,receita,Tecnologia,Ullam cum autem aliquid.,559.2,PED-77331
4749,2025-09-05,Receita,marketing,Laborum possimus.,1272.18,
4750,2026-01-17,Despesa,Tecnologia,Deleniti repudiandae.,-2615.31,PED-69793
4751,2024-07-09,Receita,Tecnologia,Accusamus vel officia modi.,6984.03,
4752,2024-10-01,Despesa,Marketing,Neque praesentium repudiandae.,3437.74,PED-74316
4753,2025-09-30,Despesa,Tecnologia,Molestias eum explicabo est.,-5387.41,PED-67302
4754,2024-04-25,Receita,Marketing,Assumenda voluptatibus id.,73.28,
4755,2025-11-25,receita,Tecnologia,Eaque repellendus odio.,11238.95,
4756,2024-06-14,Receita,Logística,Quo voluptates ab delectus.,11592.95,PED-46516
4757,2025-01-03,Despesa,RH,Nostrum nulla omnis unde.,-2591.62,
4758,2025-03-16,Receita,marketing,Quod quas animi unde.,3481.69,PED-79177
4759,2025-05-02,receita,Logística,Minima eos eligendi ipsa velit.,633.87,
4760,2024-04-13,Receita,Marketing,Eum adipisci praesentium modi maiores.,11957.42,PED-36122
4761,2024-09-22,Despesa,Receita,Dolorem aspernatur excepturi alias.,-5032.31,PED-11906
4762,2024-05-24,receita,Marketing,Asperiores in.,9572.98,
4763,2025-03-11,Receita,Marketing,Expedita doloribus inventore occaecati.,-7636.53,PED-78025
4764,2024-12-24,Receita,Logística,Quidem tempore.,6875.53,PED-62862
4765,2025-11-09,Receita,Tecnologia,Asperiores perspiciatis.,-5775.4,
4766,2024-09-22,Despesa,Tecnologia,Non vero sunt.,3434.75,
4767,2025-04-27,Receita,Logística,Optio ab quisquam voluptate.,-5617.78,
4768,2025-11-30,Despesa,Marketing,Illo omnis.,-310.34,
4769,2024-03-17,Receita,marketing,Quae facere vitae.,5710.22,PED-36416
4770,2025-05-23,Despesa,Tecnologia,Quasi occaecati.,5465.08,PED-85650
4771,2025-04-03,Despesa,Receita,Ratione libero a occaecati illum.,4355.52,
4772,2025-11-18,Despesa,Receita,In qui cum unde.,-1263.23,
4773,2024-10-05,Despesa,RH,Quas dolorem amet id.,1600.58,PED-43818
4774,2025-09-20,Receita,Marketing,In maiores qui veritatis architecto.,-6986.76,PED-88213
4775,2025-01-23,Despesa,marketing,Labore amet culpa.,-3019.18,
4776,2024-05-25,Despesa,marketing,Sed cumque asperiores.,11061.85,
4777,2024-08-04,Despesa,Marketing,Dignissimos necessitatibus.,-1633.18,PED-96789
4778,2024-02-21,Despesa,Logística,Corporis amet.,-1405.48,PED-28549
4779,2024-08-19,Receita,Marketing,Ratione doloremque consequuntur.,-4217.75,
4780,2025-11-07,Receita,Logística,Saepe nisi quaerat similique.,-3930.93,PED-41348
4781,2024-09-10,receita,RH,Praesentium asperiores rerum.,-7400.57,PED-52159
4782,2026-01-06,Despesa,Tecnologia,Ut voluptatum.,3944.61,PED-47143
4783,2025-08-30,receita,RH,Esse amet quis harum maiores.,832.34,
4784,2024-02-28,Receita,Tecnologia,Accusamus reprehenderit libero consequatur.,-5241.04,
4785,2024-12-16,Receita,Receita,Hic eligendi accusantium similique.,7399.82,
4786,2025-10-22,Receita,Receita,Ratione molestiae rem voluptatum.,-3550.16,PED-68554
4787,2025-11-13,Receita,marketing,Necessitatibus molestiae blanditiis.,11219.45,
4788,2024-05-14,Receita,Tecnologia,Corrupti nemo optio.,-1066.99,PED-19178
4789,2024-06-08,receita,Receita,Expedita eum provident culpa praesentium.,-1504.77,PED-27818
4790,2025-11-10,Receita,Logística,Dolorem quos eaque.,4743.47,PED-35251
4791,2025-10-02,receita,marketing,Debitis ducimus sint.,11020.7,PED-39133
4792,2025-06-29,receita,Marketing,Aperiam quos dignissimos enim.,-7831.57,
4793,2025-01-13,Despesa,Marketing,Quam veritatis a.,11849.81,
4794,2024-07-12,Despesa,Receita,Nemo debitis voluptatem.,-1359.69,
4795,2025-03-06,Despesa,RH,Debitis illo facilis.,10765.36,
4796,2025-11-26,Despesa,Logística,Consequatur vel in ullam voluptatibus.,-1080.97,PED-12346
4797,2024-11-25,Despesa,RH,Dolor occaecati laudantium.,-5711.55,
4798,2024-04-05,receita,Tecnologia,Reprehenderit aliquam quisquam maiores libero.,-4542.14,PED-17258
4799,2025-11-29,receita,RH,Voluptates praesentium culpa consequatur.,-7529.37,
4800,2024-02-08,Despesa,marketing,Temporibus ad.,2447.43,
4801,2026-01-07,Receita,Marketing,Natus perferendis.,6468.13,
4802,2024-11-22,Receita,Tecnologia,Tempora consectetur asperiores vero.,6700.16,PED-92201
4803,2025-03-30,Receita,Logística,Nihil veniam.,-6208.57,PED-13848
4804,2026-01-11,Despesa,Receita,Quis tempora.,-514.77,PED-75242
4805,2024-05-24,receita,Logística,Totam officiis explicabo nisi.,-3512.23,PED-43888
4806,2025-03-24,receita,Receita,In ratione laudantium.,-7079.93,
4807,2024-04-15,Receita,RH,Assumenda saepe voluptatem.,379.24,PED-38673
4808,2024-02-22,receita,Marketing,Nesciunt molestiae accusantium itaque.,-5858.58,PED-21549
4809,2025-01-09,Receita,Marketing,Similique quam.,-680.98,
4810,2024-09-16,Despesa,Logística,Sapiente qui rerum repellat.,1836.36,PED-29516
4811,2025-08-23,Receita,Logística,Sit totam veniam perspiciatis.,3166.69,
4812,2025-07-29,receita,RH,Inventore iure laborum totam.,2695.16,PED-31388
4813,2025-08-26,Receita,Receita,Illum accusantium.,5587.78,
4814,2025-09-21,receita,RH,Harum nobis aliquid itaque.,11737.31,PED-76766
4815,2025-05-10,receita,Receita,Beatae possimus dolorum.,8184.8,PED-56017
4816,2025-09-26,Receita,marketing,Ea amet.,-2478.76,PED-20038
4817,2024-11-28,receita,Tecnologia,Iure sunt voluptas nam earum.,839.96,PED-45332
4818,2025-10-25,receita,RH,Eveniet iusto eveniet quam doloribus.,8597.39,
4819,2025-12-23,Despesa,Marketing,Quidem esse sequi expedita.,4782.24,
4820,2024-10-28,Receita,RH,Rem blanditiis.,11499.34,PED-24267
4821,2024-02-20,Despesa,Tecnologia,Nesciunt repellat alias ratione.,1667.45,
4822,2026-02-02,Receita,marketing,Ut provident inventore.,-1735.86,
4823,2025-07-24,receita,Marketing,Commodi quia officia.,-1855.23,PED-64955
4824,2025-01-08,Despesa,marketing,Magni modi repudiandae ipsum.,10949.49,
4825,2025-05-17,receita,Receita,Officiis quidem accusantium asperiores.,656.47,PED-43132
4826,2025-05-31,Receita,Logística,Suscipit ab.,-2864.44,
4827,2024-02-08,receita,Receita,Rem quasi distinctio.,5819.13,
4828,2025-06-23,Receita,Marketing,Veniam illum voluptate illo optio.,5411.61,PED-90276
4829,2024-12-20,Receita,Tecnologia,Totam maxime tempore.,3008.62,
4830,2025-07-20,receita,marketing,Nostrum facere dolore.,-7949.57,PED-97646
4831,2025-07-31,Receita,Logística,Voluptas veritatis quae officiis.,-3493.05,PED-98757
4832,2025-02-17,Despesa,Tecnologia,Ab unde consectetur.,8125.83,PED-18489
4833,2024-11-26,Despesa,RH,Dicta animi deserunt ratione explicabo.,2736.81,PED-63104
4834,2024-04-23,receita,Marketing,Corrupti incidunt illum.,-1053.67,
4835,2024-11-14,Receita,marketing,Consectetur excepturi ex.,-6177.84,PED-58636
4836,2024-08-27,Receita,Receita,Inventore recusandae.,6995.04,
4837,2026-01-12,Receita,Marketing,Laboriosam nam id voluptas.,-5630.72,
4838,2024-03-29,receita,Tecnologia,Architecto recusandae magni.,6879.48,PED-79191
4839,2024-12-10,Receita,marketing,Odio nisi accusamus.,1933.43,PED-23170
4840,2025-01-02,Receita,Marketing,Sit enim laboriosam velit est.,-3947.28,
4841,2024-10-13,Receita,Tecnologia,Nam nobis dolorem.,934.44,
4842,2025-05-04,Receita,Marketing,Provident tempore quisquam.,8151.75,
4843,2024-08-18,Receita,Logística,Accusantium debitis cupiditate.,10379.67,
4844,2024-05-19,Receita,Marketing,Nihil maiores magni.,7004.25,
4845,2024-08-01,Despesa,RH,Adipisci doloremque.,7238.55,PED-82715
4846,2024-07-24,Receita,Receita,Perferendis voluptatibus quia.,-5900.75,PED-92620
4847,2025-12-13,Receita,Logística,Voluptatem nesciunt.,5674.86,
4848,2025-05-27,Despesa,Tecnologia,Quam id temporibus.,-2832.59,PED-86262
4849,2025-09-02,Despesa,RH,Laudantium ab dicta ipsa.,8429.51,PED-53077
4850,2025-07-11,Receita,Receita,Tenetur quae impedit.,-5590.39,PED-37005
4851,2025-09-26,receita,marketing,Eveniet dignissimos.,-1246.06,
4852,2025-07-01,Receita,RH,Iure necessitatibus voluptate quas.,10452.48,PED-83152
4853,2025-02-09,Despesa,Receita,Quas error ab nobis dicta.,-7930.74,PED-28035
4854,2025-08-07,Despesa,Marketing,Inventore consectetur.,6301.18,
4855,2025-01-05,receita,Marketing,Laudantium illo voluptatibus neque.,535.04,
4856,2025-12-26,Despesa,RH,Error voluptatem perferendis.,11518.96,
4857,2024-10-02,Receita,Receita,Ad nulla hic.,3914.44,PED-87080
4858,2024-11-06,receita,RH,Eveniet doloremque.,1808.2,
4859,2025-01-27,receita,Logística,Ipsum accusamus animi illo.,8750.03,PED-15284
4860,2024-09-28,receita,Tecnologia,Dolor non blanditiis itaque.,9265.82,
4861,2024-06-03,receita,Tecnologia,Atque consequuntur mollitia dicta.,-7701.51,PED-81963
4862,2024-12-05,receita,RH,Sed deleniti minima dignissimos.,9342.63,
4863,2025-05-06,Receita,marketing,Rem eaque cum enim.,5026.64,PED-97704
4864,2024-03-09,Receita,marketing,Sequi sequi rem nam eos.,-3734.25,
4865,2025-05-16,Receita,Marketing,Excepturi praesentium.,-185.94,PED-14987
4866,2025-08-16,Despesa,Receita,Accusamus commodi blanditiis pariatur.,7268.37,PED-82284
4867,2024-06-05,receita,Logística,Repellendus ipsa.,-31.78,
4868,2024-08-07,receita,RH,Voluptatem aperiam reiciendis cupiditate excepturi.,5644.81,
4869,2024-03-12,receita,Tecnologia,Itaque esse suscipit ducimus.,5801.87,PED-42231
4870,2024-07-28,Despesa,Receita,Itaque illum error distinctio.,10792.06,
4871,2025-04-09,receita,Marketing,Expedita expedita ad.,6716.0,PED-63290
4872,2025-07-21,Receita,RH,Quo sequi fugiat officiis repellendus.,-6546.01,
4873,2024-12-06,Receita,marketing,Consequuntur rem provident nam.,-720.43,PED-95036
4874,2026-01-28,Receita,Logística,Quam iste commodi assumenda enim.,8970.69,
4875,2024-03-30,Despesa,marketing,Repellat possimus.,-2228.83,
4876,2024-03-01,Receita,Marketing,Atque culpa aliquam recusandae.,-7795.62,PED-24042
4877,2024-11-26,Despesa,Marketing,Animi qui ullam tempora.,8280.95,
4878,2024-05-29,Receita,marketing,Nobis reiciendis porro vel quis.,-5981.32,PED-19341
4879,2024-04-08,receita,Receita,Aperiam animi.,-705.43,PED-82096
4880,2024-08-03,Despesa,Logística,Exercitationem animi.,85.6,
4881,2025-03-28,Despesa,Tecnologia,Minus tempora ex fugit veritatis.,9250.04,PED-40496
4882,2025-09-12,Despesa,Marketing,Enim quo consectetur dolorum.,-6130.55,
4883,2025-02-18,Receita,Logística,Sit a.,10241.68,PED-65130
4884,2025-12-14,Receita,RH,Hic ipsam distinctio explicabo autem.,2111.29,PED-86704
4885,2024-08-12,Receita,Logística,Sint enim non magni.,1449.17,PED-82326
4886,2025-04-13,receita,Receita,Dignissimos porro nesciunt vitae debitis.,7298.37,
4887,2025-08-16,Despesa,Marketing,Recusandae eum.,10116.66,PED-74576
4888,2024-12-24,Receita,marketing,Unde saepe quaerat sequi cumque.,-3315.8,PED-58773
4889,2025-12-29,Despesa,Marketing,Aspernatur praesentium.,-1172.68,
4890,2025-08-09,receita,Receita,Odit a.,-7087.71,PED-98007
4891,2025-09-17,Receita,marketing,Unde amet debitis fuga.,6687.04,
4892,2024-08-26,receita,Logística,Qui illum libero laboriosam.,702.63,PED-58471
4893,2026-02-02,receita,RH,Quos commodi quam expedita magni.,1371.28,PED-14807
4894,2025-11-18,Receita,RH,Ex inventore nesciunt doloremque.,-5965.09,
4895,2024-07-17,Receita,Tecnologia,Laudantium saepe.,1276.91,PED-57402
4896,2024-11-25,receita,Receita,Enim necessitatibus placeat deserunt facilis.,1613.69,
4897,2025-09-26,receita,Receita,Adipisci architecto inventore consectetur dolorum.,6453.2,
4898,2026-01-18,receita,Logística,Perspiciatis sit.,-1862.09,
4899,2025-07-20,Receita,RH,Deserunt ut ut asperiores.,-2069.86,PED-19554
4900,2025-01-12,Despesa,Logística,Ipsa esse blanditiis modi magnam.,6113.56,
4901,2024-04-08,receita,Marketing,Repellendus ex nisi architecto non.,-4760.05,PED-32643
4902,2024-06-01,receita,RH,Fuga incidunt.,5705.02,
4903,2025-08-03,receita,marketing,Fuga itaque assumenda magni.,3100.01,
4904,2025-03-03,receita,RH,Ab asperiores exercitationem rerum.,572.22,
4905,2025-10-29,receita,Receita,Tempora ipsum quidem a.,9847.36,
4906,2024-03-17,Receita,RH,Nobis aspernatur aliquam accusamus.,10911.91,PED-37069
4907,2024-03-28,Receita,Receita,Itaque praesentium cumque repellendus explicabo.,2969.8,PED-62545
4908,2025-06-11,receita,Receita,Reiciendis sunt.,-5232.74,
4909,2025-03-19,Receita,Tecnologia,Molestiae perspiciatis blanditiis.,624.75,PED-76053
4910,2024-05-05,Despesa,Marketing,Tempora fugit beatae odio.,128.74,
4911,2024-06-25,receita,Tecnologia,Veritatis corporis sint non.,10370.45,PED-78592
4912,2024-09-25,Despesa,Receita,Vel aut doloribus.,-3324.88,PED-17541
4913,2025-09-24,receita,marketing,Autem fugit assumenda.,-2805.84,
4914,2024-07-02,Despesa,Tecnologia,Ex corporis explicabo sint odit.,10871.8,
4915,2025-02-18,receita,marketing,Illo unde.,3554.21,PED-20984
4916,2024-06-03,Despesa,RH,Corporis amet ipsa odio.,581.29,
4917,2024-03-22,receita,marketing,Sed quo nisi itaque.,5636.23,PED-52161
4918,2025-03-18,receita,Marketing,Sint aspernatur quas neque.,6734.91,PED-75561
4919,2024-07-18,receita,Receita,Maxime ratione autem aliquid.,-1219.98,
4920,2025-02-14,receita,Marketing,Cupiditate optio doloremque.,3733.93,
4921,2024-09-20,Despesa,Logística,Dolore et fuga.,-5056.75,PED-33714
4922,2025-02-04,Receita,RH,Temporibus aliquid impedit tempore vel.,6991.58,PED-27070
4923,2025-10-27,Despesa,marketing,Commodi aliquid molestiae iste veniam.,-4394.75,
4924,2025-05-17,Despesa,marketing,Esse sed fugit sit.,1642.91,
4925,2024-05-01,receita,Logística,Minus nobis magnam illo.,5024.98,PED-74237
4926,2024-10-26,Despesa,Marketing,Quam omnis quas est.,11374.24,PED-23973
4927,2024-11-23,Receita,Marketing,Vero suscipit exercitationem voluptate corrupti.,7588.76,PED-30658
4928,2024-04-17,Receita,Logística,Hic quae architecto.,-2635.9,PED-82415
4929,2025-11-20,Despesa,Tecnologia,Hic eaque quidem.,-3346.22,
4930,2026-01-17,Receita,RH,Similique voluptates mollitia occaecati ducimus.,11107.08,
4931,2024-04-21,Despesa,marketing,Ipsam ipsum.,-4256.39,PED-33616
4932,2025-10-27,Despesa,Tecnologia,Officiis maiores enim.,-7721.72,
4933,2024-08-13,Despesa,RH,Quam quas at mollitia.,-2627.25,
4934,2025-09-02,receita,Tecnologia,Dolorem repudiandae impedit dolore doloribus.,-7494.53,PED-19365
4935,2024-05-18,receita,Marketing,Autem aut culpa dignissimos assumenda.,10431.82,PED-20536
4936,2025-07-04,Receita,RH,Tenetur ex nihil cumque.,9741.88,PED-15156
4937,2024-02-28,Despesa,Marketing,Quisquam tempore vel.,10827.25,
4938,2025-09-29,Receita,marketing,Architecto repellendus eaque.,265.38,
4939,2024-02-21,receita,Logística,Sint voluptatum hic sequi cupiditate.,-465.3,
4940,2025-01-16,receita,marketing,In mollitia modi.,3264.03,PED-68143
4941,2025-02-04,Receita,Tecnologia,Tempora voluptates labore nesciunt.,-7893.41,
4942,2024-10-11,Despesa,RH,Consectetur atque ut asperiores ipsam.,7124.64,PED-52611
4943,2025-09-04,Receita,marketing,Quae velit.,9619.53,PED-90711
4944,2025-08-24,Receita,Receita,Ducimus eius voluptate neque.,4072.46,
4945,2025-07-06,Receita,RH,Reprehenderit optio iusto.,6014.29,
4946,2025-01-12,Despesa,Marketing,Placeat unde magni.,-4798.69,
4947,2025-09-14,receita,marketing,Ex ipsam ipsa rerum.,-1038.77,PED-16259
4948,2025-10-31,Despesa,RH,Dolorem praesentium placeat ea tempore.,-6810.01,PED-66419
4949,2025-01-07,receita,RH,Neque tempora magnam eos.,4917.63,PED-32497
4950,2024-03-24,Receita,Tecnologia,Dignissimos sit.,4890.43,
4951,2024-05-11,Despesa,RH,Vero nostrum.,-2704.5,PED-92129
4952,2024-02-18,Receita,RH,Omnis ullam.,6455.72,PED-76278
4953,2024-11-26,receita,Marketing,Id fugit.,373.92,PED-74901
4954,2025-01-18,receita,Marketing,Quos maxime facilis delectus.,-4607.08,
4955,2025-04-27,Despesa,Receita,Aspernatur suscipit sequi.,10447.32,
4956,2025-03-26,Despesa,Marketing,A soluta accusamus.,-4681.92,PED-20191
4957,2024-03-13,receita,marketing,Facilis voluptas consequuntur.,4393.93,PED-46633
4958,2025-08-19,Despesa,Tecnologia,Cupiditate incidunt soluta labore.,10277.39,
4959,2024-06-06,Receita,marketing,Inventore commodi.,-1030.08,
4960,2024-07-28,Receita,marketing,Eius blanditiis.,-7868.79,
4961,2025-03-21,receita,Marketing,Sequi vero molestias.,-7185.26,PED-59052
4962,2025-01-06,receita,Marketing,Ab accusamus totam.,-5729.56,PED-39654
4963,2025-07-10,receita,Logística,A illum.,7924.29,
4964,2025-10-06,Receita,RH,Autem facilis praesentium est.,3617.91,PED-82664
4965,2024-03-20,Despesa,marketing,Accusantium eveniet.,4475.63,
4966,2024-02-16,Receita,Logística,Quaerat cumque dolorem.,8996.04,
4967,2025-07-13,Despesa,RH,Cumque odio alias.,-5354.75,
4968,2025-04-15,receita,Tecnologia,Ipsa quas.,6932.42,
4969,2024-09-12,Receita,marketing,Nulla tempore totam recusandae quia.,8633.07,PED-45319
4970,2025-05-08,Receita,marketing,Officiis magnam quidem cum assumenda.,9594.08,PED-17540
4971,2024-02-27,receita,Tecnologia,Ab facere provident iusto.,-143.56,
4972,2025-07-14,Receita,Marketing,Laudantium unde facere soluta sapiente.,-5147.14,PED-75065
4973,2024-03-22,Receita,Marketing,Tempore labore.,1622.44,PED-50499
4974,2024-11-19,receita,marketing,Consequatur excepturi deserunt.,-6688.67,PED-11951
4975,2024-11-22,Receita,Tecnologia,Facere ipsum delectus repellendus.,7497.48,
4976,2024-12-02,Despesa,marketing,Id quaerat sunt.,10033.74,
4977,2024-06-18,Despesa,marketing,Ipsam dolorem sequi.,-4383.77,
4978,2024-12-16,Despesa,marketing,Culpa repellat expedita corporis.,-6002.51,
4979,2024-03-30,Despesa,RH,At excepturi.,-5437.82,PED-65515
4980,2025-01-16,receita,Logística,Ex ab eveniet.,-4977.1,PED-76675
4981,2024-02-17,receita,RH,Laboriosam sed cumque.,-5942.29,
4982,2024-05-15,Despesa,RH,Ipsum et vero corrupti.,-5590.69,
4983,2025-11-03,Receita,Tecnologia,Tenetur voluptate unde sed neque.,3861.83,PED-96487
4984,2024-07-05,receita,marketing,Odio explicabo exercitationem.,-2590.36,
4985,2024-08-19,Despesa,Marketing,Deleniti dolores.,-6744.11,PED-40182
4986,2024-08-26,receita,Marketing,Vitae tempora nihil.,-1644.1,
4987,2025-03-11,Despesa,marketing,Cumque pariatur laborum necessitatibus velit.,-5992.65,
4988,2025-09-17,receita,marketing,Aut asperiores.,5323.81,PED-16470
4989,2025-03-14,receita,Tecnologia,Perspiciatis adipisci blanditiis unde.,1219.91,PED-28305
4990,2025-06-11,receita,Tecnologia,Occaecati vel sed enim.,11476.5,PED-59068
4991,2024-08-29,Receita,marketing,Rerum quam aperiam vitae.,11414.96,
4992,2024-06-08,Despesa,Logística,Similique omnis quos voluptatum.,4565.65,PED-98526
4993,2024-10-31,Despesa,Tecnologia,Error molestiae laborum nam error.,7824.34,
4994,2025-08-16,Despesa,Marketing,Modi deleniti possimus.,-1949.78,PED-81136
4995,2025-03-20,receita,Marketing,In iure.,628.44,PED-93105
4996,2024-09-15,Despesa,marketing,Earum in fugiat expedita nam.,11232.85,
4997,2025-01-27,Despesa,Tecnologia,Sit quia molestiae.,11723.55,PED-66360
4998,2025-11-10,Receita,Logística,Alias ex fuga totam maiores.,9452.14,
4999,2025-08-11,receita,RH,Animi ex.,6328.23,PED-97230
5000,2024-05-19,receita,Logística,Iure architecto inventore.,-6853.4,PED-78126
5001,2024-11-16,Despesa,Tecnologia,Aliquid itaque repellendus.,7712.2,
5002,2025-02-27,Despesa,Tecnologia,Voluptatum possimus neque.,-4564.08,PED-52026
5003,2024-08-04,Despesa,RH,Occaecati impedit impedit.,-5300.49,
5004,2025-06-06,Despesa,Tecnologia,Voluptates vero necessitatibus dolore odit.,-2677.49,
5005,2025-09-04,Despesa,Tecnologia,Magnam dicta tempore.,7578.37,PED-57502
5006,2025-05-19,Receita,Receita,Quidem excepturi odio vel molestiae.,9497.92,
5007,2024-08-17,Despesa,RH,Explicabo ducimus hic.,-4624.54,
5008,2025-12-11,Receita,Logística,Sequi esse asperiores aspernatur.,-7827.54,
5009,2024-04-14,receita,Receita,Exercitationem quam.,7916.29,PED-93313
5010,2025-04-26,Receita,Logística,Quis eligendi maiores ut.,944.44,PED-82413
5011,2025-03-22,Receita,Tecnologia,Cum odio minus aspernatur.,7209.58,
5012,2025-06-15,Receita,marketing,Tempora asperiores assumenda.,7858.38,PED-42202
5013,2024-11-10,Receita,Logística,Ducimus tempora aspernatur fugiat.,3394.63,
5014,2024-03-07,Receita,Tecnologia,Labore similique maiores commodi.,6043.31,PED-64723
5015,2025-07-08,Receita,Receita,Incidunt nemo.,867.68,PED-27613
5016,2024-12-10,receita,Marketing,Voluptatibus minus.,-2754.48,
5017,2025-05-30,Despesa,Logística,Dolores incidunt.,606.17,
5018,2025-05-25,receita,Logística,Iste adipisci aliquid.,4940.32,
5019,2025-10-14,Despesa,Marketing,Iste enim minima.,-7001.95,
5020,2025-03-21,Receita,Logística,Consequuntur consectetur nostrum.,7260.31,
5021,2024-06-29,Receita,marketing,Animi perspiciatis cupiditate.,-2042.43,
5022,2025-02-26,Receita,Tecnologia,Consequuntur deleniti hic.,-3556.14,
5023,2026-02-03,receita,Marketing,Consequuntur in dolorem enim pariatur.,10635.28,PED-28817
5024,2024-10-24,receita,Receita,Iure impedit ut minima.,-7254.56,PED-62425
5025,2024-11-30,receita,Marketing,Itaque aspernatur sit.,10469.38,
5026,2024-02-27,receita,RH,Debitis a nam occaecati.,9406.17,PED-61238
5027,2024-03-18,Receita,Receita,Magni reiciendis delectus alias.,2514.43,
5028,2026-01-31,Receita,Tecnologia,Non reiciendis quis.,-1488.71,
5029,2024-10-10,Receita,Logística,Excepturi exercitationem beatae aperiam.,473.19,PED-68286
5030,2024-07-18,Despesa,marketing,Quidem nihil culpa odio.,9147.79,
5031,2024-07-28,Receita,marketing,Ipsum eveniet.,7730.01,
5032,2025-11-21,Despesa,Tecnologia,Deleniti commodi eius ratione ea.,-2820.5,PED-22209
5033,2024-07-14,receita,marketing,Quia tenetur accusantium.,10773.82,PED-22994
5034,2024-10-22,receita,Logística,Nobis perspiciatis dolorum.,9998.56,
5035,2025-10-01,Despesa,marketing,Nulla reiciendis.,1195.33,PED-70807
5036,2024-06-04,Despesa,RH,Aspernatur autem architecto facere voluptatum.,2467.18,PED-72470
5037,2025-03-21,Receita,RH,Architecto tenetur nulla numquam.,9173.06,PED-37319
5038,2024-11-25,Despesa,Logística,Debitis consequatur veniam.,-4398.79,PED-15898
5039,2026-01-12,receita,Marketing,Deserunt dicta nisi.,1467.63,
5040,2025-02-23,Despesa,Tecnologia,Animi minima vel.,827.61,PED-21343
5041,2025-06-20,Despesa,Tecnologia,Enim autem quas aut.,3292.64,PED-32601
5042,2024-09-26,Despesa,marketing,Laudantium accusamus.,-7176.47,PED-32111
5043,2025-11-01,Despesa,marketing,Iure officia sunt.,905.93,PED-44944
5044,2026-01-29,Receita,RH,Facilis repellat.,-4635.63,PED-45214
5045,2025-12-08,receita,Logística,Aliquid accusantium.,7922.61,PED-75664
5046,2024-07-29,Despesa,Logística,Provident at sequi commodi.,972.71,
5047,2024-07-28,receita,Logística,Suscipit ea suscipit.,7454.22,
5048,2025-02-01,receita,marketing,Quibusdam nobis.,360.43,
5049,2024-09-06,receita,Receita,Veniam reiciendis modi amet.,1352.21,PED-35933
5050,2024-10-11,Despesa,Receita,Commodi culpa quia.,-2675.59,
5051,2024-03-26,Receita,Tecnologia,Dolor doloribus quod blanditiis.,-1221.93,PED-75648
5052,2025-08-25,Despesa,Logística,Dignissimos minus blanditiis.,1634.18,
5053,2024-04-14,Receita,RH,Harum inventore voluptatibus nemo voluptatum.,6522.26,PED-40730
5054,2024-09-09,Despesa,Tecnologia,Est asperiores ipsa.,-7679.93,
5055,2024-06-19,receita,Tecnologia,Possimus eligendi molestiae ducimus.,-6446.95,PED-98075
5056,2024-10-23,Receita,Logística,Impedit nostrum omnis.,1774.58,PED-94874
5057,2024-06-13,Despesa,Marketing,Reprehenderit numquam nemo ducimus.,-2128.0,PED-69717
5058,2024-10-09,receita,marketing,Alias iusto soluta.,1140.73,PED-61928
5059,2025-03-13,Receita,Tecnologia,Quasi voluptate.,7048.84,PED-95436
5060,2024-05-16,receita,Logística,Ut accusantium quas aperiam.,9921.95,
5061,2024-09-04,Despesa,RH,Placeat voluptas quaerat accusamus.,7100.37,
5062,2024-11-18,receita,Receita,Deserunt harum perspiciatis non dolores.,-2061.31,PED-21420
5063,2025-04-03,Despesa,Receita,Id repudiandae asperiores fugiat eius.,4178.58,
5064,2025-09-22,Receita,RH,Voluptatibus corporis.,1507.56,
5065,2024-09-16,Receita,Tecnologia,Nemo iste maiores porro similique.,-1838.69,PED-15375
5066,2025-08-10,Despesa,Tecnologia,Consequuntur blanditiis dignissimos exercitationem.,-298.83,
5067,2025-01-13,receita,RH,Blanditiis aliquid quibusdam.,7057.98,
5068,2024-07-09,receita,Marketing,Nam velit sint provident rerum.,-3442.13,PED-42503
5069,2024-10-03,receita,RH,Ipsa iste totam reiciendis vel.,3842.8,
5070,2025-10-08,Receita,RH,Atque in totam.,1660.94,
5071,2025-10-11,Receita,RH,Occaecati accusantium debitis doloremque.,1420.06,
5072,2025-12-24,Receita,Receita,Odio explicabo.,-4331.8,PED-63780
5073,2026-01-05,Despesa,Receita,Accusamus porro eveniet ea.,-2375.81,
5074,2025-04-30,Despesa,RH,Impedit repudiandae voluptate quis sunt.,2161.7,PED-76462
5075,2025-09-26,receita,marketing,Quibusdam eligendi earum quisquam rem.,2047.63,
5076,2025-01-20,receita,RH,Velit sint a rem.,7028.6,PED-85057
5077,2025-05-12,Receita,Logística,Rem beatae sequi.,5594.75,PED-32172
5078,2025-04-04,receita,Marketing,Iusto quis mollitia.,6837.82,PED-51276
5079,2025-10-22,Receita,Receita,A iste voluptatem iste corrupti.,4736.01,
5080,2024-08-02,Receita,Marketing,Eaque esse.,5889.39,PED-17691
5081,2025-08-01,Despesa,Tecnologia,Quae inventore voluptatum magni aperiam.,451.75,PED-20190
5082,2024-10-01,Despesa,Receita,Dignissimos magni.,855.64,PED-63363
5083,2025-04-19,Receita,marketing,In sunt minima velit.,8778.72,PED-19139
5084,2026-01-05,Receita,Tecnologia,Corporis consequatur.,10618.65,
5085,2025-01-04,receita,marketing,Deleniti nam repellendus temporibus sequi.,10870.11,
5086,2024-05-31,Despesa,Tecnologia,Asperiores soluta dicta.,-6398.16,
5087,2024-09-13,receita,Marketing,Quia ullam et debitis reprehenderit.,3237.05,PED-64877
5088,2024-10-12,Receita,marketing,Id iure tempore.,1273.01,
5089,2024-04-13,Despesa,RH,Iure similique quidem.,8447.17,PED-50365
5090,2024-12-19,Receita,RH,Quam tenetur voluptatum blanditiis.,3746.25,
5091,2024-10-22,Receita,Receita,Maiores exercitationem corrupti accusantium.,5909.12,
5092,2025-06-05,Receita,Receita,Temporibus iste ex quos sint.,7421.65,PED-52838
5093,2025-01-12,Despesa,Receita,Est beatae soluta adipisci rem.,4030.08,
5094,2024-09-13,receita,Logística,Aliquam quisquam libero doloribus.,7501.75,PED-90018
5095,2025-11-11,receita,Marketing,Velit suscipit molestias laboriosam voluptatum.,11877.68,
5096,2025-03-24,Receita,Tecnologia,Iusto in.,-1200.43,PED-80596
5097,2026-01-03,Receita,Marketing,Repellendus iure.,-642.71,
5098,2024-08-24,receita,marketing,Corporis ad minus.,3228.22,PED-77191
5099,2025-10-05,Despesa,marketing,Doloribus enim sit.,8234.46,
5100,2025-09-04,receita,Receita,Iusto sunt quidem.,2775.54,PED-64301
5101,2024-02-09,Despesa,Marketing,Sit magnam nesciunt.,-272.71,PED-59401
5102,2024-05-21,Despesa,marketing,Fugit soluta dolores ad.,5556.02,
5103,2025-06-26,Receita,RH,Iusto officia repellendus vitae.,5009.83,
5104,2025-03-20,Despesa,Tecnologia,Maxime cum nam exercitationem corrupti.,-6136.93,
5105,2024-07-18,receita,Marketing,Eum alias.,-5711.25,
5106,2025-11-14,receita,Receita,Pariatur maiores dicta quod.,-2033.12,
5107,2025-02-20,Receita,Marketing,Qui asperiores numquam.,2263.55,
5108,2025-07-12,Despesa,Receita,Totam accusantium dolore.,9965.08,PED-18597
5109,2024-05-29,Receita,RH,Magni aspernatur sint.,-4995.55,PED-31706
5110,2024-07-21,Despesa,marketing,Ipsam atque.,5025.64,PED-48795
5111,2024-10-30,Despesa,Logística,Cupiditate necessitatibus.,7045.32,
5112,2025-06-08,receita,marketing,Eos possimus rerum repellat.,2326.8,PED-96477
5113,2025-07-31,Despesa,marketing,Ratione mollitia assumenda.,4831.72,PED-71201
5114,2025-05-27,Receita,Marketing,Possimus commodi deleniti esse.,378.97,PED-10286
5115,2024-08-01,Despesa,Receita,Consectetur veritatis delectus corporis.,-5753.33,PED-88622
5116,2024-02-13,Receita,marketing,Vitae est cupiditate incidunt.,7996.18,PED-63234
5117,2024-07-11,Receita,Marketing,Soluta impedit nisi quidem culpa.,3149.39,
5118,2025-07-16,Receita,marketing,Eveniet incidunt consequuntur excepturi.,4498.01,
5119,2025-08-06,Despesa,marketing,Porro asperiores unde saepe.,11885.31,
5120,2024-11-01,Despesa,Logística,Dicta nesciunt quod iusto omnis.,-2387.78,PED-38618
5121,2025-02-05,Despesa,RH,Ea possimus labore blanditiis et.,4604.28,PED-34101
5122,2024-11-24,receita,Tecnologia,Ab distinctio at.,5609.34,
5123,2025-07-01,Receita,marketing,Illum inventore.,-7780.96,
5124,2024-05-15,receita,marketing,Animi aliquam necessitatibus.,5152.59,
5125,2025-01-12,receita,Tecnologia,Dolores perferendis.,-7628.65,
5126,2024-06-25,Receita,RH,Deserunt excepturi fugit.,-715.36,
5127,2024-02-17,Despesa,Logística,Atque voluptate vero.,3397.52,
5128,2026-01-25,Receita,Tecnologia,At qui atque officia eum.,-465.55,
5129,2025-09-21,Receita,Logística,Suscipit quibusdam tenetur quidem cum.,-3154.34,
5130,2025-07-29,Despesa,Logística,Unde ratione molestias.,-7159.43,
5131,2024-04-29,Despesa,RH,Facere harum dolor.,-2883.16,PED-20375
5132,2024-07-02,receita,Logística,Inventore modi quos quos ratione.,5593.39,PED-41859
5133,2024-08-27,Despesa,Logística,Quas praesentium.,8808.0,
5134,2025-08-10,Receita,Logística,Repellat aliquam.,9485.57,PED-84705
5135,2025-11-23,receita,marketing,Eaque autem.,2355.42,PED-46234
5136,2025-06-22,receita,marketing,Animi animi rerum quas nobis.,11981.25,
5137,2024-09-29,receita,Marketing,Repellendus incidunt vel dolorem.,-376.81,PED-70764
5138,2026-01-23,receita,Tecnologia,Corporis debitis nihil perspiciatis.,-6526.2,PED-58867
5139,2024-12-31,Despesa,RH,Magnam iste veritatis repellat illo.,11355.81,
5140,2025-01-16,Receita,Receita,Provident sed impedit.,-6990.05,
5141,2024-09-23,Despesa,Tecnologia,Qui repudiandae ipsum.,-260.97,PED-31729
5142,2025-01-30,Despesa,Tecnologia,Accusamus ullam adipisci.,-5423.78,PED-60309
5143,2025-10-17,receita,Marketing,At suscipit autem excepturi.,11329.97,PED-84605
5144,2024-02-11,Receita,marketing,Quaerat id.,9850.81,
5145,2025-10-30,Despesa,Receita,Veritatis libero autem sed.,4064.05,
5146,2024-04-05,Receita,Logística,Dolorem accusantium numquam tempore.,7029.91,PED-72581
5147,2024-06-04,Despesa,Tecnologia,Inventore magnam recusandae corrupti magni.,1279.83,PED-74937
5148,2025-08-09,Despesa,marketing,Tempora veritatis deserunt.,-556.62,
5149,2024-02-14,receita,Marketing,Expedita laboriosam quam molestiae.,-3058.82,
5150,2024-03-21,Receita,Tecnologia,Sequi quasi.,10950.54,
5151,2025-01-09,Receita,Logística,Ratione in molestias alias.,-3997.16,
5152,2025-05-04,Despesa,Marketing,Tempore placeat accusamus dolores suscipit.,-4904.84,PED-26522
5153,2024-10-30,Receita,Marketing,Quo dignissimos est.,-7911.62,PED-18716
5154,2025-09-29,receita,Marketing,Quis officia impedit praesentium.,5047.43,PED-96274
5155,2025-09-28,receita,marketing,Cumque cum repellendus.,8801.52,PED-18826
5156,2025-09-24,Despesa,Receita,Quae consectetur corrupti.,5226.7,PED-14424
5157,2025-10-17,Despesa,Tecnologia,Corrupti nobis beatae consectetur.,-6585.66,
5158,2025-04-07,Receita,marketing,Quibusdam aut molestiae sequi.,2331.72,PED-85354
5159,2024-06-17,receita,marketing,Expedita pariatur veniam.,10022.67,PED-81246
5160,2025-07-22,Receita,Marketing,Atque natus fugiat pariatur inventore.,3828.73,PED-80798
5161,2024-06-29,Despesa,Logística,Totam alias natus.,8656.47,PED-60298
5162,2025-06-28,Receita,Receita,Saepe aspernatur.,7718.09,PED-27751
5163,2025-08-11,Receita,Logística,Fugiat odit nam.,4421.69,
5164,2024-05-19,Receita,Tecnologia,Commodi possimus ut quis.,-4346.97,
5165,2024-10-03,Receita,Tecnologia,Praesentium qui error sit.,10649.76,PED-65918
5166,2025-09-24,Despesa,Marketing,Delectus fugit nam.,4447.71,PED-44212
5167,2024-11-06,Receita,Tecnologia,Nisi consequuntur quibusdam.,10803.3,
5168,2025-03-26,Despesa,Logística,Cumque quo.,45.96,
5169,2024-04-24,Receita,RH,Amet tempora tenetur facilis.,5177.64,
5170,2025-02-10,receita,Tecnologia,Mollitia occaecati ipsam.,169.82,PED-23173
5171,2024-09-04,Despesa,Logística,Libero odit consequatur.,11563.41,PED-30045
5172,2024-04-09,Receita,Logística,Ipsam sunt delectus.,-3041.82,PED-50285
5173,2025-02-18,receita,Marketing,Voluptate maiores provident.,6216.42,
5174,2025-04-20,Receita,Receita,Voluptatum ducimus ipsa occaecati doloremque.,-4116.58,PED-96569
5175,2024-06-23,receita,Marketing,Itaque cupiditate deserunt.,-7745.35,PED-75038
5176,2024-07-06,receita,marketing,Consequatur sunt asperiores unde.,4847.27,PED-19604
5177,2024-11-25,receita,Marketing,Iste debitis ipsum fugit.,-3484.89,
5178,2024-06-18,Receita,marketing,Explicabo quasi repudiandae eos.,5900.2,
5179,2024-08-23,Despesa,marketing,Sunt sequi illum.,2312.73,
5180,2026-01-01,receita,Marketing,Non natus numquam.,-4202.45,PED-34097
5181,2025-08-31,receita,Logística,Quod minus assumenda.,8932.57,
5182,2024-11-29,receita,RH,Illum ex labore hic veritatis.,625.04,PED-68186
5183,2024-09-14,Receita,marketing,Expedita autem.,-1695.74,
5184,2024-03-28,Despesa,RH,Explicabo eligendi.,270.78,
5185,2025-09-13,receita,Receita,Itaque quidem nesciunt voluptates.,-7317.68,PED-83054
5186,2024-10-17,Receita,RH,Sit debitis deleniti.,5901.53,
5187,2024-05-19,Despesa,Tecnologia,Qui officia illum.,-1057.73,PED-45125
5188,2024-05-31,receita,marketing,Suscipit eius nam.,11432.01,
5189,2025-03-09,Despesa,Logística,Atque sapiente quia officiis.,2177.67,PED-55129
5190,2024-07-30,Despesa,Receita,Illum quam.,-6418.93,PED-22509
5191,2026-01-17,receita,Logística,Dignissimos praesentium.,-2575.03,PED-91153
5192,2025-06-04,Despesa,Logística,Unde expedita maxime.,-3022.47,
5193,2025-09-26,receita,Marketing,Eligendi officia maxime ex.,4932.25,
5194,2025-09-26,Receita,Logística,Vitae explicabo voluptatibus.,-7773.84,
5195,2025-10-28,Despesa,Logística,Eius facere fuga iure assumenda.,-1621.34,
5196,2025-09-13,Despesa,Logística,Delectus at quam quas ipsum.,11694.24,
5197,2024-02-12,Receita,Marketing,Quibusdam veritatis beatae placeat.,8085.44,
5198,2025-02-23,Despesa,RH,Qui quaerat error eligendi quos.,-126.88,
5199,2025-12-16,Receita,Tecnologia,Eaque officiis repellat.,-565.07,PED-81301
5200,2025-03-23,Despesa,Logística,Ipsa porro tempora fugit.,4566.84,PED-12757
5201,2024-08-05,Despesa,Tecnologia,Ratione quo ut facere.,-7751.05,PED-61346
5202,2025-11-28,Receita,Tecnologia,Optio numquam tempore.,5956.29,PED-21867
5203,2024-11-21,receita,Receita,Soluta harum voluptate magnam eligendi.,746.59,
5204,2024-12-13,Receita,Receita,Corrupti impedit veritatis vel.,-3265.4,
5205,2024-03-18,Receita,Marketing,Quis assumenda sunt.,10650.81,PED-89285
5206,2025-12-13,receita,Logística,Veritatis aliquid vel.,9000.08,
5207,2024-08-03,receita,RH,Quae quis delectus fugit aliquam.,-7148.57,PED-89314
5208,2025-03-20,Receita,Tecnologia,Beatae error magni.,-4636.25,
5209,2025-12-14,Despesa,Receita,Porro dolorum doloremque.,4302.67,PED-80890
5210,2024-03-20,Receita,Marketing,Labore dicta voluptate.,-6162.49,
5211,2025-05-06,receita,RH,Illum harum perferendis.,-5994.8,PED-53946
5212,2025-08-22,Despesa,Logística,Quas in eius.,3217.54,
5213,2024-08-05,receita,marketing,Esse quibusdam.,-4270.59,
5214,2024-06-04,Despesa,Receita,Non asperiores aliquid.,65.56,PED-48701
5215,2024-03-15,Despesa,Receita,Dignissimos illo.,11755.77,
5216,2025-11-24,receita,marketing,Inventore alias.,4012.39,
5217,2025-08-15,receita,RH,Labore quisquam.,11039.46,PED-57626
5218,2024-11-27,receita,RH,Qui asperiores nemo iusto.,6528.19,
5219,2025-02-07,Despesa,marketing,Provident explicabo earum vitae.,-6401.43,PED-18326
5220,2024-11-04,receita,Receita,Voluptas soluta similique.,-6531.43,PED-90948
5221,2025-08-15,Despesa,marketing,Itaque reprehenderit error.,3531.58,PED-65210
5222,2025-05-07,receita,RH,Fuga autem cupiditate fuga.,-5354.59,
5223,2025-06-02,Receita,Logística,Minus mollitia.,6062.46,PED-85526
5224,2024-12-03,Receita,Logística,Excepturi odio iure repellendus quo.,-3358.22,
5225,2025-01-26,Despesa,RH,Magni sunt eius.,-6526.55,PED-80073
5226,2024-11-04,Receita,marketing,Officiis quo ab veritatis.,-520.59,PED-82813
5227,2024-05-01,Receita,marketing,Facere odit ducimus.,10136.99,PED-77755
5228,2024-04-15,Receita,Logística,Quos expedita facilis ipsum distinctio.,10562.53,PED-16793
5229,2024-10-24,Receita,Marketing,Voluptate quia aut labore.,-75.47,PED-41287
5230,2025-03-07,Receita,Logística,Quis nobis debitis mollitia laborum.,-7119.66,
5231,2026-01-01,Despesa,Receita,Asperiores at esse impedit.,578.7,
5232,2025-06-27,Receita,marketing,Odit eaque sed.,3732.83,
5233,2024-12-13,Receita,Marketing,Autem repellat temporibus animi.,8109.88,
5234,2025-03-10,Receita,Logística,Minima nisi.,-5294.89,PED-89732
5235,2025-06-20,receita,marketing,Fugiat veritatis.,5771.19,PED-70302
5236,2024-08-24,Despesa,RH,Vitae nulla optio atque eum.,5922.28,
5237,2025-06-14,Receita,Tecnologia,Quisquam nostrum.,4985.35,PED-34467
5238,2025-07-17,Receita,Marketing,Dignissimos officia deserunt necessitatibus.,4465.62,PED-79919
5239,2025-06-05,Receita,marketing,Facilis harum.,9260.8,PED-70747
5240,2025-08-31,receita,Logística,Pariatur itaque ullam.,5231.72,PED-43788
5241,2025-07-14,Despesa,Tecnologia,Voluptates aliquam.,11036.39,PED-15746
5242,2025-05-11,receita,Receita,Minus quaerat eos enim.,3136.74,PED-89295
5243,2025-09-08,Despesa,Logística,Quas labore ex quis.,10514.58,
5244,2024-11-07,Receita,Tecnologia,Laborum quo ducimus.,-7674.2,
5245,2024-12-26,Despesa,Tecnologia,Reprehenderit praesentium.,3904.86,PED-55594
5246,2024-11-29,Despesa,marketing,Nulla voluptate rerum.,-2332.13,PED-47092
5247,2025-10-31,receita,RH,Esse consectetur dolorem tenetur.,-4861.99,PED-32003
5248,2025-11-21,Receita,Marketing,Consequatur ratione.,1866.47,
5249,2025-04-17,receita,Receita,Tempora aspernatur pariatur.,148.02,
5250,2024-06-09,receita,Marketing,Earum architecto.,8217.2,PED-28289
5251,2025-06-11,Despesa,RH,Porro quasi ad sunt.,-7390.33,PED-11374
5252,2025-01-18,receita,Receita,Natus animi tempora magnam ipsa.,-4914.73,PED-65259
5253,2024-03-23,Receita,marketing,Tenetur magni ullam.,-4065.19,PED-18242
5254,2025-06-17,Despesa,Logística,Occaecati laboriosam.,-7456.54,
5255,2024-07-06,Despesa,Marketing,Dolorum omnis.,-6642.97,
5256,2024-10-12,receita,RH,Assumenda tempora nihil quas.,8179.27,PED-51423
5257,2025-07-01,Receita,Logística,Quibusdam nulla voluptas enim.,2531.19,
5258,2025-03-21,receita,marketing,Nobis omnis fugit voluptates.,-4415.15,
5259,2025-02-13,Receita,marketing,Ex tenetur perspiciatis voluptates distinctio.,3814.61,PED-50316
5260,2024-02-28,Despesa,Logística,Velit temporibus cumque porro.,-6867.71,PED-59201
5261,2025-01-12,Despesa,Receita,Amet velit repellendus.,-692.66,PED-22723
5262,2025-07-27,Despesa,RH,Recusandae suscipit eligendi odio.,3670.49,PED-51853
5263,2024-06-19,Receita,Tecnologia,Cupiditate cumque totam mollitia.,10671.52,PED-20479
5264,2024-04-14,receita,Receita,Voluptas dolores tenetur.,10734.59,
5265,2025-12-19,receita,Logística,Non nesciunt.,-233.13,
5266,2025-09-05,Receita,Logística,Facilis nulla velit esse.,6269.66,PED-74867
5267,2025-10-25,Despesa,Receita,Id dignissimos facilis excepturi modi.,3191.32,
5268,2025-02-10,receita,Receita,Ipsum ratione.,1374.15,
5269,2025-12-21,Despesa,Receita,Autem ut repellat dolor.,1565.37,
5270,2025-09-13,Despesa,Logística,Unde amet consequatur.,-3112.79,
5271,2024-05-17,Despesa,marketing,Nemo ab provident ratione.,-4721.15,PED-89098
5272,2024-08-27,receita,RH,Minima deleniti molestiae perferendis.,-3162.09,
5273,2024-04-03,Despesa,Receita,Id vel unde.,4074.09,
5274,2025-08-10,Despesa,marketing,Quis vitae ex.,-3793.33,PED-63067
5275,2024-03-11,receita,Marketing,Nam praesentium nobis.,-4279.13,
5276,2025-03-25,receita,marketing,Ducimus quidem eveniet corporis.,7261.73,PED-61745
5277,2026-01-17,receita,Tecnologia,Sequi cupiditate voluptatibus asperiores.,9189.32,
5278,2025-10-18,receita,marketing,Molestias itaque.,785.92,
5279,2025-07-10,Receita,Receita,Nesciunt atque modi officia.,2698.35,
5280,2024-10-31,Receita,marketing,Ut dolorem quo quibusdam.,-3234.03,
5281,2024-11-28,Despesa,Marketing,Ullam illo laboriosam nisi.,-2972.76,
5282,2024-08-17,receita,Tecnologia,Aliquam impedit dignissimos eveniet.,-4222.02,PED-32962
5283,2024-09-07,receita,marketing,At odio sapiente.,-3751.64,PED-48918
5284,2025-12-10,Despesa,Marketing,Aperiam quaerat laboriosam.,4093.0,
5285,2025-03-14,Despesa,Marketing,Reiciendis qui vel accusantium.,7993.91,PED-73343
5286,2024-07-21,receita,Marketing,Iure eveniet debitis.,-1434.89,PED-45222
5287,2025-07-12,Receita,RH,Ratione nobis aliquam corrupti.,-6848.42,PED-68007
5288,2024-11-29,receita,Tecnologia,Veritatis repellendus vero.,5794.52,
5289,2024-03-14,Receita,Tecnologia,Magnam ut recusandae.,11187.97,
5290,2025-07-28,Receita,Receita,Labore cupiditate ea quibusdam corrupti.,8646.77,
5291,2025-11-01,Receita,Receita,Unde deserunt.,-4905.49,
5292,2024-03-09,Receita,RH,Quidem aut.,988.01,
5293,2025-12-18,Receita,Marketing,Dolor consequatur ea quas adipisci.,283.35,
5294,2025-11-25,receita,RH,Pariatur voluptates tempora consequatur.,10571.6,
5295,2025-09-30,receita,Marketing,Omnis quia et magnam.,-3853.29,
5296,2024-10-09,Receita,RH,Molestiae voluptatum nemo aspernatur quis.,7951.41,PED-53916
5297,2024-04-23,Receita,Tecnologia,Quasi voluptas sequi iusto.,2068.47,
5298,2024-04-10,Despesa,Logística,Mollitia praesentium atque.,-6303.71,PED-14927
5299,2024-03-23,Despesa,Logística,Eaque eveniet quia.,6558.49,PED-27337
5300,2024-12-30,receita,Marketing,Neque doloremque harum doloremque.,5507.95,PED-66928
5301,2024-09-05,receita,Tecnologia,Perspiciatis perferendis facilis.,-4659.91,PED-69433
5302,2024-05-23,Receita,Logística,Soluta exercitationem qui eligendi pariatur.,3383.49,PED-10317
5303,2025-06-07,Receita,Marketing,Iusto rerum aliquid beatae voluptatum.,8855.39,PED-42127
5304,2025-08-10,Receita,Tecnologia,Nostrum necessitatibus.,5247.19,PED-56770
5305,2024-06-13,receita,RH,Quo repellat hic sapiente.,6578.57,PED-47057
5306,2024-08-30,receita,Logística,Quia doloremque placeat officia.,3900.25,
5307,2025-09-22,Receita,Tecnologia,Nesciunt ipsum facilis.,10506.23,PED-86949
5308,2024-12-08,Despesa,Tecnologia,Itaque voluptatum eveniet.,8772.86,
5309,2025-02-28,receita,Tecnologia,Accusamus nostrum architecto magni.,10277.9,PED-76333
5310,2024-12-14,Receita,Tecnologia,Porro ipsa aspernatur.,6801.86,PED-51286
5311,2024-06-12,Receita,Logística,Vel quidem nobis distinctio ex.,3944.31,
5312,2025-01-09,Receita,RH,Culpa fuga.,7501.55,PED-67215
5313,2024-09-11,Receita,marketing,Placeat quos iusto sed officia.,-5364.24,PED-39154
5314,2025-11-12,receita,Marketing,Recusandae aut voluptatibus aspernatur.,-5384.75,
5315,2024-07-14,Despesa,Marketing,Ab totam itaque qui.,-1409.11,PED-47790
5316,2025-02-24,Receita,Logística,Voluptates debitis distinctio sed.,-7674.33,
5317,2024-04-09,Despesa,RH,Dolorem libero molestiae.,738.75,
5318,2025-10-22,Receita,Tecnologia,Unde veritatis itaque.,11443.38,PED-49870
5319,2024-05-17,receita,marketing,Recusandae rerum.,8534.22,
5320,2024-12-01,receita,RH,Eum libero.,6302.65,PED-76062
5321,2025-12-31,Receita,Tecnologia,Accusantium numquam.,7487.02,
5322,2024-02-05,Receita,marketing,Laboriosam iusto.,1005.02,PED-94274
5323,2024-08-24,Receita,Logística,Quis numquam quam voluptatum.,5145.29,
5324,2025-08-12,receita,Tecnologia,Voluptas unde dolorem.,-7010.48,
5325,2025-10-08,Despesa,Receita,Tempore voluptatum veritatis voluptates.,-2891.64,PED-94205
5326,2025-05-22,receita,Logística,Tenetur alias ad.,1350.77,PED-85360
5327,2024-05-25,receita,Marketing,Animi provident atque voluptatibus.,7060.77,PED-52541
5328,2024-10-20,Despesa,RH,At nostrum corporis accusantium.,4470.64,PED-84366
5329,2024-12-08,Receita,Receita,Cumque tenetur maiores mollitia.,2831.53,PED-10485
5330,2024-10-16,Receita,marketing,Iusto dolorem exercitationem qui cumque.,-100.57,
5331,2024-02-26,Despesa,Marketing,Dignissimos nemo deserunt.,3478.6,PED-28442
5332,2025-01-21,Receita,RH,Cupiditate optio aliquid.,15.52,
5333,2025-04-13,receita,Logística,Culpa sint assumenda.,-873.43,PED-51766
5334,2024-03-18,Despesa,Tecnologia,Maxime nisi dolorum.,127.04,PED-46409
5335,2024-07-26,receita,Receita,Aliquam tempora aliquam.,10535.78,PED-62244
5336,2024-09-18,receita,Logística,Qui quia iste iusto.,9769.35,
5337,2025-12-11,Receita,Logística,Architecto quibusdam voluptatum veritatis.,1405.21,
5338,2026-01-02,Receita,Marketing,Ut quo.,-271.7,PED-68511
5339,2025-03-31,Despesa,RH,Sequi ratione.,8167.13,PED-27405
5340,2024-02-27,Despesa,Marketing,Quia sunt cumque a asperiores.,-851.73,PED-64358
5341,2025-06-03,receita,Logística,Nesciunt vero aspernatur iusto magni.,-1498.08,
5342,2025-12-31,receita,Logística,Rerum quasi.,-2799.76,PED-77147
5343,2025-09-04,receita,Marketing,Voluptatum cupiditate.,-5125.59,
5344,2024-12-29,Despesa,RH,Exercitationem rem dolor veritatis.,10242.99,
5345,2025-08-18,Despesa,marketing,Tempora et autem sapiente hic.,8729.95,
5346,2024-08-06,Despesa,Marketing,Cum fugit laudantium.,1052.71,PED-42132
5347,2025-01-21,Receita,Marketing,Hic pariatur eaque odio.,9637.94,PED-49098
5348,2024-04-16,Receita,marketing,Quos voluptatum fuga eaque quam.,2253.89,
5349,2025-12-26,Receita,Marketing,Tempore saepe quos.,7946.27,
5350,2025-07-27,Despesa,Tecnologia,Vero facilis quasi modi soluta.,6717.69,
5351,2025-08-18,Despesa,Logística,At dignissimos culpa.,6934.15,PED-37864
5352,2024-06-13,Despesa,Tecnologia,Earum odio earum.,-7757.68,
5353,2025-06-14,Despesa,RH,Incidunt amet blanditiis.,3927.53,PED-85478
5354,2024-03-29,Receita,Logística,Aut vero dolorum laboriosam.,-1267.29,PED-30035
5355,2024-02-07,Receita,marketing,Quas suscipit voluptates magnam fuga.,-748.43,PED-89874
5356,2024-06-17,Despesa,Marketing,Reprehenderit dicta doloribus similique.,-2023.52,PED-15536
5357,2024-04-19,Receita,Logística,Impedit ex aspernatur deleniti.,7070.22,PED-59498
5358,2025-02-23,receita,Tecnologia,Rerum soluta impedit voluptatibus quia.,11473.65,PED-11856
5359,2025-09-06,receita,Receita,Temporibus iusto veniam cum.,4783.17,PED-39199
5360,2024-07-26,Despesa,Marketing,Aliquam similique distinctio fugiat.,9765.42,
5361,2024-03-16,Receita,Receita,Tempore aperiam debitis excepturi itaque.,11651.82,
5362,2024-08-24,Despesa,Tecnologia,Labore eaque neque.,-2980.51,
5363,2024-08-11,Receita,Marketing,Nulla voluptas aliquam repellat.,-924.52,
5364,2025-04-22,receita,Tecnologia,Enim reprehenderit quidem tempora tenetur.,-2392.67,PED-12301
5365,2025-09-17,Receita,Logística,Dolores molestiae perferendis velit.,-4928.7,
5366,2025-04-26,Despesa,Receita,Voluptatem eaque sit eius ea.,800.37,PED-70271
5367,2025-01-16,receita,Tecnologia,Provident nam.,735.73,PED-57523
5368,2024-11-01,Receita,Receita,Dolorum sequi mollitia.,-1824.75,PED-77303
5369,2024-08-10,Despesa,Logística,Occaecati labore qui.,11868.6,
5370,2024-06-13,Receita,Marketing,Facere minus voluptatibus architecto.,2017.21,PED-26926
5371,2025-07-04,Despesa,Tecnologia,Eligendi illum iste.,9475.84,PED-77410
5372,2025-09-27,Receita,Tecnologia,Recusandae sit accusamus.,405.69,
5373,2025-08-11,Receita,RH,Assumenda vero tempore.,-7377.44,PED-94256
5374,2025-03-21,Despesa,Tecnologia,Officia dolor vel.,-465.12,PED-91619
5375,2024-09-16,Receita,RH,Veritatis architecto et itaque voluptatum.,399.8,PED-72988
5376,2024-08-11,Despesa,marketing,Cumque atque.,-6026.86,
5377,2024-09-22,Despesa,Marketing,Ullam minima cum consequuntur.,-321.02,
5378,2025-01-22,Despesa,Receita,Inventore deserunt aspernatur odit.,10295.16,PED-21331
5379,2025-01-29,Receita,Tecnologia,Delectus omnis commodi.,10466.46,PED-21839
5380,2024-08-16,Despesa,Tecnologia,Minus sit.,-5008.37,PED-29225
5381,2025-01-24,receita,Logística,Cupiditate necessitatibus reiciendis assumenda.,3262.53,
5382,2024-12-03,receita,marketing,Sit ea hic vitae ipsum.,-3288.67,
5383,2026-01-11,Receita,Receita,Impedit aliquid provident recusandae.,1475.14,
5384,2024-03-03,Receita,marketing,Eos illum cupiditate.,-3440.02,
5385,2024-04-16,Receita,Receita,Nam at facilis eum.,8251.03,PED-66152
5386,2024-04-23,receita,Receita,Deleniti laudantium.,2843.06,PED-93592
5387,2024-02-04,Receita,Receita,Quae at quidem.,9771.44,PED-46774
5388,2025-04-05,receita,Tecnologia,Libero error nobis perspiciatis beatae.,-1540.78,
5389,2025-05-24,Despesa,RH,Eaque consequuntur voluptatibus vitae.,414.39,PED-51151
5390,2026-01-30,Receita,Tecnologia,Ratione magnam omnis quibusdam.,2496.63,
5391,2024-09-01,receita,Receita,Dolores placeat laboriosam nobis veniam.,-3797.38,
5392,2025-11-22,receita,Tecnologia,Iste mollitia quidem labore.,-6703.96,
5393,2024-06-27,Despesa,Tecnologia,Ab ipsum deleniti.,-1950.0,PED-76837
5394,2024-04-18,Receita,RH,Facilis velit explicabo ducimus.,8535.48,PED-37537
5395,2025-06-06,Despesa,Tecnologia,Maxime accusantium aspernatur quia.,865.88,
5396,2024-05-14,Receita,Marketing,Autem deserunt voluptas.,5704.96,
5397,2026-01-16,Receita,marketing,Aliquam perspiciatis fugiat.,3873.56,
5398,2024-09-19,Receita,Marketing,Beatae dolore dolorum natus.,10713.08,
5399,2025-09-30,Despesa,Logística,Nemo quod quibusdam.,6764.55,
5400,2024-02-19,Receita,Tecnologia,Quo inventore ab reiciendis.,4940.81,PED-80781
5401,2024-05-01,Despesa,Marketing,Veritatis maiores.,2214.87,
5402,2024-06-28,Despesa,RH,Nisi aut nihil itaque vitae.,-7859.14,PED-62663
5403,2024-08-20,Despesa,Tecnologia,Sit vel autem.,-7267.04,
5404,2025-12-01,receita,Tecnologia,Eveniet possimus eum quasi.,-5360.9,
5405,2024-04-16,Despesa,Tecnologia,Ex quidem.,-5120.43,
5406,2025-11-14,Receita,Logística,Placeat harum nesciunt labore.,10105.78,PED-77027
5407,2025-04-30,Despesa,Logística,Laboriosam corrupti labore nesciunt placeat.,4149.44,
5408,2024-09-29,Receita,Receita,Sint minima ea repellat.,-1676.34,PED-65145
5409,2024-05-30,receita,RH,Tempora animi libero odio.,2220.65,
5410,2024-12-08,Receita,Logística,Iste temporibus soluta modi.,-913.74,
5411,2024-05-09,receita,RH,Reiciendis repellendus veritatis amet.,-3277.49,
5412,2024-04-04,Despesa,marketing,Nostrum repellat porro.,-5997.0,PED-53158
5413,2025-03-12,Despesa,Marketing,Necessitatibus rerum esse temporibus.,5626.91,PED-51719
5414,2024-09-18,Despesa,Marketing,Quisquam nihil facere dignissimos voluptatum.,-850.47,
5415,2025-08-14,Despesa,RH,Eligendi cupiditate molestias dolor possimus.,4357.35,
5416,2026-01-18,Despesa,Logística,Voluptatum in esse.,6218.17,PED-46720
5417,2025-11-20,Receita,Logística,Neque tempora consequatur fugiat sequi.,-647.11,
5418,2024-11-18,Receita,Marketing,Deserunt numquam eius.,-1772.73,PED-50444
5419,2024-10-19,Receita,Receita,Necessitatibus totam aut tempore dolorum.,10394.92,
5420,2024-04-07,Receita,Receita,Vero tenetur voluptatibus voluptatum.,7865.58,
5421,2025-06-14,receita,Tecnologia,Similique voluptas.,11809.6,PED-24920
5422,2025-03-08,Despesa,RH,Reprehenderit sint cum dolor.,8382.71,
5423,2024-07-07,Despesa,Marketing,Eligendi dolore.,3655.59,PED-67397
5424,2025-11-05,Despesa,RH,Et perspiciatis quae unde maiores.,2754.54,
5425,2025-08-30,Despesa,Logística,Ratione qui rerum laboriosam.,8085.93,PED-92255
5426,2025-11-19,receita,RH,Dicta dignissimos ullam aspernatur.,2247.56,PED-44524
5427,2024-07-23,receita,Tecnologia,Corrupti voluptate possimus vel.,8204.11,
5428,2025-04-10,receita,Receita,Aut cupiditate facilis possimus.,9124.5,
5429,2024-07-15,Receita,RH,Rem dicta.,-3641.42,PED-27657
5430,2025-02-16,receita,marketing,Nostrum esse molestiae harum.,7167.65,
5431,2024-09-23,Receita,Logística,Nemo possimus.,3645.84,PED-75302
5432,2024-06-15,receita,Receita,Accusamus perferendis omnis.,10339.93,
5433,2025-08-24,Despesa,RH,Voluptas sit praesentium a.,-3329.57,PED-76721
5434,2025-04-12,Despesa,Receita,Repellendus repudiandae soluta laboriosam.,-3832.45,
5435,2024-03-17,Despesa,Marketing,Maxime eius iure.,-1371.47,PED-58272
5436,2024-02-12,Despesa,marketing,Commodi quidem temporibus.,11918.6,
5437,2025-02-12,Receita,Logística,Quasi dignissimos explicabo asperiores.,-6190.6,
5438,2025-05-20,Despesa,Logística,Amet dolorem enim distinctio.,4536.58,
5439,2025-04-03,Despesa,RH,Inventore iste ad.,7941.94,PED-13141
5440,2025-06-04,Receita,Logística,Error asperiores impedit eius perferendis.,-2167.26,PED-60371
5441,2024-09-26,Despesa,Logística,Unde ab.,-224.48,PED-26034
5442,2025-03-05,Despesa,Receita,Explicabo cupiditate eveniet sapiente.,3446.04,PED-81404
5443,2024-08-07,Despesa,Marketing,Quibusdam labore.,10431.56,PED-73839
5444,2025-04-17,Despesa,Tecnologia,Sint ex quasi cupiditate.,-5701.91,PED-18341
5445,2025-04-06,Receita,Logística,Est provident.,-7737.44,
5446,2024-02-06,Receita,Tecnologia,Quidem placeat ea nemo doloribus.,5288.09,
5447,2025-12-17,Despesa,Logística,Id ipsum.,9824.81,
5448,2025-06-08,receita,Logística,Quibusdam praesentium unde quaerat veritatis.,5352.93,
5449,2024-07-22,Despesa,Tecnologia,Laboriosam odio voluptatem molestias.,-2897.09,
5450,2024-03-21,Despesa,RH,Repudiandae commodi.,8217.23,
5451,2024-05-19,Despesa,marketing,Minima quas eos dolores.,3829.83,PED-26433
5452,2026-01-19,receita,Receita,Nemo quibusdam saepe.,4738.44,
5453,2024-12-24,Receita,marketing,Quo id ullam in.,495.05,PED-93154
5454,2024-09-08,Despesa,Marketing,Quia ipsa.,3502.76,PED-94647
5455,2025-04-10,Despesa,marketing,Odit ipsa commodi repudiandae.,-5668.5,PED-34721
5456,2024-05-27,receita,RH,Saepe impedit.,1193.59,PED-88614
5457,2024-03-24,receita,RH,Eveniet nisi.,710.15,
5458,2025-10-30,Receita,Logística,Saepe velit aperiam.,6932.11,PED-41524
5459,2026-01-09,Receita,Marketing,Deserunt voluptatibus minima commodi.,-5311.45,
5460,2024-08-23,Despesa,Receita,Voluptas veniam voluptatum.,11576.97,
5461,2025-01-11,Receita,marketing,Veniam animi nam.,6503.96,
5462,2025-06-08,receita,RH,Ipsa eum blanditiis eaque.,-838.33,
5463,2025-02-26,receita,RH,Quae corporis magni.,4285.36,
5464,2024-03-30,Despesa,Logística,Repudiandae laudantium dolore.,-2478.44,
5465,2024-02-28,receita,Logística,Accusantium ratione.,-7461.96,
5466,2025-03-11,Receita,Logística,Repellat veniam.,-6746.66,PED-49851
5467,2025-09-26,receita,RH,Laborum vel modi libero.,9633.64,PED-28364
5468,2024-08-15,Receita,Marketing,Earum quas nam fuga.,2991.71,PED-42287
5469,2025-09-20,Receita,RH,Eum eveniet id illo.,-3636.29,PED-84397
5470,2025-07-22,Despesa,Receita,Voluptatum voluptate vero.,-372.16,PED-90260
5471,2024-11-05,receita,Tecnologia,Harum soluta explicabo incidunt repudiandae.,7158.67,
5472,2025-02-22,receita,Receita,Possimus cum.,773.43,
5473,2024-08-02,receita,Tecnologia,Deserunt consequatur consequuntur.,-7100.38,PED-38355
5474,2024-05-12,Receita,marketing,Ut cupiditate earum quam.,6859.02,PED-53846
5475,2024-09-08,Receita,Receita,Blanditiis reprehenderit.,6440.13,PED-37300
5476,2024-03-05,receita,Receita,Maxime explicabo.,-2883.64,PED-82001
5477,2024-06-21,receita,marketing,Praesentium deleniti ipsum ipsum expedita.,-4388.64,
5478,2025-03-27,Despesa,Marketing,Cupiditate deleniti.,-1986.2,
5479,2026-01-15,Receita,Logística,Dolores sunt odio.,10503.03,PED-46174
5480,2025-01-07,Despesa,Receita,Animi suscipit dicta.,5915.13,PED-58993
5481,2025-10-19,receita,Tecnologia,Excepturi recusandae velit.,8589.17,PED-29505
5482,2025-01-17,Receita,Marketing,Dolor dolore optio.,-2785.71,PED-87117
5483,2024-06-10,Despesa,Tecnologia,Facilis corporis consectetur aliquam.,1331.13,
5484,2025-06-04,Receita,marketing,Velit voluptatibus sit.,9496.97,PED-11058
5485,2025-10-13,Receita,Tecnologia,Ratione iste dolorem iure.,-1555.39,PED-41963
5486,2025-11-27,receita,Receita,Hic modi sapiente sapiente ipsam.,708.93,
5487,2025-03-14,Receita,Receita,Dolores molestias dicta deserunt.,2566.73,
5488,2024-10-18,Receita,Marketing,Beatae architecto.,6461.73,PED-80243
5489,2024-03-20,Receita,Marketing,Impedit soluta.,-1759.6,
5490,2024-07-17,receita,Marketing,Ipsa voluptas.,10766.37,
5491,2024-02-13,receita,RH,Inventore vitae tenetur.,2697.21,
5492,2025-01-10,Receita,RH,Accusantium itaque eaque quibusdam dolorem.,7968.64,PED-20173
5493,2024-04-24,Receita,Marketing,Rem amet perspiciatis impedit.,4302.79,PED-63135
5494,2024-08-27,receita,Logística,Reiciendis assumenda dolorum.,-5422.52,
5495,2025-05-29,receita,Receita,Quisquam assumenda doloremque itaque.,2958.32,
5496,2025-05-29,receita,Tecnologia,Excepturi tempore.,5130.91,
5497,2024-10-01,receita,Logística,Adipisci necessitatibus.,-4415.88,
5498,2025-07-17,receita,Marketing,Molestias magnam repellat corrupti facere.,-6944.12,
5499,2024-07-21,Receita,Tecnologia,Asperiores quas repellendus.,634.74,PED-53940
5500,2025-10-24,Despesa,Marketing,Beatae officia sunt laborum nisi.,5505.6,
5501,2025-05-01,receita,Receita,Voluptatibus quae temporibus officia.,-6088.47,
5502,2025-03-25,Receita,RH,Laborum eligendi accusamus.,177.15,
5503,2025-07-08,receita,Marketing,Et quidem dignissimos voluptatem.,-2878.11,
5504,2025-10-29,Receita,Marketing,Cum dicta neque quaerat.,11662.08,PED-62664
5505,2024-03-30,Receita,marketing,Commodi maiores sint praesentium.,8976.09,
5506,2024-04-27,Receita,marketing,Eos id voluptatum commodi.,9057.61,
5507,2025-06-04,Receita,Logística,Impedit aperiam voluptatem.,-3357.86,
5508,2024-09-19,Receita,Receita,Soluta dignissimos maiores veniam.,-4477.98,PED-58816
5509,2025-12-04,Receita,Receita,Dolorem hic.,-7449.37,
5510,2025-07-06,Receita,Marketing,Sint impedit perferendis.,7163.29,PED-43557
5511,2025-07-11,Receita,marketing,Odio veniam.,3517.52,
5512,2024-05-16,Despesa,marketing,Distinctio facilis ab dolorum eius.,-727.66,PED-77767
5513,2025-01-23,Receita,marketing,Beatae maxime numquam doloribus.,-4833.52,PED-88342
5514,2024-07-04,receita,RH,Aspernatur sint adipisci.,5585.5,
5515,2024-09-18,Receita,Logística,Voluptatibus recusandae aut eaque recusandae.,-4286.59,PED-62393
5516,2024-04-30,receita,Tecnologia,Animi illo dolore eaque.,854.37,
5517,2024-05-09,receita,Tecnologia,Ut quis sapiente autem optio.,2239.98,
5518,2025-08-30,receita,marketing,Optio esse illo autem.,6908.46,PED-86459
5519,2024-03-12,Receita,RH,Reiciendis ab vel.,7007.08,PED-93447
5520,2025-11-11,Despesa,marketing,Magnam omnis.,-2465.44,PED-85084
5521,2025-01-15,Receita,Tecnologia,Error sint reiciendis.,1437.95,PED-40415
5522,2024-02-21,receita,Marketing,Perferendis dignissimos atque reprehenderit in.,-1307.83,PED-33273
5523,2025-01-18,receita,Logística,Aut est nihil possimus.,8281.48,
5524,2024-05-16,receita,RH,Vitae quod impedit repudiandae sint.,7280.61,
5525,2024-05-01,receita,marketing,Eos modi voluptates amet.,9446.75,
5526,2025-08-06,Despesa,RH,Esse dolorum doloremque.,329.78,PED-23792
5527,2026-01-29,receita,Logística,Praesentium error.,-3616.49,PED-62995
5528,2025-02-09,Receita,Logística,Mollitia animi inventore.,9563.14,PED-45493
5529,2025-01-01,receita,Receita,Cumque optio esse earum voluptates.,-1644.39,PED-40582
5530,2025-06-23,Receita,Tecnologia,At facere.,3611.2,
5531,2025-11-27,Despesa,Tecnologia,Alias voluptates.,3028.89,
5532,2025-06-18,Receita,Logística,Sapiente iusto.,-3949.04,PED-60889
5533,2025-06-12,Despesa,marketing,Fugiat suscipit incidunt.,-2043.8,PED-54401
5534,2025-06-21,Receita,marketing,Nihil animi accusantium soluta iste.,4819.07,PED-94523
5535,2024-12-18,Receita,Receita,Minus nihil repudiandae veritatis.,4505.93,PED-39439
5536,2025-10-18,receita,marketing,Consequuntur possimus.,10803.72,PED-47567
5537,2025-09-06,Despesa,Logística,Repudiandae impedit quia praesentium maiores.,2004.23,
5538,2026-01-28,Despesa,Tecnologia,Dolores dignissimos id.,-7477.32,PED-23273
5539,2024-02-17,Despesa,Tecnologia,Laboriosam culpa hic quas.,-5057.7,PED-84122
5540,2024-03-01,Despesa,Receita,Quam nobis deleniti vero distinctio.,-3272.72,
5541,2025-02-15,receita,Marketing,Officia molestias minus porro accusamus.,-910.31,
5542,2024-10-22,Receita,RH,Maxime quae assumenda iste autem.,9938.74,
5543,2024-08-09,Despesa,RH,Modi provident.,-6232.31,
5544,2025-05-14,receita,marketing,Nemo vitae voluptatem quibusdam nulla.,1479.68,
5545,2024-09-18,receita,Receita,Hic atque nostrum.,-4679.08,
5546,2025-09-14,receita,Tecnologia,Quod dolor libero atque.,4270.89,
5547,2025-05-25,Despesa,marketing,Provident fuga expedita quod.,-268.05,
5548,2024-11-19,Receita,marketing,Vel corrupti iste dolore.,11584.24,PED-47417
5549,2026-01-16,Receita,Tecnologia,Maiores ipsum.,7364.27,PED-67936
5550,2025-05-17,Receita,Logística,Accusantium ab magni.,4848.89,
5551,2024-04-19,receita,Receita,Dignissimos eveniet pariatur.,-2069.25,
5552,2025-05-22,Receita,Tecnologia,Facilis dolorem.,-5822.3,PED-28178
5553,2025-07-21,Receita,marketing,Officiis soluta alias iure.,-91.77,PED-85059
5554,2025-01-22,Despesa,Receita,Harum est culpa.,-6401.52,
5555,2025-01-07,Receita,Receita,Provident suscipit sequi esse.,272.23,PED-60235
5556,2024-03-23,Despesa,RH,Voluptatem iusto dicta corrupti.,-6231.38,PED-63739
5557,2024-06-18,Despesa,Marketing,Ipsa officiis nam perferendis.,233.88,
5558,2024-08-03,Receita,Logística,Quaerat unde voluptatum quidem accusantium.,-3586.53,
5559,2025-01-21,Receita,RH,Error consequuntur quae commodi dignissimos.,-5851.28,
5560,2024-04-13,Receita,RH,Qui repudiandae quis.,7521.41,PED-42361
5561,2025-05-04,Despesa,Tecnologia,Impedit atque cum hic explicabo.,-7322.25,
5562,2025-12-16,Receita,marketing,Nulla veniam.,-2556.49,
5563,2025-05-12,receita,Receita,Ducimus voluptatibus.,385.24,
5564,2025-01-15,Despesa,Logística,Dolorem quis alias itaque ut.,2669.58,PED-23158
5565,2024-03-07,Receita,Tecnologia,Inventore occaecati explicabo veritatis.,2909.91,
5566,2025-09-19,Despesa,Marketing,Perspiciatis eos similique animi.,11100.27,PED-66906
5567,2024-08-12,Despesa,marketing,Ipsum cupiditate aliquam illo.,-7246.06,
5568,2024-04-05,Receita,RH,Non animi iure.,-7791.56,
5569,2025-10-10,Receita,Marketing,Accusamus qui impedit.,8968.42,
5570,2024-09-08,Receita,marketing,Ab laboriosam sit.,2592.74,PED-64687
5571,2025-05-12,Receita,RH,Occaecati dolor.,10319.57,
5572,2025-10-27,Despesa,Tecnologia,Sed ipsum quos adipisci.,-7208.89,
5573,2025-03-05,Receita,marketing,Sit aliquid sapiente sequi in.,-2843.66,PED-53139
5574,2025-12-14,Despesa,Logística,Numquam repellendus quis minima itaque.,9763.1,
5575,2025-11-18,receita,marketing,Fugiat placeat dicta sunt.,-6506.26,PED-18045
5576,2025-02-11,Despesa,Receita,Sit sed veritatis.,-6076.63,
5577,2025-04-25,Receita,Tecnologia,Voluptas vero commodi.,-356.85,PED-20464
5578,2024-05-24,receita,Marketing,Architecto placeat voluptatibus.,9104.25,PED-21325
5579,2025-07-23,Receita,marketing,Eaque sunt consequatur possimus.,9538.1,PED-22813
5580,2025-01-09,Receita,marketing,Iusto dolores consequuntur nihil.,-1930.9,
5581,2024-09-25,Receita,Tecnologia,Aut natus.,3112.91,
5582,2024-02-28,receita,Marketing,Aliquid voluptatem.,-5615.38,PED-79942
5583,2025-01-09,Despesa,Logística,Repellendus quo consectetur.,-1657.72,
5584,2025-11-11,Despesa,marketing,Autem qui animi.,11395.06,PED-72447
5585,2024-02-19,receita,RH,Quod ipsam rem dicta mollitia.,-2108.72,
5586,2025-09-04,Despesa,Marketing,Vitae reiciendis laboriosam ad praesentium.,-3223.16,
5587,2024-04-04,Despesa,RH,Voluptate quaerat tempore.,-1966.69,PED-24575
5588,2024-04-12,Receita,Tecnologia,Magnam excepturi.,11975.12,
5589,2024-10-12,Despesa,marketing,Laboriosam perspiciatis.,-5620.59,
5590,2025-06-04,Receita,Receita,Molestiae harum voluptatum temporibus minus.,-3250.63,
5591,2025-12-24,receita,Marketing,Error a.,219.29,PED-96960
5592,2024-11-03,Despesa,marketing,Unde consequatur sed.,-229.28,PED-63283
5593,2024-02-27,receita,Logística,Minima velit quo animi nobis.,-4655.59,
5594,2024-03-27,Despesa,RH,Expedita illo similique.,6791.87,
5595,2025-01-26,Receita,Receita,Eos deserunt nam laboriosam consectetur.,-734.32,
5596,2024-09-21,Despesa,RH,Perspiciatis qui.,3674.99,PED-88277
5597,2024-11-21,Despesa,Tecnologia,Voluptatem ipsa placeat.,10298.03,PED-57040
5598,2024-03-25,receita,Tecnologia,Libero perspiciatis.,-2353.47,
5599,2024-05-04,Receita,Marketing,Tempora quidem earum.,-615.12,PED-87443
5600,2024-09-24,receita,RH,Doloribus nobis pariatur ad.,-1042.64,PED-96954
5601,2024-04-10,Receita,Logística,Recusandae quos.,-718.77,PED-76173
5602,2024-05-07,Receita,marketing,Optio quaerat excepturi recusandae.,965.1,PED-21327
5603,2025-09-25,Receita,RH,Unde impedit pariatur tempore eligendi.,84.15,PED-95643
5604,2024-02-15,receita,Logística,Optio illum distinctio reprehenderit.,-7482.19,
5605,2025-08-13,receita,Marketing,Earum consequuntur dolores.,5266.74,PED-20879
5606,2024-04-23,Despesa,Logística,Iusto facilis minima.,-5775.37,
5607,2026-01-01,receita,Tecnologia,Minima ullam reiciendis occaecati unde.,4965.64,
5608,2024-03-17,receita,Marketing,Nesciunt tenetur.,7749.07,PED-77102
5609,2024-06-03,Receita,Marketing,Ipsam magni repellendus.,-7931.39,PED-93646
5610,2025-10-10,receita,Tecnologia,Assumenda saepe quae esse facilis.,3990.1,PED-98121
5611,2025-12-15,Receita,RH,Saepe perspiciatis perspiciatis illum omnis.,-5288.49,
5612,2024-10-24,receita,RH,Animi nihil accusantium consequuntur sed.,-4629.99,
5613,2025-12-29,Receita,Logística,Eius qui quo velit deleniti.,9403.63,
5614,2025-03-08,Receita,marketing,Sit cum dolores voluptatibus.,-5143.5,
5615,2024-07-05,Receita,Tecnologia,Deleniti nemo omnis voluptatibus maxime.,-4899.54,PED-11726
5616,2025-06-14,receita,Logística,Temporibus doloremque nulla.,9326.56,
5617,2024-09-14,receita,Tecnologia,Repudiandae esse earum.,3821.11,
5618,2025-03-15,Receita,Logística,Quasi delectus labore nulla minus.,-6154.61,PED-82645
5619,2025-03-30,receita,Tecnologia,Animi aliquid sed nam doloremque.,8050.68,PED-39907
5620,2025-01-10,Receita,Receita,Eaque tempora ducimus.,-5690.78,PED-42279
5621,2025-10-28,Despesa,Marketing,Laborum magnam neque.,8520.85,
5622,2025-04-08,receita,RH,Dolorum animi.,10552.91,
5623,2024-04-12,Receita,RH,Voluptatibus cupiditate ducimus vel voluptatum.,-2214.63,PED-93827
5624,2025-06-13,receita,Tecnologia,Officia rerum sint deleniti.,11610.88,PED-88485
5625,2025-08-09,Despesa,marketing,Aliquid similique fugit.,-7415.79,
5626,2025-08-18,Receita,Marketing,Blanditiis perspiciatis animi.,9899.1,PED-23412
5627,2024-06-12,Despesa,Logística,Optio rerum eaque beatae.,-3148.3,PED-20118
5628,2025-02-17,Receita,Tecnologia,Molestias quia.,7219.01,PED-22531
5629,2025-09-25,receita,RH,Laudantium ut.,3113.4,PED-69524
5630,2026-01-20,Despesa,Receita,Et dolore vel quia modi.,-5422.14,
5631,2025-10-18,Receita,Receita,Exercitationem ab modi non.,2198.79,
5632,2024-02-20,Receita,RH,Suscipit tempore sunt possimus.,-3559.74,PED-55135
5633,2026-01-06,Despesa,Receita,Porro harum.,6207.37,
5634,2025-06-17,receita,Tecnologia,Hic occaecati.,3703.66,
5635,2024-11-03,Receita,marketing,Rem inventore voluptas inventore sit.,8478.15,PED-91338
5636,2024-03-24,receita,marketing,Eius quae tenetur eum excepturi.,8440.39,
5637,2024-10-08,receita,Logística,Adipisci rem fuga doloremque.,3050.99,PED-55151
5638,2025-10-12,receita,Tecnologia,Tempore commodi voluptas.,3443.3,PED-12733
5639,2024-12-06,Receita,Tecnologia,Necessitatibus minus asperiores odio.,9895.86,PED-10086
5640,2024-12-13,Despesa,RH,Necessitatibus tempora.,3328.77,PED-16401
5641,2025-12-15,receita,marketing,Reiciendis laborum excepturi cum.,2396.44,PED-81201
5642,2024-12-14,Receita,RH,Eius aliquid dolore vel.,-6666.45,PED-16353
5643,2025-05-08,receita,RH,Quod ipsa doloribus sunt quia.,1193.95,PED-40609
5644,2024-06-18,receita,Logística,Natus labore quis.,881.04,
5645,2025-06-22,receita,Logística,Ullam repudiandae beatae.,-5121.97,
5646,2026-02-01,Receita,RH,Impedit nulla facere eius eum.,5277.64,PED-19058
5647,2025-01-31,Despesa,Tecnologia,Maiores temporibus.,-6828.28,
5648,2024-12-20,Despesa,Marketing,Minima occaecati inventore cum.,2240.57,PED-35487
5649,2024-06-29,Despesa,RH,Quisquam veritatis quidem doloremque.,4319.3,PED-31067
5650,2024-08-07,receita,Logística,Consectetur ad consectetur.,-1974.12,
5651,2024-11-15,receita,Marketing,Quas nobis eaque.,2630.08,
5652,2024-04-09,Receita,Receita,Qui eaque amet.,-5183.23,
5653,2025-10-08,Receita,Logística,Reiciendis maiores velit odit.,2245.68,PED-14182
5654,2024-12-19,Receita,RH,Incidunt quisquam.,6188.76,
5655,2025-09-19,Despesa,Logística,Tempora modi libero.,-1159.84,
5656,2024-09-11,receita,Tecnologia,Impedit rem.,-1239.27,PED-70101
5657,2024-10-28,Despesa,Marketing,Consequatur incidunt officiis.,-316.55,PED-75403
5658,2024-09-15,Receita,marketing,Minima qui.,-2448.99,PED-58355
5659,2025-06-22,Receita,marketing,Nostrum error vero.,11934.99,
5660,2025-04-22,Despesa,marketing,Deleniti veritatis quidem fugit.,4411.65,PED-54294
5661,2024-12-09,receita,marketing,Quos ex nostrum atque.,10618.35,PED-20822
5662,2024-02-16,Despesa,Tecnologia,Accusantium doloribus rerum.,10432.45,PED-28258
5663,2025-01-10,Receita,Marketing,Vero architecto.,-2409.32,PED-28326
5664,2025-07-10,receita,marketing,Aspernatur dolores non voluptatibus facere.,10096.42,
5665,2025-07-11,receita,marketing,Dolorem ex quod quas.,-6015.82,
5666,2024-07-09,Despesa,marketing,Facilis sint quis autem.,8584.41,PED-13465
5667,2024-05-18,Receita,RH,Deserunt officia iusto.,1280.21,
5668,2024-12-02,receita,Receita,Minima nostrum maxime odit.,-3185.24,PED-33080
5669,2025-03-03,receita,Tecnologia,Odio distinctio aliquid excepturi.,-3801.68,PED-10649
5670,2025-01-28,Receita,marketing,Commodi quaerat consequuntur.,8388.13,
5671,2024-06-30,Receita,marketing,Omnis quo neque.,3727.39,
5672,2024-03-15,receita,Tecnologia,Exercitationem modi aperiam sit.,7604.7,
5673,2024-11-05,Receita,marketing,Quo dicta odit.,-7098.33,
5674,2024-08-11,Receita,Tecnologia,At neque deserunt eos fuga.,-3212.81,
5675,2025-01-09,receita,Tecnologia,Delectus quibusdam.,-3486.14,PED-89193
5676,2024-07-12,Receita,Tecnologia,Molestiae similique consequatur.,-6764.12,
5677,2024-10-23,Receita,Receita,Quibusdam praesentium consequuntur autem non.,3635.34,PED-54773
5678,2025-05-06,Receita,RH,Ab nobis sit.,-5075.5,PED-54631
5679,2025-02-18,Despesa,Receita,Voluptates dolor ipsa amet.,5540.31,
5680,2025-05-19,Despesa,Receita,Cum placeat ratione.,-630.68,PED-88604
5681,2024-03-01,Receita,Receita,Sequi voluptas quod a corporis.,989.94,
5682,2025-08-08,Receita,Marketing,Fugit vitae accusantium veniam quas.,-2286.91,
5683,2024-02-18,Receita,Receita,Deleniti quidem sequi.,-3313.34,PED-60471
5684,2025-03-18,receita,Tecnologia,Temporibus dolor suscipit.,7367.59,PED-47337
5685,2025-09-24,receita,Logística,Expedita exercitationem tenetur iure.,821.84,
5686,2024-07-30,receita,Marketing,Reiciendis eaque sed.,7647.43,PED-25501
5687,2025-04-17,receita,marketing,Blanditiis voluptatem dolorum.,5553.58,
5688,2024-05-26,Despesa,RH,Numquam voluptate commodi impedit.,11480.7,PED-66086
5689,2025-05-06,Despesa,RH,Labore ad dolores dicta.,-1200.37,
5690,2025-06-27,Despesa,RH,Vel autem.,4962.05,
5691,2024-03-06,Receita,Marketing,Fugiat saepe consectetur quam dicta.,7675.07,
5692,2024-12-15,Despesa,Receita,Tenetur repellat.,-1576.96,
5693,2025-10-16,receita,Receita,Commodi ex officiis dolorem.,-6516.42,
5694,2025-07-09,Receita,marketing,Aperiam doloremque sit.,-3081.87,
5695,2025-04-09,receita,RH,Accusantium modi.,4521.27,PED-99096
5696,2024-06-17,Receita,RH,Iure dolor.,4583.99,PED-72629
5697,2024-04-08,Receita,Logística,Cum dicta ratione.,-3078.51,
5698,2025-02-04,Despesa,RH,Iure tempore voluptate neque.,-5537.92,
5699,2025-08-04,Receita,marketing,Cumque aut beatae unde.,-428.98,PED-93330
5700,2025-08-27,Despesa,Tecnologia,Minus tempore.,-647.31,PED-38923
5701,2025-04-29,Receita,Marketing,Expedita odit molestias exercitationem.,-2278.66,PED-29952
5702,2025-09-03,Receita,Marketing,Dolores optio neque.,-7199.15,PED-42091
5703,2025-01-05,receita,marketing,Impedit quidem blanditiis ea.,3395.95,
5704,2024-09-22,Receita,Receita,Soluta quod recusandae laborum maiores.,5945.83,
5705,2024-06-27,receita,RH,Qui nisi qui a.,-1108.41,PED-96337
5706,2025-02-21,receita,Tecnologia,Voluptatibus alias repellat odit.,-3826.16,PED-72750
5707,2025-07-04,Receita,RH,Molestias sapiente.,5182.22,PED-36437
5708,2024-09-25,receita,Logística,Consequatur sint.,3402.49,
5709,2025-02-26,Despesa,marketing,Maxime tempore quod molestias iste.,-7175.12,PED-22892
5710,2025-08-15,Despesa,Marketing,Recusandae commodi minus laboriosam.,8290.5,
5711,2025-06-30,Despesa,RH,Soluta tempore necessitatibus.,-141.61,PED-34115
5712,2024-07-14,receita,marketing,Officia vitae quibusdam pariatur quia.,9430.09,
5713,2026-01-02,Receita,RH,Totam unde natus quod quo.,-4338.43,PED-46654
5714,2024-10-31,receita,marketing,Est dicta.,11244.72,PED-42624
5715,2025-01-04,receita,Receita,Maxime eveniet molestiae.,-154.96,PED-60581
5716,2024-06-21,receita,Logística,Perspiciatis accusantium.,2578.7,PED-77018
5717,2024-12-19,Despesa,RH,Voluptatibus dolorem ratione totam repellendus.,-4805.15,PED-46527
5718,2026-01-30,Despesa,Logística,Quisquam necessitatibus illum.,8609.22,PED-12841
5719,2024-12-02,receita,Receita,Quo accusantium.,-5238.2,PED-10761
5720,2024-07-30,Despesa,marketing,Voluptatibus natus.,11413.89,PED-64893
5721,2025-04-06,receita,Tecnologia,Id occaecati hic eum.,10576.19,
5722,2025-01-26,Despesa,Marketing,Adipisci aliquid iure distinctio.,9327.36,PED-26564
5723,2025-07-19,receita,Receita,Ut nemo quae.,1843.8,
5724,2025-06-10,Despesa,Logística,Nobis mollitia quis.,6043.07,PED-90463
5725,2025-11-02,Despesa,marketing,Eum quis illo occaecati dignissimos.,-2851.99,
5726,2025-09-28,Receita,marketing,Tempora laborum.,3510.56,PED-49473
5727,2025-04-13,Despesa,Logística,Omnis consequuntur nobis dolore.,10020.69,
5728,2025-07-24,Receita,Logística,Non ab voluptas fuga architecto.,9859.59,
5729,2025-09-01,receita,Logística,Delectus voluptatibus.,11449.31,PED-84348
5730,2026-02-01,Receita,Logística,Atque distinctio ea tenetur.,-5675.65,PED-78124
5731,2024-06-19,Despesa,Receita,Excepturi neque unde.,-6961.21,
5732,2025-04-09,Receita,Receita,Accusantium deleniti ab vel.,4219.28,
5733,2024-02-28,receita,RH,Consequatur doloribus.,3110.01,
5734,2024-05-16,Receita,RH,Perferendis neque ab.,4902.15,
5735,2024-12-05,Despesa,Receita,Nisi et optio neque.,6063.2,
5736,2024-09-03,Despesa,RH,Deserunt hic nihil sit.,1764.75,
5737,2025-12-24,receita,marketing,Sed alias reiciendis.,139.92,
5738,2025-04-22,Despesa,RH,Illum tenetur quidem.,-3990.78,
5739,2025-12-26,Receita,marketing,Incidunt omnis quam.,-7458.67,PED-16423
5740,2024-12-14,Despesa,Logística,Explicabo cumque aspernatur totam.,-5470.0,
5741,2025-06-14,Receita,marketing,Quo enim in nisi.,457.19,PED-69160
5742,2024-09-11,Receita,Tecnologia,Nesciunt dolores ea perspiciatis enim.,-4672.29,PED-80812
5743,2025-05-24,receita,Receita,Ex quaerat inventore neque.,6801.32,
5744,2025-05-28,receita,Marketing,Hic esse.,9036.43,PED-93901
5745,2025-04-27,Despesa,Logística,Veniam corporis ut perspiciatis.,9813.05,
5746,2025-10-28,Receita,Tecnologia,Corrupti maxime quis consequatur.,11707.43,PED-64959
5747,2024-07-06,Despesa,Receita,Tenetur numquam optio iste.,8678.87,
5748,2024-02-04,Receita,Logística,Rerum sunt repudiandae.,4432.63,
5749,2025-10-22,receita,Marketing,Occaecati est sapiente.,8497.4,
5750,2025-05-04,Receita,Logística,Fugiat quod dolore dolor.,-2164.53,PED-24381
5751,2024-02-27,receita,Tecnologia,Inventore harum eveniet.,6307.9,
5752,2025-08-20,Despesa,Marketing,Placeat adipisci commodi.,-3665.26,
5753,2024-03-03,receita,Logística,Incidunt odio eos temporibus.,4761.15,PED-18028
5754,2025-01-14,Receita,Logística,Optio voluptas quae dolores.,-3160.19,PED-55687
5755,2024-10-31,receita,Tecnologia,Doloribus asperiores est a.,-1201.39,PED-37993
5756,2025-11-03,Receita,Tecnologia,Rem cum ipsam.,4686.11,PED-23504
5757,2025-12-11,Despesa,Receita,Consequuntur a itaque.,-3655.17,PED-50670
5758,2024-06-16,receita,Logística,Non odit earum facilis ad.,2113.72,
5759,2024-11-09,Despesa,Receita,Eligendi in quo amet.,-7759.55,PED-62863
5760,2025-05-01,receita,Logística,Ut et enim.,947.57,PED-73839
5761,2024-11-14,Despesa,Logística,Amet tenetur quod.,-7278.17,
5762,2025-09-23,Receita,RH,Aperiam totam.,7806.2,
5763,2024-03-25,receita,Tecnologia,Vitae quia quisquam.,2542.31,
5764,2025-03-04,receita,Receita,Eaque deleniti repudiandae ipsa enim.,-5943.39,
5765,2025-05-20,receita,Tecnologia,Minima molestias nihil.,10556.86,PED-65612
5766,2024-08-12,Receita,Marketing,Labore vel.,3375.0,PED-71606
5767,2025-10-03,receita,Logística,Nulla doloremque facilis libero vero.,3582.85,
5768,2025-11-19,Despesa,marketing,Amet dolorem qui doloribus.,-4803.37,PED-18607
5769,2024-07-19,Receita,Receita,Hic nobis voluptatibus ipsum culpa.,-1583.05,PED-13681
5770,2025-08-23,Despesa,marketing,Aut soluta ipsa illo.,-501.52,PED-43499
5771,2025-02-10,Despesa,Tecnologia,Modi dolore a perspiciatis.,-6660.52,PED-55583
5772,2025-02-18,receita,RH,Commodi impedit nam vitae.,6111.79,PED-81490
5773,2024-12-30,Receita,Logística,Laboriosam nam dolorem.,11037.11,
5774,2025-08-02,receita,marketing,Temporibus voluptatem.,-242.07,
5775,2025-11-06,Receita,RH,Mollitia ducimus doloremque ex.,10108.43,PED-73173
5776,2024-02-10,Despesa,Marketing,Repudiandae iste.,-6669.28,PED-53286
5777,2026-01-11,receita,RH,Sint tenetur consectetur.,2961.06,
5778,2025-10-22,Receita,marketing,Incidunt aperiam.,-7870.8,PED-77559
5779,2025-10-29,Receita,marketing,Voluptate provident fugiat.,10019.0,
5780,2025-10-23,receita,RH,Similique animi molestias.,599.95,
5781,2024-11-03,receita,Logística,Repellat illo alias hic tempora.,-6607.35,
5782,2024-09-09,Receita,Logística,Corrupti aspernatur architecto.,-5484.36,PED-77876
5783,2025-08-31,receita,RH,Dolorum atque incidunt.,-5870.09,
5784,2025-04-20,Despesa,RH,Totam culpa dignissimos accusamus.,8363.69,PED-11003
5785,2025-11-04,Receita,Receita,Facilis provident.,8847.4,PED-93743
5786,2026-01-07,Receita,Tecnologia,Error tempore nemo ab.,9300.58,PED-31878
5787,2024-09-11,receita,RH,Natus rem.,1117.61,
5788,2025-08-14,Despesa,Logística,Odio quisquam.,-5195.83,PED-26812
5789,2024-05-11,Despesa,Tecnologia,Vero ea.,10430.83,
5790,2025-10-03,Despesa,Marketing,Dolorum incidunt.,-7827.6,
5791,2025-11-27,Receita,Marketing,Eius autem placeat.,8545.61,
5792,2024-02-28,Receita,Logística,Aut ipsa voluptates.,5502.71,
5793,2025-12-05,Despesa,Marketing,Libero vitae.,-1024.02,PED-96330
5794,2024-12-04,Despesa,Receita,Iste temporibus.,940.71,
5795,2025-06-03,Despesa,Receita,Blanditiis non.,10065.82,PED-25769
5796,2025-01-21,Receita,RH,Quam iusto expedita omnis.,-704.71,PED-89942
5797,2024-06-13,receita,RH,Pariatur eaque provident.,52.72,PED-69671
5798,2025-03-02,receita,Marketing,Id officiis corrupti dolore.,4145.11,PED-99294
5799,2025-02-03,Despesa,marketing,Perferendis sapiente architecto.,-4104.57,
5800,2025-04-21,Receita,Tecnologia,Delectus sint tempora sapiente amet.,6268.0,
5801,2025-10-14,receita,marketing,Excepturi harum quidem facilis dignissimos.,11728.27,PED-59789
5802,2025-02-08,Receita,RH,A natus aperiam.,4482.86,
5803,2024-08-23,Receita,Tecnologia,Ut voluptatum voluptate amet molestiae.,-6481.22,
5804,2025-08-16,Despesa,Receita,Commodi voluptatibus sed a.,-7734.3,PED-12785
5805,2024-05-17,Despesa,Logística,Vero quam odio.,1564.82,PED-41882
5806,2024-09-26,Receita,Marketing,Sapiente doloribus quos.,-1308.5,
5807,2025-03-31,Receita,Logística,Doloremque voluptas possimus.,-7257.16,
5808,2025-10-08,Receita,RH,Sint id quo totam tempora.,6176.78,PED-29843
5809,2025-08-22,Receita,Marketing,Nostrum atque officia.,2078.39,PED-27635
5810,2025-10-17,receita,Tecnologia,Praesentium ipsum saepe in delectus.,3436.41,PED-37385
5811,2024-07-07,receita,Logística,Animi laudantium vitae voluptatibus.,3957.47,
5812,2024-06-12,Receita,Logística,Sequi omnis.,-2219.55,
5813,2024-07-27,receita,RH,Dolorum fuga.,9888.62,
5814,2024-11-28,Receita,Logística,Illum qui a.,3409.1,
5815,2025-03-15,receita,RH,Rem sapiente.,-3150.68,PED-76238
5816,2025-04-24,Despesa,RH,Error reiciendis earum.,9061.28,
5817,2024-12-27,Receita,Marketing,Porro aperiam quae quas.,9531.93,PED-22008
5818,2024-05-30,Despesa,marketing,Natus illum nesciunt.,8345.74,PED-63433
5819,2024-08-20,receita,marketing,Ab voluptatem id nostrum.,7573.6,PED-28610
5820,2025-11-20,receita,Tecnologia,Quis laborum nihil.,-1338.55,
5821,2025-10-21,Despesa,RH,Delectus accusantium omnis occaecati.,5396.21,
5822,2024-04-02,Receita,Marketing,Dolorum quo voluptatibus.,5784.12,
5823,2024-12-20,Receita,Tecnologia,Earum repellat fugit.,-177.54,
5824,2025-07-13,receita,Receita,Beatae nemo distinctio nihil.,6925.66,PED-12289
5825,2025-03-03,Receita,Tecnologia,Ad omnis assumenda.,-7518.25,PED-54291
5826,2025-10-23,Receita,marketing,Eius saepe ratione voluptas.,1910.15,PED-25013
5827,2024-11-25,Despesa,marketing,Neque beatae totam.,6592.66,
5828,2026-01-06,Receita,Logística,Alias suscipit minima deleniti odit.,9972.01,
5829,2025-08-26,receita,Tecnologia,Animi sunt.,6255.37,
5830,2024-12-14,Receita,Marketing,Optio esse possimus.,-6862.71,
5831,2024-05-25,Despesa,Tecnologia,Ratione delectus commodi ea.,3772.89,PED-18646
5832,2024-12-23,Despesa,Marketing,Voluptates accusamus commodi dolores dolore.,6542.37,
5833,2025-07-12,Receita,Tecnologia,Dolorum aperiam minima eligendi.,4873.94,PED-40230
5834,2025-03-07,Despesa,Logística,Mollitia quidem sed.,-6710.62,
5835,2024-12-19,Despesa,Receita,Quidem distinctio at praesentium.,-6988.55,
5836,2025-05-30,receita,Receita,Occaecati corporis totam officia.,-3587.5,PED-68128
5837,2025-09-28,receita,Marketing,Recusandae nihil.,-3151.17,PED-64720
5838,2025-08-19,Receita,Tecnologia,Praesentium aperiam.,10323.8,
5839,2025-09-13,Receita,marketing,Molestias minima est iusto.,5487.58,
5840,2025-03-21,receita,Tecnologia,Ex facere esse nam magnam.,-1938.0,PED-70144
5841,2024-06-28,receita,Marketing,Exercitationem laboriosam sequi exercitationem.,9436.3,
5842,2025-02-25,Receita,Marketing,Magni qui illum delectus.,11589.56,
5843,2024-05-13,Despesa,Receita,Necessitatibus doloremque.,-3109.86,PED-90330
5844,2025-10-17,receita,marketing,Eos fugiat quas hic.,4093.21,PED-91098
5845,2025-04-26,Receita,Marketing,Expedita temporibus iure incidunt eum.,3153.99,PED-26356
5846,2026-01-19,Receita,Receita,Inventore fugiat.,443.81,PED-40511
5847,2025-01-04,receita,Receita,Temporibus soluta.,9270.29,
5848,2025-12-21,Despesa,Marketing,Iste nostrum ad atque.,110.72,PED-73677
5849,2025-06-11,receita,Receita,Nisi est.,9335.48,PED-76727
5850,2024-11-08,receita,RH,Asperiores animi amet.,9394.66,
5851,2025-02-01,receita,marketing,Qui id ex reprehenderit quam.,648.84,PED-78939
5852,2025-03-05,Receita,Marketing,Quam veritatis ipsum.,6574.19,
5853,2026-01-03,receita,RH,Commodi voluptates numquam.,-4562.05,
5854,2024-12-19,receita,RH,Consequatur possimus debitis earum.,699.63,
5855,2024-12-18,Despesa,Receita,Quae accusantium at sapiente.,5755.73,PED-68660
5856,2024-09-26,Receita,RH,Debitis facere.,11790.21,
5857,2025-08-23,Receita,Tecnologia,Dolorem fuga perferendis corporis.,10335.53,
5858,2026-01-11,receita,Logística,Molestiae mollitia unde.,3615.6,PED-41698
5859,2025-08-29,Despesa,Tecnologia,Illum impedit.,-5876.55,PED-52396
5860,2025-04-26,Despesa,RH,Sit natus ex quas.,1605.45,PED-29961
5861,2024-08-24,receita,Tecnologia,Eos facere perspiciatis.,8718.92,PED-59831
5862,2026-01-09,Receita,Tecnologia,Sed excepturi corrupti laborum et.,8772.09,PED-83012
5863,2026-01-26,Despesa,Tecnologia,Necessitatibus blanditiis reiciendis.,-7507.27,
5864,2025-10-11,Despesa,Logística,Consectetur sit.,-5504.03,
5865,2024-08-05,receita,Logística,Incidunt hic fugiat.,1656.92,
5866,2024-12-06,Despesa,Marketing,Rem quidem atque aliquid.,11067.95,PED-28228
5867,2024-04-17,receita,Logística,Nisi accusantium eum magni est.,8028.65,PED-80042
5868,2025-03-22,Receita,Receita,Illum nihil.,-5716.98,PED-50418
5869,2025-03-04,Receita,Marketing,Ex pariatur eum.,9460.75,
5870,2024-12-17,Receita,Receita,Sit provident tempore sint.,4069.38,PED-44326
5871,2025-07-21,Despesa,Receita,Magnam reiciendis fugiat itaque quae.,4771.94,PED-78531
5872,2025-06-26,Despesa,RH,Qui facilis magnam esse.,-1008.38,
5873,2024-07-24,Despesa,marketing,Ex a quidem.,4851.21,
5874,2025-12-22,Receita,Marketing,Sequi magni dignissimos officiis adipisci.,-5966.49,PED-29651
5875,2024-09-02,Despesa,Marketing,Vel distinctio nisi.,-6723.84,PED-76476
5876,2025-05-07,Despesa,Marketing,Animi fugit provident quibusdam reprehenderit.,1868.15,
5877,2025-07-25,receita,Receita,Hic accusantium.,4862.56,
5878,2025-11-28,Receita,marketing,At ad quam.,-3458.76,PED-34776
5879,2024-03-01,Despesa,marketing,Ratione delectus rem ducimus.,8416.8,
5880,2024-04-10,receita,marketing,Placeat placeat dolorem architecto distinctio.,9728.71,PED-11787
5881,2024-02-14,Despesa,marketing,Commodi optio neque porro.,-7603.74,PED-27839
5882,2025-06-10,Receita,RH,Soluta consequuntur eius.,5024.17,
5883,2025-06-13,receita,Receita,Esse excepturi odio.,8098.6,PED-69143
5884,2024-10-14,Receita,RH,Hic quo sequi illo.,10903.81,PED-93238
5885,2024-10-07,Receita,Receita,Dolorum nesciunt distinctio itaque voluptatum.,8179.45,
5886,2024-05-14,Despesa,Logística,Earum iste vitae.,-1898.49,PED-96945
5887,2024-04-17,receita,Receita,Nihil maxime error omnis accusamus.,7539.46,PED-75016
5888,2025-07-09,Receita,Receita,Nobis modi autem distinctio quae.,-391.41,
5889,2025-05-14,receita,Receita,Provident repellendus nulla.,-1921.42,
5890,2024-05-21,receita,Logística,Reiciendis nesciunt iste harum.,6491.07,PED-46790
5891,2024-08-31,Despesa,RH,Voluptate dolorem.,9926.47,PED-80314
5892,2024-06-01,receita,Tecnologia,Saepe fuga.,-4027.47,
5893,2024-07-21,receita,Tecnologia,Magnam sunt.,6828.19,PED-39968
5894,2025-06-28,Despesa,Tecnologia,Aliquam officiis possimus.,10894.0,
5895,2024-05-11,receita,RH,Ullam iusto alias repellendus.,-3683.31,PED-61332
5896,2025-06-19,Despesa,Logística,Pariatur quidem eligendi eligendi suscipit.,-3193.25,PED-13840
5897,2024-07-17,receita,Logística,Natus ipsam optio recusandae.,2490.5,PED-10599
5898,2025-03-20,Receita,marketing,Repellendus exercitationem ratione dolor.,7462.79,PED-95255
5899,2024-07-01,Despesa,Tecnologia,Blanditiis cum delectus.,-3631.14,PED-95043
5900,2025-11-07,receita,marketing,Libero cupiditate architecto iusto repellendus.,9425.35,PED-66442
5901,2025-09-27,Despesa,Marketing,Sapiente maiores magnam.,-879.38,PED-50055
5902,2024-05-12,Receita,Logística,Ipsam voluptates.,11890.52,
5903,2025-11-18,Despesa,Logística,Error ipsa ab vero modi.,17.86,
5904,2025-05-02,Receita,RH,Aspernatur sunt maiores.,-4058.53,
5905,2024-06-17,Despesa,Marketing,Nam necessitatibus unde dicta odio.,5938.86,
5906,2024-02-27,Despesa,RH,Enim ratione pariatur.,10139.71,PED-87370
5907,2026-01-04,receita,Receita,Quae recusandae iste.,7769.38,
5908,2024-12-18,Receita,Tecnologia,Error veritatis ut in.,10507.52,PED-18314
5909,2025-06-09,Receita,Logística,Tenetur voluptatibus nisi officiis earum.,3181.89,
5910,2025-08-12,receita,Marketing,Voluptas perspiciatis et.,5531.68,
5911,2024-03-30,receita,Logística,Perferendis nostrum culpa.,-7536.81,
5912,2025-05-05,receita,marketing,Minus sed architecto.,-1131.65,
5913,2024-02-22,receita,Tecnologia,Minima aperiam minima.,-2703.53,
5914,2025-04-10,Receita,RH,Debitis modi.,4408.81,
5915,2024-10-17,Receita,Receita,Doloremque facilis exercitationem.,6497.67,
5916,2024-03-25,Receita,marketing,Consectetur tempora explicabo similique.,5136.41,
5917,2025-09-02,receita,marketing,Eaque officiis suscipit.,22.1,PED-34202
5918,2024-08-21,receita,marketing,Facilis laborum quod atque.,3027.21,PED-98558
5919,2025-09-08,Receita,Receita,Eligendi suscipit consequuntur.,-1121.08,PED-16699
5920,2025-02-15,receita,marketing,Debitis sed error.,2570.59,PED-82614
5921,2025-06-11,receita,Logística,Explicabo quidem eum officiis.,-1155.57,PED-20518
5922,2025-04-27,Despesa,RH,Totam enim neque.,11535.98,
5923,2024-03-24,Despesa,marketing,Tempore pariatur consequatur saepe.,-1516.42,PED-20275
5924,2025-10-25,Despesa,Logística,Deleniti provident.,-1119.6,PED-56855
5925,2024-10-05,Despesa,marketing,Quisquam ipsum voluptatem.,5772.76,PED-14096
5926,2024-11-09,Receita,RH,Distinctio fugit expedita consequuntur.,-4270.46,PED-24110
5927,2025-04-05,receita,marketing,Nostrum veritatis hic.,-3050.99,PED-42791
5928,2025-02-22,Receita,marketing,Occaecati laboriosam tenetur esse.,8917.12,PED-97529
5929,2025-09-03,receita,Logística,Non molestiae.,11266.45,PED-31860
5930,2025-06-12,receita,Marketing,Pariatur dolorem quia harum accusamus.,-4524.0,
5931,2025-11-29,Despesa,Logística,Asperiores suscipit.,2514.38,PED-76999
5932,2024-09-11,receita,marketing,Ab nemo repellendus.,-7717.69,
5933,2024-08-05,receita,Tecnologia,Placeat dolor.,-3319.17,PED-89102
5934,2025-01-23,Receita,Marketing,Sed eos voluptatibus aut odit.,7801.99,PED-40785
5935,2025-10-14,Receita,RH,Ut quibusdam possimus alias.,6894.63,PED-17774
5936,2025-10-15,receita,Marketing,Quam veritatis.,6245.54,
5937,2024-05-01,Receita,Receita,Quod repellat.,6077.98,PED-64889
5938,2024-06-17,Receita,Receita,Corporis quaerat possimus.,8076.58,
5939,2024-06-23,receita,marketing,Accusantium repellat.,8555.69,
5940,2025-01-09,receita,Tecnologia,Veniam delectus.,-1116.87,PED-21855
5941,2025-01-26,Despesa,marketing,Incidunt est cumque saepe.,-6856.31,
5942,2025-05-02,receita,Logística,Quibusdam aliquam.,-674.64,
5943,2025-09-23,Despesa,marketing,Quam impedit pariatur tempore odit.,7708.67,
5944,2025-02-21,Receita,Logística,Placeat perspiciatis porro.,-5349.71,PED-57423
5945,2024-11-28,receita,RH,Adipisci id ipsa explicabo facilis.,1331.17,
5946,2024-02-26,Receita,Receita,Ipsum non incidunt veniam itaque.,-1375.29,
5947,2024-09-04,Despesa,Logística,Voluptas natus iure blanditiis.,4574.22,
5948,2025-08-19,Despesa,Receita,Amet blanditiis eligendi.,-3937.53,
5949,2025-08-24,receita,Tecnologia,Ad eum.,-549.76,
5950,2025-02-13,Despesa,Receita,Labore perspiciatis.,9115.07,PED-97093
5951,2024-07-05,receita,Marketing,Quo laborum esse cupiditate.,5564.07,PED-24051
5952,2024-05-13,Receita,RH,Voluptates quia fugit numquam.,-5058.45,
5953,2025-06-02,Despesa,RH,Deleniti nulla.,4099.13,PED-61095
5954,2024-06-05,Receita,RH,Nobis praesentium.,-3727.41,
5955,2026-01-29,receita,marketing,Nemo culpa modi unde consequuntur.,5706.17,
5956,2025-05-19,Despesa,Tecnologia,Dolorum fugit accusamus.,1783.44,
5957,2025-09-23,Receita,Marketing,Non magnam.,3874.08,PED-42268
5958,2025-05-24,Despesa,Marketing,Non quos ex.,7736.92,
5959,2024-10-16,Despesa,RH,Magni aperiam voluptates in reiciendis.,702.99,
5960,2024-07-14,Receita,Logística,Minima ducimus pariatur.,-5261.82,PED-77350
5961,2025-12-20,receita,Marketing,Unde numquam asperiores impedit laudantium.,841.42,PED-48275
5962,2024-12-26,Despesa,Receita,Tempora qui ipsam repellat.,4375.01,PED-20613
5963,2024-05-10,Receita,Marketing,Laborum accusantium quasi.,-2914.09,
5964,2025-02-13,Receita,marketing,Itaque blanditiis.,-7882.43,PED-94698
5965,2025-10-01,Despesa,Tecnologia,Itaque earum explicabo.,-3119.28,
5966,2024-09-14,Receita,Receita,Quibusdam similique nulla adipisci.,10802.64,PED-93617
5967,2025-02-27,Receita,marketing,Illo fugit vel.,3888.91,PED-75929
5968,2024-12-31,receita,RH,Provident tenetur mollitia impedit placeat.,-7055.38,
5969,2025-01-20,receita,Marketing,Quisquam architecto nulla.,4091.74,PED-36963
5970,2025-01-18,receita,Receita,Cupiditate consequuntur ullam repellendus voluptates.,5795.47,PED-99052
5971,2024-05-06,receita,Receita,Quisquam expedita.,-6623.85,
5972,2025-09-09,receita,Tecnologia,Accusamus eius aperiam voluptas.,2099.77,
5973,2025-07-24,Receita,Tecnologia,Architecto accusantium suscipit accusamus ab.,5300.62,
5974,2024-10-06,Receita,Marketing,Alias ducimus asperiores nemo aliquam.,9426.95,
5975,2024-06-15,Receita,marketing,Reiciendis autem neque aut.,-2383.65,
5976,2025-12-15,Despesa,Logística,Minima suscipit similique tenetur.,-4806.34,
5977,2024-07-07,Receita,Tecnologia,Aspernatur voluptatem sit voluptate deserunt.,5150.68,PED-32158
5978,2025-11-15,Receita,marketing,Voluptas iusto maiores ipsam.,-7369.47,
5979,2025-01-15,Despesa,Receita,Quibusdam neque asperiores.,-6464.05,PED-98095
5980,2024-07-05,Despesa,Marketing,Vel dolore quo.,6473.3,PED-93515
5981,2024-08-09,Receita,RH,Quam quam eos saepe fugit.,8821.92,
5982,2025-10-02,Despesa,Receita,Consectetur voluptatibus inventore.,1577.68,PED-42182
5983,2024-06-03,Despesa,Marketing,Delectus sequi.,1317.13,PED-76883
5984,2025-02-18,Despesa,RH,Ea corrupti.,568.21,
5985,2024-11-06,Receita,Marketing,Eveniet laborum voluptates dolorum quia.,-928.24,PED-20589
5986,2025-04-24,Despesa,Receita,Tenetur facilis.,-6005.54,PED-16600
5987,2024-02-16,Receita,RH,Vero nobis.,-5717.2,PED-41646
5988,2025-07-18,Despesa,Logística,Assumenda doloribus velit.,9427.23,PED-13615
5989,2025-05-09,Receita,marketing,Ullam numquam quo modi dolores.,-3666.17,PED-10841
5990,2024-06-19,Receita,Marketing,Sunt odit dolor quisquam.,9643.05,
5991,2024-02-07,Despesa,Logística,Quidem accusantium porro.,7970.95,PED-49837
5992,2024-08-21,receita,Logística,Dolores pariatur odio necessitatibus.,406.31,
5993,2025-03-15,Despesa,RH,Dolorem fugiat laborum ratione.,-1117.66,
5994,2024-09-17,Despesa,marketing,Reiciendis ratione earum.,1070.39,
5995,2024-07-31,Receita,RH,Blanditiis voluptates cupiditate.,922.94,
5996,2024-08-26,Despesa,Receita,Delectus modi aperiam iure vero.,2020.52,
5997,2025-12-13,receita,marketing,Laboriosam rerum animi.,3693.09,
5998,2025-11-08,Receita,Receita,Quos sapiente ullam.,34.5,PED-60027
5999,2024-05-15,Despesa,marketing,Nihil error assumenda doloremque debitis.,10799.11,PED-58792
6000,2025-05-07,receita,marketing,Alias ducimus eaque.,1175.33,PED-35637
6001,2024-09-08,Despesa,Logística,Excepturi dicta unde.,8463.29,
6002,2024-08-20,Despesa,marketing,Maxime consectetur itaque.,-3651.69,PED-95888
6003,2024-10-22,Despesa,RH,Rem facere dolore similique.,11228.3,PED-49574
6004,2024-08-26,receita,RH,Optio possimus optio illo.,-4481.82,
6005,2024-10-08,Despesa,marketing,Illo facilis placeat incidunt.,-7983.03,
6006,2025-11-11,Receita,RH,Nam maiores ab.,321.92,PED-22682
6007,2024-09-20,Receita,Receita,Ex tempora est.,5418.85,
6008,2024-06-27,receita,Tecnologia,Dolore distinctio illo occaecati.,-3464.72,PED-88769
6009,2024-11-05,Despesa,Receita,Ipsam eaque.,429.96,PED-64481
6010,2025-01-16,receita,Marketing,Animi dolor ratione.,8834.38,PED-60895
6011,2025-11-16,receita,Tecnologia,Sequi beatae non commodi.,11539.15,PED-60790
6012,2024-09-26,Receita,marketing,Porro numquam.,-451.91,
6013,2025-08-28,Receita,Marketing,Quibusdam perferendis.,-2433.92,PED-38821
6014,2025-05-14,Despesa,Tecnologia,Tempora modi atque.,10410.68,PED-39863
6015,2024-06-04,Despesa,marketing,Maiores quas iusto aspernatur.,5801.91,PED-20322
6016,2025-06-17,Despesa,marketing,Libero vero.,6936.4,
6017,2025-12-16,Despesa,Receita,Ab illo ipsum.,-4646.66,PED-17556
6018,2025-07-26,receita,Tecnologia,Voluptatem fuga vitae.,-3538.92,
6019,2024-10-19,receita,Marketing,Voluptas quos corrupti.,-457.59,
6020,2024-10-19,Despesa,Marketing,Ad placeat consequatur.,-6360.88,
6021,2025-02-18,Receita,Tecnologia,Ut corrupti architecto facere.,-4862.44,
6022,2024-04-17,Despesa,marketing,Placeat similique placeat.,-7591.55,
6023,2025-11-06,receita,Receita,Quae at officiis fugiat.,3667.78,
6024,2025-03-07,receita,Logística,Excepturi praesentium.,5542.9,PED-78920
6025,2024-07-09,Despesa,RH,Et excepturi iure perferendis.,9887.8,PED-86236
6026,2025-05-16,Despesa,Tecnologia,Earum et nihil.,-6862.4,
6027,2024-06-21,Receita,RH,Dolorum dolorum.,-5515.22,PED-46589
6028,2024-07-26,receita,RH,Sequi ab dicta consectetur.,-881.08,
6029,2024-09-25,Receita,RH,Optio explicabo vel voluptas neque.,-6460.61,PED-37690
6030,2025-03-16,receita,marketing,Similique ullam incidunt.,-6105.74,
6031,2024-05-06,Receita,marketing,Quaerat aperiam eligendi.,3927.55,PED-58040
6032,2025-10-21,receita,marketing,Aut nisi similique accusamus nisi.,6896.93,
6033,2024-10-30,receita,Tecnologia,Magni quod sunt nisi.,-1898.23,
6034,2024-07-22,receita,Tecnologia,Dolores officia culpa.,2142.33,
6035,2024-12-02,Despesa,Receita,Sunt nisi veniam laborum.,6210.55,
6036,2025-03-07,receita,Tecnologia,Autem nostrum libero consequuntur.,11560.6,
6037,2025-05-03,Receita,marketing,Impedit cum cum.,4860.04,PED-11699
6038,2026-01-02,Receita,RH,Vel aut maxime quasi quaerat.,11822.16,
6039,2026-01-05,Despesa,Receita,Sed voluptate natus similique blanditiis.,-4565.19,
6040,2026-01-04,Despesa,marketing,Illum repudiandae vel.,431.83,
6041,2025-10-25,Receita,RH,Voluptatem est.,4278.4,PED-79059
6042,2024-10-04,receita,Tecnologia,Ipsa molestias repellendus perferendis eveniet.,-7267.38,PED-15951
6043,2024-06-09,Despesa,Tecnologia,Veniam aut occaecati.,8695.88,PED-41807
6044,2024-07-11,Despesa,marketing,Commodi odio quod provident.,4027.53,PED-48778
6045,2025-12-11,Despesa,Logística,Velit doloribus quos ad.,2070.44,PED-54793
6046,2025-06-07,Receita,Receita,Veniam delectus unde vitae.,3954.04,
6047,2025-05-08,Receita,RH,Et non odio harum.,9012.23,
6048,2025-06-16,Receita,Logística,Sed cum in.,7543.91,
6049,2024-06-03,receita,Logística,Voluptates totam odio reprehenderit earum.,-6605.2,
6050,2024-12-15,receita,Tecnologia,Officia explicabo ut reprehenderit.,9611.69,PED-18751
6051,2025-06-05,receita,RH,Quae harum asperiores labore architecto.,9960.61,
6052,2024-08-30,Despesa,marketing,Adipisci nemo officiis.,116.32,
6053,2025-05-30,Despesa,Tecnologia,Deserunt quae dolores est illo.,-96.7,PED-84900
6054,2025-07-30,receita,Logística,Ipsum sunt incidunt.,-6046.64,PED-37251
6055,2026-01-09,receita,marketing,Eius rem explicabo ratione.,-6123.68,
6056,2024-02-18,Receita,Tecnologia,Eius quo harum.,-3152.77,PED-71642
6057,2024-10-19,Despesa,Receita,Sed recusandae repudiandae eos.,6737.57,
6058,2025-02-18,Despesa,Tecnologia,Cupiditate sint in.,572.98,PED-96717
6059,2024-10-15,receita,Tecnologia,Enim molestiae.,2767.59,PED-27774
6060,2024-12-29,Despesa,Marketing,Perferendis iure nisi sed.,3248.07,
6061,2024-09-28,Despesa,Marketing,Est modi optio.,1218.05,
6062,2024-02-15,receita,Receita,Iste sequi.,10914.16,PED-22182
6063,2024-06-30,receita,Tecnologia,Adipisci ipsam.,-6712.56,
6064,2025-04-28,Despesa,RH,Adipisci officiis quis qui asperiores.,-4157.81,PED-66202
6065,2024-05-16,Receita,RH,Ad odit qui.,5848.21,PED-25862
6066,2025-03-23,Despesa,marketing,Atque quibusdam neque consequuntur atque.,6132.25,
6067,2025-04-14,receita,marketing,Illo vel magni ab.,5009.12,
6068,2024-11-14,Despesa,Logística,Possimus aspernatur nam.,-6118.85,
6069,2025-10-17,Receita,RH,Molestiae excepturi in dolore.,5474.19,
6070,2025-12-20,Despesa,marketing,Occaecati blanditiis iure.,677.59,
6071,2024-11-12,Receita,Tecnologia,Maiores fugiat harum.,-6002.44,PED-50632
6072,2024-08-28,receita,marketing,Doloribus nemo.,-2069.38,PED-82449
6073,2025-09-05,Receita,Receita,Voluptate eligendi impedit possimus.,11705.0,
6074,2025-01-26,Despesa,Logística,Architecto animi impedit.,-3106.99,
6075,2024-03-31,Despesa,Tecnologia,Tempore doloribus corporis.,-1846.99,PED-63916
6076,2024-08-06,Despesa,Marketing,Perferendis cum nostrum excepturi.,-5639.69,PED-77469
6077,2024-03-18,Despesa,Marketing,Tempora ipsam.,11597.49,PED-64595
6078,2025-07-27,Receita,Tecnologia,Commodi voluptatem praesentium earum illum.,8054.13,
6079,2025-02-16,receita,RH,Numquam earum architecto.,-968.94,
6080,2024-03-18,Receita,RH,Est vitae veniam atque.,-7221.37,
6081,2025-03-02,receita,Logística,Error beatae pariatur quae.,11802.37,
6082,2024-07-23,Despesa,marketing,Vero aspernatur provident ullam velit.,-289.13,
6083,2025-07-31,Receita,Receita,Molestias nesciunt laudantium placeat cum.,-4007.32,PED-60243
6084,2024-05-23,Despesa,Logística,Aut non possimus eveniet totam.,-4375.23,
6085,2025-03-14,Receita,Receita,Provident facere veniam deserunt sapiente.,11136.2,PED-41701
6086,2025-08-16,receita,Receita,Dolor mollitia.,-367.91,PED-86426
6087,2024-09-28,Despesa,marketing,Veritatis labore.,7507.35,PED-84691
6088,2024-11-07,Receita,marketing,Doloribus sapiente.,2745.19,PED-22225
6089,2024-03-25,Receita,Marketing,Laudantium minus.,4502.25,
6090,2024-06-20,Despesa,Receita,Officiis harum quos dignissimos.,-7675.15,
6091,2025-05-24,receita,marketing,Quo nihil id.,-2391.15,
6092,2026-01-24,receita,Marketing,Ullam praesentium.,-429.07,
6093,2025-12-27,Despesa,Receita,Quasi a iure exercitationem.,-4243.59,
6094,2025-12-25,Receita,Logística,Vero a repellendus.,5490.92,
6095,2025-02-26,Receita,Logística,Necessitatibus dicta quas officia animi.,-3826.26,
6096,2025-12-13,Despesa,Tecnologia,Sed non magni.,-375.02,PED-90254
6097,2024-12-13,Despesa,Marketing,Ex odit dicta.,2154.61,PED-57444
6098,2025-10-11,Receita,Logística,Nisi voluptatibus veritatis expedita.,-3018.21,
6099,2025-03-09,receita,Tecnologia,Facere quae magni fugit aperiam.,10894.29,PED-82677
6100,2025-11-20,receita,Marketing,Id minima aperiam.,995.34,PED-36765
6101,2024-02-10,Receita,Tecnologia,Autem aspernatur.,9239.38,PED-31376
6102,2024-03-21,Despesa,Logística,Debitis corporis repudiandae.,9582.76,
6103,2024-09-22,Receita,Tecnologia,Laboriosam dolores labore provident.,538.4,PED-89305
6104,2025-06-04,receita,Logística,Quos in beatae alias.,-3809.41,
6105,2024-03-29,receita,RH,Voluptate deserunt aspernatur neque.,-1437.25,PED-43897
6106,2024-03-19,Receita,Tecnologia,Ducimus distinctio distinctio at.,2460.67,
6107,2024-10-19,Despesa,Tecnologia,Qui dolorum doloribus doloremque pariatur.,-1195.54,PED-27874
6108,2024-12-23,Receita,Logística,Aperiam magni dolorum quis.,11719.1,PED-90022
6109,2024-11-26,Despesa,RH,Est dolore adipisci.,2326.9,PED-66837
6110,2024-05-29,receita,Tecnologia,Numquam repellat laborum.,2777.88,PED-85941
6111,2025-02-05,receita,Marketing,Similique est perferendis voluptas repellat.,171.66,PED-23958
6112,2025-11-05,Despesa,Receita,Rem dolor illo nesciunt magni.,-7555.02,
6113,2025-06-24,Receita,Logística,Amet aspernatur facere.,4424.51,
6114,2025-04-08,Receita,marketing,Mollitia ex cum asperiores iusto.,7968.42,PED-44171
6115,2024-09-24,Receita,Logística,Sunt provident optio.,-156.22,PED-56988
6116,2024-03-18,receita,Receita,Placeat minima.,-1484.15,PED-95540
6117,2024-04-04,Receita,Tecnologia,Quos nisi quaerat.,6559.43,
6118,2024-11-10,Despesa,Marketing,Laborum facere eos.,-312.81,PED-96794
6119,2024-08-05,receita,Tecnologia,Repellendus ut quos.,9736.37,
6120,2025-08-14,Receita,Logística,Dolores cum aliquid.,5885.88,PED-58226
6121,2025-09-19,Despesa,Tecnologia,Ipsa rerum sequi dolore accusantium.,-1446.68,PED-46469
6122,2024-06-18,Receita,Receita,Sequi illum consectetur.,-1297.53,PED-63603
6123,2025-04-06,Despesa,Tecnologia,Fugit omnis perferendis asperiores.,7819.76,PED-40058
6124,2024-10-21,receita,Logística,Cum est.,-7088.78,
6125,2024-04-08,Despesa,RH,In repudiandae dolorum dolorem.,-6557.98,
6126,2025-08-30,receita,RH,Asperiores atque eaque expedita.,-5512.57,
6127,2024-04-22,receita,Marketing,In hic.,11606.75,
6128,2025-03-09,Despesa,Logística,Nostrum iusto molestiae delectus aperiam.,9425.87,PED-74291
6129,2025-09-16,Despesa,marketing,Natus debitis voluptatibus dignissimos.,7111.4,
6130,2024-10-16,Despesa,RH,Vero modi inventore.,7211.82,PED-42685
6131,2024-10-12,Despesa,marketing,Porro doloribus debitis.,7174.82,
6132,2025-05-28,Despesa,RH,Nemo veniam magni.,-4082.75,PED-77128
6133,2025-08-31,Receita,Marketing,Unde amet praesentium deleniti.,6401.81,
6134,2024-06-09,Receita,marketing,Odit neque consequuntur in maxime.,785.5,PED-85773
6135,2026-01-10,Despesa,Logística,Temporibus tenetur ipsa.,-6318.82,
6136,2024-10-05,Receita,Logística,Exercitationem ea pariatur.,4854.01,PED-76022
6137,2024-11-04,Receita,Receita,Eaque aspernatur quis dolorum excepturi.,1794.51,PED-55911
6138,2025-02-23,receita,Marketing,Sapiente nam libero sunt mollitia.,9830.67,PED-60763
6139,2024-12-24,receita,marketing,Illo tempora.,-6967.89,PED-35467
6140,2025-12-27,Receita,Logística,Id explicabo.,-1919.11,
6141,2024-12-16,Despesa,Tecnologia,Necessitatibus ipsa eligendi deleniti.,-2836.7,PED-76672
6142,2024-11-29,Despesa,Receita,Esse quo sint nisi.,6374.62,
6143,2025-09-10,Despesa,Marketing,Suscipit sint voluptatem animi.,5485.3,
6144,2024-06-17,Receita,Logística,Iure omnis neque.,794.89,
6145,2025-08-08,receita,Receita,Repudiandae quibusdam.,8844.24,PED-16267
6146,2024-12-14,Receita,Marketing,Quis corrupti minima atque.,9718.18,PED-49512
6147,2024-03-24,receita,RH,Non reiciendis delectus.,1231.02,
6148,2025-01-26,Despesa,RH,Pariatur facere fuga consequatur.,9803.84,
6149,2025-06-08,receita,RH,Amet officia.,2763.66,PED-15392
6150,2024-05-24,receita,Logística,Voluptates a adipisci molestiae.,7671.13,PED-59064
6151,2025-05-09,Despesa,Logística,Inventore neque veniam.,5001.26,PED-47389
6152,2024-11-03,Receita,Tecnologia,Et dolor omnis voluptatum.,-917.17,PED-34937
6153,2024-09-01,Despesa,RH,Amet debitis earum sequi.,7744.23,
6154,2025-02-11,receita,RH,Temporibus voluptatibus vel quam atque.,1314.62,PED-83082
6155,2024-08-01,receita,Marketing,Unde reprehenderit.,-2697.23,
6156,2025-03-29,receita,RH,Adipisci sapiente corrupti.,1344.92,PED-20553
6157,2025-11-09,Despesa,RH,Officiis aspernatur magni dicta libero.,-985.35,
6158,2026-01-15,Receita,Logística,Voluptatum molestias distinctio.,7087.62,
6159,2025-02-09,Receita,Tecnologia,Esse atque.,3767.21,
6160,2025-10-23,Despesa,Logística,Quos odit veritatis odit.,6769.5,PED-63613
6161,2025-02-06,receita,Logística,Itaque accusantium nihil.,6519.45,
6162,2024-02-04,Despesa,Logística,Est ducimus impedit eos.,6447.03,
6163,2024-11-17,Despesa,Logística,Excepturi dolor esse ipsam nemo.,5093.88,PED-65399
6164,2024-02-17,Receita,Logística,Dicta dolores.,11076.62,
6165,2025-03-22,receita,RH,Blanditiis eum cumque.,11677.07,
6166,2024-05-11,Receita,Logística,Accusamus cupiditate neque magnam.,1328.3,
6167,2024-07-21,Receita,Marketing,Assumenda praesentium dignissimos.,6712.25,PED-50326
6168,2024-04-25,receita,Marketing,Inventore voluptates numquam eaque possimus.,-6426.71,PED-88361
6169,2024-05-29,receita,Marketing,Dolore dolorum ipsum.,-6264.73,PED-23343
6170,2024-10-02,Despesa,marketing,Dolore consequuntur maxime.,6977.52,PED-68696
6171,2025-10-20,receita,RH,Iusto quaerat laudantium.,-6469.98,PED-50162
6172,2024-08-18,receita,RH,Velit temporibus iure neque.,10466.34,PED-76941
6173,2024-07-25,Despesa,RH,Aspernatur consequatur possimus quia consequatur.,5378.59,PED-46787
6174,2024-10-23,Despesa,Tecnologia,Eaque ducimus laboriosam fugiat.,232.17,PED-97977
6175,2025-11-09,Despesa,marketing,Accusamus vel ducimus.,6163.4,PED-12073
6176,2024-12-14,Despesa,marketing,Excepturi ratione repellendus nihil veniam.,-622.8,PED-54969
6177,2024-04-29,Receita,Tecnologia,A voluptatem minus quasi.,4838.08,PED-18886
6178,2024-04-05,Despesa,marketing,Totam iste cupiditate dignissimos blanditiis.,6027.67,
6179,2025-12-13,Despesa,marketing,Facilis odio iure ipsam placeat.,3485.03,PED-34370
6180,2025-07-23,receita,Logística,Hic aliquam.,9107.31,PED-51359
6181,2024-06-09,receita,Receita,Fugit nemo cumque.,-3160.62,PED-80127
6182,2024-05-19,Receita,marketing,Nisi nulla praesentium.,-6658.29,PED-17182
6183,2025-09-02,Receita,marketing,Eaque sequi distinctio.,9513.41,PED-79721
6184,2025-12-30,receita,Marketing,Voluptatum autem a.,-1833.46,PED-50308
6185,2024-11-18,Receita,marketing,Illo numquam perferendis molestias.,3035.27,PED-21834
6186,2024-09-24,receita,Receita,Et quas.,6812.99,
6187,2024-09-23,receita,RH,Architecto delectus necessitatibus similique voluptates.,-2015.35,
6188,2024-08-27,Receita,marketing,Error quod fugit.,-1453.71,PED-44400
6189,2025-02-22,Receita,Marketing,Nulla corporis.,10600.46,
6190,2024-04-07,Despesa,marketing,Neque architecto recusandae molestias.,7661.82,
6191,2024-12-05,receita,Marketing,Aperiam nisi quas deserunt.,2745.41,PED-99385
6192,2025-11-25,receita,Logística,Aliquam dolorem nesciunt.,10513.42,PED-75129
6193,2025-03-01,receita,Marketing,Tempore est et laboriosam.,-3924.26,PED-36680
6194,2025-12-04,Receita,Tecnologia,Neque fugiat aut esse.,5486.32,
6195,2024-12-28,receita,Tecnologia,Debitis culpa rerum laudantium.,-522.24,PED-45066
6196,2024-09-19,receita,Tecnologia,At quod.,8294.3,
6197,2025-03-21,Despesa,Tecnologia,Deserunt est labore animi magnam.,7516.4,
6198,2025-09-16,Despesa,Marketing,Iure ipsam dolore.,1779.19,PED-88946
6199,2024-04-21,receita,Tecnologia,Sed qui vero officia.,8134.62,PED-17587
6200,2025-06-27,Despesa,Receita,Amet minima nihil eum.,7873.06,
6201,2024-09-26,Despesa,RH,Dolore unde.,-1394.16,
6202,2025-03-07,receita,RH,A porro eveniet nihil.,-1096.76,
6203,2024-08-26,Receita,Tecnologia,Adipisci esse nisi vitae.,-3889.32,
6204,2025-08-27,receita,Tecnologia,Mollitia officia et.,7244.09,
6205,2024-04-21,Despesa,Receita,Doloribus eaque.,7308.59,
6206,2024-07-23,Despesa,Marketing,Quod dignissimos magnam laboriosam.,8382.48,
6207,2024-11-15,receita,marketing,Quibusdam doloribus sunt.,6071.55,PED-32681
6208,2026-01-05,Receita,Marketing,Temporibus omnis hic neque dolorem.,5782.75,PED-58493
6209,2026-01-15,Despesa,marketing,Amet enim explicabo.,11561.5,
6210,2025-06-14,Receita,Marketing,Doloremque laboriosam odit.,2300.21,PED-30281
6211,2025-05-13,Receita,Logística,Vitae vero ipsum ea necessitatibus.,-6186.44,PED-21423
6212,2024-10-13,Despesa,RH,Ad reprehenderit quaerat.,-6237.58,
6213,2024-10-31,receita,Receita,Repellendus maiores dicta eligendi.,-872.83,
6214,2025-09-04,Receita,Logística,Minima magni.,-3530.86,
6215,2025-01-27,receita,Logística,Sapiente soluta cumque quasi dignissimos.,-7794.75,
6216,2025-04-29,Despesa,Receita,Deleniti placeat dolor architecto.,-6003.83,PED-16219
6217,2025-10-02,receita,Tecnologia,Ducimus odio officiis.,2980.59,PED-96985
6218,2024-07-20,receita,RH,Quo nisi corrupti eligendi.,135.54,
6219,2025-05-14,Despesa,Logística,Amet ipsa accusantium magnam eligendi.,-1489.27,
6220,2025-03-31,Despesa,Receita,Amet repudiandae ex.,11475.07,
6221,2025-10-20,Receita,RH,Explicabo voluptas.,10775.19,PED-88374
6222,2024-11-15,receita,marketing,Ducimus numquam beatae voluptates.,-6898.47,
6223,2026-01-08,Despesa,Receita,Ipsam non ut dignissimos sint.,8073.83,PED-13002
6224,2025-03-29,Receita,Receita,Quis quis atque.,6964.26,PED-93979
6225,2025-09-08,Despesa,Tecnologia,Sequi iusto porro ex iure.,-6134.33,
6226,2024-04-23,Receita,Receita,Cum quae molestias quo.,-2998.83,PED-26187
6227,2024-09-05,Despesa,marketing,Iste voluptatibus voluptas repellendus iusto.,348.06,
6228,2024-12-17,Receita,Receita,Maxime fugit et.,-6325.63,PED-75433
6229,2025-02-08,Despesa,RH,Quidem dolor.,-4590.02,PED-59942
6230,2026-01-03,Receita,Marketing,Consectetur non quaerat.,2581.56,PED-92762
6231,2025-05-31,receita,Tecnologia,Quisquam id unde inventore.,7992.62,
6232,2024-03-25,Receita,Logística,Nisi in.,3374.06,PED-28238
6233,2025-06-03,receita,marketing,Hic ut animi.,7201.27,PED-82255
6234,2025-04-28,Receita,Receita,Cupiditate nesciunt.,-3975.27,
6235,2024-05-05,Receita,Receita,Animi omnis iste.,5220.16,PED-45039
6236,2024-09-28,Despesa,RH,Incidunt officia facere numquam.,6700.32,
6237,2024-10-25,Despesa,RH,Rem assumenda.,10785.51,PED-28972
6238,2025-04-30,Receita,Logística,Necessitatibus sint.,-1306.46,PED-15858
6239,2025-07-12,Despesa,Tecnologia,Ipsum excepturi.,9691.68,
6240,2025-11-21,Despesa,marketing,Excepturi magni.,10270.55,PED-77634
6241,2024-11-15,Receita,RH,Quos dolore ipsum quas suscipit.,-7121.64,
6242,2024-12-12,Receita,marketing,Quod minus unde.,-2757.05,PED-64854
6243,2025-12-09,receita,RH,Eius necessitatibus temporibus natus.,-2730.2,PED-62315
6244,2025-06-18,Receita,Receita,Magnam adipisci.,3591.44,
6245,2024-10-12,Despesa,Tecnologia,Nobis at doloribus.,11441.05,PED-86601
6246,2026-01-15,receita,RH,Eligendi veritatis facere.,11258.74,
6247,2024-02-14,Receita,Marketing,In quo minima deleniti ut.,10011.6,PED-53152
6248,2025-04-27,receita,marketing,Error officia quo.,-3588.85,PED-83251
6249,2025-08-31,Despesa,Tecnologia,Eligendi odit veritatis deserunt.,10534.92,PED-68038
6250,2024-04-02,receita,RH,Eligendi perferendis unde reprehenderit blanditiis.,5945.14,
6251,2024-12-28,Receita,marketing,Quod quo provident assumenda.,-212.94,PED-16876
6252,2024-08-20,Despesa,marketing,Accusamus dolores exercitationem.,9700.98,
6253,2025-09-11,Receita,Marketing,Soluta voluptatum quasi facilis.,7987.29,PED-35366
6254,2024-02-13,Receita,Logística,Beatae commodi nemo officia.,1639.89,PED-87217
6255,2024-03-28,Despesa,RH,Recusandae eveniet est.,10051.02,
6256,2024-09-20,Receita,Tecnologia,Quasi dicta veritatis.,-7666.47,
6257,2025-09-06,Despesa,Receita,Blanditiis soluta perspiciatis fugiat.,-2872.98,PED-78295
6258,2025-05-30,Despesa,marketing,Expedita ad voluptatum.,3202.39,PED-84650
6259,2025-02-28,receita,Marketing,Laborum recusandae excepturi voluptatum.,3782.43,PED-25995
6260,2025-07-04,receita,Tecnologia,Quia asperiores impedit perferendis.,6621.54,
6261,2025-08-05,receita,RH,Facere rerum vel veniam.,-5437.08,PED-41374
6262,2024-06-08,Receita,Receita,Maiores quo.,176.79,
6263,2025-09-11,Despesa,Logística,Fuga harum officia architecto.,6574.26,PED-26527
6264,2024-07-29,receita,Marketing,Suscipit sint nam aliquid.,8156.57,PED-43534
6265,2024-12-28,Despesa,Tecnologia,Porro recusandae asperiores.,6964.29,PED-64246
6266,2024-04-22,receita,Receita,Cupiditate nemo.,5216.59,
6267,2024-07-08,receita,Receita,Ex corporis velit.,10785.22,
6268,2024-05-12,Receita,Tecnologia,Ex adipisci debitis.,10124.66,
6269,2024-04-12,Receita,Tecnologia,Tempore qui occaecati.,-3633.32,PED-42174
6270,2024-08-16,Receita,Marketing,Hic saepe.,735.79,PED-76840
6271,2024-06-20,receita,Tecnologia,Cum quos.,6549.86,PED-99326
6272,2024-03-03,receita,RH,Vero adipisci ipsa.,4782.77,
6273,2025-01-22,Despesa,RH,Iure doloremque.,-2429.16,
6274,2025-01-09,receita,Logística,Dignissimos nesciunt cumque.,6681.32,PED-85305
6275,2024-10-28,Despesa,RH,Distinctio magni molestiae beatae vel.,-1305.54,
6276,2024-09-15,receita,Receita,Tempora eaque.,-3986.68,PED-72596
6277,2024-07-01,receita,Receita,Fugiat optio voluptatibus fuga voluptas.,7745.83,
6278,2024-09-06,Despesa,Receita,Dolorem illo nihil explicabo.,4453.05,PED-45984
6279,2025-11-05,receita,Marketing,Aut dicta facere et.,11339.36,PED-18437
6280,2025-07-19,Despesa,RH,Praesentium quisquam labore.,5678.08,PED-30511
6281,2025-03-15,receita,Logística,Cum numquam magnam itaque.,7212.26,
6282,2025-03-27,Despesa,Tecnologia,Dolores autem nulla asperiores amet.,1860.4,PED-43708
6283,2024-07-03,Receita,Logística,Ratione quasi eos.,4262.57,PED-56608
6284,2025-02-09,Receita,Logística,Expedita magnam doloremque ducimus.,7572.99,PED-67125
6285,2024-05-27,Receita,Tecnologia,Quos officia illum sit esse.,66.05,PED-79387
6286,2025-11-12,Receita,Receita,Et minima quia.,-7841.27,
6287,2024-08-13,receita,Receita,Debitis sequi.,2086.34,
6288,2024-09-28,Receita,RH,Ducimus accusamus quis.,7685.67,
6289,2024-05-01,Despesa,Logística,Accusamus inventore tempora tempore dicta.,3512.14,
6290,2025-05-09,Receita,Logística,Voluptates ipsam esse consectetur itaque.,-5108.33,PED-78724
6291,2025-10-13,Despesa,Receita,Quod cum enim occaecati.,-3700.67,
6292,2024-12-02,receita,RH,Natus neque iusto.,204.2,PED-16398
6293,2024-11-23,receita,Receita,Assumenda ipsa sed totam.,5883.16,
6294,2024-05-29,receita,Marketing,Sint error provident.,7872.68,PED-35760
6295,2025-02-19,Despesa,Marketing,Adipisci esse.,-6560.21,
6296,2024-09-16,receita,Receita,Dolores sapiente inventore.,-3159.78,PED-79072
6297,2024-05-06,receita,Receita,Porro ullam molestias porro.,1719.41,PED-55340
6298,2025-11-10,receita,Logística,Aliquid laudantium accusantium esse consequuntur.,336.58,PED-12067
6299,2025-02-09,Receita,Tecnologia,Beatae ducimus amet.,-4915.18,
6300,2024-07-15,Despesa,RH,Facere sit vel.,1691.11,PED-45038
6301,2024-07-13,Despesa,Receita,Libero nobis recusandae labore nostrum.,-5244.28,
6302,2025-06-21,Despesa,Logística,Architecto aliquam sit.,6987.74,PED-61784
6303,2024-09-27,Despesa,Tecnologia,Minus vero ratione autem.,-6740.67,
6304,2025-03-05,Despesa,Tecnologia,Cum voluptatibus eos.,8420.23,PED-55747
6305,2024-03-19,receita,Receita,Non aperiam.,4530.75,
6306,2025-07-17,Despesa,Logística,Iste blanditiis eius eligendi quaerat.,6757.26,
6307,2024-02-09,receita,Logística,Ab perspiciatis ut.,6453.1,
6308,2024-02-28,Despesa,marketing,Consectetur natus sequi sint.,9217.91,PED-98287
6309,2025-03-18,receita,Logística,Molestias omnis.,9495.04,
6310,2025-01-09,Receita,marketing,Blanditiis quam porro.,-274.45,PED-64628
6311,2025-02-11,Receita,Tecnologia,Quos iusto.,-584.39,PED-72612
6312,2026-01-14,receita,Receita,Labore esse maxime laboriosam.,-91.52,
6313,2024-05-25,receita,Logística,Assumenda voluptate debitis.,-6356.28,
6314,2025-01-09,Despesa,Tecnologia,Ratione odio alias veritatis dolore.,-6706.52,PED-73343
6315,2025-02-27,receita,Marketing,Quisquam tempora quod mollitia tempore.,-4936.47,PED-98812
6316,2025-07-15,receita,Marketing,Odio dolore ab aliquid.,7869.31,
6317,2025-05-31,receita,marketing,Et sed deleniti sunt rerum.,5443.69,PED-66288
6318,2025-09-07,Despesa,Tecnologia,Quam quae vero.,-4443.14,
6319,2025-11-13,Despesa,Receita,Occaecati consequatur.,-1273.12,PED-84758
6320,2026-01-24,receita,RH,Labore eum.,898.83,PED-55941
6321,2025-06-23,receita,Tecnologia,Libero voluptate nihil maiores.,9957.81,
6322,2026-01-30,receita,Logística,Quas minus inventore quas.,-1940.15,PED-90315
6323,2026-01-16,Despesa,Receita,Illum iusto.,-3795.06,
6324,2025-04-26,receita,Tecnologia,Inventore qui officiis atque velit.,1415.01,
6325,2024-04-05,receita,RH,Non vitae sint.,8014.06,
6326,2024-04-13,Despesa,Marketing,Doloribus libero vero soluta.,8601.37,
6327,2024-04-29,receita,RH,Omnis rem sed.,10932.18,PED-41587
6328,2026-01-30,Receita,Logística,Eaque molestiae commodi exercitationem laudantium.,-3789.82,PED-87822
6329,2025-01-08,receita,Marketing,Excepturi animi.,11882.19,
6330,2024-07-26,Receita,Marketing,Placeat nisi sed.,10994.93,PED-94338
6331,2025-03-08,receita,RH,Explicabo temporibus natus omnis asperiores.,9176.17,PED-47714
6332,2025-10-18,Receita,Receita,Autem ab aperiam.,-6564.87,PED-96410
6333,2025-04-25,Despesa,Tecnologia,Est laudantium maiores.,1675.13,PED-32668
6334,2024-12-29,receita,RH,Doloribus earum eveniet.,11238.49,PED-54140
6335,2024-03-23,receita,Marketing,At quo consectetur libero.,-3534.98,PED-45437
6336,2024-05-24,receita,Marketing,Optio animi laboriosam totam.,-129.84,PED-53096
6337,2024-02-20,receita,marketing,Ut quasi.,4391.49,
6338,2024-05-23,Receita,marketing,Assumenda consequuntur aliquam accusamus provident.,2728.13,PED-58874
6339,2025-04-06,Despesa,Marketing,Placeat possimus impedit voluptatem.,8679.8,PED-98362
6340,2025-12-14,receita,Receita,Ipsam magnam.,3956.09,PED-73936
6341,2025-02-20,Despesa,Marketing,Itaque similique et.,5072.42,
6342,2024-03-28,Receita,Tecnologia,Consequatur debitis.,7468.25,
6343,2025-08-08,Receita,RH,Consectetur modi blanditiis qui.,-4647.11,PED-37971
6344,2025-09-28,receita,Marketing,Magni amet.,-1988.34,
6345,2025-04-16,receita,RH,Dolorem fuga alias expedita.,8137.28,
6346,2024-03-09,receita,Receita,Animi veniam minima perferendis.,11581.45,PED-97744
6347,2024-10-26,Despesa,Receita,Neque exercitationem ullam asperiores.,-3088.86,
6348,2024-03-21,Despesa,Logística,Eligendi dicta velit.,6272.89,PED-84960
6349,2024-02-24,Receita,Tecnologia,Necessitatibus voluptatibus.,6257.36,PED-75446
6350,2024-11-25,receita,Receita,Atque distinctio inventore.,7331.66,
6351,2025-05-23,receita,Marketing,Recusandae numquam nam repudiandae doloremque.,-4180.73,
6352,2025-09-07,Receita,Marketing,Dolorum dicta ex.,1202.35,
6353,2025-06-30,Despesa,Marketing,Quia sit ab.,7159.57,
6354,2025-11-23,receita,RH,Et magni.,3455.57,PED-94699
6355,2025-05-13,Despesa,Marketing,Ducimus veritatis.,1777.62,
6356,2025-04-23,Despesa,Logística,Praesentium aspernatur tenetur magnam.,-1723.68,PED-22827
6357,2025-04-15,Despesa,marketing,Voluptatum non vel dolore.,-5803.16,
6358,2024-12-15,Despesa,Tecnologia,Ipsam maxime laboriosam tempore.,7413.01,PED-86726
6359,2024-04-24,receita,RH,Dolore enim officia distinctio odio.,5537.12,
6360,2025-03-29,receita,RH,Dignissimos dolores harum est eius.,11997.14,PED-58236
6361,2024-10-10,Despesa,Tecnologia,Nemo ducimus dolorem iusto accusantium.,3886.93,PED-15960
6362,2024-09-15,Receita,RH,Exercitationem possimus.,-5438.26,
6363,2025-06-29,receita,Marketing,Ducimus impedit harum minus esse.,11340.77,PED-40209
6364,2025-07-22,Receita,marketing,Ut qui odit beatae.,4241.84,PED-19753
6365,2025-11-16,Receita,Marketing,Cumque dignissimos qui.,4072.02,
6366,2025-06-24,receita,Receita,Consequatur esse beatae ullam delectus.,-1804.88,
6367,2025-03-09,receita,RH,Quod sed.,9021.32,PED-39493
6368,2024-02-25,receita,Receita,In dolorem.,7437.82,PED-84419
6369,2025-02-17,receita,Marketing,Ex in quis.,11013.88,
6370,2025-05-15,Receita,Receita,Non odio veniam officia quo.,7352.88,
6371,2024-02-22,Despesa,Marketing,Ex culpa mollitia commodi.,10283.46,
6372,2026-01-12,receita,Receita,Pariatur occaecati fuga.,739.06,
6373,2024-09-21,receita,Marketing,Voluptate ipsam itaque.,2273.32,
6374,2024-05-26,Despesa,RH,Asperiores dolore ullam.,-3254.31,PED-71718
6375,2024-10-29,Despesa,Marketing,Nisi quam explicabo.,-5170.19,PED-76398
6376,2025-02-17,receita,Tecnologia,Quos eligendi fugit.,-5926.28,
6377,2024-06-03,Receita,marketing,Officia quod velit aliquid doloremque.,-6488.82,
6378,2024-09-02,receita,marketing,Doloremque at pariatur vero.,8102.08,
6379,2024-10-01,Despesa,RH,Distinctio facere sequi quos.,7794.36,
6380,2024-11-13,receita,Tecnologia,Voluptatum aperiam nobis.,9302.94,PED-61683
6381,2025-10-04,receita,Logística,Quo in enim.,4583.54,PED-45762
6382,2025-05-26,receita,Receita,Aut id accusamus.,-3704.6,PED-59123
6383,2024-09-21,receita,Logística,Velit deserunt nisi voluptatibus veniam.,10490.69,
6384,2024-10-27,Despesa,Tecnologia,Aperiam ut esse occaecati odit.,5314.65,
6385,2024-06-24,Receita,RH,Quod natus.,10427.33,
6386,2025-03-29,Despesa,Logística,Quia modi sapiente ratione.,-5112.31,
6387,2024-06-07,Despesa,Tecnologia,Quidem in.,-3672.24,PED-66208
6388,2025-09-03,Receita,Tecnologia,Dolore impedit sequi.,7571.89,PED-46629
6389,2024-08-17,Receita,Logística,Corrupti dicta quae.,-359.96,
6390,2025-03-08,Receita,Marketing,Asperiores ad fugiat soluta.,-2779.29,
6391,2024-12-31,Receita,marketing,Laborum voluptas sunt.,-1527.14,
6392,2024-10-03,Receita,marketing,Recusandae modi vel tempora dignissimos.,858.32,
6393,2024-11-05,receita,Marketing,Laborum quia animi.,-4088.1,PED-76605
6394,2025-03-15,receita,Logística,Sint natus et odio.,1374.26,
6395,2025-06-02,Despesa,Tecnologia,Itaque quod.,-7788.66,PED-65284
6396,2024-08-22,receita,Marketing,Deserunt et totam accusamus ullam.,11426.48,PED-41095
6397,2024-11-29,receita,marketing,Facilis placeat nesciunt libero.,6809.25,
6398,2025-12-16,receita,RH,Nulla tenetur accusamus debitis excepturi.,5084.11,PED-18608
6399,2025-03-26,Receita,Marketing,Dicta aliquam a sed.,1979.75,PED-15478
6400,2024-04-12,Despesa,Tecnologia,Nam quo.,8911.11,
6401,2025-06-25,Despesa,Logística,Architecto autem enim.,-5940.44,
6402,2025-06-07,Receita,marketing,Saepe iste non.,9720.96,
6403,2024-03-05,receita,Logística,Aperiam voluptates porro voluptatem officia.,5086.83,PED-62508
6404,2025-05-16,Despesa,RH,Rem exercitationem praesentium ipsam.,1345.36,
6405,2025-04-25,receita,Marketing,A fuga quia mollitia.,-1541.97,
6406,2024-02-07,Despesa,Receita,Inventore eveniet laudantium beatae.,-7591.34,
6407,2025-04-05,Despesa,Receita,Nulla exercitationem recusandae numquam.,6193.1,
6408,2024-08-16,Receita,Logística,Eos cumque sed.,-5386.23,
6409,2025-08-29,Despesa,Tecnologia,Eveniet nobis quaerat nam.,1012.57,
6410,2025-08-10,Despesa,Marketing,Quidem sapiente occaecati dolores.,6747.86,
6411,2024-08-17,Receita,RH,Quas accusamus similique.,11869.4,PED-28638
6412,2025-03-13,receita,Marketing,Non dolor neque.,1247.43,
6413,2025-05-01,receita,marketing,Sed quidem nam tempora.,-6660.31,PED-42632
6414,2024-08-07,Despesa,marketing,In fugit.,7619.18,
6415,2024-09-30,receita,Marketing,Molestias quo optio.,-5188.09,PED-24821
6416,2025-03-06,Despesa,Receita,Quo dignissimos modi eum.,10584.44,PED-13287
6417,2024-12-29,receita,Logística,Blanditiis expedita veritatis neque.,2287.98,
6418,2024-12-30,Receita,Logística,Aperiam at temporibus laudantium maiores.,2904.73,PED-75992
6419,2024-03-21,Receita,Receita,At nulla debitis hic.,8783.92,
6420,2025-03-03,Receita,RH,Magni molestias.,-758.24,PED-41367
6421,2025-04-03,Receita,RH,Fugit impedit aliquid reiciendis.,-1770.03,PED-43255
6422,2024-12-05,Despesa,marketing,Repellat molestiae nemo quibusdam.,7429.77,
6423,2024-08-15,Receita,marketing,Nesciunt saepe at velit.,6688.09,
6424,2024-08-02,Receita,marketing,Occaecati minima magnam.,10217.64,
6425,2025-10-11,Receita,Tecnologia,Nam optio.,-1391.62,PED-77269
6426,2024-10-05,Despesa,Tecnologia,Doloribus incidunt corrupti.,-7761.31,PED-38907
6427,2025-06-04,Despesa,RH,Sint quasi magnam.,-6000.67,
6428,2025-09-22,receita,Receita,At laborum.,-7463.49,PED-14280
6429,2024-03-23,receita,Tecnologia,Voluptatum excepturi non sequi excepturi.,1038.02,PED-17468
6430,2024-10-09,Receita,marketing,Sed ducimus non.,-2927.02,
6431,2024-11-16,receita,Marketing,Amet cupiditate ipsam.,11263.53,
6432,2024-10-16,Despesa,Receita,Quae reiciendis saepe tenetur.,3105.61,
6433,2025-05-12,Receita,RH,Quo sequi.,-296.3,
6434,2025-10-11,Despesa,RH,Ipsa nisi possimus.,7279.28,PED-62915
6435,2025-08-12,receita,Receita,Consequatur voluptates ad magnam consequatur.,711.66,
6436,2024-03-02,receita,Logística,Officiis similique id pariatur.,-3511.19,PED-52545
6437,2025-03-13,Despesa,Receita,Ratione iste aspernatur.,5365.93,
6438,2025-08-12,Despesa,RH,Ad quidem hic est.,7206.08,
6439,2024-05-29,Receita,marketing,Suscipit ullam.,-2716.07,PED-65076
6440,2024-05-11,receita,RH,Dolore voluptas molestiae rerum.,9922.74,PED-44606
6441,2024-02-22,Receita,Marketing,Similique accusantium incidunt eos.,-1956.11,
6442,2024-06-11,Despesa,Logística,Ipsa impedit deserunt.,6018.19,
6443,2024-05-29,Receita,Tecnologia,A sapiente dolor quos.,-6145.41,PED-55146
6444,2025-06-05,Receita,Logística,Nihil voluptates accusantium pariatur optio.,8902.51,PED-31259
6445,2024-08-09,Receita,RH,Porro earum.,3887.03,PED-86503
6446,2024-06-10,Despesa,Receita,Exercitationem ullam doloremque enim.,9795.43,PED-72563
6447,2026-01-18,Receita,Marketing,Minima pariatur aut beatae.,-5849.95,PED-73454
6448,2024-04-28,receita,Logística,At possimus nam.,9622.26,PED-57455
6449,2024-03-26,Despesa,Receita,Veritatis odit molestiae maxime.,-978.13,PED-54750
6450,2024-04-15,Receita,Tecnologia,Neque quia aliquam.,3305.49,
6451,2024-02-13,Receita,RH,Ipsum eum cupiditate.,5662.47,PED-37536
6452,2025-01-18,Despesa,Logística,Repudiandae et eveniet hic itaque.,-2632.74,
6453,2025-01-07,Receita,Tecnologia,Accusamus quisquam optio dignissimos quis.,-7791.67,PED-76515
6454,2025-01-14,Despesa,RH,Porro perspiciatis voluptas.,2568.49,PED-55727
6455,2025-08-10,Receita,RH,Vitae at neque at.,-420.88,
6456,2025-07-20,Despesa,Receita,Labore nisi.,9258.05,
6457,2025-03-18,Despesa,marketing,Optio tempore quia maiores.,10629.76,PED-81809
6458,2025-01-17,Receita,Tecnologia,Sed excepturi.,7350.59,PED-68046
6459,2025-01-07,receita,RH,Eveniet ipsum sapiente placeat.,3922.87,
6460,2026-01-14,Despesa,marketing,Molestias cumque occaecati libero dicta.,3390.06,
6461,2025-03-30,receita,marketing,Rem ducimus unde aperiam.,1940.05,
6462,2025-06-26,Despesa,RH,Sequi dolorum veniam.,-6604.82,
6463,2025-11-30,receita,marketing,Quisquam explicabo tenetur quae saepe.,11767.12,
6464,2024-08-13,Despesa,Tecnologia,Nostrum dolor dolore.,388.86,
6465,2025-07-05,receita,Tecnologia,Quam animi sunt.,11336.72,
6466,2024-07-20,receita,marketing,A provident voluptatum.,-4720.73,
6467,2025-02-11,Receita,marketing,At ea repudiandae possimus quis.,-3686.5,
6468,2025-02-05,receita,Logística,Non dignissimos numquam error.,-418.3,
6469,2024-06-08,receita,Tecnologia,In praesentium hic ea magni.,11698.21,
6470,2024-04-28,Despesa,Marketing,Quos exercitationem delectus dolor numquam.,-23.47,
6471,2025-10-10,Receita,Logística,Assumenda dolorum aspernatur necessitatibus nulla.,752.92,PED-61352
6472,2024-11-18,Receita,Tecnologia,Blanditiis nisi error.,-1889.59,PED-27896
6473,2025-11-24,Receita,RH,Voluptate sunt consequatur deserunt quae.,6308.05,
6474,2024-08-16,receita,Logística,Ipsa quod culpa eius.,-2923.83,PED-82834
6475,2025-07-23,receita,Tecnologia,Voluptatibus nemo perferendis.,1577.53,
6476,2025-08-22,Receita,Marketing,At mollitia laboriosam fuga.,11236.93,
6477,2024-11-24,receita,marketing,Sapiente enim eveniet quia numquam.,-757.8,
6478,2024-05-23,Despesa,Marketing,Illum eligendi facilis.,-1520.33,PED-68204
6479,2024-02-16,receita,marketing,Sit doloremque modi ullam.,-696.73,PED-13914
6480,2025-07-10,Despesa,RH,Accusantium quam quos fugiat.,3012.97,PED-93563
6481,2024-05-25,Despesa,RH,Sapiente nisi facere.,-7451.74,
6482,2024-03-02,Receita,Receita,Numquam quas eos.,3801.83,
6483,2025-01-21,Receita,marketing,Earum sed voluptates provident.,9754.28,
6484,2024-12-14,Receita,Tecnologia,Nemo quidem.,11376.78,PED-52733
6485,2024-04-16,receita,marketing,Dignissimos doloremque delectus quisquam sequi.,11028.41,
6486,2026-01-18,Despesa,RH,Similique praesentium nulla neque.,3317.21,
6487,2024-08-29,Despesa,RH,Error provident optio maxime.,-3940.35,PED-19999
6488,2024-03-18,Receita,Logística,Hic neque.,3347.68,
6489,2025-07-04,Despesa,Marketing,Voluptatem mollitia nihil rem.,1477.79,PED-97363
6490,2025-06-09,receita,Logística,Omnis in aperiam cumque.,-5702.89,
6491,2024-03-10,Receita,marketing,Ut doloremque ad dolorem.,2838.04,
6492,2024-06-22,receita,Marketing,Laborum iusto rerum explicabo molestias.,-7612.28,
6493,2024-08-19,Receita,Tecnologia,Dolore tempore ea placeat.,1753.36,
6494,2024-09-20,Receita,Marketing,Expedita laudantium asperiores.,-5057.21,
6495,2025-01-07,Receita,Receita,Reprehenderit nihil voluptatum quam nihil.,9748.94,PED-57297
6496,2025-07-07,receita,Logística,Enim quibusdam nemo dolor.,-6663.54,PED-46100
6497,2024-04-03,Despesa,marketing,Voluptates architecto ullam ex.,5170.97,
6498,2024-10-29,receita,RH,Similique quibusdam.,301.05,PED-71140
6499,2024-06-04,Despesa,Receita,Officiis quasi doloremque voluptates.,-7641.87,PED-22802
6500,2024-06-05,Receita,RH,Doloribus inventore.,5618.92,PED-84862
6501,2025-01-28,receita,Logística,Tempora quibusdam nisi iusto.,-4583.8,
6502,2024-11-12,Despesa,RH,Doloribus nemo eaque.,-6891.96,PED-80065
6503,2025-07-01,receita,Receita,Dicta voluptatem quam.,2857.06,
6504,2025-04-28,Receita,Tecnologia,Ad voluptatibus.,11351.91,PED-76543
6505,2024-03-17,Receita,marketing,Eaque rem cumque id sequi.,5775.89,PED-38333
6506,2024-09-13,Despesa,Receita,Distinctio magnam doloremque.,4885.28,
6507,2025-09-18,Receita,Logística,Ducimus saepe.,-1288.54,
6508,2024-08-12,Receita,marketing,Fugiat saepe necessitatibus commodi provident.,26.72,PED-19892
6509,2025-08-03,Despesa,Receita,Nobis dignissimos culpa.,2630.5,
6510,2024-03-17,Despesa,Receita,Tenetur aspernatur atque.,1206.07,PED-22537
6511,2025-08-24,Receita,Receita,Temporibus nesciunt tenetur pariatur.,-5862.85,PED-66660
6512,2025-10-14,Despesa,RH,Neque eaque exercitationem.,5386.19,
6513,2024-10-02,receita,Marketing,Corporis modi ipsa neque.,3429.15,
6514,2025-02-25,Despesa,marketing,Beatae unde reiciendis minima.,2994.17,
6515,2024-04-27,Receita,marketing,Eos rem.,6100.64,PED-84069
6516,2024-04-29,Receita,Logística,Vel reprehenderit laboriosam.,3506.98,PED-35913
6517,2024-10-18,Despesa,Logística,Laborum eaque.,2110.42,
6518,2025-08-03,receita,Tecnologia,Autem ipsam maiores.,11293.33,PED-92789
6519,2025-01-14,receita,Marketing,Sit fugiat odio in minus.,-6453.49,PED-37657
6520,2024-02-18,Receita,Logística,Deleniti quasi iure vitae.,4030.84,PED-12542
6521,2024-12-19,receita,RH,Esse deleniti vel.,-1945.92,PED-24509
6522,2025-10-05,Receita,Logística,Omnis saepe maiores.,3225.77,
6523,2025-09-19,Despesa,RH,Ut similique.,-4830.97,PED-27076
6524,2025-01-11,Despesa,Marketing,Ea tempore.,2342.63,
6525,2025-09-24,Despesa,Marketing,Voluptatum officiis assumenda.,-4443.66,PED-95607
6526,2024-06-18,Despesa,RH,Nulla quas cumque.,-3287.31,PED-94641
6527,2025-10-30,Despesa,RH,Atque labore assumenda incidunt officia.,1600.33,PED-43801
6528,2025-05-15,Receita,Receita,Facere voluptatum sapiente.,-1885.67,PED-92531
6529,2025-02-17,receita,Tecnologia,Architecto placeat harum assumenda.,9934.71,PED-78012
6530,2025-09-08,Receita,Tecnologia,Omnis a blanditiis distinctio.,11489.73,PED-59334
6531,2025-04-15,receita,Marketing,Est nemo commodi facilis et.,-1248.83,PED-63228
6532,2025-05-13,Receita,Tecnologia,Quia cupiditate.,9330.98,
6533,2025-09-21,Receita,Tecnologia,Amet deleniti velit consequuntur.,10315.79,
6534,2024-05-12,receita,Tecnologia,Deleniti provident.,4945.48,PED-93978
6535,2024-04-28,Receita,Logística,Voluptate et.,1418.01,
6536,2026-01-11,Despesa,Marketing,Perspiciatis nesciunt architecto.,6419.9,PED-84399
6537,2025-10-08,Receita,Tecnologia,Fugiat eligendi vel.,-6683.69,PED-56443
6538,2024-11-17,Receita,RH,Mollitia voluptates facere dolor.,303.99,
6539,2024-12-21,receita,RH,Fuga dolorem voluptates itaque.,5890.46,
6540,2025-04-05,receita,Logística,Aliquam quidem repudiandae aspernatur.,3877.99,
6541,2025-11-01,receita,Tecnologia,Magnam quam voluptas corporis.,-3381.42,
6542,2025-07-14,Despesa,Logística,Soluta tempore.,10459.05,
6543,2024-05-08,Receita,Receita,Ex est.,-1358.25,
6544,2025-03-17,Receita,Receita,Iure suscipit deleniti repudiandae in.,-5727.02,
6545,2024-04-04,Receita,RH,Architecto dicta magni consequuntur.,-1785.22,PED-18628
6546,2024-03-17,receita,Logística,Qui natus autem.,422.08,
6547,2024-03-29,Despesa,Marketing,Aliquam eveniet sequi eligendi.,2434.07,
6548,2024-12-10,Receita,Logística,Sed dolorum nemo magni maxime.,4216.39,PED-45769
6549,2025-03-20,receita,marketing,At iusto.,-4841.71,
6550,2024-11-11,Despesa,Logística,Exercitationem dolores unde natus.,4329.14,PED-99704
6551,2025-12-30,Despesa,RH,Exercitationem nemo ex.,7750.33,PED-20802
6552,2025-09-19,Receita,Tecnologia,Nulla perspiciatis accusamus.,-7602.42,
6553,2024-10-04,receita,marketing,Tempore numquam vero consequuntur.,6835.08,
6554,2024-09-24,receita,Logística,Explicabo laborum.,-7788.04,
6555,2024-07-29,Despesa,Tecnologia,Quod quam.,-7682.02,
6556,2025-06-02,receita,Logística,Dicta odit dolore omnis.,8848.54,
6557,2024-08-14,Despesa,Logística,Nobis rerum molestiae perferendis dolor.,-1977.88,PED-69193
6558,2024-04-03,Receita,Receita,Maxime eius maxime voluptas reprehenderit.,6113.3,PED-51693
6559,2024-06-06,Despesa,Marketing,Nesciunt quidem porro neque voluptate.,6287.97,
6560,2024-12-21,Despesa,marketing,Esse impedit vero exercitationem.,-5501.18,PED-91165
6561,2024-12-26,Despesa,marketing,Occaecati laborum accusamus.,6482.37,PED-18017
6562,2025-12-01,receita,Logística,Similique velit illo sit nihil.,8228.5,
6563,2026-01-20,Despesa,marketing,Sequi vel molestias quia.,-1884.46,PED-40303
6564,2025-11-12,Despesa,Marketing,Voluptatem debitis ex animi fugiat.,-2456.47,
6565,2024-08-22,Despesa,Logística,Odit sapiente.,-4509.65,
6566,2025-12-25,receita,RH,Sit facere similique at.,-4037.44,
6567,2024-02-08,Receita,marketing,Voluptate maiores doloremque.,-7606.12,
6568,2025-10-09,receita,Logística,Fugiat dolores alias eius.,-3028.96,
6569,2025-04-21,Receita,marketing,Impedit velit aspernatur perferendis.,11715.21,PED-65456
6570,2025-03-15,Receita,marketing,Alias eius alias repudiandae.,-4949.46,PED-72344
6571,2024-11-27,Receita,Receita,Mollitia perferendis odit.,3401.14,
6572,2025-05-30,Despesa,RH,Deleniti quae nihil.,-4854.35,
6573,2024-08-09,receita,Marketing,Eius ullam modi quibusdam.,-1516.07,PED-19518
6574,2024-12-16,Receita,marketing,Quidem voluptates.,-3029.24,PED-27310
6575,2025-05-07,Receita,Marketing,Molestias nostrum fugit.,1749.47,PED-21766
6576,2025-07-05,receita,Logística,Sit mollitia.,2686.43,
6577,2024-06-07,Despesa,Logística,Culpa aspernatur repudiandae sequi.,4681.0,PED-16858
6578,2025-05-12,Receita,marketing,Cupiditate nihil odit.,9907.22,PED-98487
6579,2024-09-22,receita,RH,Tenetur fugiat aut at.,-1889.03,
6580,2024-07-05,receita,Logística,Harum voluptate sed ullam.,9117.02,PED-27248
6581,2025-03-06,Receita,Tecnologia,Est inventore omnis doloremque.,8015.69,PED-14665
6582,2024-04-05,Despesa,Marketing,A iure voluptas reprehenderit.,3727.65,PED-42698
6583,2024-02-18,Receita,Logística,Debitis corporis fugit.,6309.94,PED-39257
6584,2024-06-22,Despesa,Logística,Ea laudantium aperiam.,10632.01,PED-18962
6585,2024-08-27,Receita,Logística,Saepe ducimus dolorem.,5840.13,PED-51164
6586,2025-06-15,receita,Marketing,Maiores deleniti eveniet mollitia.,9882.73,PED-61423
6587,2024-10-21,Receita,marketing,Amet amet veniam.,11175.85,
6588,2025-11-14,receita,RH,Vitae debitis.,-3079.37,
6589,2024-07-01,Despesa,RH,Unde consequatur iste maiores.,-5317.44,PED-19756
6590,2025-05-23,Despesa,RH,Nisi sapiente mollitia.,-3251.07,
6591,2025-03-10,Receita,RH,Fuga ullam beatae suscipit.,716.37,PED-19588
6592,2024-02-17,Receita,Logística,Nisi inventore harum assumenda tenetur.,-4923.15,PED-51208
6593,2024-06-19,Despesa,Logística,Culpa sunt voluptas ratione vitae.,5352.89,PED-65053
6594,2024-05-22,receita,Marketing,Consequuntur mollitia temporibus quasi.,-1878.56,
6595,2025-08-02,Despesa,RH,Cum fugit delectus aspernatur.,-7520.43,
6596,2025-11-16,Despesa,Tecnologia,Ipsam possimus minus.,-7241.16,
6597,2024-09-04,receita,RH,Odio a fugiat ex ipsam.,6654.68,
6598,2024-06-23,Despesa,marketing,Libero aperiam corporis.,1711.84,
6599,2025-10-29,Despesa,Tecnologia,Minima suscipit vero tenetur.,-3857.52,PED-46837
6600,2025-04-27,Despesa,Marketing,Pariatur quisquam.,-282.53,
6601,2025-11-01,receita,Tecnologia,Animi qui dolore.,1462.64,PED-80209
6602,2024-04-16,Receita,Tecnologia,Doloribus nesciunt recusandae animi eum.,8346.0,PED-56297
6603,2025-06-08,Despesa,Marketing,Impedit accusamus voluptatibus.,11860.22,
6604,2024-03-04,Despesa,Tecnologia,Quas error exercitationem.,-363.81,
6605,2024-05-11,receita,RH,Deserunt quasi nemo mollitia aperiam.,-4478.06,
6606,2024-08-04,receita,marketing,Officiis accusantium provident error placeat.,6290.71,
6607,2025-01-04,Despesa,Receita,Modi ipsam consectetur consectetur.,11670.32,PED-24714
6608,2025-05-23,receita,marketing,Reprehenderit quae impedit consequatur.,4645.47,
6609,2025-01-09,receita,RH,Consequatur aut expedita.,-2345.64,
6610,2024-07-17,Despesa,Receita,Quasi voluptatum.,6238.42,
6611,2025-05-07,Receita,RH,Ratione eligendi possimus cumque.,4073.21,PED-78213
6612,2024-08-26,Receita,Receita,Autem explicabo fugiat.,-2893.94,
6613,2024-02-17,receita,RH,Voluptatem repellat.,9833.98,PED-44106
6614,2025-01-07,receita,Logística,Debitis quidem sed cum.,3285.97,PED-66987
6615,2025-03-03,Despesa,Tecnologia,Perferendis aperiam nam.,6464.36,PED-68909
6616,2025-01-30,Receita,Tecnologia,Animi iusto voluptate illo.,-1247.47,
6617,2026-01-29,Receita,RH,Asperiores beatae occaecati.,-1913.56,
6618,2024-09-02,receita,Receita,Dignissimos rerum voluptas.,4152.4,PED-57899
6619,2024-08-30,Receita,Logística,Nesciunt quo ipsam.,-3021.12,
6620,2025-07-28,Despesa,Receita,Magnam qui.,777.91,
6621,2025-08-23,Receita,Receita,Id illo officiis iste.,-7352.55,PED-55808
6622,2025-01-09,receita,Logística,Facere culpa neque.,7168.43,
6623,2024-12-18,receita,Receita,Reiciendis consequuntur.,1536.35,
6624,2025-04-27,Despesa,marketing,Sint minima voluptatibus.,-6011.57,PED-74897
6625,2024-11-25,Receita,Tecnologia,Ipsam numquam.,7655.29,
6626,2024-12-20,receita,Logística,Repudiandae esse vitae quidem.,2950.12,
6627,2024-05-27,Receita,Marketing,Temporibus vero repellendus.,-5128.45,
6628,2024-05-04,Receita,Logística,Consectetur distinctio minima.,11106.1,PED-48020
6629,2024-03-01,receita,Marketing,Magnam at odit omnis.,5163.68,PED-54839
6630,2025-12-04,Despesa,Marketing,Perferendis repellat fugiat quasi iste.,2145.62,
6631,2024-06-19,Despesa,RH,Sunt odio quaerat iusto quaerat.,29.23,
6632,2025-02-14,Despesa,Tecnologia,Consectetur aliquid incidunt.,1566.21,PED-50613
6633,2025-07-05,Receita,RH,Dignissimos vitae modi quaerat.,-3708.9,PED-36502
6634,2024-03-24,Receita,Tecnologia,Doloribus similique explicabo sit.,-3604.82,
6635,2024-10-06,Receita,Marketing,Quasi fugiat.,3605.26,
6636,2025-10-22,receita,marketing,Accusamus saepe modi.,4301.76,
6637,2024-04-01,Receita,RH,Eligendi culpa.,5832.84,
6638,2025-03-02,receita,Tecnologia,Impedit eius.,3327.87,PED-94386
6639,2024-06-22,receita,Logística,Eaque nostrum voluptatem beatae iure.,266.25,
6640,2025-03-18,Despesa,Tecnologia,Excepturi dolore illum illo.,1930.62,PED-35513
6641,2025-05-11,Receita,Tecnologia,Commodi in.,4112.71,
6642,2025-08-05,Receita,Logística,Nulla veritatis.,-4895.94,PED-52900
6643,2024-06-10,Receita,Marketing,Quod similique accusantium.,-4681.33,
6644,2024-09-02,Receita,marketing,Assumenda veritatis id in tempore.,9932.79,
6645,2024-05-31,receita,RH,Molestiae molestiae.,6871.16,
6646,2024-08-27,Receita,Logística,Quae consequuntur adipisci.,-6423.75,
6647,2026-01-19,receita,Marketing,Rem fugit possimus.,10460.55,
6648,2024-04-15,Despesa,Marketing,Maxime aut in.,-1263.72,PED-64108
6649,2025-10-13,receita,Marketing,Commodi nobis.,6192.76,
6650,2024-08-07,Receita,Tecnologia,Minima voluptate laudantium doloribus a.,-5458.21,PED-79101
6651,2025-12-03,receita,RH,Itaque earum cum unde explicabo.,4697.71,PED-14409
6652,2025-09-19,Receita,RH,Aliquid ullam iste molestiae sapiente.,-6342.05,PED-28420
6653,2025-09-25,receita,Tecnologia,Suscipit et nostrum numquam.,-1540.82,PED-82306
6654,2025-04-21,receita,Logística,Perspiciatis ex ut totam.,-4894.14,
6655,2025-02-02,receita,Receita,Doloremque nihil.,3106.43,PED-42907
6656,2025-03-11,Receita,Receita,Tempora ad ipsa.,-6590.07,
6657,2025-06-18,receita,Marketing,Quod soluta velit.,-1995.93,
6658,2024-03-18,Receita,Marketing,Ea nobis quia eius.,10268.0,
6659,2025-09-05,receita,Receita,Dignissimos aliquam optio.,-387.03,
6660,2025-10-19,receita,Marketing,Architecto nihil.,4085.66,PED-42576
6661,2025-03-28,Receita,RH,Saepe non unde consequuntur iusto.,-6294.6,PED-44562
6662,2025-09-28,Receita,Tecnologia,Minus nihil ab.,3357.22,
6663,2024-02-09,Despesa,Tecnologia,Consequatur aspernatur corporis quo.,-5496.11,PED-51330
6664,2024-08-22,Despesa,Receita,Exercitationem veniam.,3984.95,PED-49816
6665,2024-05-27,receita,Tecnologia,Sed modi.,3044.23,PED-37711
6666,2026-01-17,Receita,Marketing,Accusantium iste magnam.,-3591.11,PED-20288
6667,2025-10-18,Receita,marketing,Labore sequi aperiam doloremque sequi.,7112.37,
6668,2025-04-06,Receita,Tecnologia,Odio nulla quis rem.,4669.76,
6669,2025-11-20,receita,Marketing,Numquam unde.,5948.15,
6670,2024-10-11,receita,Receita,Deserunt nulla.,-5683.12,
6671,2025-01-24,receita,Logística,Ratione ab porro aperiam.,1008.72,PED-75841
6672,2025-08-13,receita,Marketing,Reiciendis odio.,3450.49,
6673,2024-06-27,receita,RH,Accusantium officiis nostrum rem ipsum.,-5998.25,PED-96583
6674,2025-09-16,Despesa,marketing,Officia eius excepturi tempore repudiandae.,-6615.82,
6675,2024-06-04,receita,Logística,Adipisci quo voluptas.,7258.55,PED-61082
6676,2026-02-02,receita,RH,Dicta earum laudantium.,-5497.13,PED-29984
6677,2025-07-10,receita,Receita,Dolores nulla voluptatibus eos.,11534.33,PED-88596
6678,2025-07-22,Receita,RH,Fugiat laudantium tempora enim facilis.,6512.88,
6679,2025-04-24,Receita,RH,Incidunt facere assumenda adipisci.,-2689.51,PED-91033
6680,2025-06-07,Receita,Tecnologia,Esse incidunt ad.,10851.36,
6681,2025-09-15,Despesa,marketing,Quo suscipit hic explicabo nesciunt.,-136.31,PED-90592
6682,2024-03-14,Receita,marketing,Enim sapiente est.,8316.41,PED-63021
6683,2024-11-19,Receita,Marketing,Quam libero atque eos provident.,8669.11,
6684,2024-09-04,Receita,RH,Nesciunt inventore excepturi.,7181.55,PED-69103
6685,2025-12-28,Receita,Marketing,Maxime dolore eveniet.,6056.46,
6686,2024-10-18,receita,RH,Consequatur mollitia impedit consequuntur.,10509.19,
6687,2024-11-11,Receita,Receita,Officia aut illum nam.,8730.32,
6688,2025-03-25,Despesa,Tecnologia,Dolore sit tenetur odio totam.,120.93,PED-53553
6689,2025-09-01,receita,Marketing,Quia voluptas.,-4685.13,PED-39603
6690,2025-01-24,Receita,RH,Quo eaque sapiente.,10620.42,
6691,2024-12-25,receita,RH,Eveniet quas quo.,-2188.14,PED-78295
6692,2024-06-23,receita,Tecnologia,Impedit in sit.,-1993.73,PED-83587
6693,2024-10-18,Despesa,Receita,Dolorum qui quia architecto laborum.,3677.56,PED-78003
6694,2025-07-15,Despesa,Logística,Cum perspiciatis magnam praesentium mollitia.,2335.29,
6695,2024-02-04,Despesa,marketing,Sint et.,105.75,
6696,2025-03-26,Receita,RH,Ratione sint magni.,7958.65,
6697,2025-11-13,receita,RH,Neque beatae.,10993.68,PED-39087
6698,2024-07-17,receita,Tecnologia,Dicta sunt iusto.,10149.06,
6699,2026-01-08,Receita,Marketing,Beatae nam praesentium expedita.,883.02,
6700,2025-05-23,Receita,RH,Cum quibusdam quasi beatae.,-5867.66,
6701,2025-07-21,Receita,Logística,Reprehenderit rem eaque possimus.,4321.75,
6702,2025-10-10,receita,Logística,Necessitatibus quia.,-2125.51,PED-56749
6703,2024-12-21,Despesa,RH,Officia iusto nemo minima.,954.78,
6704,2025-01-26,Receita,Receita,Quae officia rem.,5239.59,PED-49719
6705,2025-03-09,Despesa,Logística,Accusantium dignissimos libero rem similique.,-519.49,
6706,2025-03-11,Despesa,Marketing,Alias corrupti.,1600.9,
6707,2025-04-15,Receita,Receita,Facilis non debitis totam architecto.,-3317.23,
6708,2024-05-05,Receita,Logística,Quod esse.,4343.78,
6709,2025-01-01,receita,Receita,Consequuntur natus earum porro.,84.37,
6710,2024-07-20,Despesa,RH,Aperiam ipsam praesentium natus possimus.,6352.66,PED-90402
6711,2025-09-28,Despesa,RH,Culpa ab est.,-3292.84,
6712,2024-05-11,Despesa,Logística,Delectus consequatur.,7266.98,PED-30286
6713,2025-05-06,Despesa,RH,Dolor fugiat id sint.,6353.14,
6714,2025-01-25,Despesa,Tecnologia,Molestias dolorem impedit.,8453.66,PED-78950
6715,2025-07-15,receita,Receita,At quidem labore.,-3127.97,
6716,2024-06-03,receita,Receita,Ex inventore corporis.,8241.4,PED-82536
6717,2024-09-28,Despesa,Marketing,Labore consequuntur quidem.,-2784.51,
6718,2025-08-29,receita,Tecnologia,Debitis dolor nam vel.,-3984.84,PED-26301
6719,2025-04-17,Despesa,RH,Hic illo.,806.37,PED-14374
6720,2025-04-03,Receita,Logística,Fugiat veritatis.,-723.25,
6721,2024-04-30,receita,marketing,Similique distinctio quisquam animi.,8495.13,
6722,2024-02-09,Receita,Receita,Expedita ad porro.,-5571.3,PED-27858
6723,2025-05-03,Receita,RH,Dolores asperiores eaque.,5949.72,
6724,2025-04-02,receita,Logística,Eum consequuntur.,-137.1,
6725,2025-09-29,Despesa,Tecnologia,Dolores suscipit consectetur reprehenderit.,5879.23,
6726,2024-06-14,Receita,Logística,Id unde.,5252.43,PED-92364
6727,2025-07-03,receita,RH,Pariatur dignissimos atque molestias.,-7901.95,
6728,2024-11-09,receita,Receita,Tenetur laudantium veritatis.,-5353.59,PED-22983
6729,2024-06-21,receita,Receita,Magni atque ab.,3663.82,PED-29780
6730,2025-03-12,receita,marketing,Harum quibusdam harum.,4086.73,
6731,2025-06-08,receita,Marketing,Enim deserunt doloremque ab in.,4422.76,PED-32758
6732,2025-11-26,Receita,Marketing,Quae tempore quae ad.,-7041.79,
6733,2025-10-10,Despesa,Receita,Vel maxime autem molestiae porro.,-6892.34,PED-52821
6734,2025-05-03,Receita,RH,Ipsa quo reiciendis.,-6591.74,PED-86732
6735,2024-10-02,Receita,Tecnologia,Labore voluptatibus.,-2841.54,
6736,2024-12-25,Receita,Marketing,Atque hic quidem ad at.,9108.31,
6737,2024-03-24,Despesa,Receita,Odit laborum aspernatur sit.,3120.82,
6738,2024-07-10,Despesa,Logística,Accusamus aspernatur asperiores.,5320.19,
6739,2024-03-05,Despesa,Receita,Possimus voluptates sunt.,11002.24,PED-83489
6740,2024-04-18,receita,marketing,Asperiores autem laudantium sunt.,-4067.16,
6741,2025-06-17,Receita,Logística,Nihil alias incidunt consequuntur harum.,5306.21,
6742,2025-04-28,receita,Receita,Molestias veritatis.,9779.36,
6743,2024-02-12,Despesa,RH,Numquam expedita quaerat.,9121.57,PED-57553
6744,2025-08-05,Despesa,RH,Cum laudantium officia delectus.,-6595.85,
6745,2025-03-29,Receita,Tecnologia,Nobis explicabo.,2939.01,
6746,2025-12-16,receita,marketing,Saepe aperiam placeat.,7013.06,PED-78979
6747,2026-01-14,receita,Marketing,Adipisci voluptatem.,1613.85,
6748,2024-05-16,Receita,marketing,Sit repudiandae ducimus laudantium.,-4208.33,
6749,2024-05-18,Despesa,Receita,Facilis sequi animi ipsum.,727.24,PED-41291
6750,2024-11-26,Despesa,marketing,Aspernatur odio omnis praesentium molestias.,-1662.72,
6751,2025-02-01,receita,RH,Inventore sapiente dolore consequuntur.,690.91,
6752,2025-08-03,Receita,marketing,Vitae et reprehenderit.,7631.05,
6753,2025-03-28,Despesa,Tecnologia,Facilis cupiditate quas atque.,6683.45,
6754,2024-04-03,receita,marketing,Officia ipsa quod.,7767.88,
6755,2024-04-07,Despesa,RH,Corrupti maxime laudantium id.,8100.87,
6756,2024-07-12,receita,Tecnologia,Quasi eos asperiores cumque.,-3192.01,PED-86437
6757,2024-07-13,Despesa,Tecnologia,Soluta sint tempore impedit.,3353.41,
6758,2024-11-30,receita,marketing,Fugiat dolores tenetur.,10139.95,PED-64325
6759,2025-12-21,receita,Logística,Molestias incidunt laborum.,5675.88,
6760,2025-07-10,Despesa,Receita,Inventore aliquid officiis sit alias.,584.09,PED-81057
6761,2026-01-11,Despesa,Marketing,Necessitatibus reprehenderit nam.,9442.16,
6762,2024-08-04,receita,marketing,Animi hic.,-3584.27,PED-65847
6763,2024-03-23,Receita,Tecnologia,Corporis quasi repellat tempora natus.,6150.65,PED-13214
6764,2024-11-10,Despesa,RH,Non ipsam.,1578.06,PED-53770
6765,2024-06-20,Despesa,Logística,Suscipit aliquam dolor.,3876.64,
6766,2024-03-01,Despesa,RH,Quaerat dignissimos.,5972.01,PED-31875
6767,2024-09-18,Despesa,RH,Provident nobis sint aspernatur.,10581.43,
6768,2024-07-26,receita,Tecnologia,Aut est tenetur.,-6040.62,
6769,2025-06-06,Despesa,Receita,Itaque ex labore explicabo a.,-2671.07,
6770,2026-01-27,receita,marketing,Nam repellendus pariatur consectetur.,-5675.4,PED-33406
6771,2024-10-06,receita,Receita,Quidem nemo optio deleniti.,-7550.25,
6772,2025-02-12,receita,Tecnologia,Sed ullam iure.,-2060.87,
6773,2025-09-29,Receita,Tecnologia,Qui dicta at.,-1610.5,PED-96231
6774,2025-01-30,receita,marketing,Distinctio omnis iste ullam.,6429.68,
6775,2025-01-21,Despesa,Logística,Dolorem dignissimos.,11534.92,PED-85873
6776,2025-12-17,receita,Marketing,Velit modi placeat aperiam adipisci.,3286.5,
6777,2024-12-01,receita,Receita,Eum quidem mollitia.,1028.78,
6778,2025-02-15,Receita,Marketing,Asperiores blanditiis ipsam dolorem.,1589.69,PED-38386
6779,2024-02-08,receita,Marketing,Voluptatem illum exercitationem iusto beatae.,-3631.64,PED-79167
6780,2024-05-09,Receita,Logística,Repellat alias modi.,-141.1,PED-95581
6781,2025-01-22,receita,Marketing,Fugit maiores soluta nisi totam.,-5931.8,PED-57810
6782,2024-06-28,Despesa,marketing,Ratione soluta facilis ullam ullam.,-3894.27,
6783,2024-12-01,Despesa,Marketing,Aliquam a veniam illo.,-770.13,
6784,2025-07-27,Despesa,Tecnologia,Ducimus delectus vero consequuntur.,5988.51,
6785,2024-03-06,Despesa,Logística,Cupiditate ratione et culpa nemo.,11884.53,
6786,2024-08-05,Despesa,RH,Quam animi.,-3536.57,
6787,2024-11-19,Receita,RH,Nam iusto ut.,5659.04,
6788,2025-07-02,Receita,marketing,Expedita labore distinctio.,4733.53,PED-40084
6789,2025-03-13,receita,Logística,Error ipsam aliquam accusamus.,2895.37,
6790,2025-02-11,Receita,RH,Odit occaecati nostrum.,-5325.31,PED-18395
6791,2024-07-13,Receita,Tecnologia,Cumque adipisci rem perferendis eaque.,-2101.47,PED-81404
6792,2025-01-07,receita,Receita,Beatae eligendi eveniet optio error.,-6612.9,
6793,2025-06-04,receita,Tecnologia,Velit saepe debitis.,5963.74,PED-37438
6794,2025-03-01,receita,Marketing,Velit facere nostrum voluptatem quia.,-4859.8,PED-52891
6795,2024-05-31,receita,Marketing,Perferendis omnis magnam quos doloribus.,5688.62,
6796,2025-10-27,receita,Marketing,Totam ea distinctio deserunt nesciunt.,-7352.78,PED-25050
6797,2026-01-07,Despesa,Tecnologia,Accusamus sed at.,7371.67,
6798,2024-03-04,receita,marketing,Rerum dignissimos dolores asperiores.,-3840.18,
6799,2025-03-19,Receita,RH,Voluptatum omnis delectus odio voluptas.,-7785.29,
6800,2024-12-11,Receita,marketing,Enim aliquam veniam maiores.,-1555.22,
6801,2025-03-22,Receita,Receita,Doloribus mollitia minus laboriosam.,10088.29,PED-97774
6802,2024-08-14,Despesa,marketing,Nulla aspernatur minima error.,9543.11,PED-93852
6803,2025-11-15,Receita,RH,Numquam cumque minima fuga.,-1382.12,
6804,2024-09-14,receita,Tecnologia,Quae vitae sint.,-5169.08,
6805,2026-01-19,Despesa,Marketing,Velit cum iusto officiis.,9424.0,
6806,2025-04-01,Receita,RH,Repudiandae accusamus molestiae aliquid.,8804.68,PED-65872
6807,2025-01-22,Despesa,RH,Dolore molestias beatae.,6537.67,
6808,2025-09-23,Receita,marketing,Quia excepturi.,9162.56,PED-43323
6809,2024-03-31,receita,Logística,Magni maxime officiis nostrum.,-6714.45,PED-12472
6810,2025-07-09,Receita,RH,Cupiditate vitae eveniet quidem in.,-180.73,PED-86059
6811,2025-06-20,Receita,Marketing,Aliquam eum placeat voluptatum.,5715.48,PED-47669
6812,2025-02-15,Despesa,Logística,Repellat quas excepturi cumque.,3046.38,PED-23087
6813,2025-06-22,Despesa,Receita,Sed impedit.,-6100.33,PED-63374
6814,2025-05-04,Receita,Tecnologia,Voluptate dolore ipsum asperiores reiciendis.,10907.42,
6815,2025-09-09,Despesa,marketing,Excepturi alias blanditiis.,-2085.64,PED-25599
6816,2024-05-26,Receita,Logística,Voluptates asperiores atque.,8362.33,PED-95746
6817,2024-03-26,Despesa,Tecnologia,Ad voluptatibus sapiente at.,11564.5,
6818,2025-09-19,Despesa,Receita,Dicta inventore excepturi.,7456.73,PED-26012
6819,2025-07-26,Receita,Receita,Distinctio atque in.,-1371.67,
6820,2025-10-18,Despesa,marketing,Quis distinctio laudantium voluptas dolorum.,-5336.82,
6821,2025-10-02,receita,Tecnologia,Voluptates esse.,8749.07,PED-35310
6822,2025-02-02,Despesa,RH,Quod voluptate nam.,4719.22,PED-40803
6823,2025-05-02,receita,Receita,Esse aperiam illo tempore facilis.,-6854.68,PED-50116
6824,2025-12-10,receita,marketing,Libero soluta quia quisquam eius.,10768.39,
6825,2025-12-14,Despesa,Logística,Modi officiis totam iusto doloremque.,-7065.54,
6826,2024-09-17,Receita,Logística,Eius labore minus.,7525.87,PED-52549
6827,2025-12-25,Despesa,Receita,Doloribus itaque minima.,708.04,PED-33799
6828,2024-07-05,receita,Receita,Optio incidunt illum eligendi.,2865.96,
6829,2024-07-02,receita,Marketing,Ipsum officiis maiores.,-3579.02,PED-68345
6830,2024-05-27,Despesa,Tecnologia,Similique rerum ducimus occaecati.,-7626.38,
6831,2024-06-21,receita,Logística,Veniam in facilis voluptatum.,8046.83,
6832,2025-06-13,Despesa,Tecnologia,Nobis nemo quibusdam.,1417.76,PED-81246
6833,2025-04-23,Receita,Logística,Ducimus ullam unde id.,8536.35,
6834,2025-03-01,Despesa,marketing,Saepe accusantium.,-640.48,PED-53054
6835,2024-03-29,Despesa,Receita,Sequi est quasi.,-710.69,
6836,2024-05-25,receita,Receita,Voluptatem dolorem.,7869.03,PED-83863
6837,2025-01-03,receita,Logística,Facilis quia nam placeat.,898.35,
6838,2025-05-01,Receita,Receita,Perspiciatis quam accusantium.,-4232.66,
6839,2024-12-09,Receita,Receita,Vero ab.,-1891.0,PED-53431
6840,2024-05-22,receita,marketing,Tenetur illum iusto ipsum.,843.04,PED-42782
6841,2025-04-13,Despesa,Marketing,Ea veritatis fugit ad nobis.,-6244.74,
6842,2025-05-04,Despesa,Tecnologia,Ab reprehenderit saepe non.,11578.12,PED-56746
6843,2025-05-14,Receita,Marketing,Est occaecati nobis.,9563.89,
6844,2025-11-30,Receita,Marketing,Quam laudantium.,7531.75,PED-36400
6845,2025-03-03,Despesa,Tecnologia,Voluptatibus facilis eius amet natus.,3902.25,
6846,2026-01-12,Receita,Tecnologia,Culpa optio hic.,-4084.85,PED-70097
6847,2024-08-25,Despesa,Receita,Omnis recusandae.,-6593.04,
6848,2024-03-11,Receita,Receita,A sed placeat enim fugiat.,11767.79,PED-74991
6849,2025-08-05,receita,Marketing,Nulla vero id esse ipsam.,6809.47,PED-42298
6850,2025-08-22,Despesa,Tecnologia,Sit earum architecto.,-5467.08,PED-23779
6851,2024-09-21,Despesa,RH,Reiciendis numquam impedit laboriosam.,10700.83,
6852,2025-08-11,Despesa,Receita,Laborum iure cum perspiciatis.,1715.0,PED-80910
6853,2024-09-13,Receita,Tecnologia,Quam quasi minima.,-690.1,PED-94241
6854,2024-06-01,Despesa,Receita,Sed odio quis voluptas.,-5901.73,
6855,2025-05-14,Despesa,RH,Eligendi ipsam.,-81.49,
6856,2024-12-10,Despesa,Tecnologia,Totam nesciunt harum ut beatae.,-7828.94,PED-10533
6857,2025-03-28,Receita,RH,Quia veritatis sequi non.,3747.71,PED-90671
6858,2025-10-28,receita,Logística,Possimus enim.,1251.1,PED-94222
6859,2024-05-20,receita,Logística,Ducimus est possimus.,-5793.61,PED-15664
6860,2025-05-18,receita,Tecnologia,Perspiciatis facilis repellendus.,10112.53,PED-32328
6861,2024-02-07,Receita,RH,Quidem repudiandae consequuntur hic.,4804.99,PED-55004
6862,2024-05-17,Despesa,marketing,Earum facere perferendis.,-2045.64,PED-69234
6863,2025-03-31,Despesa,Marketing,Dicta dolorem eaque.,5787.39,PED-14062
6864,2024-07-28,Receita,Logística,Est aliquam.,3594.78,
6865,2024-11-22,Despesa,Tecnologia,Perspiciatis rerum.,-1412.2,
6866,2024-09-25,receita,Tecnologia,Recusandae ex cupiditate.,6080.86,PED-85012
6867,2024-10-05,receita,Tecnologia,Praesentium corrupti cum voluptatem soluta.,9101.44,
6868,2024-06-16,Despesa,RH,Officia inventore quas.,-1402.69,
6869,2025-07-03,receita,RH,Neque maxime repellendus facilis accusantium.,2524.95,PED-38584
6870,2024-06-30,Despesa,Marketing,Provident commodi quis aspernatur.,1776.11,
6871,2025-05-03,receita,Receita,Quod eaque laborum rerum temporibus.,5398.48,PED-71075
6872,2024-11-07,receita,Marketing,Delectus voluptate.,9603.23,
6873,2025-10-31,receita,Receita,Sequi optio fugiat repellat.,-7489.19,
6874,2024-02-27,receita,Tecnologia,Suscipit perferendis reprehenderit quis sit.,2692.03,
6875,2024-11-09,Receita,marketing,Tenetur corporis animi.,-4052.57,PED-75673
6876,2024-09-05,receita,Marketing,Expedita quidem.,-3274.07,PED-34784
6877,2024-12-23,Despesa,Tecnologia,Vitae similique.,4080.3,PED-27025
6878,2025-07-06,Despesa,Marketing,Saepe facere ex neque.,6560.91,
6879,2024-04-15,Receita,Receita,Veritatis eaque id debitis porro.,8023.25,
6880,2025-09-29,Receita,RH,Praesentium architecto voluptatem commodi voluptate.,-3242.14,PED-97945
6881,2026-01-22,Receita,Logística,Ducimus cumque adipisci.,4461.38,PED-30430
6882,2025-01-29,Despesa,Receita,Velit officiis sed porro.,-6927.4,
6883,2024-05-02,Receita,Logística,Quae aspernatur voluptatum nesciunt id.,1641.43,PED-19808
6884,2025-09-07,receita,Tecnologia,Aliquid excepturi odit.,-1405.22,
6885,2025-06-23,Despesa,Logística,Dolore iusto natus.,-1720.73,PED-55177
6886,2024-02-22,Receita,marketing,Laudantium laboriosam.,-7265.04,
6887,2025-06-28,receita,Logística,Ea commodi voluptatibus alias qui.,-6527.14,PED-64800
6888,2024-02-10,receita,Logística,Architecto quia iste quisquam.,3272.02,PED-71617
6889,2024-02-29,Receita,marketing,Tempore consequatur sunt voluptatem.,-5844.53,
6890,2024-05-09,Despesa,Tecnologia,Nobis neque iure.,-6135.12,
6891,2025-03-29,receita,Receita,Dolores perferendis facere unde.,6648.38,PED-11870
6892,2025-03-22,receita,Marketing,Sapiente deserunt molestias officia dolor.,751.99,
6893,2024-09-23,Receita,marketing,Consequatur accusantium possimus fugiat eos.,9386.07,
6894,2024-03-12,Despesa,Receita,Perferendis quam quidem possimus.,4646.41,PED-57799
6895,2025-12-21,receita,Logística,Reiciendis possimus repudiandae.,384.93,
6896,2025-10-10,Despesa,Marketing,Magni laborum exercitationem voluptatem odit.,10736.2,PED-58624
6897,2025-05-17,receita,Logística,Illum quae sint iusto.,3612.65,
6898,2025-04-12,receita,marketing,Nemo quam esse.,6113.86,
6899,2025-01-25,receita,RH,Animi quos ducimus ratione.,1745.77,PED-80639
6900,2024-12-08,Receita,marketing,Earum voluptates ex blanditiis illum.,4923.32,PED-73983
6901,2024-07-02,Receita,Tecnologia,Quibusdam accusamus fugiat sapiente aliquid.,6463.5,PED-18089
6902,2025-05-20,Despesa,RH,Id eligendi facere tenetur.,-7292.69,
6903,2024-08-13,Despesa,Receita,Non hic explicabo.,8496.2,PED-62469
6904,2024-07-18,Despesa,Receita,Error architecto.,11661.02,PED-28627
6905,2024-06-13,Despesa,Marketing,Blanditiis sunt enim.,-4325.17,
6906,2025-12-05,Receita,Marketing,Deleniti quis.,3284.68,PED-59089
6907,2025-07-04,Despesa,Marketing,Ipsum assumenda soluta.,8.22,
6908,2025-01-20,receita,Receita,Earum voluptas earum.,10771.02,
6909,2024-09-05,Despesa,Marketing,Provident modi veritatis omnis iste.,11123.71,
6910,2025-04-13,Receita,Marketing,Vel fuga totam.,-6883.66,
6911,2024-09-15,receita,Logística,Delectus iure facere dolore.,4232.03,PED-69912
6912,2024-08-31,Despesa,RH,Iure deserunt occaecati.,9880.94,PED-25008
6913,2024-05-05,Receita,Receita,Expedita repellat labore.,-6522.29,
6914,2024-11-18,Despesa,marketing,Eum mollitia.,7098.18,
6915,2024-09-18,Despesa,Tecnologia,Accusamus vero eligendi.,-4848.97,
6916,2025-10-22,Receita,Marketing,Eveniet incidunt.,9002.02,
6917,2024-12-31,receita,Marketing,Repellat ex in.,-4807.69,
6918,2025-08-22,Receita,Tecnologia,Hic asperiores animi itaque.,-5481.53,
6919,2025-11-16,Despesa,RH,Ad quo excepturi magnam.,889.43,
6920,2025-09-24,receita,Marketing,Expedita ut tempora.,-1688.87,PED-91322
6921,2024-11-22,receita,Receita,Nulla minima aspernatur maiores.,2829.47,
6922,2024-08-31,Despesa,marketing,Reprehenderit vero soluta.,-6757.21,
6923,2025-01-10,Receita,Receita,Voluptatem corrupti.,5204.68,
6924,2024-03-05,Receita,RH,Sequi soluta corrupti.,11520.8,
6925,2025-05-25,receita,Logística,Necessitatibus molestiae praesentium ratione.,319.15,PED-64930
6926,2024-08-05,Despesa,Tecnologia,Quod impedit vero.,-1519.12,PED-45487
6927,2024-02-22,receita,Marketing,Repellat harum nemo laudantium.,8892.85,
6928,2024-11-19,Despesa,RH,Dolore delectus magnam nostrum ratione.,9722.33,PED-44769
6929,2024-05-03,Receita,Receita,Accusamus eligendi ab rerum mollitia.,4552.54,
6930,2024-04-01,receita,RH,Asperiores quod.,-3649.62,PED-82104
6931,2024-09-30,Despesa,Logística,Deleniti accusantium.,1385.47,PED-81756
6932,2025-03-06,Receita,RH,Omnis voluptatum atque quaerat magni.,-7927.93,PED-89429
6933,2024-03-25,receita,Logística,Tenetur accusantium.,1571.03,
6934,2025-08-02,receita,Marketing,Nemo architecto qui quo.,-5154.42,PED-90585
6935,2025-01-23,Receita,Tecnologia,Officiis iure deleniti dolore hic.,-1873.7,
6936,2025-05-07,Despesa,marketing,Voluptas asperiores.,2252.99,PED-29218
6937,2024-09-19,Despesa,Receita,Dolorum perspiciatis dolore.,-6575.98,PED-94397
6938,2025-05-30,receita,Marketing,Officiis alias ipsam odit.,750.94,PED-10171
6939,2024-07-22,Receita,RH,Culpa hic consectetur est.,-6509.36,PED-77626
6940,2025-05-27,Receita,Logística,Nisi exercitationem.,-256.15,
6941,2025-05-02,Receita,Marketing,Libero id ipsam.,5799.47,PED-94051
6942,2025-08-15,receita,Logística,Delectus impedit tempore expedita quis.,11989.14,PED-85658
6943,2025-01-14,Despesa,Marketing,Voluptatem sit pariatur.,-5113.1,
6944,2024-02-28,Receita,marketing,Doloribus voluptate.,7219.39,
6945,2024-05-10,Despesa,Receita,Odio minima in maiores ea.,-780.73,PED-58900
6946,2025-03-17,Receita,RH,Odio fuga natus temporibus.,7836.07,
6947,2024-10-10,Despesa,Tecnologia,Eius eum.,5618.27,
6948,2024-05-27,Despesa,RH,Blanditiis qui itaque laborum.,-7944.74,PED-25532
6949,2024-02-22,Receita,Receita,Reprehenderit esse inventore doloribus.,2288.73,PED-99804
6950,2025-04-26,receita,Marketing,Expedita optio nostrum temporibus.,-659.62,PED-15165
6951,2025-10-31,receita,Receita,Aut accusamus modi.,-5930.79,PED-17184
6952,2024-02-27,receita,Marketing,Optio error saepe deserunt.,-2300.37,PED-39482
6953,2025-05-28,Despesa,Tecnologia,Suscipit reprehenderit voluptatum rerum.,-540.2,PED-68016
6954,2024-03-20,receita,Receita,Culpa non dicta vitae.,-4966.68,PED-48492
6955,2024-05-08,Receita,Receita,Quaerat hic nesciunt.,-6925.83,
6956,2024-03-02,Receita,Tecnologia,Doloribus architecto.,10503.08,PED-16716
6957,2024-04-02,Receita,Marketing,Praesentium eveniet suscipit laboriosam ex.,1927.24,
6958,2024-12-01,Despesa,marketing,Dignissimos culpa minima quo.,-7763.59,
6959,2025-06-30,receita,Receita,Maiores maiores unde perferendis.,-2218.8,
6960,2025-02-28,Despesa,Receita,Quibusdam quidem hic quibusdam dolor.,-3407.13,
6961,2024-09-01,Receita,Marketing,Suscipit at cupiditate quis.,-7760.9,
6962,2024-05-02,Despesa,RH,Nisi labore.,-710.51,PED-91837
6963,2024-11-22,receita,Receita,Voluptate rerum alias.,1214.25,PED-95714
6964,2025-10-28,Despesa,marketing,Cumque quia.,9363.12,PED-65346
6965,2024-06-22,Despesa,Receita,At totam blanditiis ad.,11755.28,PED-50531
6966,2025-05-30,Receita,Logística,Harum laboriosam vel quibusdam.,-4973.04,PED-96914
6967,2025-01-06,Despesa,Receita,Qui voluptatem similique.,-4684.73,
6968,2026-01-11,receita,Logística,Dignissimos facere reprehenderit expedita consequuntur.,-5739.88,PED-37680
6969,2024-06-07,receita,Marketing,Ad voluptatem nemo.,10823.16,PED-99120
6970,2025-10-02,Receita,marketing,Vel earum.,-3232.89,
6971,2024-12-23,receita,RH,Aliquam similique quae quas expedita.,7924.43,PED-61835
6972,2024-12-07,receita,Tecnologia,Neque perspiciatis optio.,-5695.75,PED-98612
6973,2024-02-07,Receita,Tecnologia,Hic ipsam.,-1595.39,
6974,2025-06-22,receita,Logística,Ratione deleniti praesentium magni aperiam.,3974.23,PED-16085
6975,2024-07-07,Despesa,Logística,Quisquam quam.,4307.54,
6976,2024-05-24,receita,Logística,Voluptas minus similique.,3764.62,
6977,2025-09-22,Receita,Logística,Eligendi animi corrupti cupiditate fugit.,2066.32,PED-32402
6978,2024-08-03,Despesa,Marketing,Veritatis ducimus ullam suscipit.,5476.81,PED-68223
6979,2025-12-19,receita,Logística,Laboriosam eum aliquam.,-7463.82,PED-90897
6980,2025-01-18,Receita,marketing,Accusantium accusantium aperiam.,-2831.26,PED-41914
6981,2024-09-12,Receita,RH,Sapiente adipisci.,6732.75,
6982,2024-07-06,Receita,Marketing,Saepe et doloribus.,5829.49,PED-17438
6983,2025-02-21,Despesa,Marketing,Voluptatem recusandae minus sed culpa.,11243.2,PED-42805
6984,2025-10-14,Despesa,RH,Sit itaque omnis quam.,9941.35,PED-89913
6985,2025-07-23,Despesa,marketing,Vel eius perferendis.,8370.13,
6986,2024-08-27,receita,Tecnologia,Recusandae praesentium quia.,241.0,
6987,2025-07-30,Receita,Receita,Harum numquam.,1079.2,PED-36025
6988,2026-01-07,Despesa,Tecnologia,Eligendi ipsa cupiditate.,-7833.72,
6989,2024-12-09,Receita,Receita,Ea tempora temporibus.,9168.52,
6990,2025-08-19,receita,Tecnologia,Illum repellendus laudantium veritatis.,11356.11,
6991,2024-06-11,Receita,Logística,Fugiat necessitatibus voluptatum.,9031.24,
6992,2025-03-09,Despesa,Tecnologia,Tempora commodi dolorum quia.,9394.78,
6993,2024-03-05,Despesa,Tecnologia,Asperiores dicta distinctio facere.,-5181.87,PED-18419
6994,2024-05-09,receita,Receita,Pariatur recusandae.,-2892.3,PED-80756
6995,2025-04-24,receita,Logística,Ex cum.,-268.07,
6996,2024-07-08,Despesa,marketing,Ea quod aliquid nemo.,10709.51,PED-23591
6997,2025-04-14,Despesa,Tecnologia,Dolorum possimus illo dicta.,10377.02,PED-99416
6998,2024-07-29,Receita,Marketing,Mollitia natus.,-2754.99,PED-20292
6999,2024-06-15,Receita,RH,Consequuntur labore natus nesciunt.,-1281.02,PED-16215
7000,2025-05-08,receita,marketing,Asperiores distinctio distinctio ipsa veniam.,4429.9,PED-33714
