id_entrega,id_pedido,data_envio,data_prevista,data_entregue,transportadora,custo_frete_real,tentativas
1,PED-13278,2024-07-31,2024-08-12,2024-08-09,Jadlog,40.33,2
2,PED-81482,2024-11-26,2024-11-29,2024-12-05,Correios,85.95,1
3,PED-38657,2024-03-23,2024-03-25,2024-03-22,correios,74.71,1
4,PED-95181,2025-08-10,2025-08-20,2025-08-19,Total Express,37.1,3
5,PED-65392,2024-06-04,2024-06-06,2024-06-04,Jadlog,44.68,2
6,PED-22156,2024-07-24,2024-07-31,2024-07-28,Total Express,20.77,3
7,PED-15695,2025-02-21,2025-03-04,2025-03-04,Total Express,78.78,4
8,PED-48427,2024-04-02,2024-04-05,2024-04-09,Jadlog,84.21,1
9,PED-39871,2024-08-28,2024-08-30,2024-09-05,Jadlog,138.05,2
10,PED-46434,2025-06-30,2025-07-03,2025-07-05,Total Express,91.91,3
11,PED-56566,2025-10-21,2025-10-25,2025-10-26,correios,96.46,1
12,PED-32431,2025-03-08,2025-03-19,2025-03-25,correios,29.57,4
13,PED-83000,2025-07-31,2025-08-06,2025-08-12,correios,98.37,1
14,PED-51347,2025-07-30,2025-08-04,2025-07-31,Total Express,43.34,2
15,PED-37869,2025-01-02,2025-01-13,2025-01-14,Total Express,60.22,4
16,PED-28301,2024-04-29,2024-05-03,2024-05-03,correios,106.34,3
17,PED-86484,2024-05-13,2024-05-24,2024-05-26,Total Express,55.78,2
18,PED-21915,2024-04-26,2024-05-06,2024-05-09,Correios,121.67,2
19,PED-99192,2025-01-23,2025-02-04,2025-02-02,Total Express,86.73,4
20,PED-71348,2024-09-28,2024-10-06,2024-10-11,Jadlog,136.18,1
21,PED-99353,2025-06-23,2025-07-05,2025-07-02,Jadlog,109.46,3
22,PED-66985,2025-06-26,2025-06-29,2025-06-29,correios,67.89,3
23,PED-76542,2025-11-26,2025-12-06,2025-12-04,Correios,122.91,3
24,PED-89818,2025-03-01,2025-03-13,2025-03-17,correios,28.17,2
25,PED-10074,2024-09-05,2024-09-15,2024-09-19,Jadlog,72.5,1
26,PED-41385,2024-09-24,2024-10-01,2024-10-01,Correios,39.8,1
27,PED-19071,2025-06-22,2025-06-25,2025-06-28,correios,24.95,4
28,PED-44741,2024-03-08,2024-03-18,2024-03-16,Total Express,135.3,2
29,PED-98039,2025-06-08,2025-06-14,2025-06-16,Jadlog,65.83,4
30,PED-39451,2024-02-18,2024-02-21,2024-02-20,Correios,52.63,2
31,PED-10942,2024-04-18,2024-04-29,2024-04-28,Correios,101.44,1
32,PED-14117,2025-05-05,2025-05-10,2025-05-07,Jadlog,17.35,2
33,PED-73624,2025-09-29,2025-10-05,2025-10-11,correios,79.18,4
34,PED-63354,2025-03-09,2025-03-14,2025-03-17,correios,20.45,4
35,PED-63883,2025-08-15,2025-08-22,2025-08-24,Total Express,122.03,1
36,PED-94696,2024-08-25,2024-09-06,2024-09-12,Correios,16.0,3
37,PED-35112,2025-11-12,2025-11-15,2025-11-14,correios,78.79,2
38,PED-46509,2024-05-18,2024-05-26,2024-05-24,Total Express,40.97,1
39,PED-22833,2024-03-09,2024-03-18,2024-03-22,Correios,94.08,1
40,PED-31798,2024-11-07,2024-11-10,2024-11-09,Total Express,72.1,2
41,PED-31579,2024-12-10,2024-12-18,2024-12-14,Total Express,8.28,4
42,PED-47388,2025-06-27,2025-07-03,2025-07-06,Total Express,99.95,4
43,PED-48890,2025-09-24,2025-09-28,2025-09-27,correios,135.87,1
44,PED-16572,2025-12-12,2025-12-19,2025-12-15,Total Express,74.38,2
45,PED-20500,2025-01-11,2025-01-13,2025-01-17,correios,17.04,1
46,PED-62923,2024-09-24,2024-10-06,2024-10-05,Correios,132.29,2
47,PED-15209,2025-01-18,2025-01-29,2025-02-03,Correios,63.34,3
48,PED-97782,2025-09-02,2025-09-08,2025-09-07,Jadlog,39.51,4
49,PED-94607,2024-12-04,2024-12-08,2024-12-14,Jadlog,68.35,1
50,PED-91416,2024-08-03,2024-08-05,2024-08-08,Correios,17.67,2
51,PED-27361,2025-05-14,2025-05-24,2025-05-24,Jadlog,124.27,2
52,PED-30676,2025-09-30,2025-10-07,2025-10-07,Total Express,118.05,3
53,PED-79329,2024-05-25,2024-06-05,2024-06-11,Correios,96.16,3
54,PED-27601,2024-12-14,2024-12-26,2024-12-23,Jadlog,23.24,1
55,PED-45697,2025-07-03,2025-07-13,2025-07-11,Jadlog,87.84,3
56,PED-93130,2024-07-16,2024-07-21,2024-07-27,Jadlog,74.71,3
57,PED-93136,2024-07-12,2024-07-14,2024-07-11,Total Express,117.47,1
58,PED-27146,2024-09-20,2024-09-22,2024-09-23,Jadlog,29.33,4
59,PED-83519,2024-08-19,2024-08-29,2024-08-31,Correios,22.77,2
60,PED-58393,2024-12-14,2024-12-24,2024-12-20,correios,64.73,1
61,PED-15229,2024-12-24,2024-12-30,2024-12-31,Jadlog,35.73,2
62,PED-56357,2026-01-14,2026-01-26,2026-01-23,Total Express,136.55,2
63,PED-33206,2025-04-29,2025-05-04,2025-05-02,Total Express,11.27,3
64,PED-42527,2024-04-04,2024-04-12,2024-04-18,Jadlog,29.01,1
65,PED-71694,2025-09-20,2025-09-28,2025-09-24,correios,34.34,4
66,PED-39831,2024-07-11,2024-07-18,2024-07-18,correios,11.12,2
67,PED-46517,2024-09-10,2024-09-18,2024-09-19,Correios,135.63,3
68,PED-76768,2025-07-25,2025-08-01,2025-08-07,Total Express,97.7,3
69,PED-44237,2025-08-04,2025-08-06,2025-08-03,correios,84.64,3
70,PED-88193,2025-09-19,2025-09-21,2025-09-18,Total Express,53.63,3
71,PED-77033,2024-06-01,2024-06-09,2024-06-14,Correios,58.85,2
72,PED-67154,2024-12-12,2024-12-18,2024-12-14,Correios,76.63,2
73,PED-19171,2024-02-18,2024-02-25,2024-02-27,Jadlog,90.26,1
74,PED-50538,2025-10-15,2025-10-21,2025-10-25,Total Express,51.06,3
75,PED-35144,2025-04-30,2025-05-10,2025-05-08,Total Express,95.77,4
76,PED-90676,2024-03-30,2024-04-11,2024-04-09,Jadlog,61.6,1
77,PED-37549,2024-12-09,2024-12-15,2024-12-15,Total Express,111.72,3
78,PED-67954,2025-05-13,2025-05-22,2025-05-25,correios,75.47,2
79,PED-47196,2025-11-12,2025-11-24,2025-11-21,Jadlog,20.33,2
80,PED-39444,2024-11-15,2024-11-27,2024-11-27,correios,27.45,1
81,PED-90120,2024-05-19,2024-05-24,2024-05-27,Correios,68.11,2
82,PED-62383,2024-04-22,2024-04-30,2024-05-03,correios,27.48,1
83,PED-38683,2025-07-18,2025-07-21,2025-07-23,correios,114.14,4
84,PED-42662,2025-05-21,2025-05-23,2025-05-27,Correios,68.25,4
85,PED-83259,2025-02-01,2025-02-13,2025-02-17,Jadlog,133.41,4
86,PED-65933,2024-08-15,2024-08-26,2024-08-30,Total Express,126.43,4
87,PED-42406,2025-04-21,2025-04-30,2025-04-30,Jadlog,109.09,4
88,PED-45992,2024-03-06,2024-03-18,2024-03-17,Total Express,18.23,3
89,PED-54020,2025-07-01,2025-07-06,2025-07-06,Jadlog,125.88,1
90,PED-40311,2024-11-02,2024-11-06,2024-11-04,Total Express,99.6,2
91,PED-63424,2025-11-05,2025-11-08,2025-11-10,Jadlog,79.62,4
92,PED-65069,2024-11-06,2024-11-08,2024-11-07,Total Express,127.44,1
93,PED-72518,2024-09-29,2024-10-10,2024-10-12,Correios,132.44,3
94,PED-80545,2025-12-18,2025-12-26,2025-12-28,correios,72.45,3
95,PED-13804,2024-09-27,2024-10-05,2024-10-08,Total Express,52.37,4
96,PED-26728,2025-01-10,2025-01-14,2025-01-17,Correios,127.71,1
97,PED-66179,2025-04-17,2025-04-20,2025-04-26,correios,122.42,2
98,PED-59689,2025-09-11,2025-09-13,2025-09-13,Jadlog,35.94,3
99,PED-46471,2024-09-04,2024-09-11,2024-09-13,Total Express,41.3,1
100,PED-80702,2024-06-05,2024-06-14,2024-06-10,Correios,139.99,3
101,PED-18993,2024-09-01,2024-09-06,2024-09-12,Correios,107.56,2
102,PED-91439,2024-04-10,2024-04-15,2024-04-11,correios,39.49,4
103,PED-83920,2024-09-18,2024-09-30,2024-09-27,correios,69.38,3
104,PED-89415,2025-07-18,2025-07-25,2025-07-23,Correios,110.67,2
105,PED-85849,2025-06-06,2025-06-12,2025-06-09,Correios,130.61,4
106,PED-19961,2025-11-23,2025-12-01,2025-11-30,correios,21.45,3
107,PED-25866,2024-04-04,2024-04-16,2024-04-21,Correios,53.83,4
108,PED-19038,2024-05-06,2024-05-18,2024-05-19,Jadlog,9.67,4
109,PED-66822,2025-08-13,2025-08-22,2025-08-19,Jadlog,91.9,4
110,PED-33086,2024-07-17,2024-07-21,2024-07-23,Jadlog,89.3,4
111,PED-87656,2025-07-27,2025-08-05,2025-08-07,Jadlog,50.54,2
112,PED-69087,2025-06-09,2025-06-12,2025-06-12,correios,107.06,4
113,PED-74789,2024-06-28,2024-07-05,2024-07-01,Jadlog,32.0,2
114,PED-54608,2024-02-19,2024-02-26,2024-02-26,Jadlog,124.2,3
115,PED-77715,2024-03-25,2024-04-04,2024-03-31,correios,19.3,4
116,PED-41499,2025-06-16,2025-06-25,2025-06-29,Total Express,93.26,4
117,PED-22196,2025-02-18,2025-02-27,2025-02-23,Jadlog,37.25,2
118,PED-86225,2025-09-21,2025-09-27,2025-10-03,Jadlog,70.47,3
119,PED-53357,2024-11-07,2024-11-15,2024-11-19,Jadlog,100.78,3
120,PED-40217,2025-11-24,2025-11-30,2025-11-30,Correios,103.21,3
121,PED-34267,2024-07-11,2024-07-14,2024-07-18,correios,36.56,4
122,PED-78765,2024-08-08,2024-08-14,2024-08-19,Jadlog,137.43,2
123,PED-57301,2025-01-06,2025-01-12,2025-01-11,correios,47.9,2
124,PED-17146,2025-09-18,2025-09-24,2025-09-20,Jadlog,100.06,2
125,PED-23446,2025-04-01,2025-04-13,2025-04-16,Correios,83.78,4
126,PED-54657,2024-05-12,2024-05-21,2024-05-24,correios,135.45,3
127,PED-18564,2025-05-16,2025-05-25,2025-05-22,Total Express,72.91,1
128,PED-83772,2025-08-04,2025-08-08,2025-08-06,Jadlog,19.24,2
129,PED-64548,2024-07-01,2024-07-04,2024-07-08,correios,110.39,4
130,PED-48974,2024-08-29,2024-09-07,2024-09-10,Total Express,48.31,1
131,PED-37235,2026-01-15,2026-01-26,2026-01-23,correios,42.93,1
132,PED-32782,2024-12-07,2024-12-11,2024-12-10,Correios,28.66,4
133,PED-71592,2024-12-31,2025-01-09,2025-01-14,Jadlog,12.31,3
134,PED-19329,2024-03-14,2024-03-20,2024-03-23,correios,129.96,2
135,PED-81376,2025-04-14,2025-04-22,2025-04-19,correios,93.49,3
136,PED-17816,2024-12-21,2024-12-25,2024-12-22,correios,112.63,3
137,PED-71433,2025-11-30,2025-12-09,2025-12-06,Jadlog,100.36,3
138,PED-74722,2024-08-15,2024-08-25,2024-08-29,Total Express,18.62,1
139,PED-89129,2025-12-10,2025-12-18,2025-12-19,Jadlog,11.41,2
140,PED-86955,2025-04-20,2025-05-02,2025-05-07,Correios,139.94,3
141,PED-32962,2025-12-11,2025-12-22,2025-12-18,Total Express,76.5,4
142,PED-86720,2024-08-28,2024-09-03,2024-09-01,Total Express,91.79,4
143,PED-55607,2024-04-12,2024-04-15,2024-04-18,Total Express,52.0,1
144,PED-63955,2024-11-13,2024-11-17,2024-11-18,Total Express,46.04,4
145,PED-69614,2025-08-04,2025-08-14,2025-08-10,Correios,49.52,3
146,PED-77449,2024-06-26,2024-06-29,2024-07-01,Correios,94.81,4
147,PED-34586,2024-12-11,2024-12-19,2024-12-15,Jadlog,90.19,4
148,PED-16764,2025-07-14,2025-07-26,2025-07-29,correios,43.25,2
149,PED-73532,2024-10-16,2024-10-22,2024-10-25,Correios,11.81,2
150,PED-82199,2024-09-15,2024-09-19,2024-09-19,Correios,80.9,1
151,PED-70482,2024-05-06,2024-05-11,2024-05-08,Correios,93.5,2
152,PED-76698,2025-10-29,2025-11-07,2025-11-07,Jadlog,62.84,4
153,PED-69871,2025-05-08,2025-05-17,2025-05-16,correios,58.63,2
154,PED-64387,2025-10-26,2025-10-29,2025-10-29,Jadlog,131.32,3
155,PED-49132,2025-05-10,2025-05-12,2025-05-12,Total Express,122.21,4
156,PED-55236,2025-07-26,2025-08-05,2025-08-08,Jadlog,80.85,4
157,PED-34727,2025-04-18,2025-04-27,2025-04-28,correios,83.48,2
158,PED-51704,2024-02-16,2024-02-24,2024-02-20,Total Express,101.09,4
159,PED-95461,2024-05-19,2024-05-27,2024-06-02,correios,73.38,1
160,PED-87356,2024-04-20,2024-04-24,2024-04-28,Jadlog,122.8,4
161,PED-69890,2025-12-14,2025-12-17,2025-12-21,Correios,103.36,4
162,PED-19807,2025-05-06,2025-05-18,2025-05-16,Total Express,111.16,3
163,PED-62098,2025-11-30,2025-12-07,2025-12-12,Correios,120.43,4
164,PED-73956,2024-09-29,2024-10-06,2024-10-12,Correios,89.5,2
165,PED-47667,2024-02-15,2024-02-27,2024-03-04,correios,106.57,4
166,PED-23173,2025-09-26,2025-09-29,2025-10-05,Total Express,29.96,3
167,PED-52516,2025-04-11,2025-04-13,2025-04-09,Correios,46.72,3
168,PED-42007,2024-11-13,2024-11-21,2024-11-19,Total Express,82.7,2
169,PED-20350,2026-02-01,2026-02-05,2026-02-03,Total Express,89.8,2
170,PED-28758,2025-05-09,2025-05-18,2025-05-23,correios,68.87,3
171,PED-97404,2025-07-06,2025-07-15,2025-07-15,Correios,126.66,4
172,PED-81643,2024-02-11,2024-02-17,2024-02-23,correios,17.75,3
173,PED-93746,2025-06-07,2025-06-18,2025-06-18,Total Express,99.12,4
174,PED-60422,2024-06-14,2024-06-20,2024-06-19,Total Express,22.08,4
175,PED-85341,2025-10-08,2025-10-19,2025-10-20,Jadlog,139.04,3
176,PED-61879,2024-02-28,2024-03-01,2024-03-07,Jadlog,9.07,1
177,PED-47512,2025-11-01,2025-11-12,2025-11-15,correios,88.13,3
178,PED-34920,2025-06-30,2025-07-05,2025-07-11,Jadlog,97.46,2
179,PED-92242,2024-02-15,2024-02-27,2024-02-24,Correios,48.78,4
180,PED-57823,2026-01-27,2026-01-29,2026-02-03,correios,19.9,3
181,PED-33021,2025-12-17,2025-12-24,2025-12-26,correios,25.45,3
182,PED-45720,2025-11-03,2025-11-13,2025-11-17,correios,41.92,4
183,PED-25095,2025-04-02,2025-04-08,2025-04-09,Total Express,135.1,2
184,PED-98395,2026-01-07,2026-01-12,2026-01-18,Total Express,135.68,3
185,PED-11824,2024-02-12,2024-02-15,2024-02-17,Jadlog,78.83,4
186,PED-98125,2025-01-31,2025-02-07,2025-02-13,Jadlog,85.16,3
187,PED-40647,2025-08-03,2025-08-06,2025-08-12,Total Express,11.3,3
188,PED-94889,2025-04-13,2025-04-24,2025-04-23,Correios,91.87,4
189,PED-63516,2024-04-08,2024-04-14,2024-04-20,Correios,26.45,1
190,PED-25220,2025-10-08,2025-10-14,2025-10-17,Correios,38.99,2
191,PED-58629,2024-07-04,2024-07-12,2024-07-15,Total Express,85.53,2
192,PED-22978,2025-09-24,2025-10-02,2025-10-08,Total Express,89.27,3
193,PED-38477,2025-11-29,2025-12-01,2025-12-02,Total Express,66.7,2
194,PED-99873,2025-12-26,2026-01-02,2025-12-30,Jadlog,79.87,3
195,PED-46160,2024-07-19,2024-07-21,2024-07-23,correios,135.8,4
196,PED-37801,2025-02-23,2025-02-26,2025-03-04,Correios,14.68,3
197,PED-84000,2025-11-08,2025-11-13,2025-11-11,correios,17.06,2
198,PED-40539,2024-08-26,2024-09-06,2024-09-05,Jadlog,110.22,1
199,PED-27038,2024-02-19,2024-02-25,2024-02-23,Jadlog,113.4,1
200,PED-27275,2025-01-13,2025-01-25,2025-01-21,Correios,55.29,2
201,PED-12068,2024-08-10,2024-08-21,2024-08-22,correios,43.03,2
202,PED-24896,2025-09-10,2025-09-18,2025-09-22,Correios,70.86,3
203,PED-24293,2024-05-25,2024-06-04,2024-06-09,Total Express,74.51,1
204,PED-49535,2024-10-03,2024-10-15,2024-10-19,Total Express,92.92,1
205,PED-62640,2024-11-28,2024-11-30,2024-12-03,Total Express,98.56,4
206,PED-20589,2025-02-12,2025-02-21,2025-02-18,Jadlog,88.3,1
207,PED-91830,2025-04-13,2025-04-17,2025-04-17,Jadlog,58.28,3
208,PED-89354,2024-09-22,2024-10-01,2024-10-05,Total Express,21.09,1
209,PED-82264,2025-06-06,2025-06-18,2025-06-24,correios,64.77,2
210,PED-69441,2025-10-12,2025-10-20,2025-10-21,Total Express,62.91,1
211,PED-50963,2024-04-07,2024-04-14,2024-04-16,Jadlog,57.41,2
212,PED-18799,2025-06-28,2025-07-10,2025-07-13,Correios,117.79,1
213,PED-58843,2025-01-28,2025-02-05,2025-02-02,correios,81.44,3
214,PED-63845,2026-01-09,2026-01-21,2026-01-18,Jadlog,123.32,4
215,PED-88696,2024-09-08,2024-09-10,2024-09-10,Jadlog,54.42,2
216,PED-73201,2025-08-23,2025-08-27,2025-09-02,correios,119.84,3
217,PED-25058,2024-09-20,2024-09-30,2024-10-01,Jadlog,83.78,4
218,PED-90422,2025-10-25,2025-11-04,2025-11-09,Correios,88.39,3
219,PED-45818,2025-11-09,2025-11-11,2025-11-09,Jadlog,129.64,3
220,PED-28776,2025-01-06,2025-01-08,2025-01-06,Total Express,17.19,1
221,PED-38197,2025-09-17,2025-09-20,2025-09-24,Total Express,63.42,3
222,PED-50846,2025-03-29,2025-04-02,2025-04-03,Jadlog,110.54,1
223,PED-30632,2024-06-01,2024-06-03,2024-06-01,Correios,96.96,3
224,PED-65576,2025-04-11,2025-04-20,2025-04-26,Total Express,88.13,4
225,PED-77154,2024-03-13,2024-03-19,2024-03-18,Correios,53.56,1
226,PED-98930,2025-09-29,2025-10-05,2025-10-11,Total Express,77.56,3
227,PED-61807,2026-01-04,2026-01-06,2026-01-05,Correios,9.01,3
228,PED-43491,2025-02-04,2025-02-09,2025-02-07,Jadlog,51.31,1
229,PED-33028,2025-05-16,2025-05-25,2025-05-27,correios,58.19,2
230,PED-97562,2024-05-02,2024-05-12,2024-05-16,Jadlog,17.51,1
231,PED-70260,2024-04-27,2024-05-05,2024-05-01,Correios,121.8,4
232,PED-93904,2024-09-09,2024-09-20,2024-09-22,Total Express,46.22,4
233,PED-32527,2025-02-20,2025-02-22,2025-02-23,Total Express,117.83,3
234,PED-23875,2025-08-25,2025-08-28,2025-08-30,correios,65.51,4
235,PED-61873,2024-11-25,2024-12-05,2024-12-02,Jadlog,106.45,2
236,PED-20011,2025-04-03,2025-04-10,2025-04-08,Correios,78.04,2
237,PED-94599,2024-04-16,2024-04-23,2024-04-24,correios,39.19,2
238,PED-32740,2024-07-19,2024-07-25,2024-07-24,correios,108.35,1
239,PED-74764,2025-02-08,2025-02-12,2025-02-18,Total Express,107.59,4
240,PED-94278,2024-10-24,2024-11-05,2024-11-10,Jadlog,122.08,3
241,PED-18950,2024-04-25,2024-04-29,2024-05-02,Total Express,66.37,3
242,PED-17362,2025-10-22,2025-10-28,2025-11-02,Jadlog,74.97,3
243,PED-14929,2025-05-27,2025-06-05,2025-06-08,Correios,56.67,3
244,PED-21835,2024-04-28,2024-05-01,2024-05-07,Total Express,69.08,1
245,PED-95437,2024-12-02,2024-12-11,2024-12-16,correios,50.44,4
246,PED-18109,2025-11-30,2025-12-10,2025-12-08,Total Express,21.66,3
247,PED-94689,2024-09-17,2024-09-20,2024-09-24,correios,13.17,4
248,PED-78517,2024-06-27,2024-07-06,2024-07-10,correios,56.03,3
249,PED-54350,2024-08-02,2024-08-10,2024-08-12,Correios,112.18,3
250,PED-22387,2025-11-18,2025-11-21,2025-11-22,Total Express,45.51,2
251,PED-86380,2024-08-01,2024-08-08,2024-08-05,correios,129.01,3
252,PED-61374,2024-08-14,2024-08-26,2024-09-01,correios,86.55,1
253,PED-59372,2025-05-09,2025-05-15,2025-05-19,Jadlog,115.34,1
254,PED-65496,2024-05-13,2024-05-25,2024-05-31,Jadlog,10.41,3
255,PED-54791,2025-03-30,2025-04-03,2025-04-02,Total Express,33.34,2
256,PED-48770,2024-04-12,2024-04-16,2024-04-13,Correios,75.02,1
257,PED-91006,2025-10-31,2025-11-12,2025-11-13,correios,86.84,2
258,PED-91885,2025-01-21,2025-01-25,2025-01-23,correios,103.2,1
259,PED-98652,2025-11-03,2025-11-11,2025-11-12,correios,135.99,3
260,PED-79993,2024-07-20,2024-07-29,2024-07-28,correios,48.85,4
261,PED-98907,2025-05-04,2025-05-09,2025-05-10,Total Express,68.94,3
262,PED-79135,2024-02-12,2024-02-20,2024-02-24,Total Express,135.55,2
263,PED-42768,2025-11-15,2025-11-26,2025-11-24,Correios,92.64,3
264,PED-77621,2025-01-26,2025-02-05,2025-02-02,Correios,45.63,2
265,PED-77286,2025-05-24,2025-05-30,2025-06-02,correios,117.7,1
266,PED-55820,2026-01-20,2026-01-25,2026-01-28,Correios,62.77,4
267,PED-40903,2025-02-19,2025-03-01,2025-03-02,Total Express,139.28,3
268,PED-51770,2025-09-19,2025-09-24,2025-09-20,Correios,118.77,3
269,PED-15020,2024-02-21,2024-02-25,2024-02-23,Jadlog,129.1,4
270,PED-68799,2025-11-04,2025-11-08,2025-11-11,Correios,127.57,1
271,PED-29597,2025-10-25,2025-10-31,2025-10-30,Total Express,22.68,3
272,PED-25970,2025-09-23,2025-09-28,2025-09-28,Correios,39.47,4
273,PED-75513,2025-12-31,2026-01-03,2025-12-31,Correios,91.42,2
274,PED-66261,2024-11-04,2024-11-08,2024-11-08,Correios,89.15,2
275,PED-34551,2024-04-14,2024-04-25,2024-04-27,Correios,77.1,3
276,PED-81313,2025-05-05,2025-05-08,2025-05-12,Correios,59.54,4
277,PED-60709,2026-01-06,2026-01-08,2026-01-14,Jadlog,41.48,1
278,PED-55193,2025-03-20,2025-03-27,2025-03-24,correios,104.75,1
279,PED-27486,2024-02-17,2024-02-28,2024-02-29,Correios,54.5,3
280,PED-99742,2024-11-02,2024-11-14,2024-11-12,Total Express,137.47,4
281,PED-27675,2026-01-14,2026-01-26,2026-01-24,Correios,102.52,4
282,PED-36422,2025-03-07,2025-03-09,2025-03-09,Correios,112.43,1
283,PED-77552,2025-05-10,2025-05-17,2025-05-17,Total Express,138.56,4
284,PED-94790,2025-04-10,2025-04-16,2025-04-12,correios,45.77,1
285,PED-45811,2025-05-15,2025-05-27,2025-05-28,Correios,113.51,4
286,PED-60678,2024-09-17,2024-09-25,2024-09-28,Jadlog,136.53,4
287,PED-78062,2025-12-10,2025-12-19,2025-12-20,Jadlog,113.75,4
288,PED-88964,2024-07-17,2024-07-20,2024-07-22,correios,80.0,3
289,PED-52981,2024-03-12,2024-03-15,2024-03-12,Jadlog,48.46,4
290,PED-56077,2025-03-28,2025-04-01,2025-04-04,Total Express,13.59,3
291,PED-45986,2025-07-21,2025-08-01,2025-08-03,Correios,17.91,4
292,PED-99051,2025-06-21,2025-06-28,2025-07-02,correios,133.77,2
293,PED-67432,2024-06-17,2024-06-28,2024-07-04,Correios,24.66,2
294,PED-57467,2025-11-10,2025-11-22,2025-11-23,Total Express,133.33,1
295,PED-99006,2025-06-29,2025-07-10,2025-07-08,Total Express,133.24,3
296,PED-85225,2024-04-01,2024-04-10,2024-04-07,correios,77.89,4
297,PED-46528,2025-01-06,2025-01-13,2025-01-19,correios,134.79,1
298,PED-77861,2025-01-30,2025-02-03,2025-02-06,Total Express,128.59,1
299,PED-68493,2024-05-20,2024-05-26,2024-05-26,correios,139.52,3
300,PED-26074,2025-09-01,2025-09-10,2025-09-09,correios,120.57,4
301,PED-21506,2024-02-04,2024-02-08,2024-02-11,Jadlog,96.15,1
302,PED-48058,2024-12-09,2024-12-19,2024-12-23,Jadlog,120.38,2
303,PED-39391,2025-11-19,2025-11-26,2025-11-30,Correios,138.04,2
304,PED-13445,2024-07-03,2024-07-08,2024-07-11,Jadlog,81.13,3
305,PED-27009,2025-07-23,2025-08-01,2025-08-05,Correios,16.68,4
306,PED-63843,2025-03-08,2025-03-17,2025-03-21,Total Express,116.68,1
307,PED-94192,2024-07-07,2024-07-11,2024-07-12,Correios,67.4,3
308,PED-93859,2024-11-20,2024-11-24,2024-11-28,correios,109.35,2
309,PED-17263,2024-09-15,2024-09-23,2024-09-27,Correios,76.39,3
310,PED-52291,2024-08-20,2024-08-24,2024-08-22,correios,53.68,3
311,PED-35729,2025-07-08,2025-07-11,2025-07-11,Jadlog,24.52,3
312,PED-22245,2025-11-19,2025-11-30,2025-12-04,correios,86.12,2
313,PED-91851,2026-01-08,2026-01-12,2026-01-18,Jadlog,119.21,1
314,PED-15958,2025-12-13,2025-12-15,2025-12-12,Jadlog,93.95,4
315,PED-13969,2025-12-27,2026-01-07,2026-01-13,Total Express,125.35,3
316,PED-73300,2025-01-09,2025-01-21,2025-01-21,correios,114.22,4
317,PED-19564,2024-07-08,2024-07-14,2024-07-17,Correios,28.87,4
318,PED-36741,2025-11-28,2025-12-07,2025-12-10,Jadlog,88.08,3
319,PED-62260,2024-04-15,2024-04-22,2024-04-23,correios,108.41,1
320,PED-71141,2024-11-09,2024-11-16,2024-11-15,Correios,43.31,2
321,PED-16632,2025-05-16,2025-05-20,2025-05-17,Jadlog,132.79,4
322,PED-52917,2024-03-23,2024-03-28,2024-03-26,Jadlog,33.06,2
323,PED-71186,2026-01-18,2026-01-27,2026-01-31,Total Express,124.04,4
324,PED-61543,2025-09-07,2025-09-09,2025-09-06,Total Express,135.6,2
325,PED-16377,2026-01-16,2026-01-27,2026-01-28,Correios,45.14,4
326,PED-11071,2024-04-01,2024-04-07,2024-04-11,Correios,64.88,3
327,PED-57964,2025-11-15,2025-11-22,2025-11-24,Correios,60.88,2
328,PED-47827,2024-09-10,2024-09-17,2024-09-21,Correios,59.0,4
329,PED-91689,2024-12-27,2025-01-06,2025-01-06,Correios,24.98,1
330,PED-54444,2024-07-11,2024-07-19,2024-07-20,Jadlog,107.66,2
331,PED-62610,2025-11-29,2025-12-10,2025-12-14,Correios,13.98,2
332,PED-78069,2025-04-10,2025-04-17,2025-04-20,Total Express,27.66,2
333,PED-51750,2024-08-18,2024-08-25,2024-08-30,correios,59.87,3
334,PED-76494,2025-11-21,2025-12-02,2025-12-03,Total Express,101.55,3
335,PED-58281,2025-12-07,2025-12-16,2025-12-12,Jadlog,96.94,4
336,PED-92478,2026-01-23,2026-02-03,2026-02-03,Correios,86.79,3
337,PED-85711,2024-12-26,2025-01-07,2025-01-12,correios,103.22,4
338,PED-92447,2024-02-27,2024-03-02,2024-03-06,Total Express,27.51,2
339,PED-24404,2024-08-16,2024-08-18,2024-08-23,correios,10.5,3
340,PED-64127,2025-08-12,2025-08-20,2025-08-18,correios,62.17,4
341,PED-77984,2025-05-12,2025-05-14,2025-05-12,correios,82.04,4
342,PED-51124,2025-09-21,2025-10-01,2025-10-03,correios,68.68,3
343,PED-98587,2025-04-28,2025-05-08,2025-05-09,Jadlog,88.53,2
344,PED-83149,2025-05-14,2025-05-19,2025-05-19,Jadlog,37.68,3
345,PED-74094,2024-02-04,2024-02-10,2024-02-09,Jadlog,71.33,3
346,PED-85166,2024-12-25,2024-12-31,2024-12-28,Total Express,126.24,4
347,PED-48070,2025-01-02,2025-01-09,2025-01-07,Correios,45.97,1
348,PED-95979,2024-10-28,2024-11-04,2024-11-07,Jadlog,106.65,2
349,PED-45537,2024-12-18,2024-12-23,2024-12-27,Jadlog,26.12,2
350,PED-97796,2025-07-18,2025-07-23,2025-07-19,correios,92.21,1
351,PED-53292,2024-03-01,2024-03-04,2024-03-06,Total Express,21.27,2
352,PED-30701,2025-03-20,2025-03-22,2025-03-26,Total Express,94.18,4
353,PED-36143,2024-04-19,2024-04-28,2024-05-04,Jadlog,50.39,1
354,PED-85252,2025-01-21,2025-01-24,2025-01-30,correios,78.64,1
355,PED-33040,2025-06-01,2025-06-05,2025-06-07,Correios,139.63,4
356,PED-47941,2025-12-02,2025-12-11,2025-12-09,Correios,9.22,1
357,PED-69552,2024-02-14,2024-02-21,2024-02-21,Total Express,125.38,2
358,PED-45761,2024-02-26,2024-03-07,2024-03-10,correios,114.76,3
359,PED-94972,2026-01-02,2026-01-06,2026-01-09,Jadlog,102.85,1
360,PED-84420,2025-07-09,2025-07-16,2025-07-16,correios,31.17,4
361,PED-52982,2026-01-29,2026-02-06,2026-02-10,Correios,60.91,1
362,PED-72580,2024-09-27,2024-10-01,2024-09-29,Jadlog,131.53,1
363,PED-40870,2025-12-10,2025-12-16,2025-12-18,Total Express,107.5,3
364,PED-85088,2024-10-06,2024-10-12,2024-10-17,Correios,42.53,3
365,PED-97528,2024-10-13,2024-10-18,2024-10-14,Correios,69.43,2
366,PED-75866,2026-01-03,2026-01-11,2026-01-17,Jadlog,99.12,3
367,PED-38947,2024-08-24,2024-08-31,2024-09-05,correios,134.37,4
368,PED-89395,2024-12-18,2024-12-22,2024-12-25,Jadlog,62.89,4
369,PED-38627,2025-11-11,2025-11-21,2025-11-27,correios,97.81,1
370,PED-79228,2024-04-24,2024-05-04,2024-05-07,Jadlog,18.31,1
371,PED-76255,2024-03-13,2024-03-15,2024-03-19,correios,83.6,2
372,PED-78202,2024-05-14,2024-05-18,2024-05-19,Total Express,23.34,2
373,PED-21919,2024-02-14,2024-02-25,2024-02-28,Total Express,114.75,4
374,PED-64450,2024-07-24,2024-07-28,2024-08-01,Total Express,82.44,4
375,PED-12853,2024-05-27,2024-06-08,2024-06-08,Total Express,41.59,1
376,PED-19572,2025-01-02,2025-01-07,2025-01-12,Correios,63.93,1
377,PED-19046,2025-11-09,2025-11-19,2025-11-15,Total Express,12.19,4
378,PED-94085,2025-01-21,2025-01-25,2025-01-23,Total Express,57.43,4
379,PED-59236,2024-08-14,2024-08-23,2024-08-25,Correios,98.12,2
380,PED-25549,2025-02-06,2025-02-18,2025-02-19,correios,139.06,4
381,PED-39188,2024-11-14,2024-11-24,2024-11-22,Correios,107.82,3
382,PED-81361,2026-01-08,2026-01-17,2026-01-23,Total Express,78.22,2
383,PED-55371,2024-07-13,2024-07-18,2024-07-21,correios,44.39,1
384,PED-64950,2024-10-20,2024-10-22,2024-10-28,Correios,39.77,1
385,PED-14400,2025-06-26,2025-06-29,2025-07-04,Total Express,86.91,1
386,PED-62725,2025-08-13,2025-08-18,2025-08-14,Total Express,38.93,2
387,PED-76046,2025-08-05,2025-08-07,2025-08-05,Jadlog,38.91,3
388,PED-98150,2024-10-07,2024-10-18,2024-10-23,Jadlog,39.27,2
389,PED-38972,2025-03-23,2025-04-04,2025-04-08,Total Express,47.67,1
390,PED-32955,2025-09-21,2025-10-01,2025-10-06,Total Express,81.37,1
391,PED-97994,2024-09-03,2024-09-10,2024-09-16,Total Express,111.73,3
392,PED-29558,2025-03-16,2025-03-24,2025-03-26,Jadlog,57.69,4
393,PED-49418,2024-02-11,2024-02-16,2024-02-15,correios,114.36,1
394,PED-64592,2024-02-07,2024-02-17,2024-02-19,correios,59.27,3
395,PED-94765,2024-10-07,2024-10-12,2024-10-13,Correios,129.73,3
396,PED-34966,2024-11-30,2024-12-03,2024-12-07,Correios,43.44,1
397,PED-87015,2024-07-22,2024-07-25,2024-07-24,correios,71.28,3
398,PED-37762,2024-11-17,2024-11-23,2024-11-19,correios,134.99,1
399,PED-89220,2025-09-19,2025-09-28,2025-09-27,correios,60.36,2
400,PED-47101,2025-11-22,2025-12-02,2025-12-03,Total Express,69.55,3
401,PED-57139,2026-01-30,2026-02-05,2026-02-05,Total Express,69.51,4
402,PED-58589,2024-03-04,2024-03-11,2024-03-10,Jadlog,62.64,2
403,PED-44180,2025-02-07,2025-02-11,2025-02-07,Total Express,46.97,2
404,PED-59786,2024-10-22,2024-10-29,2024-10-28,correios,73.91,3
405,PED-94108,2025-01-14,2025-01-20,2025-01-23,Total Express,68.83,3
406,PED-81636,2024-03-13,2024-03-17,2024-03-15,Total Express,32.29,1
407,PED-19742,2024-02-08,2024-02-18,2024-02-14,Correios,108.89,4
408,PED-40334,2024-04-16,2024-04-20,2024-04-26,Correios,101.35,1
409,PED-69770,2025-01-07,2025-01-12,2025-01-16,Jadlog,15.98,4
410,PED-12061,2024-07-06,2024-07-18,2024-07-21,Correios,78.25,4
411,PED-79391,2024-10-01,2024-10-03,2024-09-29,Jadlog,78.72,3
412,PED-98346,2024-11-01,2024-11-03,2024-11-07,Total Express,114.41,2
413,PED-78732,2024-03-26,2024-03-29,2024-03-26,correios,39.81,3
414,PED-62022,2025-07-18,2025-07-25,2025-07-25,Correios,57.24,4
415,PED-41877,2024-03-10,2024-03-19,2024-03-24,correios,47.6,1
416,PED-14152,2024-11-05,2024-11-17,2024-11-23,Correios,61.5,4
417,PED-17355,2024-06-15,2024-06-25,2024-06-28,Correios,100.78,1
418,PED-94529,2024-03-22,2024-03-31,2024-04-02,Jadlog,82.69,1
419,PED-40115,2025-01-29,2025-02-08,2025-02-04,correios,126.97,4
420,PED-19744,2024-04-05,2024-04-11,2024-04-07,Jadlog,126.71,1
421,PED-12052,2024-03-02,2024-03-06,2024-03-07,correios,85.49,4
422,PED-31292,2024-05-09,2024-05-12,2024-05-12,correios,82.8,4
423,PED-53480,2025-02-20,2025-03-04,2025-03-08,Total Express,107.74,2
424,PED-55332,2025-01-28,2025-01-31,2025-02-04,Correios,20.89,2
425,PED-89320,2024-12-15,2024-12-18,2024-12-19,Total Express,135.9,3
426,PED-45825,2024-06-17,2024-06-19,2024-06-25,Total Express,72.76,3
427,PED-66603,2024-06-16,2024-06-26,2024-06-28,correios,97.72,4
428,PED-48715,2024-12-21,2024-12-24,2024-12-29,correios,102.13,1
429,PED-59807,2025-06-15,2025-06-21,2025-06-19,correios,105.63,3
430,PED-21995,2026-01-26,2026-02-02,2026-01-30,Correios,132.47,4
431,PED-23399,2024-12-30,2025-01-06,2025-01-06,correios,19.52,4
432,PED-82710,2024-05-13,2024-05-22,2024-05-26,Total Express,21.63,1
433,PED-22198,2025-08-25,2025-09-01,2025-09-05,Jadlog,122.01,1
434,PED-60829,2025-03-10,2025-03-16,2025-03-18,Correios,103.68,2
435,PED-32227,2024-03-06,2024-03-17,2024-03-21,Total Express,30.37,3
436,PED-74634,2024-12-22,2024-12-28,2024-12-28,correios,16.35,4
437,PED-49289,2025-01-06,2025-01-12,2025-01-14,Total Express,111.31,3
438,PED-91924,2024-07-04,2024-07-10,2024-07-09,Total Express,86.38,2
439,PED-27758,2026-01-30,2026-02-08,2026-02-05,Jadlog,8.89,4
440,PED-59792,2025-09-07,2025-09-14,2025-09-19,Jadlog,66.11,4
441,PED-27842,2025-02-19,2025-03-03,2025-03-08,Jadlog,50.33,2
442,PED-33283,2024-08-18,2024-08-27,2024-08-28,Total Express,135.87,3
443,PED-85481,2024-04-30,2024-05-12,2024-05-15,correios,51.02,3
444,PED-24927,2024-05-22,2024-05-30,2024-05-31,correios,86.17,2
445,PED-13527,2024-03-11,2024-03-23,2024-03-27,Total Express,132.47,2
446,PED-19064,2025-05-29,2025-06-07,2025-06-07,Total Express,96.83,2
447,PED-41722,2025-10-06,2025-10-18,2025-10-18,Jadlog,94.94,4
448,PED-68860,2025-10-30,2025-11-07,2025-11-04,Total Express,84.86,4
449,PED-57124,2025-04-15,2025-04-25,2025-04-21,Correios,22.44,2
450,PED-56531,2026-01-19,2026-01-31,2026-02-06,correios,93.4,1
451,PED-98797,2024-08-21,2024-09-01,2024-09-07,Total Express,135.62,3
452,PED-11382,2025-10-20,2025-10-28,2025-10-25,Correios,42.15,2
453,PED-61266,2025-07-09,2025-07-18,2025-07-19,Total Express,109.95,2
454,PED-73277,2025-02-14,2025-02-21,2025-02-17,Correios,47.0,1
455,PED-55656,2024-04-08,2024-04-11,2024-04-09,Jadlog,53.28,2
456,PED-55652,2025-02-26,2025-03-08,2025-03-11,Total Express,20.89,4
457,PED-49356,2024-08-10,2024-08-17,2024-08-14,Correios,114.94,1
458,PED-94930,2025-03-01,2025-03-03,2025-03-04,Correios,97.38,2
459,PED-32865,2024-02-08,2024-02-13,2024-02-17,correios,51.69,4
460,PED-63090,2024-05-29,2024-06-07,2024-06-06,correios,32.6,4
461,PED-90492,2025-09-17,2025-09-25,2025-09-21,correios,67.34,4
462,PED-38153,2025-07-14,2025-07-22,2025-07-18,correios,44.74,1
463,PED-80371,2024-08-07,2024-08-18,2024-08-15,correios,56.28,2
464,PED-44387,2025-04-02,2025-04-11,2025-04-08,Total Express,77.66,3
465,PED-90125,2025-04-28,2025-05-09,2025-05-11,Total Express,85.48,3
466,PED-90918,2025-06-27,2025-07-04,2025-07-07,correios,115.41,3
467,PED-21108,2025-01-20,2025-01-31,2025-02-05,correios,49.34,2
468,PED-33992,2025-07-09,2025-07-15,2025-07-12,Jadlog,99.53,4
469,PED-28070,2024-08-03,2024-08-11,2024-08-16,Total Express,63.84,4
470,PED-94575,2024-10-15,2024-10-27,2024-10-31,correios,81.25,4
471,PED-34523,2025-12-03,2025-12-09,2025-12-07,Jadlog,119.14,1
472,PED-73518,2024-09-26,2024-10-03,2024-09-29,correios,33.76,4
473,PED-95599,2025-09-22,2025-10-02,2025-10-06,Total Express,62.01,4
474,PED-74054,2024-08-18,2024-08-26,2024-08-29,correios,18.91,1
475,PED-14285,2024-10-02,2024-10-07,2024-10-07,Jadlog,37.68,3
476,PED-84140,2024-12-31,2025-01-04,2025-01-07,Total Express,80.56,1
477,PED-45112,2024-02-13,2024-02-24,2024-02-21,Jadlog,79.55,1
478,PED-38644,2024-05-05,2024-05-14,2024-05-18,Total Express,21.52,2
479,PED-68947,2025-09-26,2025-10-02,2025-09-28,Jadlog,54.01,1
480,PED-41056,2024-05-09,2024-05-18,2024-05-15,correios,115.01,3
481,PED-66120,2025-11-29,2025-12-10,2025-12-16,correios,89.33,2
482,PED-84720,2024-07-22,2024-07-27,2024-07-23,Jadlog,78.26,2
483,PED-47923,2024-12-25,2025-01-01,2025-01-01,Jadlog,133.72,1
484,PED-17770,2025-02-15,2025-02-19,2025-02-21,Jadlog,122.45,2
485,PED-29168,2025-06-04,2025-06-08,2025-06-07,Jadlog,117.36,4
486,PED-85684,2024-06-06,2024-06-15,2024-06-13,Jadlog,90.87,4
487,PED-93050,2024-11-30,2024-12-09,2024-12-06,Correios,61.18,3
488,PED-73968,2024-12-23,2024-12-30,2025-01-02,Jadlog,84.82,1
489,PED-97050,2024-09-25,2024-10-04,2024-10-10,Jadlog,120.21,4
490,PED-37767,2024-08-15,2024-08-20,2024-08-22,Total Express,43.45,3
491,PED-85750,2024-09-28,2024-10-05,2024-10-09,correios,82.73,4
492,PED-16345,2024-04-29,2024-05-06,2024-05-12,Correios,21.14,4
493,PED-30707,2024-10-16,2024-10-18,2024-10-15,Total Express,68.26,4
494,PED-95196,2024-02-15,2024-02-20,2024-02-18,Jadlog,28.99,3
495,PED-57242,2024-04-11,2024-04-14,2024-04-20,Jadlog,18.88,2
496,PED-91999,2024-11-30,2024-12-02,2024-12-04,Jadlog,103.83,2
497,PED-21953,2025-03-01,2025-03-09,2025-03-15,Correios,8.14,4
498,PED-87814,2025-05-18,2025-05-21,2025-05-19,correios,76.57,4
499,PED-55032,2026-01-30,2026-02-01,2026-01-28,Correios,138.44,4
500,PED-19283,2024-09-05,2024-09-09,2024-09-12,correios,58.57,1
501,PED-58177,2024-06-27,2024-06-30,2024-07-01,Jadlog,26.1,2
502,PED-28724,2025-02-25,2025-03-09,2025-03-15,Correios,78.03,1
503,PED-31511,2024-07-11,2024-07-22,2024-07-28,Total Express,54.36,2
504,PED-63963,2024-08-04,2024-08-16,2024-08-14,Total Express,121.52,1
505,PED-26142,2024-12-17,2024-12-20,2024-12-18,Total Express,54.4,4
506,PED-42477,2024-08-24,2024-08-31,2024-08-29,Jadlog,93.09,2
507,PED-88644,2024-11-16,2024-11-26,2024-12-01,Jadlog,110.82,1
508,PED-36928,2024-06-03,2024-06-15,2024-06-15,correios,106.72,3
509,PED-41370,2024-10-10,2024-10-22,2024-10-18,Total Express,58.94,2
510,PED-87847,2024-08-31,2024-09-09,2024-09-15,Correios,77.73,1
511,PED-27299,2024-10-23,2024-10-30,2024-10-31,Total Express,121.63,4
512,PED-99514,2024-07-17,2024-07-24,2024-07-28,correios,108.68,1
513,PED-18851,2025-05-01,2025-05-03,2025-05-08,Correios,42.61,1
514,PED-76402,2025-08-03,2025-08-05,2025-08-07,Jadlog,90.97,4
515,PED-20803,2024-06-17,2024-06-25,2024-06-27,correios,44.63,3
516,PED-36633,2024-03-05,2024-03-08,2024-03-12,correios,78.8,4
517,PED-95175,2025-12-26,2026-01-06,2026-01-12,Correios,48.94,4
518,PED-42044,2025-04-07,2025-04-12,2025-04-08,Correios,130.05,1
519,PED-89800,2024-10-31,2024-11-09,2024-11-14,Correios,48.83,2
520,PED-27984,2025-12-18,2025-12-21,2025-12-17,Correios,29.63,3
521,PED-43980,2024-09-21,2024-10-01,2024-10-05,correios,57.09,3
522,PED-53910,2024-10-02,2024-10-05,2024-10-01,Total Express,43.9,1
523,PED-92251,2024-04-08,2024-04-14,2024-04-19,Correios,73.49,3
524,PED-84302,2024-03-21,2024-03-23,2024-03-26,correios,56.53,3
525,PED-98358,2025-04-26,2025-04-29,2025-05-04,Correios,38.15,1
526,PED-42053,2024-12-01,2024-12-03,2024-11-29,Correios,70.27,4
527,PED-14635,2025-05-13,2025-05-17,2025-05-15,Total Express,37.64,2
528,PED-45554,2025-01-01,2025-01-09,2025-01-10,Correios,83.44,1
529,PED-16903,2025-01-22,2025-02-01,2025-02-07,correios,37.46,1
530,PED-70960,2025-08-27,2025-09-04,2025-09-01,Jadlog,110.11,3
531,PED-82494,2024-02-21,2024-02-28,2024-02-25,Total Express,9.05,2
532,PED-49834,2025-04-09,2025-04-15,2025-04-20,correios,69.24,4
533,PED-42129,2024-02-10,2024-02-15,2024-02-19,correios,8.84,4
534,PED-80981,2024-08-03,2024-08-05,2024-08-04,Jadlog,91.94,1
535,PED-96154,2025-03-15,2025-03-22,2025-03-18,Total Express,120.07,3
536,PED-79443,2025-03-26,2025-03-29,2025-03-28,correios,63.42,1
537,PED-22193,2025-07-04,2025-07-08,2025-07-08,Correios,129.61,4
538,PED-21128,2026-01-08,2026-01-15,2026-01-18,Correios,74.72,4
539,PED-84425,2025-05-16,2025-05-19,2025-05-24,Correios,65.42,2
540,PED-44208,2025-06-19,2025-06-24,2025-06-24,Jadlog,130.24,4
541,PED-69343,2025-05-25,2025-06-01,2025-06-02,Jadlog,38.84,2
542,PED-24283,2025-08-25,2025-08-29,2025-09-03,correios,21.95,4
543,PED-63282,2024-02-10,2024-02-19,2024-02-20,Correios,78.74,2
544,PED-70731,2024-05-08,2024-05-17,2024-05-17,Jadlog,120.53,1
545,PED-49874,2025-06-08,2025-06-12,2025-06-18,Correios,36.38,3
546,PED-42534,2024-07-21,2024-07-25,2024-07-22,Jadlog,60.3,1
547,PED-44100,2026-01-03,2026-01-15,2026-01-15,correios,12.1,4
548,PED-82105,2025-08-19,2025-08-28,2025-09-01,correios,20.5,1
549,PED-11567,2026-01-26,2026-01-30,2026-01-27,Correios,117.61,2
550,PED-62505,2025-08-06,2025-08-10,2025-08-09,Jadlog,98.59,1
551,PED-43924,2024-04-10,2024-04-21,2024-04-26,Correios,10.88,1
552,PED-68121,2025-01-04,2025-01-09,2025-01-15,correios,20.14,3
553,PED-70423,2024-07-16,2024-07-19,2024-07-15,Correios,30.17,4
554,PED-13864,2025-02-15,2025-02-23,2025-02-26,Total Express,98.18,2
555,PED-34530,2025-07-27,2025-08-03,2025-08-02,Jadlog,44.94,2
556,PED-91156,2024-05-24,2024-05-26,2024-05-31,correios,93.44,4
557,PED-72787,2025-05-29,2025-06-06,2025-06-10,Correios,19.58,4
558,PED-36143,2025-11-20,2025-11-24,2025-11-26,correios,91.26,1
559,PED-72873,2024-05-16,2024-05-24,2024-05-25,Total Express,53.41,3
560,PED-33568,2025-04-20,2025-04-28,2025-04-28,Correios,50.09,2
561,PED-17679,2024-06-04,2024-06-06,2024-06-06,Total Express,77.89,2
562,PED-42487,2024-08-04,2024-08-08,2024-08-05,correios,43.18,1
563,PED-60911,2025-07-26,2025-07-31,2025-08-05,Jadlog,131.45,2
564,PED-87662,2025-07-14,2025-07-18,2025-07-17,Jadlog,114.42,3
565,PED-56095,2024-03-15,2024-03-26,2024-03-22,correios,82.33,2
566,PED-50508,2024-03-22,2024-03-31,2024-04-04,correios,72.74,1
567,PED-88861,2024-10-25,2024-10-27,2024-10-26,correios,10.63,4
568,PED-90495,2025-10-28,2025-10-30,2025-10-31,correios,114.45,3
569,PED-17806,2024-04-28,2024-05-02,2024-05-03,Correios,27.5,2
570,PED-57826,2025-04-15,2025-04-18,2025-04-22,Correios,57.31,4
571,PED-54113,2025-11-27,2025-12-08,2025-12-05,Jadlog,50.58,2
572,PED-73858,2024-03-04,2024-03-12,2024-03-18,Jadlog,30.99,3
573,PED-87194,2024-03-09,2024-03-14,2024-03-20,correios,57.95,3
574,PED-10235,2025-12-07,2025-12-11,2025-12-09,Total Express,120.3,1
575,PED-51709,2025-04-25,2025-04-29,2025-05-04,correios,92.43,1
576,PED-53406,2024-07-11,2024-07-20,2024-07-18,Correios,39.42,3
577,PED-21629,2025-07-27,2025-07-31,2025-08-06,Jadlog,66.96,3
578,PED-18885,2024-02-14,2024-02-19,2024-02-18,Jadlog,41.88,1
579,PED-60585,2025-06-18,2025-06-20,2025-06-16,Total Express,104.7,2
580,PED-59638,2025-07-31,2025-08-08,2025-08-11,Jadlog,80.08,1
581,PED-95323,2025-12-09,2025-12-18,2025-12-23,correios,29.47,1
582,PED-12631,2024-07-25,2024-07-27,2024-07-27,Jadlog,42.47,1
583,PED-32296,2026-01-01,2026-01-04,2026-01-05,Total Express,29.24,1
584,PED-54295,2024-03-18,2024-03-28,2024-03-25,Total Express,100.99,4
585,PED-89602,2024-12-04,2024-12-16,2024-12-14,Total Express,28.74,1
586,PED-34901,2024-05-14,2024-05-21,2024-05-20,Total Express,100.03,3
587,PED-48980,2024-08-15,2024-08-27,2024-08-27,correios,20.66,4
588,PED-74349,2025-08-07,2025-08-18,2025-08-22,correios,15.19,1
589,PED-48607,2024-08-05,2024-08-13,2024-08-10,Total Express,34.36,1
590,PED-93648,2024-06-22,2024-06-27,2024-06-25,Jadlog,136.97,4
591,PED-62096,2024-07-22,2024-07-25,2024-07-25,Total Express,72.56,3
592,PED-81319,2025-10-08,2025-10-11,2025-10-17,Total Express,32.4,4
593,PED-68428,2025-07-14,2025-07-21,2025-07-19,Correios,42.76,4
594,PED-45200,2024-04-15,2024-04-21,2024-04-20,Correios,27.95,1
595,PED-55061,2024-06-27,2024-06-30,2024-07-06,Total Express,136.13,2
596,PED-60738,2024-03-25,2024-04-04,2024-03-31,Total Express,135.46,4
597,PED-72424,2025-06-12,2025-06-23,2025-06-22,Jadlog,18.42,1
598,PED-77740,2025-10-31,2025-11-10,2025-11-15,correios,23.88,4
599,PED-37772,2025-12-30,2026-01-03,2026-01-01,correios,24.66,4
600,PED-67067,2024-06-10,2024-06-13,2024-06-19,correios,139.64,2
601,PED-51910,2025-08-01,2025-08-12,2025-08-12,Correios,19.49,4
602,PED-46202,2024-12-06,2024-12-16,2024-12-17,Total Express,129.07,1
603,PED-78493,2024-11-18,2024-11-29,2024-12-04,Total Express,22.85,2
604,PED-87061,2024-02-09,2024-02-13,2024-02-18,Correios,130.09,1
605,PED-55071,2025-05-04,2025-05-10,2025-05-14,Total Express,42.87,4
606,PED-72003,2024-12-16,2024-12-27,2025-01-01,Correios,30.73,4
607,PED-89777,2024-06-10,2024-06-14,2024-06-19,Total Express,13.12,3
608,PED-72287,2024-06-11,2024-06-16,2024-06-12,Jadlog,126.41,1
609,PED-50756,2025-11-26,2025-12-03,2025-12-03,Jadlog,119.26,1
610,PED-49384,2025-06-24,2025-06-29,2025-06-27,Total Express,110.17,3
611,PED-89295,2025-02-20,2025-02-26,2025-02-28,Correios,32.81,2
612,PED-77698,2026-01-31,2026-02-08,2026-02-11,Jadlog,116.37,2
613,PED-76426,2024-03-08,2024-03-11,2024-03-11,Total Express,25.91,1
614,PED-36309,2024-04-29,2024-05-03,2024-05-02,Correios,40.93,4
615,PED-36097,2024-06-08,2024-06-10,2024-06-11,Jadlog,56.62,4
616,PED-93284,2025-05-26,2025-06-05,2025-06-07,Correios,97.92,2
617,PED-87862,2024-08-06,2024-08-13,2024-08-16,Total Express,31.44,4
618,PED-55843,2025-07-03,2025-07-14,2025-07-18,Jadlog,29.58,3
619,PED-13597,2024-11-02,2024-11-05,2024-11-05,Total Express,14.55,2
620,PED-39505,2024-10-12,2024-10-17,2024-10-23,correios,43.52,4
621,PED-99417,2024-06-21,2024-07-01,2024-06-27,Correios,70.58,2
622,PED-88792,2024-09-05,2024-09-17,2024-09-15,Correios,37.54,3
623,PED-65549,2025-04-15,2025-04-27,2025-04-27,Total Express,120.41,4
624,PED-71171,2026-01-31,2026-02-06,2026-02-05,Jadlog,97.39,4
625,PED-10963,2024-09-03,2024-09-14,2024-09-11,Jadlog,82.11,3
626,PED-24169,2024-03-31,2024-04-06,2024-04-12,Total Express,16.43,3
627,PED-46291,2024-07-21,2024-08-02,2024-08-03,Jadlog,94.61,3
628,PED-77802,2024-11-27,2024-12-02,2024-11-30,correios,126.76,4
629,PED-99228,2024-09-23,2024-10-05,2024-10-06,correios,103.21,4
630,PED-64862,2025-02-12,2025-02-18,2025-02-18,Total Express,59.25,1
631,PED-34892,2025-02-14,2025-02-25,2025-03-02,Jadlog,103.9,2
632,PED-93665,2024-05-12,2024-05-24,2024-05-28,Total Express,127.66,3
633,PED-32280,2025-08-16,2025-08-26,2025-08-26,correios,46.78,4
634,PED-83273,2025-08-31,2025-09-04,2025-09-04,correios,132.99,3
635,PED-39131,2025-05-23,2025-06-04,2025-06-01,Jadlog,37.48,3
636,PED-58717,2024-05-18,2024-05-26,2024-05-27,Jadlog,85.3,4
637,PED-17035,2024-04-27,2024-04-30,2024-05-03,Correios,70.33,2
638,PED-99220,2024-11-30,2024-12-10,2024-12-07,Total Express,77.94,4
639,PED-28004,2025-12-21,2025-12-23,2025-12-21,correios,53.23,4
640,PED-33639,2024-12-20,2024-12-24,2024-12-25,Correios,72.36,2
641,PED-17603,2025-10-17,2025-10-24,2025-10-30,Correios,67.67,2
642,PED-30766,2025-08-11,2025-08-15,2025-08-20,Total Express,111.65,1
643,PED-66847,2025-01-30,2025-02-03,2025-02-08,Total Express,61.25,4
644,PED-14944,2025-11-27,2025-12-05,2025-12-01,correios,104.45,1
645,PED-34979,2025-06-10,2025-06-17,2025-06-21,Correios,97.33,2
646,PED-50906,2025-04-24,2025-04-29,2025-04-30,correios,21.56,3
647,PED-15992,2024-06-20,2024-06-24,2024-06-21,Jadlog,133.2,4
648,PED-78697,2025-06-03,2025-06-13,2025-06-18,Jadlog,65.24,2
649,PED-57087,2024-04-14,2024-04-21,2024-04-24,correios,29.76,4
650,PED-39402,2025-07-04,2025-07-06,2025-07-05,correios,35.88,1
651,PED-32149,2025-03-25,2025-04-05,2025-04-09,Correios,56.39,1
652,PED-43526,2025-11-08,2025-11-16,2025-11-22,Correios,86.4,1
653,PED-95664,2024-12-19,2024-12-31,2024-12-28,Correios,14.37,1
654,PED-59840,2024-06-02,2024-06-10,2024-06-13,Correios,80.24,4
655,PED-99881,2024-11-09,2024-11-13,2024-11-12,Correios,47.75,1
656,PED-45386,2024-02-12,2024-02-24,2024-02-28,correios,63.28,1
657,PED-25431,2024-03-01,2024-03-11,2024-03-16,Jadlog,23.05,1
658,PED-89823,2025-06-30,2025-07-09,2025-07-08,correios,110.69,2
659,PED-48712,2025-12-25,2026-01-01,2026-01-03,correios,13.2,4
660,PED-53332,2025-01-13,2025-01-18,2025-01-21,correios,8.36,1
661,PED-97690,2024-06-28,2024-07-01,2024-07-06,Total Express,27.69,1
662,PED-23276,2025-06-25,2025-07-05,2025-07-02,Jadlog,93.05,4
663,PED-70853,2024-11-21,2024-11-27,2024-11-27,Correios,21.17,2
664,PED-57214,2025-02-26,2025-02-28,2025-02-28,Jadlog,64.23,1
665,PED-11267,2025-10-20,2025-10-23,2025-10-19,correios,95.56,2
666,PED-67372,2024-05-15,2024-05-22,2024-05-23,Jadlog,123.96,1
667,PED-33969,2025-05-14,2025-05-21,2025-05-22,Correios,60.9,4
668,PED-72684,2025-02-21,2025-02-27,2025-03-01,Total Express,93.65,2
669,PED-17686,2025-05-07,2025-05-10,2025-05-08,correios,21.69,4
670,PED-67430,2024-06-16,2024-06-27,2024-07-03,correios,88.69,3
671,PED-99714,2025-03-10,2025-03-21,2025-03-17,correios,71.77,4
672,PED-67761,2025-01-26,2025-01-29,2025-01-31,Correios,16.36,3
673,PED-78788,2025-09-12,2025-09-14,2025-09-20,correios,137.08,3
674,PED-91033,2025-05-23,2025-06-02,2025-06-06,Correios,65.14,2
675,PED-96993,2025-01-31,2025-02-09,2025-02-10,Total Express,27.62,1
676,PED-30568,2025-02-06,2025-02-08,2025-02-14,Total Express,120.45,2
677,PED-52026,2025-12-11,2025-12-14,2025-12-17,correios,51.68,3
678,PED-39190,2024-08-18,2024-08-20,2024-08-24,Total Express,61.23,2
679,PED-68220,2024-11-03,2024-11-06,2024-11-09,Total Express,19.62,4
680,PED-25559,2024-05-11,2024-05-20,2024-05-21,Total Express,106.37,1
681,PED-64046,2025-06-17,2025-06-20,2025-06-22,Correios,81.54,1
682,PED-91142,2025-07-18,2025-07-21,2025-07-26,Jadlog,125.49,2
683,PED-69796,2025-08-15,2025-08-27,2025-09-02,Jadlog,55.96,1
684,PED-53512,2025-10-29,2025-11-03,2025-11-06,Total Express,102.6,3
685,PED-22771,2025-01-20,2025-01-29,2025-01-26,correios,8.29,3
686,PED-81786,2025-01-15,2025-01-27,2025-01-27,Jadlog,100.68,1
687,PED-28408,2024-08-01,2024-08-05,2024-08-08,Total Express,22.12,2
688,PED-61497,2024-02-11,2024-02-16,2024-02-13,correios,68.33,2
689,PED-64325,2025-07-09,2025-07-16,2025-07-13,Correios,130.31,1
690,PED-96305,2024-02-23,2024-03-03,2024-03-06,correios,135.23,1
691,PED-82512,2024-08-23,2024-09-02,2024-08-29,Total Express,118.72,4
692,PED-85832,2024-03-08,2024-03-18,2024-03-16,correios,104.43,2
693,PED-96182,2025-08-13,2025-08-16,2025-08-18,Jadlog,74.54,4
694,PED-42537,2025-10-19,2025-10-27,2025-11-01,Jadlog,60.52,3
695,PED-27481,2025-06-22,2025-06-28,2025-07-01,correios,62.48,3
696,PED-82559,2024-02-29,2024-03-10,2024-03-11,correios,34.52,3
697,PED-98129,2024-12-19,2024-12-31,2025-01-01,correios,137.54,2
698,PED-93476,2024-10-19,2024-10-29,2024-11-02,Jadlog,101.77,3
699,PED-86389,2025-04-15,2025-04-25,2025-04-28,Total Express,97.0,3
700,PED-78515,2025-08-04,2025-08-12,2025-08-08,Correios,11.34,2
701,PED-17419,2025-09-28,2025-09-30,2025-10-06,correios,43.24,2
702,PED-42841,2025-04-12,2025-04-18,2025-04-24,correios,118.8,3
703,PED-14234,2024-02-07,2024-02-12,2024-02-16,Jadlog,115.45,1
704,PED-83647,2025-10-16,2025-10-27,2025-11-02,correios,106.0,4
705,PED-47701,2024-02-26,2024-03-02,2024-03-06,Correios,130.3,4
706,PED-50980,2024-05-02,2024-05-10,2024-05-16,Correios,9.71,3
707,PED-68073,2024-06-04,2024-06-09,2024-06-14,correios,128.32,3
708,PED-89087,2025-03-10,2025-03-21,2025-03-25,correios,110.45,2
709,PED-33255,2025-12-15,2025-12-21,2025-12-24,Correios,32.68,2
710,PED-59440,2025-01-30,2025-02-09,2025-02-06,Correios,64.56,3
711,PED-86544,2025-04-07,2025-04-11,2025-04-09,Jadlog,8.75,4
712,PED-30146,2025-08-22,2025-08-26,2025-08-22,Jadlog,86.79,3
713,PED-82110,2024-02-21,2024-03-01,2024-03-06,Jadlog,17.62,3
714,PED-34100,2024-05-08,2024-05-18,2024-05-17,Correios,111.79,2
715,PED-80390,2025-06-18,2025-06-26,2025-06-30,Total Express,20.14,2
716,PED-53500,2024-11-22,2024-11-27,2024-12-03,Jadlog,55.63,2
717,PED-72240,2026-01-18,2026-01-29,2026-02-02,Correios,23.14,3
718,PED-94182,2025-12-05,2025-12-14,2025-12-13,correios,134.57,3
719,PED-60577,2025-10-10,2025-10-18,2025-10-15,Jadlog,79.31,3
720,PED-59146,2025-06-10,2025-06-12,2025-06-16,Total Express,72.26,3
721,PED-51984,2026-01-18,2026-01-30,2026-01-29,Correios,133.16,2
722,PED-10960,2025-07-07,2025-07-17,2025-07-21,Correios,35.82,2
723,PED-23621,2024-05-18,2024-05-30,2024-06-01,correios,78.98,4
724,PED-99921,2025-06-10,2025-06-22,2025-06-19,correios,11.14,3
725,PED-19600,2024-04-27,2024-04-29,2024-04-26,Correios,31.49,3
726,PED-85361,2025-04-15,2025-04-25,2025-04-22,correios,128.25,4
727,PED-92603,2024-04-04,2024-04-12,2024-04-15,Total Express,65.16,1
728,PED-25506,2024-09-16,2024-09-24,2024-09-30,Correios,92.67,1
729,PED-19514,2025-09-03,2025-09-14,2025-09-10,Jadlog,130.5,1
730,PED-49498,2025-06-22,2025-06-28,2025-07-04,Correios,45.16,4
731,PED-96602,2024-03-18,2024-03-26,2024-03-28,Correios,70.57,2
732,PED-81529,2025-11-08,2025-11-12,2025-11-14,Jadlog,134.74,2
733,PED-94926,2024-03-15,2024-03-21,2024-03-27,Jadlog,134.38,1
734,PED-28530,2025-05-19,2025-05-29,2025-06-02,Correios,13.51,4
735,PED-21157,2024-02-06,2024-02-16,2024-02-20,Jadlog,35.73,3
736,PED-94663,2025-01-06,2025-01-11,2025-01-13,correios,29.25,2
737,PED-35470,2025-10-29,2025-11-09,2025-11-09,Correios,31.94,1
738,PED-94498,2025-06-16,2025-06-26,2025-06-29,Correios,46.37,1
739,PED-35875,2026-01-30,2026-02-05,2026-02-02,Total Express,133.6,3
740,PED-95914,2025-06-09,2025-06-13,2025-06-19,correios,21.21,1
741,PED-73682,2025-09-14,2025-09-19,2025-09-20,Total Express,51.34,3
742,PED-84128,2025-09-08,2025-09-19,2025-09-17,Jadlog,114.62,4
743,PED-51053,2024-02-16,2024-02-20,2024-02-16,correios,111.71,4
744,PED-27603,2024-09-24,2024-09-30,2024-10-01,Jadlog,123.88,4
745,PED-50038,2024-04-03,2024-04-12,2024-04-13,Total Express,80.82,2
746,PED-20744,2024-08-16,2024-08-28,2024-09-02,Jadlog,121.35,2
747,PED-44502,2025-01-04,2025-01-14,2025-01-13,Correios,104.02,1
748,PED-14088,2025-11-21,2025-12-01,2025-12-07,Total Express,109.53,2
749,PED-44159,2025-05-03,2025-05-05,2025-05-09,Total Express,94.32,2
750,PED-39269,2024-12-05,2024-12-12,2024-12-14,Jadlog,25.67,1
751,PED-75820,2025-03-07,2025-03-15,2025-03-16,Correios,95.47,2
752,PED-68487,2025-06-13,2025-06-23,2025-06-21,correios,31.65,2
753,PED-15297,2026-01-03,2026-01-12,2026-01-13,correios,108.51,2
754,PED-58422,2024-04-09,2024-04-12,2024-04-12,correios,13.65,2
755,PED-60868,2025-01-30,2025-02-09,2025-02-10,Total Express,129.16,1
756,PED-52476,2024-08-19,2024-08-21,2024-08-27,Correios,100.89,3
757,PED-81349,2025-08-13,2025-08-19,2025-08-24,correios,57.72,4
758,PED-95634,2025-10-14,2025-10-21,2025-10-26,Correios,76.2,4
759,PED-63194,2025-10-24,2025-10-29,2025-11-02,Jadlog,115.88,3
760,PED-89195,2024-11-19,2024-11-28,2024-12-01,Correios,74.24,2
761,PED-40145,2024-09-06,2024-09-15,2024-09-13,Correios,75.92,3
762,PED-34498,2024-10-19,2024-10-24,2024-10-22,correios,55.81,1
763,PED-64344,2024-04-23,2024-05-05,2024-05-04,Jadlog,103.07,4
764,PED-72786,2024-11-07,2024-11-19,2024-11-22,correios,85.98,4
765,PED-15655,2024-03-16,2024-03-18,2024-03-17,correios,83.7,2
766,PED-77193,2025-06-04,2025-06-08,2025-06-14,Correios,125.59,2
767,PED-43850,2025-05-13,2025-05-15,2025-05-13,correios,76.2,4
768,PED-93574,2025-02-01,2025-02-12,2025-02-17,Correios,123.96,3
769,PED-68877,2025-08-20,2025-08-23,2025-08-22,Total Express,122.48,2
770,PED-88753,2024-04-01,2024-04-06,2024-04-08,correios,112.89,2
771,PED-76952,2025-06-15,2025-06-26,2025-07-02,Jadlog,30.14,3
772,PED-87410,2025-11-02,2025-11-11,2025-11-16,Correios,38.34,4
773,PED-12170,2026-01-10,2026-01-14,2026-01-11,correios,77.0,4
774,PED-22622,2024-04-03,2024-04-07,2024-04-12,correios,70.81,1
775,PED-25403,2024-08-14,2024-08-24,2024-08-28,Correios,71.66,2
776,PED-10157,2024-10-12,2024-10-23,2024-10-27,Total Express,76.91,3
777,PED-66224,2024-07-16,2024-07-18,2024-07-22,correios,131.87,4
778,PED-87207,2025-06-29,2025-07-07,2025-07-08,Correios,64.16,3
779,PED-20986,2025-06-10,2025-06-19,2025-06-18,Jadlog,86.97,4
780,PED-10716,2025-03-05,2025-03-11,2025-03-10,Correios,84.29,1
781,PED-59155,2024-08-19,2024-08-29,2024-08-25,correios,98.79,3
782,PED-23970,2024-10-27,2024-11-04,2024-11-05,correios,64.24,3
783,PED-65517,2025-07-27,2025-08-02,2025-08-06,Jadlog,88.77,4
784,PED-82365,2025-12-03,2025-12-08,2025-12-10,Total Express,31.59,4
785,PED-85713,2025-09-13,2025-09-19,2025-09-19,Jadlog,110.19,4
786,PED-25608,2024-06-04,2024-06-08,2024-06-14,correios,66.95,2
787,PED-76629,2024-11-21,2024-11-24,2024-11-23,Total Express,111.76,1
788,PED-93345,2025-03-19,2025-03-23,2025-03-25,Correios,114.18,2
789,PED-67065,2025-07-06,2025-07-15,2025-07-20,Correios,16.46,2
790,PED-89826,2024-08-07,2024-08-14,2024-08-11,Correios,103.63,4
791,PED-78289,2024-03-12,2024-03-23,2024-03-29,Jadlog,101.93,1
792,PED-74797,2024-12-04,2024-12-08,2024-12-14,Total Express,9.41,3
793,PED-88579,2024-06-05,2024-06-10,2024-06-06,correios,89.21,1
794,PED-95854,2024-05-07,2024-05-14,2024-05-13,Correios,136.79,1
795,PED-56285,2024-03-16,2024-03-22,2024-03-24,Total Express,61.52,2
796,PED-18993,2024-12-14,2024-12-24,2024-12-20,Correios,80.55,3
797,PED-39661,2025-05-15,2025-05-22,2025-05-22,correios,68.03,4
798,PED-44223,2025-10-05,2025-10-16,2025-10-12,correios,61.74,1
799,PED-75951,2025-10-05,2025-10-15,2025-10-12,Jadlog,52.88,1
800,PED-80504,2024-08-27,2024-09-06,2024-09-06,Jadlog,99.63,4
801,PED-41886,2025-12-17,2025-12-28,2025-12-31,Jadlog,134.88,4
802,PED-86916,2025-08-19,2025-08-31,2025-09-03,Correios,71.62,3
803,PED-93055,2024-04-22,2024-04-25,2024-04-27,correios,97.35,2
804,PED-56281,2025-08-07,2025-08-14,2025-08-16,Correios,100.51,3
805,PED-22190,2024-12-18,2024-12-23,2024-12-23,Total Express,96.93,3
806,PED-33394,2024-03-21,2024-03-24,2024-03-28,Total Express,49.43,2
807,PED-33957,2024-10-20,2024-10-31,2024-10-31,correios,73.87,2
808,PED-44787,2026-01-03,2026-01-08,2026-01-07,correios,38.26,2
809,PED-30446,2024-12-03,2024-12-14,2024-12-15,Correios,23.82,1
810,PED-74574,2025-09-15,2025-09-27,2025-10-03,Correios,108.88,1
811,PED-91352,2024-05-24,2024-06-02,2024-06-03,Jadlog,72.99,3
812,PED-76995,2025-12-10,2025-12-19,2025-12-17,Jadlog,60.52,2
813,PED-65466,2024-06-11,2024-06-13,2024-06-17,Total Express,132.03,1
814,PED-61605,2025-01-31,2025-02-10,2025-02-11,correios,68.35,1
815,PED-51373,2024-04-16,2024-04-26,2024-04-29,Correios,9.56,2
816,PED-23205,2025-05-13,2025-05-21,2025-05-26,Jadlog,55.73,3
817,PED-44452,2024-09-15,2024-09-19,2024-09-23,correios,43.56,3
818,PED-75374,2024-10-28,2024-11-04,2024-11-02,Total Express,35.79,3
819,PED-46651,2025-12-06,2025-12-13,2025-12-15,Total Express,31.75,2
820,PED-39958,2025-08-17,2025-08-28,2025-09-03,Correios,103.15,2
821,PED-59923,2024-04-13,2024-04-23,2024-04-25,correios,27.25,2
822,PED-33148,2024-09-18,2024-09-27,2024-09-23,Total Express,73.95,3
823,PED-42895,2025-05-12,2025-05-21,2025-05-21,Correios,60.59,2
824,PED-43330,2025-07-01,2025-07-03,2025-07-02,Total Express,118.74,1
825,PED-44048,2025-10-16,2025-10-25,2025-10-26,Jadlog,55.56,3
826,PED-63970,2024-10-06,2024-10-13,2024-10-09,Correios,54.34,2
827,PED-95179,2025-02-13,2025-02-24,2025-03-01,correios,137.28,3
828,PED-98236,2024-09-23,2024-09-30,2024-10-01,Total Express,110.27,4
829,PED-90434,2024-10-30,2024-11-02,2024-11-04,Jadlog,69.22,2
830,PED-54222,2025-01-22,2025-01-26,2025-02-01,Total Express,91.33,4
831,PED-31233,2025-06-23,2025-06-26,2025-06-23,Jadlog,38.12,3
832,PED-45058,2025-07-18,2025-07-30,2025-07-30,Total Express,43.8,4
833,PED-78280,2024-11-15,2024-11-22,2024-11-27,Total Express,62.65,2
834,PED-40753,2025-04-22,2025-04-24,2025-04-22,Jadlog,132.14,1
835,PED-62041,2025-11-20,2025-11-25,2025-11-23,Correios,20.61,4
836,PED-13455,2024-06-18,2024-06-28,2024-06-24,Total Express,77.17,1
837,PED-91015,2025-01-14,2025-01-17,2025-01-17,correios,19.13,4
838,PED-42426,2024-08-18,2024-08-24,2024-08-23,Jadlog,66.5,2
839,PED-32361,2024-07-09,2024-07-13,2024-07-17,Correios,12.64,3
840,PED-71235,2025-06-12,2025-06-19,2025-06-22,Jadlog,80.41,2
841,PED-87441,2024-12-30,2025-01-09,2025-01-07,Total Express,91.3,4
842,PED-93824,2025-10-18,2025-10-28,2025-11-03,Jadlog,127.98,4
843,PED-21738,2025-12-15,2025-12-25,2025-12-24,Total Express,48.64,4
844,PED-49789,2025-05-03,2025-05-09,2025-05-07,Correios,8.01,2
845,PED-71498,2025-10-21,2025-10-28,2025-10-28,Correios,98.79,4
846,PED-11197,2024-12-25,2025-01-03,2025-01-03,Total Express,113.33,2
847,PED-58974,2025-06-26,2025-06-28,2025-07-02,correios,62.35,4
848,PED-31400,2025-01-02,2025-01-10,2025-01-09,Total Express,117.35,2
849,PED-65343,2026-01-22,2026-01-28,2026-01-25,correios,76.19,3
850,PED-79722,2025-01-28,2025-02-03,2025-02-09,Jadlog,62.5,1
851,PED-47957,2024-11-03,2024-11-07,2024-11-05,Correios,92.07,4
852,PED-74486,2024-06-05,2024-06-11,2024-06-16,correios,50.32,2
853,PED-12900,2025-11-23,2025-11-25,2025-11-29,correios,136.35,3
854,PED-67464,2026-01-24,2026-01-30,2026-01-28,Correios,38.73,2
855,PED-38467,2025-08-09,2025-08-11,2025-08-14,Jadlog,63.47,4
856,PED-14159,2024-04-06,2024-04-13,2024-04-16,Jadlog,18.59,2
857,PED-61435,2024-06-21,2024-06-23,2024-06-23,Correios,79.7,2
858,PED-60014,2024-08-23,2024-08-28,2024-08-28,Correios,24.1,2
859,PED-42396,2024-04-21,2024-04-29,2024-05-02,Correios,34.29,1
860,PED-37321,2026-01-13,2026-01-23,2026-01-29,Total Express,59.36,3
861,PED-92465,2025-05-09,2025-05-16,2025-05-14,Correios,106.3,1
862,PED-93692,2025-07-23,2025-07-29,2025-08-01,Jadlog,34.23,1
863,PED-24801,2024-02-17,2024-02-29,2024-02-28,correios,91.54,3
864,PED-46188,2025-10-30,2025-11-01,2025-10-30,Correios,60.25,2
865,PED-86162,2024-07-02,2024-07-04,2024-06-30,Total Express,98.87,2
866,PED-42600,2025-06-05,2025-06-12,2025-06-09,correios,73.99,3
867,PED-17834,2024-06-23,2024-07-05,2024-07-01,Jadlog,93.08,1
868,PED-40497,2025-12-21,2025-12-25,2025-12-28,Jadlog,137.58,3
869,PED-12798,2026-01-13,2026-01-22,2026-01-21,Total Express,55.28,2
870,PED-73609,2025-05-23,2025-05-29,2025-05-25,Total Express,81.79,4
871,PED-34461,2025-01-21,2025-01-26,2025-01-31,Jadlog,50.73,4
872,PED-82682,2025-04-28,2025-05-04,2025-05-09,correios,17.09,2
873,PED-44517,2025-10-26,2025-11-04,2025-11-04,Jadlog,67.94,4
874,PED-91229,2024-11-20,2024-11-24,2024-11-20,Jadlog,110.43,2
875,PED-96283,2025-10-22,2025-10-29,2025-10-26,Total Express,33.06,4
876,PED-90352,2025-06-06,2025-06-16,2025-06-14,Jadlog,50.58,3
877,PED-78576,2025-09-30,2025-10-03,2025-09-30,Correios,13.78,2
878,PED-36486,2024-11-14,2024-11-18,2024-11-14,Correios,72.07,1
879,PED-94115,2025-04-12,2025-04-14,2025-04-19,Total Express,94.85,3
880,PED-38930,2024-06-27,2024-06-29,2024-06-30,Correios,9.73,2
881,PED-20480,2024-03-29,2024-04-10,2024-04-13,Total Express,113.73,1
882,PED-64519,2024-10-19,2024-10-26,2024-10-30,Jadlog,112.84,1
883,PED-79339,2024-11-08,2024-11-19,2024-11-19,Correios,104.93,3
884,PED-78089,2025-10-31,2025-11-03,2025-11-02,Correios,21.36,2
885,PED-34832,2025-11-08,2025-11-18,2025-11-20,correios,77.46,2
886,PED-33448,2024-04-09,2024-04-20,2024-04-26,Total Express,106.49,3
887,PED-97194,2024-07-17,2024-07-29,2024-08-01,Total Express,124.53,2
888,PED-62632,2024-08-19,2024-08-23,2024-08-27,Jadlog,94.79,4
889,PED-82100,2024-09-28,2024-10-05,2024-10-06,Jadlog,119.52,4
890,PED-52395,2025-07-27,2025-08-08,2025-08-10,correios,82.34,2
891,PED-43303,2025-09-06,2025-09-14,2025-09-18,Jadlog,134.94,4
892,PED-14543,2024-09-03,2024-09-11,2024-09-07,Jadlog,86.64,2
893,PED-49365,2025-09-03,2025-09-09,2025-09-05,correios,36.36,3
894,PED-82569,2025-11-18,2025-11-20,2025-11-20,correios,20.45,4
895,PED-28141,2025-09-16,2025-09-23,2025-09-21,Jadlog,56.45,2
896,PED-49361,2025-02-27,2025-03-04,2025-03-04,Correios,83.3,2
897,PED-73246,2025-08-27,2025-08-30,2025-08-31,correios,72.45,1
898,PED-49373,2025-10-27,2025-11-07,2025-11-13,Correios,104.46,4
899,PED-53829,2024-02-26,2024-02-29,2024-02-25,Jadlog,124.13,4
900,PED-39716,2024-08-20,2024-08-28,2024-08-25,Correios,91.67,4
901,PED-78731,2024-04-13,2024-04-15,2024-04-15,Correios,50.15,2
902,PED-38940,2025-11-16,2025-11-23,2025-11-27,correios,14.67,4
903,PED-85399,2025-11-25,2025-12-04,2025-12-09,Correios,37.32,3
904,PED-27326,2024-05-02,2024-05-10,2024-05-08,Jadlog,18.9,1
905,PED-44413,2024-11-28,2024-12-08,2024-12-10,Correios,60.61,4
906,PED-73035,2024-08-08,2024-08-12,2024-08-10,correios,72.4,2
907,PED-78714,2025-01-15,2025-01-25,2025-01-30,correios,39.99,3
908,PED-99749,2025-07-16,2025-07-24,2025-07-25,Correios,22.85,4
909,PED-55653,2025-07-28,2025-08-05,2025-08-06,correios,50.34,1
910,PED-55838,2024-11-04,2024-11-10,2024-11-08,Total Express,90.26,4
911,PED-36173,2025-09-03,2025-09-05,2025-09-04,Jadlog,28.59,1
912,PED-41856,2025-09-03,2025-09-06,2025-09-02,correios,122.68,3
913,PED-24585,2025-10-09,2025-10-11,2025-10-12,Jadlog,67.41,1
914,PED-80517,2024-12-22,2024-12-29,2024-12-28,correios,34.9,3
915,PED-91663,2024-06-27,2024-07-07,2024-07-10,correios,99.75,1
916,PED-96969,2025-12-14,2025-12-22,2025-12-27,Correios,41.72,1
917,PED-90997,2025-04-02,2025-04-08,2025-04-07,Jadlog,15.01,1
918,PED-96556,2025-09-04,2025-09-07,2025-09-09,Jadlog,95.51,3
919,PED-48337,2025-04-28,2025-05-01,2025-04-27,Total Express,38.51,4
920,PED-51347,2024-12-09,2024-12-19,2024-12-16,Total Express,122.41,1
921,PED-75621,2025-06-03,2025-06-07,2025-06-06,Total Express,82.01,1
922,PED-79391,2025-07-22,2025-07-24,2025-07-23,Jadlog,52.03,4
923,PED-55453,2026-01-31,2026-02-04,2026-01-31,Jadlog,54.91,3
924,PED-46159,2026-01-12,2026-01-17,2026-01-21,Correios,90.6,4
925,PED-46725,2025-08-13,2025-08-15,2025-08-19,correios,28.03,4
926,PED-21507,2024-12-28,2025-01-09,2025-01-07,Total Express,76.73,2
927,PED-85090,2025-07-27,2025-08-04,2025-08-03,correios,64.29,3
928,PED-68873,2024-03-27,2024-04-07,2024-04-08,correios,35.29,2
929,PED-99659,2024-11-16,2024-11-27,2024-12-01,correios,121.86,3
930,PED-66369,2025-12-13,2025-12-23,2025-12-21,correios,94.62,2
931,PED-83051,2024-09-24,2024-10-01,2024-09-28,Correios,32.31,2
932,PED-64269,2024-03-17,2024-03-19,2024-03-20,Total Express,48.04,3
933,PED-23994,2025-10-01,2025-10-05,2025-10-04,correios,32.39,3
934,PED-90263,2024-05-02,2024-05-13,2024-05-18,correios,86.72,2
935,PED-57089,2024-10-03,2024-10-15,2024-10-11,Correios,98.83,4
936,PED-89260,2024-10-22,2024-10-26,2024-10-30,Total Express,101.99,3
937,PED-74414,2025-05-30,2025-06-03,2025-06-05,Total Express,26.15,2
938,PED-63554,2025-12-08,2025-12-13,2025-12-09,Correios,130.16,4
939,PED-36585,2024-10-27,2024-11-01,2024-11-07,correios,16.73,4
940,PED-52584,2025-06-10,2025-06-21,2025-06-24,Total Express,125.16,4
941,PED-89682,2025-08-27,2025-09-04,2025-08-31,Total Express,103.07,4
942,PED-87831,2024-08-08,2024-08-19,2024-08-24,Correios,76.73,4
943,PED-42207,2024-02-11,2024-02-20,2024-02-16,Total Express,137.87,1
944,PED-77649,2024-03-17,2024-03-27,2024-03-29,Correios,33.06,4
945,PED-47475,2026-01-05,2026-01-13,2026-01-13,Total Express,29.98,3
946,PED-77760,2025-03-24,2025-04-04,2025-03-31,correios,69.19,4
947,PED-24833,2024-07-26,2024-07-29,2024-08-02,correios,110.79,2
948,PED-52396,2025-03-12,2025-03-20,2025-03-22,Total Express,11.29,4
949,PED-69596,2024-09-19,2024-09-30,2024-09-29,Correios,41.01,2
950,PED-24963,2024-04-07,2024-04-10,2024-04-07,Total Express,91.7,1
951,PED-77065,2024-05-06,2024-05-16,2024-05-18,correios,57.99,4
952,PED-53934,2025-08-12,2025-08-14,2025-08-12,correios,29.4,2
953,PED-64995,2024-10-02,2024-10-06,2024-10-02,Jadlog,48.86,4
954,PED-33684,2024-04-15,2024-04-21,2024-04-27,Correios,126.61,2
955,PED-43175,2025-07-21,2025-07-23,2025-07-28,Correios,68.54,4
956,PED-89689,2026-01-29,2026-02-08,2026-02-04,Total Express,39.4,4
957,PED-67917,2025-07-18,2025-07-27,2025-07-29,Correios,87.36,1
958,PED-46452,2025-09-01,2025-09-06,2025-09-10,correios,14.46,2
959,PED-55746,2025-12-18,2025-12-20,2025-12-26,Correios,27.19,1
960,PED-89073,2024-12-06,2024-12-18,2024-12-23,Jadlog,51.71,1
961,PED-64651,2026-01-31,2026-02-02,2026-01-30,correios,29.3,3
962,PED-87983,2025-08-19,2025-08-30,2025-09-05,correios,135.55,3
963,PED-49229,2025-05-13,2025-05-15,2025-05-12,Jadlog,56.65,4
964,PED-82151,2024-09-17,2024-09-20,2024-09-22,Correios,46.65,2
965,PED-53150,2025-01-02,2025-01-05,2025-01-05,Total Express,77.25,2
966,PED-24326,2025-04-01,2025-04-12,2025-04-08,Correios,71.84,3
967,PED-51482,2024-09-13,2024-09-21,2024-09-26,Jadlog,77.35,3
968,PED-83745,2025-03-27,2025-03-31,2025-04-05,Total Express,76.6,4
969,PED-89876,2024-07-12,2024-07-21,2024-07-19,correios,101.53,2
970,PED-13143,2024-06-28,2024-06-30,2024-06-27,Total Express,90.56,1
971,PED-64346,2025-02-07,2025-02-12,2025-02-17,Total Express,14.0,3
972,PED-37831,2025-11-24,2025-12-04,2025-12-10,Correios,92.56,3
973,PED-50340,2024-08-17,2024-08-23,2024-08-20,Jadlog,74.88,3
974,PED-99893,2024-07-09,2024-07-11,2024-07-08,Jadlog,53.06,1
975,PED-53321,2025-06-01,2025-06-05,2025-06-04,Jadlog,129.74,4
976,PED-94626,2025-02-12,2025-02-21,2025-02-17,correios,71.56,4
977,PED-70616,2025-10-02,2025-10-12,2025-10-13,Total Express,130.47,1
978,PED-84048,2025-12-31,2026-01-10,2026-01-10,Jadlog,81.28,1
979,PED-99848,2024-05-15,2024-05-20,2024-05-25,Jadlog,113.54,3
980,PED-46760,2025-11-09,2025-11-12,2025-11-10,Correios,52.77,4
981,PED-31753,2025-11-06,2025-11-18,2025-11-22,Total Express,32.73,1
982,PED-14145,2025-02-19,2025-02-25,2025-02-26,Jadlog,62.63,4
983,PED-69232,2026-01-13,2026-01-18,2026-01-19,Jadlog,36.53,3
984,PED-59049,2024-09-09,2024-09-13,2024-09-10,Correios,110.67,1
985,PED-13268,2025-06-18,2025-06-27,2025-07-01,Total Express,127.45,2
986,PED-73369,2025-05-30,2025-06-04,2025-06-05,Jadlog,110.37,2
987,PED-98698,2024-02-22,2024-02-25,2024-02-29,correios,35.08,1
988,PED-78464,2025-08-24,2025-09-02,2025-09-04,Correios,8.54,1
989,PED-21413,2025-03-16,2025-03-28,2025-04-02,Jadlog,69.63,1
990,PED-96374,2024-06-03,2024-06-06,2024-06-10,Jadlog,10.97,3
991,PED-52058,2025-05-29,2025-06-10,2025-06-09,correios,33.42,3
992,PED-67817,2025-12-28,2026-01-07,2026-01-08,Correios,43.99,2
993,PED-11999,2025-09-17,2025-09-23,2025-09-20,Correios,35.27,3
994,PED-45527,2025-11-22,2025-12-02,2025-12-03,correios,132.51,3
995,PED-32449,2024-08-07,2024-08-18,2024-08-17,Correios,49.1,3
996,PED-16648,2025-08-04,2025-08-14,2025-08-17,correios,11.83,1
997,PED-17051,2024-07-03,2024-07-06,2024-07-08,Correios,64.29,2
998,PED-92505,2025-05-09,2025-05-20,2025-05-25,Total Express,89.35,3
999,PED-97932,2025-03-05,2025-03-12,2025-03-11,Correios,136.53,4
1000,PED-22178,2024-07-21,2024-08-01,2024-07-30,Total Express,20.84,3
1001,PED-71000,2024-08-09,2024-08-21,2024-08-27,Total Express,38.58,2
1002,PED-43823,2024-11-07,2024-11-11,2024-11-16,Jadlog,59.75,3
1003,PED-73898,2024-08-14,2024-08-21,2024-08-24,Correios,16.63,1
1004,PED-70455,2026-01-08,2026-01-15,2026-01-18,correios,45.26,3
1005,PED-26697,2024-06-22,2024-07-03,2024-07-08,Correios,61.55,1
1006,PED-95124,2025-12-01,2025-12-08,2025-12-12,Correios,112.6,4
1007,PED-64190,2025-03-25,2025-04-02,2025-04-07,correios,89.96,2
1008,PED-18658,2024-05-07,2024-05-16,2024-05-18,Jadlog,35.49,4
1009,PED-54852,2024-04-29,2024-05-07,2024-05-12,correios,30.85,1
1010,PED-24984,2025-08-13,2025-08-24,2025-08-27,Total Express,50.95,1
1011,PED-50374,2025-12-05,2025-12-14,2025-12-12,Total Express,17.19,1
1012,PED-59664,2024-11-26,2024-12-08,2024-12-13,Jadlog,73.25,1
1013,PED-28208,2024-07-13,2024-07-16,2024-07-15,Correios,107.93,2
1014,PED-48207,2025-10-06,2025-10-15,2025-10-19,Total Express,89.26,4
1015,PED-99327,2025-06-09,2025-06-14,2025-06-13,Jadlog,47.57,3
1016,PED-21703,2024-12-08,2024-12-16,2024-12-17,Correios,88.72,4
1017,PED-18180,2024-12-24,2024-12-28,2024-12-28,Jadlog,126.94,1
1018,PED-57086,2025-02-05,2025-02-07,2025-02-11,Correios,121.68,1
1019,PED-87353,2025-03-25,2025-03-30,2025-04-01,Total Express,90.53,4
1020,PED-67041,2024-07-23,2024-07-31,2024-08-02,correios,95.45,4
1021,PED-82800,2024-02-22,2024-02-26,2024-02-25,Total Express,119.32,3
1022,PED-47810,2025-01-03,2025-01-11,2025-01-09,correios,25.72,1
1023,PED-28873,2025-09-22,2025-10-04,2025-09-30,Total Express,94.85,2
1024,PED-94180,2025-05-15,2025-05-18,2025-05-16,Total Express,121.54,4
1025,PED-69558,2024-03-23,2024-04-03,2024-04-01,Total Express,80.87,4
1026,PED-39588,2025-03-02,2025-03-10,2025-03-11,correios,64.07,1
1027,PED-41031,2024-12-29,2025-01-09,2025-01-12,Jadlog,62.23,3
1028,PED-84468,2024-09-11,2024-09-13,2024-09-09,Total Express,101.04,1
1029,PED-20494,2025-08-10,2025-08-21,2025-08-24,correios,104.38,3
1030,PED-20254,2025-01-06,2025-01-15,2025-01-19,Correios,40.37,1
1031,PED-80673,2024-06-26,2024-07-08,2024-07-14,Jadlog,88.92,3
1032,PED-71455,2025-08-08,2025-08-18,2025-08-14,Total Express,75.67,4
1033,PED-65183,2025-07-13,2025-07-24,2025-07-25,Jadlog,134.8,3
1034,PED-14630,2025-02-25,2025-03-03,2025-03-01,Jadlog,103.96,3
1035,PED-72018,2024-11-07,2024-11-09,2024-11-15,correios,83.62,3
1036,PED-47593,2025-02-07,2025-02-18,2025-02-14,Total Express,18.89,1
1037,PED-27372,2024-07-16,2024-07-22,2024-07-22,Jadlog,44.33,3
1038,PED-89144,2025-02-02,2025-02-04,2025-02-01,correios,128.14,2
1039,PED-58466,2025-12-07,2025-12-19,2025-12-22,correios,42.49,2
1040,PED-79125,2026-01-26,2026-02-04,2026-02-02,Correios,53.26,1
1041,PED-30204,2025-04-14,2025-04-18,2025-04-23,Total Express,107.36,4
1042,PED-96594,2025-04-25,2025-05-03,2025-05-02,Total Express,103.83,2
1043,PED-55229,2025-08-13,2025-08-18,2025-08-23,Correios,92.78,1
1044,PED-70819,2024-07-28,2024-07-30,2024-07-28,Total Express,70.86,4
1045,PED-59781,2024-04-06,2024-04-16,2024-04-15,Total Express,70.65,2
1046,PED-11554,2025-09-03,2025-09-13,2025-09-15,Jadlog,130.39,4
1047,PED-51377,2024-05-24,2024-06-01,2024-06-07,Correios,20.85,3
1048,PED-95467,2024-07-31,2024-08-08,2024-08-13,Jadlog,52.22,3
1049,PED-95766,2024-03-26,2024-03-29,2024-03-29,Total Express,68.87,2
1050,PED-35549,2024-10-26,2024-11-07,2024-11-12,Jadlog,97.46,2
1051,PED-11386,2024-11-23,2024-11-30,2024-12-04,Correios,117.78,1
1052,PED-78847,2025-07-16,2025-07-24,2025-07-21,Correios,98.49,3
1053,PED-43016,2025-02-19,2025-02-24,2025-02-24,correios,12.49,1
1054,PED-96062,2024-06-14,2024-06-16,2024-06-21,correios,133.46,1
1055,PED-89257,2024-02-18,2024-02-21,2024-02-18,correios,57.63,2
1056,PED-43205,2024-04-26,2024-04-29,2024-04-27,Jadlog,69.64,1
1057,PED-46226,2025-03-06,2025-03-18,2025-03-21,Total Express,99.37,3
1058,PED-19698,2025-01-28,2025-02-03,2025-02-01,Jadlog,110.58,4
1059,PED-17872,2024-06-21,2024-06-29,2024-06-30,Jadlog,134.14,3
1060,PED-19096,2026-02-03,2026-02-07,2026-02-10,Total Express,137.28,2
1061,PED-33388,2024-02-16,2024-02-27,2024-02-29,Total Express,22.31,4
1062,PED-94323,2024-07-13,2024-07-18,2024-07-23,Correios,128.46,3
1063,PED-19557,2025-04-20,2025-04-23,2025-04-19,Correios,83.42,3
1064,PED-75234,2024-03-21,2024-03-30,2024-03-26,correios,94.18,1
1065,PED-61181,2024-07-08,2024-07-10,2024-07-16,Jadlog,28.01,3
1066,PED-10485,2025-08-12,2025-08-20,2025-08-25,Total Express,71.11,4
1067,PED-39602,2025-07-05,2025-07-08,2025-07-12,Correios,58.74,4
1068,PED-80163,2025-05-12,2025-05-15,2025-05-20,Jadlog,52.01,3
1069,PED-92873,2024-09-18,2024-09-26,2024-09-22,Correios,56.23,3
1070,PED-48005,2024-11-28,2024-12-01,2024-12-04,correios,31.31,1
1071,PED-35035,2025-04-11,2025-04-19,2025-04-25,Jadlog,99.86,1
1072,PED-73766,2025-06-08,2025-06-20,2025-06-21,Correios,124.85,4
1073,PED-14679,2025-10-18,2025-10-23,2025-10-21,correios,11.35,2
1074,PED-18256,2024-09-03,2024-09-12,2024-09-14,Jadlog,73.96,4
1075,PED-54470,2024-02-22,2024-02-24,2024-02-20,Correios,52.58,1
1076,PED-37745,2024-08-29,2024-09-06,2024-09-03,Total Express,132.09,2
1077,PED-19441,2024-09-04,2024-09-15,2024-09-14,Correios,105.08,4
1078,PED-71763,2024-04-16,2024-04-28,2024-04-24,Correios,40.03,2
1079,PED-92924,2024-05-25,2024-05-27,2024-05-25,Correios,127.42,1
1080,PED-32372,2025-03-25,2025-04-03,2025-04-08,Correios,115.95,1
1081,PED-87984,2024-05-30,2024-06-02,2024-06-05,correios,16.33,2
1082,PED-98918,2025-10-07,2025-10-15,2025-10-16,Total Express,50.8,2
1083,PED-15975,2024-12-12,2024-12-19,2024-12-18,correios,52.29,1
1084,PED-64415,2025-11-01,2025-11-07,2025-11-05,correios,99.91,2
1085,PED-86282,2026-01-30,2026-02-08,2026-02-07,Correios,25.6,4
1086,PED-73827,2024-02-24,2024-02-28,2024-02-24,Correios,8.84,2
1087,PED-87821,2024-09-01,2024-09-04,2024-09-10,Jadlog,62.94,4
1088,PED-28754,2025-12-27,2025-12-31,2025-12-30,Jadlog,77.05,4
1089,PED-90024,2025-01-08,2025-01-13,2025-01-11,Correios,86.71,4
1090,PED-92207,2025-06-17,2025-06-28,2025-06-25,Jadlog,53.92,1
1091,PED-35153,2026-01-17,2026-01-27,2026-01-26,Correios,138.23,1
1092,PED-80742,2024-05-22,2024-06-02,2024-06-03,correios,69.28,2
1093,PED-35391,2024-07-24,2024-07-30,2024-07-26,Correios,113.15,4
1094,PED-30940,2025-02-23,2025-03-04,2025-03-02,Correios,15.13,3
1095,PED-66973,2024-06-07,2024-06-13,2024-06-12,Jadlog,52.13,4
1096,PED-16875,2025-08-26,2025-08-28,2025-08-25,correios,28.86,1
1097,PED-25212,2025-06-18,2025-06-27,2025-07-01,Correios,126.15,4
1098,PED-52725,2025-01-08,2025-01-19,2025-01-24,Total Express,34.24,3
1099,PED-52746,2025-11-01,2025-11-06,2025-11-03,correios,20.94,4
1100,PED-38922,2025-05-02,2025-05-07,2025-05-09,Correios,70.17,4
1101,PED-28997,2025-08-13,2025-08-15,2025-08-17,correios,130.48,4
1102,PED-58953,2024-04-11,2024-04-15,2024-04-17,correios,68.42,2
1103,PED-45349,2025-07-16,2025-07-28,2025-07-29,correios,52.34,1
1104,PED-46779,2025-02-15,2025-02-26,2025-02-22,correios,22.67,4
1105,PED-32439,2024-11-09,2024-11-18,2024-11-20,Jadlog,37.02,3
1106,PED-93623,2024-08-30,2024-09-10,2024-09-08,correios,84.31,2
1107,PED-78389,2025-10-11,2025-10-14,2025-10-16,Total Express,121.81,2
1108,PED-70655,2025-04-07,2025-04-18,2025-04-21,Jadlog,9.91,4
1109,PED-52899,2024-12-05,2024-12-10,2024-12-09,Total Express,84.49,2
1110,PED-64758,2024-08-16,2024-08-27,2024-08-23,Correios,13.29,4
1111,PED-65797,2025-03-22,2025-04-01,2025-03-28,Total Express,71.26,1
1112,PED-41524,2024-07-31,2024-08-09,2024-08-12,Correios,81.72,1
1113,PED-27394,2024-10-16,2024-10-24,2024-10-23,Jadlog,47.04,1
1114,PED-97691,2026-01-31,2026-02-02,2026-02-05,Jadlog,29.36,4
1115,PED-13199,2024-06-05,2024-06-16,2024-06-21,Total Express,69.22,2
1116,PED-58551,2024-06-25,2024-07-03,2024-07-01,Total Express,100.92,1
1117,PED-60446,2025-07-28,2025-08-09,2025-08-06,Jadlog,78.08,3
1118,PED-90281,2024-07-11,2024-07-19,2024-07-19,correios,111.98,1
1119,PED-17184,2025-02-23,2025-03-06,2025-03-07,Jadlog,125.21,1
1120,PED-70994,2025-10-24,2025-11-01,2025-11-02,Correios,56.26,2
1121,PED-18782,2025-11-29,2025-12-11,2025-12-15,correios,26.27,3
1122,PED-24884,2024-06-13,2024-06-18,2024-06-22,Total Express,105.33,2
1123,PED-56230,2024-05-30,2024-06-04,2024-06-05,Jadlog,74.47,4
1124,PED-18305,2025-01-28,2025-02-03,2025-01-30,Jadlog,53.57,4
1125,PED-26083,2024-02-17,2024-02-27,2024-03-02,Total Express,101.7,3
1126,PED-58253,2025-04-16,2025-04-25,2025-04-30,Correios,32.86,4
1127,PED-61207,2025-08-31,2025-09-03,2025-08-31,correios,46.07,1
1128,PED-46168,2025-11-03,2025-11-06,2025-11-04,Correios,100.01,4
1129,PED-78247,2024-08-16,2024-08-20,2024-08-19,Correios,46.7,2
1130,PED-65067,2025-05-09,2025-05-18,2025-05-19,Total Express,105.38,1
1131,PED-18250,2025-11-14,2025-11-20,2025-11-19,Correios,123.08,2
1132,PED-54024,2025-08-29,2025-09-08,2025-09-14,Total Express,84.39,3
1133,PED-97274,2025-06-09,2025-06-18,2025-06-23,Total Express,68.46,2
1134,PED-44079,2025-06-27,2025-07-03,2025-07-01,correios,71.92,3
1135,PED-56284,2025-02-13,2025-02-15,2025-02-13,Jadlog,68.18,2
1136,PED-80165,2026-01-03,2026-01-14,2026-01-12,Jadlog,32.06,2
1137,PED-31135,2025-05-27,2025-06-08,2025-06-06,correios,23.43,3
1138,PED-67788,2025-01-28,2025-02-08,2025-02-06,Jadlog,56.8,2
1139,PED-97235,2024-11-11,2024-11-21,2024-11-17,Jadlog,137.1,2
1140,PED-80761,2025-02-10,2025-02-17,2025-02-20,correios,78.44,1
1141,PED-75459,2025-11-03,2025-11-05,2025-11-07,correios,133.11,3
1142,PED-81584,2025-07-04,2025-07-08,2025-07-04,Jadlog,93.44,3
1143,PED-85199,2024-02-26,2024-03-06,2024-03-06,correios,113.54,4
1144,PED-72781,2025-08-30,2025-09-06,2025-09-03,Correios,26.4,1
1145,PED-62642,2025-11-08,2025-11-14,2025-11-10,correios,66.87,1
1146,PED-89711,2025-08-15,2025-08-22,2025-08-18,correios,85.01,2
1147,PED-12955,2026-01-07,2026-01-13,2026-01-12,Correios,79.07,4
1148,PED-21452,2025-07-13,2025-07-25,2025-07-31,Total Express,33.67,3
1149,PED-77050,2024-05-23,2024-06-03,2024-06-08,Correios,127.91,3
1150,PED-66051,2026-01-12,2026-01-20,2026-01-18,Jadlog,58.97,1
1151,PED-56052,2024-03-02,2024-03-08,2024-03-09,Jadlog,137.03,1
1152,PED-64474,2025-06-25,2025-06-30,2025-07-03,Total Express,46.1,4
1153,PED-86962,2024-10-05,2024-10-13,2024-10-11,Correios,26.96,3
1154,PED-53963,2024-08-08,2024-08-17,2024-08-21,Correios,131.18,4
1155,PED-63668,2024-11-25,2024-11-28,2024-11-24,Jadlog,62.72,4
1156,PED-36117,2025-01-29,2025-02-09,2025-02-07,correios,117.86,3
1157,PED-15535,2024-11-23,2024-12-03,2024-12-06,Jadlog,118.17,3
1158,PED-70745,2025-12-05,2025-12-14,2025-12-18,correios,11.54,1
1159,PED-49343,2024-03-24,2024-03-28,2024-03-28,Total Express,24.39,3
1160,PED-74472,2025-10-31,2025-11-08,2025-11-06,correios,11.75,3
1161,PED-88497,2025-02-08,2025-02-17,2025-02-14,Jadlog,84.7,4
1162,PED-99903,2025-03-17,2025-03-23,2025-03-29,Total Express,136.6,1
1163,PED-85400,2025-07-08,2025-07-15,2025-07-19,Correios,119.58,2
1164,PED-29154,2025-07-17,2025-07-28,2025-07-24,Jadlog,68.86,2
1165,PED-16932,2025-07-19,2025-07-26,2025-07-24,Jadlog,55.67,3
1166,PED-48228,2024-06-26,2024-06-28,2024-06-28,Correios,75.83,2
1167,PED-31906,2025-07-02,2025-07-05,2025-07-10,Jadlog,123.16,3
1168,PED-57516,2024-07-23,2024-07-29,2024-08-04,Correios,78.54,3
1169,PED-27950,2025-12-06,2025-12-10,2025-12-06,Jadlog,57.24,4
1170,PED-31368,2025-11-08,2025-11-16,2025-11-17,Correios,36.76,2
1171,PED-90403,2025-08-31,2025-09-05,2025-09-09,Correios,63.09,1
1172,PED-12277,2025-05-13,2025-05-16,2025-05-14,Total Express,53.96,3
1173,PED-88335,2024-02-09,2024-02-13,2024-02-16,Jadlog,30.73,3
1174,PED-39144,2024-09-28,2024-09-30,2024-09-27,correios,121.1,2
1175,PED-26429,2024-06-21,2024-06-26,2024-06-26,correios,25.19,1
1176,PED-20188,2025-12-19,2025-12-27,2025-12-24,Correios,110.26,4
1177,PED-24131,2025-05-23,2025-05-25,2025-05-24,Correios,112.68,1
1178,PED-43162,2024-07-06,2024-07-15,2024-07-12,Correios,16.74,1
1179,PED-88878,2024-07-24,2024-07-27,2024-07-24,correios,85.56,2
1180,PED-56076,2025-12-26,2025-12-30,2026-01-05,Correios,19.98,3
1181,PED-56163,2025-01-19,2025-01-30,2025-01-31,correios,120.88,2
1182,PED-18957,2025-06-12,2025-06-22,2025-06-27,Correios,116.19,1
1183,PED-35106,2024-06-11,2024-06-21,2024-06-20,Jadlog,30.67,1
1184,PED-76085,2024-09-11,2024-09-14,2024-09-13,Total Express,56.37,2
1185,PED-24067,2025-02-06,2025-02-15,2025-02-21,correios,118.19,4
1186,PED-77403,2024-07-26,2024-08-03,2024-08-02,correios,61.8,3
1187,PED-24459,2024-09-24,2024-09-27,2024-09-30,correios,73.45,3
1188,PED-15322,2025-07-21,2025-07-27,2025-07-31,Correios,51.31,1
1189,PED-69892,2024-05-13,2024-05-21,2024-05-21,Jadlog,98.69,4
1190,PED-63383,2025-05-24,2025-05-29,2025-06-02,Jadlog,138.02,4
1191,PED-72347,2025-01-25,2025-01-30,2025-01-27,Jadlog,31.67,4
1192,PED-61952,2024-04-18,2024-04-30,2024-04-27,Total Express,76.99,1
1193,PED-61748,2024-11-14,2024-11-17,2024-11-15,Total Express,99.74,1
1194,PED-57672,2025-05-03,2025-05-07,2025-05-04,correios,52.7,4
1195,PED-65666,2024-10-24,2024-10-27,2024-10-26,Total Express,44.76,3
1196,PED-56674,2025-03-01,2025-03-13,2025-03-15,Total Express,96.0,4
1197,PED-46554,2026-01-31,2026-02-09,2026-02-13,correios,109.38,1
1198,PED-74138,2025-06-22,2025-06-25,2025-06-25,Total Express,38.47,2
1199,PED-16927,2024-08-31,2024-09-02,2024-08-30,Correios,73.75,1
1200,PED-89244,2025-01-15,2025-01-19,2025-01-21,Jadlog,28.16,1
1201,PED-78150,2026-01-28,2026-01-31,2026-02-06,Total Express,112.64,2
1202,PED-75260,2025-10-10,2025-10-16,2025-10-22,Total Express,74.63,3
1203,PED-12316,2025-03-25,2025-04-04,2025-04-08,Correios,138.77,1
1204,PED-51229,2025-05-15,2025-05-23,2025-05-26,Total Express,66.42,1
1205,PED-82963,2024-05-29,2024-05-31,2024-05-29,Jadlog,124.78,2
1206,PED-27627,2024-04-16,2024-04-25,2024-04-27,Jadlog,102.48,4
1207,PED-98476,2025-06-23,2025-06-26,2025-07-01,Total Express,95.13,4
1208,PED-30487,2025-03-20,2025-03-29,2025-04-02,Correios,59.66,4
1209,PED-90863,2025-11-23,2025-12-04,2025-12-06,Jadlog,109.17,3
1210,PED-13689,2024-10-22,2024-10-29,2024-10-25,Correios,24.92,3
1211,PED-13525,2024-07-24,2024-07-31,2024-08-05,Jadlog,58.24,4
1212,PED-63992,2025-03-29,2025-04-05,2025-04-06,Jadlog,15.45,2
1213,PED-94945,2024-05-26,2024-05-31,2024-05-30,Jadlog,86.21,1
1214,PED-54249,2026-01-24,2026-01-30,2026-01-27,correios,10.6,3
1215,PED-96214,2024-05-14,2024-05-16,2024-05-19,Total Express,82.98,4
1216,PED-71564,2025-12-17,2025-12-23,2025-12-19,Correios,138.12,4
1217,PED-52260,2024-04-04,2024-04-15,2024-04-17,Correios,114.7,1
1218,PED-54035,2024-12-11,2024-12-23,2024-12-22,Total Express,74.37,3
1219,PED-49258,2025-05-06,2025-05-10,2025-05-15,Jadlog,135.96,2
1220,PED-19872,2025-09-07,2025-09-16,2025-09-22,correios,45.93,1
1221,PED-62694,2025-12-03,2025-12-09,2025-12-14,correios,90.44,1
1222,PED-87576,2025-01-14,2025-01-25,2025-01-22,Jadlog,44.08,4
1223,PED-55523,2025-03-23,2025-03-31,2025-03-30,Correios,94.0,3
1224,PED-66742,2026-01-16,2026-01-26,2026-01-26,Jadlog,34.41,4
1225,PED-77550,2025-08-01,2025-08-07,2025-08-12,Total Express,96.65,2
1226,PED-77662,2025-10-25,2025-10-27,2025-11-02,correios,84.14,2
1227,PED-45118,2024-02-08,2024-02-20,2024-02-23,Total Express,131.37,1
1228,PED-57746,2025-12-18,2025-12-28,2025-12-27,Total Express,27.5,2
1229,PED-67067,2024-08-27,2024-09-08,2024-09-08,Total Express,50.06,1
1230,PED-64059,2024-12-03,2024-12-15,2024-12-14,Jadlog,116.73,2
1231,PED-88804,2024-12-14,2024-12-20,2024-12-26,correios,61.57,1
1232,PED-13631,2025-10-16,2025-10-20,2025-10-19,correios,113.21,3
1233,PED-83377,2025-11-15,2025-11-24,2025-11-27,Total Express,63.71,1
1234,PED-45744,2024-03-02,2024-03-07,2024-03-05,correios,11.85,3
1235,PED-33066,2026-01-27,2026-02-08,2026-02-12,Correios,135.22,4
1236,PED-21000,2025-02-26,2025-02-28,2025-02-24,Jadlog,87.41,1
1237,PED-98037,2025-04-11,2025-04-19,2025-04-20,Correios,60.39,2
1238,PED-84838,2025-09-28,2025-10-03,2025-09-30,Correios,76.9,3
1239,PED-41205,2024-10-29,2024-11-07,2024-11-04,Correios,110.06,3
1240,PED-61111,2025-03-04,2025-03-11,2025-03-16,correios,131.49,2
1241,PED-32957,2024-08-22,2024-08-26,2024-08-23,correios,136.03,4
1242,PED-87264,2024-11-28,2024-12-06,2024-12-06,Correios,72.73,3
1243,PED-81531,2025-04-29,2025-05-02,2025-05-03,Total Express,70.68,2
1244,PED-57578,2025-06-06,2025-06-12,2025-06-10,Total Express,102.47,3
1245,PED-89405,2024-03-10,2024-03-12,2024-03-18,Correios,119.07,1
1246,PED-43158,2025-04-12,2025-04-24,2025-04-23,Total Express,48.82,3
1247,PED-80111,2024-03-28,2024-04-09,2024-04-06,correios,121.21,4
1248,PED-43493,2025-03-14,2025-03-16,2025-03-18,Jadlog,19.91,2
1249,PED-31001,2024-12-28,2025-01-03,2025-01-02,Total Express,91.34,4
1250,PED-20498,2024-05-15,2024-05-17,2024-05-17,Total Express,70.18,4
1251,PED-23159,2025-06-16,2025-06-23,2025-06-25,correios,100.2,1
1252,PED-88920,2025-01-13,2025-01-20,2025-01-22,Jadlog,67.83,1
1253,PED-94094,2025-09-21,2025-09-23,2025-09-29,correios,91.18,2
1254,PED-36224,2025-04-03,2025-04-05,2025-04-07,Jadlog,49.41,1
1255,PED-42716,2024-02-28,2024-03-02,2024-02-29,correios,119.8,4
1256,PED-72700,2025-12-19,2025-12-26,2025-12-29,correios,42.41,3
1257,PED-21062,2025-06-30,2025-07-06,2025-07-05,Total Express,56.52,4
1258,PED-39423,2025-02-25,2025-03-05,2025-03-10,Correios,133.15,2
1259,PED-35987,2024-04-01,2024-04-04,2024-04-07,Jadlog,100.57,2
1260,PED-91003,2025-09-22,2025-09-24,2025-09-26,Total Express,87.25,2
1261,PED-32298,2025-03-11,2025-03-14,2025-03-15,Correios,9.86,4
1262,PED-74769,2025-10-26,2025-11-04,2025-11-10,Correios,37.63,2
1263,PED-47743,2025-07-12,2025-07-17,2025-07-17,Total Express,58.43,4
1264,PED-38254,2025-01-19,2025-01-24,2025-01-29,Jadlog,103.93,2
1265,PED-63546,2025-02-18,2025-02-26,2025-02-24,correios,11.8,3
1266,PED-69110,2024-11-19,2024-11-24,2024-11-29,correios,56.79,4
1267,PED-71457,2024-06-15,2024-06-18,2024-06-14,correios,123.03,4
1268,PED-60265,2025-12-21,2026-01-02,2026-01-01,Total Express,105.17,3
1269,PED-83007,2024-03-26,2024-03-29,2024-03-26,Correios,14.88,2
1270,PED-89478,2025-11-10,2025-11-19,2025-11-20,Correios,8.71,4
1271,PED-97983,2024-04-29,2024-05-05,2024-05-07,Jadlog,25.46,1
1272,PED-44116,2024-02-28,2024-03-10,2024-03-08,correios,74.49,3
1273,PED-21750,2025-03-18,2025-03-27,2025-03-25,Jadlog,101.75,4
1274,PED-25314,2025-03-03,2025-03-07,2025-03-07,Jadlog,13.83,2
1275,PED-57263,2024-09-04,2024-09-13,2024-09-13,Total Express,45.35,3
1276,PED-77760,2025-09-20,2025-10-01,2025-10-01,Jadlog,65.52,2
1277,PED-29826,2024-07-04,2024-07-11,2024-07-14,Total Express,15.03,2
1278,PED-34004,2024-09-01,2024-09-03,2024-09-02,Correios,70.07,2
1279,PED-25207,2025-10-22,2025-10-31,2025-11-02,Total Express,13.38,3
1280,PED-69999,2026-01-28,2026-02-07,2026-02-10,Total Express,22.85,2
1281,PED-22265,2024-05-01,2024-05-04,2024-05-05,correios,122.6,2
1282,PED-45755,2025-01-26,2025-01-30,2025-02-03,correios,85.03,1
1283,PED-33667,2024-08-05,2024-08-15,2024-08-20,Total Express,129.49,2
1284,PED-22360,2024-03-10,2024-03-19,2024-03-25,Jadlog,11.43,1
1285,PED-87376,2025-04-08,2025-04-16,2025-04-17,Correios,118.48,2
1286,PED-70323,2024-12-09,2024-12-11,2024-12-08,Total Express,67.94,3
1287,PED-10760,2025-03-11,2025-03-22,2025-03-28,Jadlog,136.01,4
1288,PED-26950,2024-07-04,2024-07-11,2024-07-16,correios,121.95,3
1289,PED-19269,2024-03-17,2024-03-24,2024-03-20,Total Express,20.22,3
1290,PED-62286,2024-10-15,2024-10-19,2024-10-18,Correios,10.71,2
1291,PED-62742,2025-03-19,2025-03-23,2025-03-25,Jadlog,93.43,2
1292,PED-74336,2024-12-19,2024-12-22,2024-12-22,Total Express,105.14,3
1293,PED-27208,2026-01-20,2026-02-01,2026-02-06,Jadlog,95.85,3
1294,PED-74175,2024-05-13,2024-05-23,2024-05-22,Total Express,124.87,4
1295,PED-88687,2024-05-27,2024-06-02,2024-06-07,Total Express,19.91,4
1296,PED-34426,2024-09-20,2024-09-27,2024-10-02,Total Express,91.25,1
1297,PED-54793,2024-12-06,2024-12-08,2024-12-12,Total Express,97.29,2
1298,PED-92517,2024-09-09,2024-09-18,2024-09-22,Correios,46.37,4
1299,PED-49373,2025-02-08,2025-02-11,2025-02-14,correios,137.91,3
1300,PED-66063,2024-04-15,2024-04-20,2024-04-24,Jadlog,83.05,1
1301,PED-24107,2025-04-20,2025-04-22,2025-04-26,Total Express,62.52,4
1302,PED-43211,2025-09-20,2025-10-02,2025-10-07,Jadlog,41.64,1
1303,PED-24933,2025-03-27,2025-04-06,2025-04-02,Total Express,31.7,2
1304,PED-20917,2024-03-12,2024-03-20,2024-03-16,Total Express,123.73,3
1305,PED-69637,2025-05-14,2025-05-21,2025-05-26,Total Express,90.34,3
1306,PED-37665,2024-06-03,2024-06-10,2024-06-08,correios,18.33,3
1307,PED-66858,2025-02-21,2025-03-05,2025-03-02,Correios,8.77,1
1308,PED-95957,2024-09-22,2024-09-24,2024-09-22,Total Express,68.74,4
1309,PED-73795,2025-02-10,2025-02-22,2025-02-27,Jadlog,89.64,3
1310,PED-61773,2024-05-24,2024-06-05,2024-06-11,Jadlog,19.57,2
1311,PED-24668,2025-07-08,2025-07-10,2025-07-09,Correios,99.88,2
1312,PED-73060,2024-10-14,2024-10-16,2024-10-15,correios,93.77,4
1313,PED-35023,2025-03-02,2025-03-14,2025-03-18,Correios,47.72,4
1314,PED-65296,2024-08-15,2024-08-19,2024-08-22,Correios,23.37,2
1315,PED-71799,2025-06-16,2025-06-25,2025-06-28,Correios,121.49,2
1316,PED-84636,2024-09-01,2024-09-06,2024-09-06,Total Express,14.72,1
1317,PED-66595,2025-03-13,2025-03-16,2025-03-22,Total Express,120.02,3
1318,PED-62386,2024-06-11,2024-06-13,2024-06-16,Total Express,75.76,4
1319,PED-79246,2024-05-05,2024-05-10,2024-05-06,Correios,63.7,3
1320,PED-45107,2024-10-26,2024-11-05,2024-11-02,Total Express,125.37,1
1321,PED-94696,2025-03-02,2025-03-11,2025-03-16,Jadlog,67.18,4
1322,PED-47750,2025-11-28,2025-11-30,2025-11-28,correios,69.94,4
1323,PED-38796,2024-05-31,2024-06-05,2024-06-09,Jadlog,129.67,4
1324,PED-61166,2025-08-04,2025-08-08,2025-08-08,Total Express,117.97,3
1325,PED-91506,2025-07-01,2025-07-10,2025-07-08,correios,45.28,1
1326,PED-26920,2025-12-10,2025-12-22,2025-12-25,correios,34.33,4
1327,PED-74713,2024-04-20,2024-04-23,2024-04-25,Jadlog,38.98,1
1328,PED-44184,2026-01-04,2026-01-06,2026-01-07,Jadlog,97.35,2
1329,PED-18344,2024-06-26,2024-07-06,2024-07-02,Jadlog,64.84,2
1330,PED-39372,2026-01-19,2026-01-22,2026-01-26,Total Express,42.03,3
1331,PED-83010,2024-02-14,2024-02-21,2024-02-17,Jadlog,126.31,1
1332,PED-69917,2025-06-22,2025-06-24,2025-06-27,Correios,136.66,1
1333,PED-76493,2024-05-13,2024-05-23,2024-05-19,Correios,30.05,1
1334,PED-30582,2024-11-27,2024-12-02,2024-12-03,Jadlog,101.48,4
1335,PED-94815,2024-03-25,2024-03-28,2024-03-26,Jadlog,52.17,2
1336,PED-67554,2024-08-02,2024-08-05,2024-08-04,Total Express,109.54,1
1337,PED-54737,2024-06-15,2024-06-20,2024-06-23,Jadlog,74.66,1
1338,PED-64396,2024-09-17,2024-09-23,2024-09-24,Jadlog,91.09,2
1339,PED-65275,2025-03-01,2025-03-05,2025-03-09,correios,26.22,4
1340,PED-70129,2024-02-29,2024-03-08,2024-03-10,Jadlog,132.57,4
1341,PED-77809,2024-02-04,2024-02-08,2024-02-04,Correios,19.19,3
1342,PED-66894,2025-11-23,2025-12-01,2025-11-29,Correios,59.91,1
1343,PED-29785,2024-04-09,2024-04-21,2024-04-27,Correios,137.06,3
1344,PED-99243,2025-08-06,2025-08-14,2025-08-16,Jadlog,103.24,3
1345,PED-46671,2024-08-29,2024-09-05,2024-09-01,correios,100.44,4
1346,PED-81358,2025-03-19,2025-03-31,2025-03-30,Total Express,100.07,4
1347,PED-21046,2025-04-02,2025-04-07,2025-04-07,Correios,78.94,4
1348,PED-80882,2024-07-14,2024-07-18,2024-07-22,Jadlog,36.21,3
1349,PED-93320,2025-07-30,2025-08-09,2025-08-10,correios,11.09,3
1350,PED-65410,2025-02-09,2025-02-14,2025-02-14,Correios,104.62,3
1351,PED-76518,2024-09-15,2024-09-21,2024-09-27,Jadlog,24.34,1
1352,PED-85030,2024-12-30,2025-01-08,2025-01-08,Correios,67.82,2
1353,PED-92279,2025-08-17,2025-08-28,2025-09-02,correios,54.24,3
1354,PED-98137,2024-04-19,2024-05-01,2024-05-06,correios,102.29,2
1355,PED-77692,2024-09-06,2024-09-09,2024-09-10,correios,116.62,3
1356,PED-29209,2024-04-14,2024-04-23,2024-04-20,Total Express,117.35,1
1357,PED-65690,2024-08-19,2024-08-22,2024-08-18,correios,70.87,4
1358,PED-98712,2025-05-20,2025-05-23,2025-05-24,Total Express,85.65,4
1359,PED-75382,2025-07-28,2025-08-03,2025-08-08,Total Express,139.54,4
1360,PED-28919,2024-08-09,2024-08-17,2024-08-15,correios,71.99,4
1361,PED-79355,2025-12-16,2025-12-20,2025-12-24,Correios,99.67,4
1362,PED-30557,2024-07-04,2024-07-13,2024-07-09,Jadlog,129.66,1
1363,PED-24461,2024-05-29,2024-06-09,2024-06-11,Correios,56.79,3
1364,PED-30093,2024-08-18,2024-08-20,2024-08-24,Correios,57.03,3
1365,PED-73691,2025-02-15,2025-02-21,2025-02-21,Correios,112.44,2
1366,PED-16376,2025-05-25,2025-06-05,2025-06-07,Jadlog,125.36,2
1367,PED-10273,2024-08-17,2024-08-21,2024-08-24,Correios,80.27,1
1368,PED-73068,2025-02-14,2025-02-16,2025-02-18,Jadlog,82.68,3
1369,PED-89391,2025-01-18,2025-01-26,2025-01-29,correios,108.58,4
1370,PED-68861,2024-03-08,2024-03-17,2024-03-23,correios,122.36,3
1371,PED-97097,2025-02-25,2025-02-28,2025-03-05,Total Express,59.12,4
1372,PED-16005,2024-03-01,2024-03-08,2024-03-12,Total Express,105.14,1
1373,PED-84972,2024-08-09,2024-08-13,2024-08-09,Jadlog,82.06,1
1374,PED-21161,2024-04-15,2024-04-27,2024-05-01,correios,134.08,1
1375,PED-34824,2026-02-01,2026-02-12,2026-02-16,Total Express,74.35,1
1376,PED-79711,2025-07-11,2025-07-14,2025-07-20,correios,135.03,3
1377,PED-85963,2025-08-31,2025-09-05,2025-09-04,Total Express,19.17,3
1378,PED-15896,2025-03-27,2025-04-04,2025-04-09,Total Express,121.78,1
1379,PED-33659,2024-04-21,2024-04-28,2024-04-30,Total Express,11.18,3
1380,PED-21930,2025-08-24,2025-09-01,2025-09-01,Correios,137.33,2
1381,PED-33942,2024-06-16,2024-06-22,2024-06-20,Jadlog,109.42,2
1382,PED-98946,2025-05-01,2025-05-07,2025-05-09,correios,15.78,3
1383,PED-17667,2025-01-16,2025-01-20,2025-01-16,Jadlog,59.47,3
1384,PED-52495,2024-12-03,2024-12-07,2024-12-09,Jadlog,57.57,1
1385,PED-41407,2025-12-04,2025-12-06,2025-12-05,correios,73.07,4
1386,PED-17947,2024-08-02,2024-08-05,2024-08-05,Jadlog,69.36,4
1387,PED-13788,2024-06-26,2024-06-29,2024-07-02,Total Express,91.63,1
1388,PED-86830,2026-01-21,2026-01-27,2026-01-31,Correios,40.51,2
1389,PED-63313,2024-09-18,2024-09-24,2024-09-29,Total Express,19.08,2
1390,PED-80836,2024-03-04,2024-03-08,2024-03-09,correios,111.23,4
1391,PED-15477,2024-08-31,2024-09-10,2024-09-13,Correios,115.27,3
1392,PED-10071,2026-01-15,2026-01-27,2026-01-25,Correios,131.22,4
1393,PED-42884,2025-12-21,2025-12-27,2026-01-01,Total Express,139.9,2
1394,PED-46872,2024-05-24,2024-06-04,2024-06-08,Correios,29.31,1
1395,PED-61813,2024-10-22,2024-10-28,2024-10-25,Correios,117.63,3
1396,PED-90012,2024-09-15,2024-09-23,2024-09-22,Jadlog,124.68,3
1397,PED-69338,2025-07-29,2025-08-10,2025-08-10,Jadlog,40.46,3
1398,PED-70266,2025-10-13,2025-10-20,2025-10-19,Jadlog,10.1,2
1399,PED-89794,2024-09-05,2024-09-17,2024-09-13,Total Express,8.56,1
1400,PED-64154,2025-12-04,2025-12-16,2025-12-14,Total Express,108.65,1
1401,PED-20161,2025-08-30,2025-09-11,2025-09-17,Correios,125.82,4
1402,PED-56267,2024-07-29,2024-08-10,2024-08-07,Total Express,117.23,3
1403,PED-11105,2025-12-22,2025-12-30,2025-12-28,Correios,69.08,2
1404,PED-39035,2024-02-05,2024-02-14,2024-02-10,Correios,108.11,3
1405,PED-90405,2025-09-15,2025-09-20,2025-09-17,Jadlog,114.71,2
1406,PED-57579,2025-02-17,2025-02-22,2025-02-25,Correios,45.06,2
1407,PED-93681,2025-12-12,2025-12-14,2025-12-13,Total Express,22.64,3
1408,PED-74751,2024-05-02,2024-05-13,2024-05-17,correios,80.84,2
1409,PED-26809,2024-04-26,2024-04-29,2024-05-04,Correios,24.82,2
1410,PED-35146,2025-06-02,2025-06-12,2025-06-12,Correios,138.94,3
1411,PED-69497,2024-09-01,2024-09-13,2024-09-17,Correios,131.8,1
1412,PED-63330,2025-04-04,2025-04-11,2025-04-13,Jadlog,24.07,4
1413,PED-77797,2024-09-07,2024-09-16,2024-09-17,Correios,124.66,2
1414,PED-65058,2024-05-09,2024-05-11,2024-05-11,Total Express,49.74,4
1415,PED-20722,2024-10-06,2024-10-11,2024-10-12,Correios,138.71,2
1416,PED-42765,2024-11-08,2024-11-16,2024-11-13,correios,29.71,3
1417,PED-91958,2025-11-28,2025-12-01,2025-12-07,Correios,11.68,4
1418,PED-92090,2024-02-07,2024-02-09,2024-02-14,Jadlog,118.95,2
1419,PED-41242,2024-08-25,2024-08-28,2024-08-31,Jadlog,117.89,3
1420,PED-19556,2025-11-27,2025-12-07,2025-12-06,Total Express,108.86,4
1421,PED-21211,2025-07-05,2025-07-16,2025-07-13,Correios,129.01,4
1422,PED-26716,2026-01-30,2026-02-06,2026-02-03,Correios,129.32,4
1423,PED-90050,2024-03-25,2024-03-27,2024-03-27,Total Express,16.68,1
1424,PED-48655,2025-04-10,2025-04-20,2025-04-16,Total Express,61.02,4
1425,PED-96471,2025-10-17,2025-10-22,2025-10-27,Correios,67.85,4
1426,PED-91163,2025-01-06,2025-01-14,2025-01-19,Correios,52.83,1
1427,PED-53017,2024-02-22,2024-03-02,2024-03-06,correios,22.26,1
1428,PED-87710,2024-07-21,2024-08-01,2024-07-29,correios,127.38,2
1429,PED-43591,2024-08-31,2024-09-12,2024-09-16,Jadlog,63.57,4
1430,PED-28045,2024-09-05,2024-09-09,2024-09-08,Correios,15.98,3
1431,PED-77256,2025-01-21,2025-02-01,2025-02-03,Jadlog,49.08,2
1432,PED-50458,2024-03-11,2024-03-15,2024-03-18,Jadlog,46.42,1
1433,PED-96203,2025-07-14,2025-07-24,2025-07-29,correios,15.57,1
1434,PED-35612,2024-09-24,2024-10-02,2024-10-03,correios,92.55,2
1435,PED-34819,2025-06-02,2025-06-05,2025-06-06,Total Express,99.71,4
1436,PED-85813,2024-03-08,2024-03-19,2024-03-20,Jadlog,89.33,4
1437,PED-23742,2024-02-24,2024-03-02,2024-02-29,Total Express,123.65,1
1438,PED-10484,2024-03-31,2024-04-09,2024-04-08,correios,99.51,4
1439,PED-41328,2024-05-17,2024-05-28,2024-05-27,Total Express,104.97,3
1440,PED-62469,2024-12-03,2024-12-11,2024-12-10,correios,117.04,1
1441,PED-19664,2024-04-05,2024-04-12,2024-04-08,Jadlog,11.96,1
1442,PED-67725,2025-11-10,2025-11-14,2025-11-14,correios,91.34,3
1443,PED-36099,2025-02-24,2025-02-26,2025-02-22,correios,45.5,2
1444,PED-54540,2024-08-13,2024-08-19,2024-08-17,correios,31.57,1
1445,PED-23263,2024-10-15,2024-10-19,2024-10-19,Correios,117.75,2
1446,PED-24544,2024-06-08,2024-06-16,2024-06-22,Jadlog,131.57,3
1447,PED-58449,2024-08-05,2024-08-14,2024-08-13,Jadlog,95.24,4
1448,PED-28931,2024-06-30,2024-07-03,2024-06-30,correios,112.93,2
1449,PED-59054,2024-12-25,2025-01-04,2025-01-06,Jadlog,87.14,2
1450,PED-86981,2025-11-16,2025-11-18,2025-11-23,correios,120.79,3
1451,PED-42397,2024-04-20,2024-04-24,2024-04-25,Correios,91.09,3
1452,PED-86556,2024-07-02,2024-07-06,2024-07-10,Total Express,35.62,1
1453,PED-90594,2025-04-14,2025-04-23,2025-04-29,Correios,30.1,4
1454,PED-59055,2024-09-11,2024-09-23,2024-09-27,Total Express,76.49,2
1455,PED-78875,2025-09-19,2025-09-26,2025-09-27,Total Express,102.47,4
1456,PED-86177,2025-08-02,2025-08-11,2025-08-11,Total Express,92.23,1
1457,PED-36607,2025-06-23,2025-06-28,2025-06-27,Total Express,121.94,4
1458,PED-65708,2025-04-17,2025-04-22,2025-04-22,Total Express,83.42,3
1459,PED-21109,2024-02-14,2024-02-20,2024-02-24,correios,107.21,3
1460,PED-56081,2024-04-30,2024-05-09,2024-05-13,correios,85.08,4
1461,PED-54089,2024-10-31,2024-11-10,2024-11-15,Total Express,67.55,4
1462,PED-75213,2024-08-01,2024-08-09,2024-08-10,Jadlog,44.04,1
1463,PED-40643,2025-05-11,2025-05-15,2025-05-18,Jadlog,93.19,3
1464,PED-75767,2025-08-13,2025-08-16,2025-08-16,Correios,111.74,2
1465,PED-19351,2024-12-04,2024-12-07,2024-12-04,Jadlog,13.05,2
1466,PED-98487,2024-08-15,2024-08-22,2024-08-21,Jadlog,41.0,3
1467,PED-28070,2024-09-13,2024-09-18,2024-09-23,Jadlog,9.13,3
1468,PED-62928,2025-08-14,2025-08-20,2025-08-21,Total Express,116.49,1
1469,PED-77193,2025-08-03,2025-08-12,2025-08-18,correios,122.24,2
1470,PED-72185,2024-09-24,2024-09-29,2024-09-28,correios,76.09,4
1471,PED-21255,2025-09-20,2025-09-29,2025-09-30,Jadlog,119.65,4
1472,PED-67498,2024-10-21,2024-10-29,2024-10-28,Total Express,120.59,1
1473,PED-85695,2024-07-16,2024-07-23,2024-07-21,correios,48.34,1
1474,PED-56486,2024-07-31,2024-08-09,2024-08-15,Jadlog,37.76,4
1475,PED-80464,2024-04-24,2024-05-06,2024-05-08,Jadlog,51.04,1
1476,PED-28236,2026-01-06,2026-01-17,2026-01-13,correios,137.0,3
1477,PED-89036,2024-06-15,2024-06-26,2024-07-02,Total Express,137.38,2
1478,PED-80056,2024-04-15,2024-04-23,2024-04-20,Total Express,32.86,1
1479,PED-69183,2025-01-12,2025-01-19,2025-01-24,Jadlog,20.31,1
1480,PED-33283,2024-12-30,2025-01-11,2025-01-15,Correios,117.09,4
1481,PED-36083,2025-01-29,2025-01-31,2025-01-29,Correios,128.3,4
1482,PED-40544,2024-12-01,2024-12-07,2024-12-06,Jadlog,95.06,1
1483,PED-58319,2025-02-24,2025-03-05,2025-03-01,Correios,30.68,4
1484,PED-24515,2024-03-21,2024-03-29,2024-03-27,correios,78.81,4
1485,PED-37063,2025-01-15,2025-01-18,2025-01-20,correios,122.9,3
1486,PED-72230,2025-07-03,2025-07-11,2025-07-17,correios,87.69,3
1487,PED-75860,2025-01-18,2025-01-29,2025-01-28,Total Express,44.36,1
1488,PED-18384,2024-11-26,2024-11-30,2024-12-03,Total Express,87.84,2
1489,PED-84609,2024-07-30,2024-08-09,2024-08-10,Total Express,68.75,1
1490,PED-94711,2024-10-17,2024-10-20,2024-10-20,Total Express,53.78,3
1491,PED-32954,2025-10-20,2025-10-28,2025-11-02,Total Express,40.89,4
1492,PED-96386,2024-06-21,2024-06-30,2024-07-02,correios,100.2,1
1493,PED-41417,2024-11-19,2024-11-27,2024-11-23,correios,44.14,3
1494,PED-38476,2025-09-19,2025-10-01,2025-09-28,Total Express,62.29,1
1495,PED-23791,2025-05-05,2025-05-12,2025-05-09,Jadlog,62.13,2
1496,PED-76330,2025-03-08,2025-03-14,2025-03-13,Correios,69.01,1
1497,PED-70542,2024-10-10,2024-10-22,2024-10-28,Total Express,53.36,4
1498,PED-14951,2025-07-01,2025-07-06,2025-07-08,Correios,41.08,2
1499,PED-70849,2024-09-19,2024-09-26,2024-10-02,Total Express,68.9,1
1500,PED-41757,2024-08-28,2024-09-07,2024-09-13,Total Express,26.51,3
1501,PED-12367,2025-01-07,2025-01-11,2025-01-09,Correios,31.4,1
1502,PED-32079,2024-06-09,2024-06-19,2024-06-21,Correios,96.62,1
1503,PED-30119,2024-09-29,2024-10-11,2024-10-11,Total Express,55.27,2
1504,PED-79769,2025-04-30,2025-05-02,2025-05-08,correios,66.35,1
1505,PED-94018,2024-07-23,2024-08-04,2024-08-08,Correios,59.56,3
1506,PED-88407,2025-05-04,2025-05-13,2025-05-09,Correios,14.42,4
1507,PED-59105,2024-06-25,2024-06-30,2024-06-29,correios,34.4,1
1508,PED-11908,2025-07-21,2025-07-29,2025-07-25,Jadlog,116.31,1
1509,PED-97046,2024-09-17,2024-09-22,2024-09-19,correios,103.57,1
1510,PED-24114,2025-04-01,2025-04-09,2025-04-13,Jadlog,50.59,2
1511,PED-81002,2025-12-10,2025-12-21,2025-12-20,Total Express,131.94,1
1512,PED-23878,2024-06-11,2024-06-16,2024-06-15,Jadlog,50.68,1
1513,PED-51450,2026-01-18,2026-01-26,2026-02-01,Correios,59.37,4
1514,PED-96240,2024-11-16,2024-11-21,2024-11-18,Jadlog,93.79,3
1515,PED-38647,2025-04-24,2025-04-26,2025-04-23,Total Express,47.8,4
1516,PED-84606,2025-01-29,2025-02-01,2025-02-05,correios,41.26,1
1517,PED-92689,2025-10-26,2025-11-06,2025-11-07,Total Express,97.48,2
1518,PED-93277,2024-06-01,2024-06-08,2024-06-06,Jadlog,137.1,4
1519,PED-12313,2025-07-20,2025-07-23,2025-07-24,Total Express,58.47,2
1520,PED-11742,2025-06-08,2025-06-18,2025-06-23,correios,10.8,1
1521,PED-66164,2025-12-25,2025-12-31,2025-12-30,correios,89.81,1
1522,PED-75369,2025-11-09,2025-11-13,2025-11-14,Jadlog,34.67,4
1523,PED-14968,2024-02-13,2024-02-18,2024-02-24,correios,129.89,4
1524,PED-46454,2024-10-06,2024-10-13,2024-10-11,Jadlog,92.96,1
1525,PED-94940,2025-12-12,2025-12-22,2025-12-24,Jadlog,107.07,2
1526,PED-41752,2026-02-03,2026-02-10,2026-02-11,correios,79.19,2
1527,PED-89700,2024-06-13,2024-06-25,2024-06-24,Total Express,76.83,2
1528,PED-10792,2025-07-29,2025-08-07,2025-08-13,Correios,122.82,1
1529,PED-93147,2024-08-12,2024-08-17,2024-08-13,correios,131.85,2
1530,PED-87677,2025-09-07,2025-09-10,2025-09-08,correios,39.19,1
1531,PED-50824,2025-03-18,2025-03-26,2025-03-29,correios,103.26,2
1532,PED-89410,2024-09-30,2024-10-08,2024-10-06,correios,48.01,4
1533,PED-45633,2024-04-11,2024-04-23,2024-04-22,Total Express,18.56,3
1534,PED-31989,2024-09-20,2024-09-28,2024-09-30,Total Express,66.26,4
1535,PED-12596,2024-10-23,2024-10-27,2024-10-30,Total Express,64.42,1
1536,PED-80411,2025-11-21,2025-11-27,2025-12-02,correios,80.98,2
1537,PED-70771,2024-10-12,2024-10-18,2024-10-20,Jadlog,67.88,4
1538,PED-73025,2025-05-02,2025-05-12,2025-05-17,Correios,51.99,4
1539,PED-34854,2025-08-23,2025-08-28,2025-08-26,Correios,9.69,3
1540,PED-64502,2025-10-06,2025-10-15,2025-10-17,Total Express,136.11,3
1541,PED-50345,2025-03-26,2025-04-03,2025-04-06,Correios,61.96,1
1542,PED-84135,2025-01-29,2025-02-01,2025-02-03,correios,33.64,4
1543,PED-76795,2025-02-24,2025-03-02,2025-03-03,Total Express,91.82,3
1544,PED-60506,2024-05-21,2024-05-23,2024-05-29,Total Express,105.11,2
1545,PED-57371,2024-12-31,2025-01-09,2025-01-05,Correios,100.07,2
1546,PED-69699,2024-07-30,2024-08-05,2024-08-10,correios,41.57,2
1547,PED-22098,2025-05-31,2025-06-02,2025-05-30,Total Express,60.49,1
1548,PED-65436,2025-02-05,2025-02-15,2025-02-14,correios,117.53,3
1549,PED-79887,2024-05-19,2024-05-25,2024-05-29,Total Express,85.36,4
1550,PED-93385,2024-02-29,2024-03-03,2024-02-29,Jadlog,115.48,3
1551,PED-50383,2025-07-18,2025-07-23,2025-07-25,Correios,138.29,4
1552,PED-19154,2024-05-31,2024-06-02,2024-05-30,Total Express,77.29,3
1553,PED-33121,2025-03-23,2025-03-31,2025-03-29,Jadlog,32.6,2
1554,PED-33853,2024-06-22,2024-06-27,2024-06-30,Correios,67.49,2
1555,PED-17730,2024-11-17,2024-11-21,2024-11-20,correios,114.81,2
1556,PED-67767,2025-08-26,2025-09-01,2025-09-03,Correios,122.62,2
1557,PED-21233,2024-06-29,2024-07-02,2024-07-02,Total Express,24.46,1
1558,PED-86761,2025-05-07,2025-05-14,2025-05-10,correios,71.08,1
1559,PED-44875,2025-09-01,2025-09-03,2025-08-30,Correios,95.82,1
1560,PED-78463,2026-01-08,2026-01-11,2026-01-10,Correios,57.59,3
1561,PED-54175,2025-07-08,2025-07-17,2025-07-20,Total Express,52.42,3
1562,PED-57344,2025-03-08,2025-03-15,2025-03-14,Total Express,57.95,1
1563,PED-23130,2025-11-21,2025-11-28,2025-11-29,Correios,68.31,4
1564,PED-88893,2024-09-19,2024-09-23,2024-09-19,Correios,122.71,3
1565,PED-69233,2025-01-17,2025-01-22,2025-01-23,Total Express,75.97,2
1566,PED-52229,2025-08-23,2025-08-25,2025-08-31,Correios,91.66,1
1567,PED-68236,2025-10-05,2025-10-12,2025-10-18,correios,88.09,4
1568,PED-55656,2025-06-10,2025-06-21,2025-06-18,Total Express,131.96,4
1569,PED-60444,2024-03-06,2024-03-18,2024-03-15,Jadlog,88.15,2
1570,PED-76143,2024-05-06,2024-05-16,2024-05-21,Correios,24.88,1
1571,PED-81925,2024-06-17,2024-06-23,2024-06-29,Total Express,30.18,4
1572,PED-96853,2026-01-06,2026-01-09,2026-01-12,correios,40.12,2
1573,PED-23824,2025-08-25,2025-09-06,2025-09-03,Total Express,139.12,1
1574,PED-60264,2024-06-10,2024-06-14,2024-06-15,Jadlog,37.09,3
1575,PED-97897,2025-08-28,2025-09-09,2025-09-12,Correios,95.84,4
1576,PED-39334,2024-08-09,2024-08-12,2024-08-13,Correios,93.01,4
1577,PED-94161,2025-04-25,2025-05-03,2025-05-09,Total Express,114.72,2
1578,PED-48138,2025-12-15,2025-12-21,2025-12-18,Correios,22.7,3
1579,PED-25218,2025-01-19,2025-01-30,2025-01-29,Jadlog,24.82,3
1580,PED-10220,2025-07-07,2025-07-15,2025-07-20,Jadlog,16.17,2
1581,PED-51896,2024-06-18,2024-06-26,2024-06-28,Jadlog,113.27,2
1582,PED-88855,2025-08-09,2025-08-19,2025-08-25,correios,22.07,1
1583,PED-51409,2025-07-24,2025-08-03,2025-08-06,correios,115.73,3
1584,PED-99126,2025-06-18,2025-06-23,2025-06-26,Total Express,27.46,3
1585,PED-14501,2025-05-16,2025-05-20,2025-05-26,Jadlog,48.77,1
1586,PED-72689,2024-08-31,2024-09-06,2024-09-11,correios,73.34,4
1587,PED-30014,2024-12-07,2024-12-09,2024-12-10,correios,119.95,2
1588,PED-73898,2024-03-19,2024-03-21,2024-03-19,Total Express,47.48,2
1589,PED-61417,2025-12-19,2025-12-21,2025-12-25,Jadlog,63.76,4
1590,PED-61257,2025-02-21,2025-02-28,2025-03-02,Correios,77.68,3
1591,PED-81828,2024-03-27,2024-04-02,2024-04-01,Total Express,20.85,3
1592,PED-49855,2024-06-18,2024-06-29,2024-06-25,Total Express,94.41,2
1593,PED-48152,2024-11-17,2024-11-26,2024-11-29,correios,35.69,2
1594,PED-57477,2026-01-24,2026-02-05,2026-02-01,Correios,97.54,2
1595,PED-99056,2025-05-26,2025-06-03,2025-06-05,correios,130.23,1
1596,PED-33544,2024-04-12,2024-04-19,2024-04-22,Correios,23.49,3
1597,PED-29473,2024-10-28,2024-11-08,2024-11-10,Total Express,40.34,1
1598,PED-74045,2025-06-01,2025-06-06,2025-06-08,Jadlog,98.81,2
1599,PED-97914,2025-04-14,2025-04-26,2025-04-28,Correios,110.66,4
1600,PED-95615,2025-06-18,2025-06-24,2025-06-30,Total Express,56.49,1
1601,PED-25997,2025-04-21,2025-04-24,2025-04-21,Total Express,92.67,2
1602,PED-85101,2025-07-17,2025-07-19,2025-07-24,Total Express,44.13,1
1603,PED-60326,2024-10-03,2024-10-14,2024-10-12,Total Express,139.99,4
1604,PED-26414,2025-04-21,2025-04-27,2025-05-02,Correios,50.93,2
1605,PED-61615,2024-02-21,2024-02-29,2024-02-25,Total Express,16.44,1
1606,PED-25378,2024-08-08,2024-08-13,2024-08-19,correios,121.78,2
1607,PED-68619,2024-09-13,2024-09-15,2024-09-19,Jadlog,24.24,2
1608,PED-95542,2025-09-03,2025-09-14,2025-09-13,correios,19.59,3
1609,PED-26346,2024-12-05,2024-12-07,2024-12-04,Jadlog,55.99,2
1610,PED-10011,2025-06-19,2025-06-27,2025-07-03,correios,47.68,3
1611,PED-68316,2025-04-08,2025-04-20,2025-04-24,correios,84.17,3
1612,PED-89452,2024-02-07,2024-02-17,2024-02-18,correios,98.81,1
1613,PED-34651,2024-10-10,2024-10-15,2024-10-11,correios,47.56,2
1614,PED-82361,2025-09-23,2025-09-27,2025-10-02,correios,86.12,3
1615,PED-65314,2024-10-15,2024-10-19,2024-10-24,Correios,80.58,3
1616,PED-31406,2025-06-17,2025-06-25,2025-07-01,Total Express,68.2,3
1617,PED-28775,2026-01-25,2026-02-06,2026-02-08,correios,17.31,3
1618,PED-35248,2025-04-11,2025-04-23,2025-04-29,Jadlog,82.4,2
1619,PED-51465,2025-06-14,2025-06-22,2025-06-20,Total Express,58.02,2
1620,PED-26334,2025-11-07,2025-11-10,2025-11-10,Correios,98.29,4
1621,PED-93909,2026-02-02,2026-02-05,2026-02-06,Correios,55.89,3
1622,PED-39591,2025-12-27,2026-01-02,2025-12-31,Jadlog,9.3,4
1623,PED-23762,2025-01-27,2025-02-01,2025-02-03,Correios,31.2,3
1624,PED-22522,2025-03-15,2025-03-26,2025-03-29,Jadlog,100.46,3
1625,PED-89621,2025-04-20,2025-04-30,2025-04-30,Correios,126.35,2
1626,PED-33681,2024-09-15,2024-09-22,2024-09-24,Jadlog,114.4,4
1627,PED-26721,2024-11-28,2024-12-07,2024-12-12,Jadlog,9.25,2
1628,PED-28700,2024-07-22,2024-08-03,2024-08-01,Total Express,82.92,3
1629,PED-58516,2025-03-18,2025-03-20,2025-03-26,correios,97.52,4
1630,PED-67535,2025-06-30,2025-07-09,2025-07-07,Jadlog,113.4,3
1631,PED-78235,2025-10-26,2025-11-01,2025-11-03,correios,48.28,1
1632,PED-50991,2025-12-31,2026-01-06,2026-01-08,Correios,91.78,1
1633,PED-31641,2025-07-28,2025-08-02,2025-07-30,Correios,19.17,3
1634,PED-11401,2024-02-17,2024-02-27,2024-03-01,Total Express,97.37,2
1635,PED-77503,2024-02-28,2024-03-08,2024-03-11,Correios,61.52,2
1636,PED-80035,2025-05-19,2025-05-21,2025-05-23,Jadlog,40.24,1
1637,PED-32089,2025-01-09,2025-01-20,2025-01-23,correios,31.08,3
1638,PED-56306,2024-07-24,2024-07-28,2024-08-01,Correios,63.8,4
1639,PED-24841,2024-09-16,2024-09-20,2024-09-21,Jadlog,128.65,2
1640,PED-48019,2025-10-08,2025-10-18,2025-10-15,Jadlog,71.77,3
1641,PED-92729,2024-09-17,2024-09-22,2024-09-18,Total Express,36.71,3
1642,PED-14643,2025-08-26,2025-09-07,2025-09-11,Total Express,125.81,4
1643,PED-10772,2025-02-10,2025-02-12,2025-02-13,Total Express,51.37,3
1644,PED-55838,2025-04-15,2025-04-18,2025-04-14,correios,61.07,1
1645,PED-74493,2025-10-25,2025-10-28,2025-10-30,correios,19.19,2
1646,PED-73886,2024-11-16,2024-11-24,2024-11-21,Correios,28.54,3
1647,PED-61820,2024-10-12,2024-10-17,2024-10-20,Jadlog,47.51,4
1648,PED-45321,2024-11-25,2024-11-29,2024-12-03,Correios,138.6,4
1649,PED-56365,2024-11-14,2024-11-18,2024-11-16,Total Express,8.77,2
1650,PED-47342,2025-10-07,2025-10-10,2025-10-09,Correios,25.65,4
1651,PED-31012,2025-05-07,2025-05-14,2025-05-10,correios,133.19,3
1652,PED-74103,2025-03-28,2025-03-31,2025-04-02,Total Express,113.58,2
1653,PED-75779,2024-12-05,2024-12-12,2024-12-14,Total Express,25.35,1
1654,PED-30387,2024-03-18,2024-03-20,2024-03-18,Jadlog,74.0,2
1655,PED-54845,2024-02-13,2024-02-15,2024-02-21,Total Express,136.89,1
1656,PED-47940,2025-03-11,2025-03-19,2025-03-22,Jadlog,72.14,4
1657,PED-29987,2025-03-12,2025-03-17,2025-03-22,correios,40.93,1
1658,PED-97337,2025-11-25,2025-12-01,2025-11-30,Total Express,34.19,1
1659,PED-33748,2024-09-19,2024-09-29,2024-10-04,correios,139.02,2
1660,PED-27340,2024-11-18,2024-11-23,2024-11-20,Total Express,13.06,2
1661,PED-12314,2024-11-06,2024-11-10,2024-11-12,correios,20.0,1
1662,PED-78809,2025-01-23,2025-01-31,2025-02-02,Jadlog,100.42,2
1663,PED-65846,2025-07-04,2025-07-09,2025-07-10,Total Express,16.1,4
1664,PED-49883,2024-04-30,2024-05-12,2024-05-08,Correios,43.54,3
1665,PED-42370,2024-04-25,2024-05-02,2024-05-04,Jadlog,126.15,2
1666,PED-16832,2024-06-24,2024-06-26,2024-06-22,Jadlog,35.98,4
1667,PED-23207,2026-01-22,2026-01-28,2026-02-02,Total Express,32.4,4
1668,PED-49892,2024-02-13,2024-02-20,2024-02-21,Correios,20.79,1
1669,PED-27079,2025-09-09,2025-09-21,2025-09-25,Jadlog,55.6,3
1670,PED-89261,2025-10-24,2025-11-04,2025-11-08,Jadlog,39.45,3
1671,PED-60338,2024-05-05,2024-05-10,2024-05-15,Correios,125.11,2
1672,PED-25775,2026-01-04,2026-01-16,2026-01-21,Correios,85.43,2
1673,PED-22928,2025-05-21,2025-05-26,2025-05-29,Correios,132.32,3
1674,PED-36476,2025-06-17,2025-06-23,2025-06-26,correios,13.78,2
1675,PED-43099,2025-01-29,2025-02-06,2025-02-10,Jadlog,126.13,4
1676,PED-67163,2025-01-21,2025-02-02,2025-01-30,Correios,71.73,1
1677,PED-45933,2025-04-01,2025-04-05,2025-04-10,correios,46.23,1
1678,PED-74884,2025-11-01,2025-11-06,2025-11-08,Correios,29.85,4
1679,PED-62540,2025-05-28,2025-06-07,2025-06-09,Jadlog,35.31,1
1680,PED-38548,2025-10-28,2025-11-01,2025-11-06,Correios,124.05,4
1681,PED-43925,2025-06-04,2025-06-14,2025-06-18,Jadlog,120.53,3
1682,PED-25611,2025-06-26,2025-07-02,2025-07-06,correios,37.56,2
1683,PED-93835,2024-06-12,2024-06-18,2024-06-14,correios,132.35,3
1684,PED-16752,2024-08-20,2024-08-24,2024-08-24,correios,138.62,2
1685,PED-10183,2025-09-20,2025-09-30,2025-09-27,Jadlog,91.51,3
1686,PED-81994,2024-02-04,2024-02-11,2024-02-08,Jadlog,103.31,4
1687,PED-52550,2024-09-01,2024-09-12,2024-09-12,Correios,90.63,1
1688,PED-46659,2025-07-10,2025-07-17,2025-07-16,correios,41.79,1
1689,PED-86449,2024-06-21,2024-07-01,2024-07-07,Correios,103.38,4
1690,PED-92081,2024-10-26,2024-11-07,2024-11-07,correios,115.82,2
1691,PED-36728,2025-08-24,2025-08-31,2025-08-31,Total Express,28.54,2
1692,PED-29442,2025-05-22,2025-05-30,2025-05-31,Total Express,20.37,2
1693,PED-33083,2025-12-04,2025-12-13,2025-12-11,correios,83.19,2
1694,PED-12758,2024-03-18,2024-03-30,2024-03-30,Jadlog,29.51,2
1695,PED-89668,2024-06-01,2024-06-09,2024-06-15,correios,17.17,1
1696,PED-69640,2025-09-06,2025-09-14,2025-09-13,Total Express,21.23,2
1697,PED-23071,2025-09-12,2025-09-14,2025-09-19,Total Express,58.69,1
1698,PED-15733,2024-04-02,2024-04-04,2024-04-10,correios,40.78,1
1699,PED-92232,2024-03-30,2024-04-05,2024-04-03,Correios,112.6,1
1700,PED-54353,2026-02-01,2026-02-04,2026-02-08,Correios,34.71,4
1701,PED-31383,2024-04-14,2024-04-25,2024-04-28,Jadlog,51.79,2
1702,PED-81241,2025-10-10,2025-10-15,2025-10-11,Jadlog,90.83,1
1703,PED-23476,2025-10-19,2025-10-21,2025-10-17,Jadlog,21.54,4
1704,PED-39401,2024-09-08,2024-09-12,2024-09-08,Correios,37.92,4
1705,PED-95899,2026-01-04,2026-01-08,2026-01-09,Jadlog,37.82,4
1706,PED-74463,2025-09-11,2025-09-23,2025-09-20,correios,138.78,2
1707,PED-56833,2024-03-06,2024-03-09,2024-03-09,Correios,89.27,1
1708,PED-15681,2025-02-14,2025-02-21,2025-02-18,correios,31.5,3
1709,PED-99054,2024-09-09,2024-09-20,2024-09-18,Total Express,27.83,3
1710,PED-55663,2026-01-12,2026-01-23,2026-01-23,Correios,43.78,4
1711,PED-44786,2025-12-02,2025-12-14,2025-12-15,Correios,112.13,2
1712,PED-51976,2025-10-25,2025-11-06,2025-11-04,correios,59.56,4
1713,PED-85739,2025-05-21,2025-05-24,2025-05-21,Total Express,134.67,3
1714,PED-52343,2025-03-26,2025-03-30,2025-03-27,correios,32.01,4
1715,PED-74776,2024-08-04,2024-08-11,2024-08-12,Total Express,71.53,4
1716,PED-53707,2024-08-15,2024-08-26,2024-09-01,correios,113.88,2
1717,PED-82002,2026-01-05,2026-01-13,2026-01-15,Total Express,79.11,4
1718,PED-40161,2024-04-30,2024-05-10,2024-05-14,Total Express,19.04,4
1719,PED-38748,2024-04-09,2024-04-19,2024-04-24,Correios,39.05,1
1720,PED-57500,2025-04-01,2025-04-06,2025-04-02,Total Express,134.41,1
1721,PED-57298,2025-10-15,2025-10-17,2025-10-18,correios,46.9,2
1722,PED-41784,2025-05-24,2025-06-03,2025-06-05,correios,117.27,1
1723,PED-28753,2024-05-14,2024-05-18,2024-05-15,Total Express,104.77,4
1724,PED-23894,2024-03-04,2024-03-11,2024-03-07,Correios,70.94,2
1725,PED-57873,2024-08-02,2024-08-04,2024-08-02,correios,18.43,1
1726,PED-64590,2024-03-13,2024-03-15,2024-03-20,correios,109.04,4
1727,PED-49257,2024-10-26,2024-10-30,2024-11-03,Total Express,62.32,3
1728,PED-11731,2025-06-22,2025-07-01,2025-07-07,Jadlog,22.69,1
1729,PED-89190,2024-07-23,2024-08-04,2024-07-31,correios,74.43,1
1730,PED-99116,2025-09-11,2025-09-19,2025-09-21,Total Express,81.15,3
1731,PED-50112,2024-11-14,2024-11-25,2024-11-29,correios,63.92,2
1732,PED-78354,2024-06-03,2024-06-09,2024-06-06,Total Express,137.09,2
1733,PED-91139,2024-11-28,2024-12-03,2024-12-05,Correios,36.9,2
1734,PED-20119,2025-01-07,2025-01-17,2025-01-22,Total Express,71.02,4
1735,PED-17165,2025-02-21,2025-03-01,2025-02-27,Jadlog,93.36,2
1736,PED-23683,2024-10-06,2024-10-12,2024-10-09,Correios,55.88,3
1737,PED-46989,2025-09-15,2025-09-17,2025-09-16,correios,79.49,1
1738,PED-11438,2025-05-30,2025-06-04,2025-06-09,Jadlog,32.78,2
1739,PED-41501,2024-10-28,2024-11-09,2024-11-05,Jadlog,19.23,1
1740,PED-15987,2024-10-13,2024-10-24,2024-10-27,Correios,49.52,3
1741,PED-47015,2025-01-25,2025-01-27,2025-01-28,Total Express,74.03,3
1742,PED-26976,2025-10-14,2025-10-22,2025-10-23,Correios,51.73,1
1743,PED-13104,2025-05-21,2025-05-31,2025-05-29,Total Express,70.96,1
1744,PED-29862,2025-10-26,2025-11-01,2025-10-30,Total Express,18.4,1
1745,PED-99320,2025-01-02,2025-01-07,2025-01-06,correios,109.48,2
1746,PED-89788,2025-11-10,2025-11-20,2025-11-24,Jadlog,67.07,2
1747,PED-57227,2026-01-02,2026-01-09,2026-01-09,Total Express,13.28,4
1748,PED-90004,2025-05-14,2025-05-19,2025-05-18,Correios,134.46,4
1749,PED-28693,2025-12-03,2025-12-06,2025-12-02,Jadlog,80.22,1
1750,PED-69612,2025-10-22,2025-10-31,2025-10-28,Jadlog,30.4,3
1751,PED-46715,2025-08-16,2025-08-20,2025-08-17,Jadlog,54.64,1
1752,PED-43809,2025-09-09,2025-09-13,2025-09-16,Total Express,137.16,4
1753,PED-26248,2025-08-08,2025-08-20,2025-08-18,Total Express,13.23,3
1754,PED-91223,2025-08-11,2025-08-19,2025-08-21,correios,66.19,3
1755,PED-99417,2024-07-26,2024-08-02,2024-07-30,Total Express,74.78,3
1756,PED-91345,2025-09-24,2025-10-06,2025-10-02,Correios,105.82,2
1757,PED-30258,2025-02-24,2025-03-06,2025-03-02,Correios,46.37,2
1758,PED-19565,2025-09-16,2025-09-27,2025-09-29,correios,59.25,4
1759,PED-55735,2025-04-10,2025-04-22,2025-04-19,Total Express,69.84,4
1760,PED-33628,2024-10-13,2024-10-16,2024-10-13,Correios,129.1,4
1761,PED-62628,2025-02-10,2025-02-18,2025-02-17,Jadlog,16.51,3
1762,PED-37870,2025-04-16,2025-04-27,2025-04-30,Total Express,23.09,4
1763,PED-30413,2025-02-18,2025-02-20,2025-02-24,Total Express,27.21,2
1764,PED-14105,2025-09-08,2025-09-15,2025-09-20,Total Express,16.24,3
1765,PED-37973,2024-02-06,2024-02-14,2024-02-17,Correios,35.92,1
1766,PED-45369,2025-10-12,2025-10-24,2025-10-26,Jadlog,91.91,1
1767,PED-45901,2024-09-16,2024-09-20,2024-09-17,Total Express,18.79,4
1768,PED-38063,2024-08-27,2024-09-04,2024-09-08,Jadlog,32.3,1
1769,PED-54829,2024-03-09,2024-03-12,2024-03-14,Jadlog,29.72,3
1770,PED-72324,2026-02-01,2026-02-09,2026-02-12,correios,135.46,4
1771,PED-61005,2024-03-26,2024-04-02,2024-04-07,Correios,82.04,2
1772,PED-85823,2025-07-11,2025-07-14,2025-07-20,correios,50.73,3
1773,PED-70117,2024-09-13,2024-09-15,2024-09-13,correios,73.93,3
1774,PED-63265,2024-05-09,2024-05-12,2024-05-18,Jadlog,76.73,1
1775,PED-93138,2024-11-28,2024-12-07,2024-12-05,Total Express,92.34,1
1776,PED-34596,2026-02-03,2026-02-05,2026-02-04,Total Express,99.93,2
1777,PED-38329,2025-08-13,2025-08-24,2025-08-26,Jadlog,35.69,2
1778,PED-11883,2025-04-13,2025-04-25,2025-04-30,Jadlog,115.42,1
1779,PED-75809,2025-04-25,2025-05-01,2025-05-01,Correios,100.31,4
1780,PED-56101,2024-08-13,2024-08-21,2024-08-23,Jadlog,117.32,4
1781,PED-24860,2025-03-09,2025-03-19,2025-03-20,correios,68.56,3
1782,PED-87973,2026-01-28,2026-02-01,2026-02-05,correios,79.64,4
1783,PED-99165,2024-12-22,2024-12-28,2025-01-03,Total Express,91.7,1
1784,PED-21749,2024-05-16,2024-05-19,2024-05-16,Correios,89.35,4
1785,PED-91766,2025-11-24,2025-11-27,2025-11-30,Correios,91.63,1
1786,PED-65134,2024-12-13,2024-12-25,2024-12-25,correios,37.42,4
1787,PED-25007,2025-12-31,2026-01-10,2026-01-12,correios,121.04,1
1788,PED-64124,2024-04-07,2024-04-14,2024-04-17,Total Express,9.0,3
1789,PED-47172,2025-06-25,2025-06-30,2025-07-04,Jadlog,124.11,3
1790,PED-98250,2024-12-21,2024-12-27,2024-12-29,correios,8.55,4
1791,PED-13440,2025-12-04,2025-12-06,2025-12-02,correios,112.35,3
1792,PED-84997,2024-12-26,2025-01-02,2024-12-31,Total Express,39.92,4
1793,PED-94467,2024-10-05,2024-10-10,2024-10-15,Total Express,117.37,4
1794,PED-61172,2026-01-30,2026-02-03,2026-02-09,correios,61.21,3
1795,PED-67331,2024-06-13,2024-06-23,2024-06-21,correios,21.14,2
1796,PED-92764,2025-12-23,2026-01-02,2025-12-30,Total Express,119.28,3
1797,PED-52258,2024-12-06,2024-12-16,2024-12-14,correios,20.31,1
1798,PED-92430,2025-08-26,2025-09-03,2025-08-30,correios,11.67,1
1799,PED-13314,2024-11-16,2024-11-27,2024-11-29,correios,137.81,3
1800,PED-95527,2025-03-25,2025-03-29,2025-03-28,correios,47.19,2
1801,PED-96410,2025-03-31,2025-04-08,2025-04-08,Correios,44.3,2
1802,PED-93674,2026-01-26,2026-02-07,2026-02-03,Correios,22.64,1
1803,PED-47022,2024-11-08,2024-11-11,2024-11-09,Jadlog,126.09,1
1804,PED-57369,2024-03-16,2024-03-19,2024-03-22,correios,59.59,4
1805,PED-19643,2025-05-27,2025-05-29,2025-05-31,Total Express,134.62,1
1806,PED-65038,2024-11-03,2024-11-08,2024-11-14,Total Express,125.44,4
1807,PED-49158,2024-04-21,2024-04-25,2024-04-23,Correios,127.28,1
1808,PED-55453,2025-06-17,2025-06-20,2025-06-21,Total Express,139.33,1
1809,PED-43357,2024-09-06,2024-09-10,2024-09-14,Correios,33.46,1
1810,PED-77894,2024-06-06,2024-06-16,2024-06-12,correios,36.55,3
1811,PED-13866,2025-03-01,2025-03-04,2025-03-03,Jadlog,26.29,1
1812,PED-45870,2024-02-15,2024-02-19,2024-02-19,Total Express,34.3,1
1813,PED-95449,2024-06-30,2024-07-07,2024-07-11,Jadlog,69.65,4
1814,PED-62421,2024-12-14,2024-12-22,2024-12-26,correios,41.01,2
1815,PED-61488,2024-06-08,2024-06-20,2024-06-20,Correios,85.04,3
1816,PED-73941,2024-09-18,2024-09-22,2024-09-21,Total Express,124.54,4
1817,PED-51779,2025-10-06,2025-10-17,2025-10-17,Correios,88.16,4
1818,PED-56257,2025-08-30,2025-09-04,2025-09-09,Jadlog,126.52,1
1819,PED-14424,2025-02-28,2025-03-09,2025-03-07,Jadlog,85.47,3
1820,PED-79533,2024-03-05,2024-03-16,2024-03-22,Jadlog,60.58,1
1821,PED-66280,2024-03-09,2024-03-13,2024-03-14,correios,55.22,1
1822,PED-58714,2025-01-21,2025-01-26,2025-02-01,Jadlog,27.15,3
1823,PED-51758,2024-02-09,2024-02-12,2024-02-08,Correios,102.62,2
1824,PED-52147,2024-10-31,2024-11-09,2024-11-14,correios,82.14,4
1825,PED-37810,2025-05-22,2025-05-28,2025-06-02,correios,21.59,3
1826,PED-19807,2024-06-07,2024-06-18,2024-06-24,Total Express,98.04,4
1827,PED-35971,2025-06-13,2025-06-20,2025-06-21,correios,14.56,4
1828,PED-45968,2024-02-26,2024-03-06,2024-03-02,Total Express,23.74,4
1829,PED-52844,2024-02-24,2024-02-28,2024-03-04,Total Express,39.21,1
1830,PED-94366,2025-05-30,2025-06-05,2025-06-01,Correios,128.34,3
1831,PED-14850,2024-07-17,2024-07-21,2024-07-23,Correios,52.54,1
1832,PED-22467,2026-01-23,2026-01-26,2026-01-29,Total Express,103.47,3
1833,PED-62473,2024-08-15,2024-08-22,2024-08-23,Correios,81.45,3
1834,PED-16169,2025-10-31,2025-11-09,2025-11-14,Total Express,47.39,4
1835,PED-25913,2024-07-15,2024-07-24,2024-07-30,Jadlog,131.78,1
1836,PED-16269,2024-07-17,2024-07-19,2024-07-18,Correios,26.31,3
1837,PED-32307,2024-06-29,2024-07-07,2024-07-06,Correios,33.23,3
1838,PED-16880,2024-03-19,2024-03-29,2024-03-25,Jadlog,124.6,1
1839,PED-49883,2024-11-23,2024-11-26,2024-11-22,Correios,42.81,4
1840,PED-28056,2025-09-05,2025-09-11,2025-09-09,Total Express,23.83,3
1841,PED-64171,2024-05-09,2024-05-13,2024-05-18,Total Express,96.21,2
1842,PED-96673,2024-11-12,2024-11-23,2024-11-26,Total Express,136.88,3
1843,PED-22032,2025-03-31,2025-04-09,2025-04-08,Jadlog,109.14,1
1844,PED-41768,2024-09-02,2024-09-09,2024-09-13,correios,99.74,1
1845,PED-37849,2025-02-05,2025-02-14,2025-02-10,Correios,96.51,4
1846,PED-73916,2024-03-31,2024-04-08,2024-04-07,Correios,52.94,3
1847,PED-95890,2024-06-20,2024-06-26,2024-06-29,correios,119.91,1
1848,PED-57663,2025-12-14,2025-12-18,2025-12-17,Total Express,136.71,2
1849,PED-18996,2024-02-28,2024-03-07,2024-03-06,Jadlog,63.85,3
1850,PED-23377,2024-11-09,2024-11-20,2024-11-26,correios,68.85,1
1851,PED-12174,2025-10-07,2025-10-10,2025-10-09,Total Express,32.69,1
1852,PED-79584,2025-06-26,2025-07-05,2025-07-11,Total Express,54.46,1
1853,PED-56455,2025-02-16,2025-02-26,2025-02-23,Total Express,35.99,4
1854,PED-76574,2025-11-28,2025-12-08,2025-12-10,Jadlog,15.02,3
1855,PED-16440,2024-08-27,2024-09-03,2024-08-31,Total Express,104.62,4
1856,PED-34831,2025-04-02,2025-04-07,2025-04-07,Total Express,31.32,3
1857,PED-74699,2025-09-18,2025-09-28,2025-10-03,Total Express,22.41,1
1858,PED-24559,2025-02-21,2025-03-05,2025-03-04,correios,23.2,1
1859,PED-41295,2024-07-12,2024-07-23,2024-07-23,Correios,78.24,3
1860,PED-63026,2024-12-05,2024-12-10,2024-12-15,Total Express,59.86,2
1861,PED-36962,2025-10-25,2025-10-31,2025-11-03,correios,111.72,3
1862,PED-88159,2024-09-02,2024-09-14,2024-09-14,Jadlog,104.87,1
1863,PED-91542,2024-04-06,2024-04-10,2024-04-14,Total Express,105.56,2
1864,PED-99318,2025-06-16,2025-06-20,2025-06-21,Correios,30.0,3
1865,PED-11669,2025-12-15,2025-12-24,2025-12-22,Total Express,64.49,1
1866,PED-20089,2024-11-05,2024-11-09,2024-11-09,correios,97.65,1
1867,PED-72105,2024-03-13,2024-03-24,2024-03-25,Correios,72.46,2
1868,PED-15921,2025-10-16,2025-10-25,2025-10-22,Correios,82.88,3
1869,PED-75948,2025-07-08,2025-07-13,2025-07-17,correios,107.66,1
1870,PED-53997,2026-01-23,2026-01-26,2026-01-26,Total Express,72.77,3
1871,PED-96954,2025-07-15,2025-07-25,2025-07-25,Total Express,41.47,4
1872,PED-49470,2025-01-11,2025-01-13,2025-01-14,Jadlog,125.66,4
1873,PED-99887,2025-12-15,2025-12-18,2025-12-18,Correios,27.52,4
1874,PED-28564,2025-12-27,2026-01-01,2026-01-07,Jadlog,73.71,2
1875,PED-57109,2025-12-11,2025-12-22,2025-12-24,correios,106.26,2
1876,PED-24146,2025-06-15,2025-06-23,2025-06-29,Jadlog,123.78,4
1877,PED-44774,2025-01-15,2025-01-25,2025-01-23,Jadlog,125.22,4
1878,PED-46208,2025-11-02,2025-11-13,2025-11-15,Jadlog,33.16,3
1879,PED-66814,2025-03-08,2025-03-19,2025-03-16,Total Express,82.8,3
1880,PED-11092,2024-11-27,2024-12-03,2024-11-30,Total Express,130.39,2
1881,PED-29690,2024-10-05,2024-10-14,2024-10-20,Jadlog,90.34,2
1882,PED-47782,2024-05-10,2024-05-16,2024-05-19,Correios,113.57,1
1883,PED-38485,2024-11-15,2024-11-24,2024-11-20,Jadlog,116.96,1
1884,PED-50084,2024-08-28,2024-08-30,2024-09-02,Correios,64.8,1
1885,PED-28051,2025-03-10,2025-03-12,2025-03-12,Jadlog,123.99,2
1886,PED-28696,2024-07-30,2024-08-02,2024-08-02,correios,65.03,1
1887,PED-14212,2025-08-31,2025-09-06,2025-09-05,Total Express,131.15,2
1888,PED-60625,2024-06-11,2024-06-23,2024-06-29,Total Express,60.68,1
1889,PED-88255,2024-05-22,2024-05-28,2024-05-28,Jadlog,30.88,4
1890,PED-85781,2024-12-10,2024-12-22,2024-12-23,correios,98.2,2
1891,PED-64566,2025-12-09,2025-12-15,2025-12-13,correios,47.74,1
1892,PED-92355,2024-07-26,2024-08-01,2024-08-06,Total Express,80.05,4
1893,PED-28167,2025-11-20,2025-11-28,2025-11-25,Total Express,99.63,3
1894,PED-66055,2024-08-29,2024-09-07,2024-09-08,Total Express,63.51,4
1895,PED-83257,2025-06-17,2025-06-26,2025-06-22,Correios,134.39,4
1896,PED-90636,2024-10-21,2024-10-24,2024-10-22,Jadlog,111.84,3
1897,PED-81207,2025-02-04,2025-02-08,2025-02-13,Jadlog,15.07,4
1898,PED-97828,2024-12-03,2024-12-07,2024-12-09,Correios,69.09,4
1899,PED-17168,2025-03-18,2025-03-20,2025-03-17,Jadlog,117.55,1
1900,PED-22766,2024-06-09,2024-06-16,2024-06-21,Jadlog,82.64,3
1901,PED-86626,2024-06-27,2024-06-29,2024-06-26,Correios,100.61,2
1902,PED-27878,2025-04-28,2025-05-08,2025-05-11,correios,126.15,2
1903,PED-50749,2026-01-10,2026-01-16,2026-01-22,Correios,114.34,2
1904,PED-10004,2025-12-29,2026-01-01,2025-12-29,correios,87.7,1
1905,PED-42401,2025-05-18,2025-05-28,2025-05-25,correios,21.68,1
1906,PED-61211,2025-06-02,2025-06-12,2025-06-15,Correios,130.24,3
1907,PED-34123,2024-03-13,2024-03-21,2024-03-24,correios,119.11,3
1908,PED-67557,2025-08-09,2025-08-20,2025-08-26,Correios,65.07,1
1909,PED-96175,2025-07-30,2025-08-03,2025-08-01,correios,30.54,2
1910,PED-48015,2024-02-08,2024-02-17,2024-02-20,Jadlog,96.11,4
1911,PED-46068,2025-06-17,2025-06-24,2025-06-30,Total Express,58.93,1
1912,PED-65683,2026-01-29,2026-02-07,2026-02-09,correios,11.69,4
1913,PED-61043,2024-11-30,2024-12-03,2024-12-08,Correios,84.63,1
1914,PED-96139,2024-04-28,2024-05-10,2024-05-16,Total Express,13.63,3
1915,PED-70076,2025-04-16,2025-04-20,2025-04-23,Jadlog,9.2,2
1916,PED-75956,2025-07-12,2025-07-19,2025-07-23,correios,54.05,4
1917,PED-32871,2024-09-02,2024-09-12,2024-09-09,correios,54.45,3
1918,PED-46482,2024-08-07,2024-08-16,2024-08-14,Jadlog,129.9,1
1919,PED-59351,2024-07-14,2024-07-26,2024-07-29,Total Express,87.97,2
1920,PED-96364,2024-10-03,2024-10-14,2024-10-18,Jadlog,25.08,3
1921,PED-55625,2025-04-17,2025-04-28,2025-05-03,Total Express,16.92,1
1922,PED-22653,2025-04-30,2025-05-04,2025-05-03,Correios,73.93,4
1923,PED-41013,2025-07-06,2025-07-13,2025-07-12,Correios,126.77,2
1924,PED-18437,2024-07-14,2024-07-22,2024-07-24,Correios,88.77,1
1925,PED-67872,2024-06-04,2024-06-06,2024-06-03,Jadlog,88.06,1
1926,PED-24111,2025-07-26,2025-07-30,2025-07-31,Total Express,57.85,2
1927,PED-74369,2024-12-26,2024-12-31,2024-12-31,Total Express,97.61,2
1928,PED-66893,2024-04-06,2024-04-11,2024-04-09,correios,19.35,1
1929,PED-22609,2024-09-04,2024-09-16,2024-09-22,correios,12.39,2
1930,PED-63480,2025-08-17,2025-08-19,2025-08-20,Correios,52.97,4
1931,PED-84759,2025-02-12,2025-02-17,2025-02-16,Total Express,74.11,3
1932,PED-28071,2024-04-17,2024-04-28,2024-05-02,Correios,65.93,4
1933,PED-20242,2025-01-05,2025-01-08,2025-01-13,correios,111.28,3
1934,PED-75367,2025-10-24,2025-10-27,2025-10-24,correios,14.8,3
1935,PED-47997,2025-10-08,2025-10-10,2025-10-09,Jadlog,59.54,3
1936,PED-47757,2024-12-27,2024-12-30,2024-12-28,Correios,78.54,2
1937,PED-75542,2024-04-05,2024-04-15,2024-04-20,Jadlog,60.7,1
1938,PED-86385,2024-08-02,2024-08-12,2024-08-09,Total Express,131.67,3
1939,PED-14230,2025-11-16,2025-11-28,2025-11-24,Jadlog,63.63,2
1940,PED-28256,2026-01-06,2026-01-13,2026-01-09,correios,80.22,3
1941,PED-40882,2025-06-14,2025-06-26,2025-06-22,Total Express,17.62,1
1942,PED-64557,2024-11-28,2024-12-05,2024-12-02,Correios,125.15,4
1943,PED-15471,2025-09-21,2025-09-25,2025-09-25,Correios,12.7,2
1944,PED-66559,2025-05-03,2025-05-15,2025-05-16,Total Express,48.05,2
1945,PED-13454,2025-09-12,2025-09-14,2025-09-10,correios,78.51,4
1946,PED-12371,2024-06-16,2024-06-28,2024-07-04,Total Express,14.88,4
1947,PED-65945,2024-06-25,2024-06-29,2024-07-01,correios,23.26,1
1948,PED-56109,2024-03-05,2024-03-16,2024-03-17,correios,53.29,1
1949,PED-22057,2024-09-27,2024-10-02,2024-10-01,Correios,37.98,1
1950,PED-17455,2024-02-19,2024-02-21,2024-02-20,Correios,15.48,4
1951,PED-15730,2024-06-10,2024-06-14,2024-06-14,Jadlog,54.16,2
1952,PED-89445,2025-01-01,2025-01-07,2025-01-05,Total Express,71.19,1
1953,PED-20011,2025-12-27,2026-01-08,2026-01-05,Jadlog,131.86,2
1954,PED-38873,2025-03-19,2025-03-28,2025-03-29,Total Express,102.13,3
1955,PED-95674,2024-07-03,2024-07-13,2024-07-13,correios,77.54,3
1956,PED-75987,2024-08-05,2024-08-12,2024-08-16,Correios,15.13,4
1957,PED-46671,2025-02-14,2025-02-25,2025-02-28,Correios,34.87,2
1958,PED-49968,2024-11-15,2024-11-25,2024-11-24,correios,24.2,2
1959,PED-67708,2025-01-20,2025-01-22,2025-01-21,Total Express,133.8,1
1960,PED-45428,2025-12-21,2025-12-30,2025-12-26,Jadlog,85.65,3
1961,PED-46581,2026-01-30,2026-02-02,2026-01-29,Total Express,73.39,4
1962,PED-15821,2025-02-19,2025-02-27,2025-03-02,correios,35.16,2
1963,PED-79794,2025-11-03,2025-11-15,2025-11-17,Correios,95.17,1
1964,PED-13406,2024-04-19,2024-04-29,2024-04-30,Jadlog,129.8,3
1965,PED-13584,2025-01-20,2025-01-31,2025-01-30,Jadlog,103.8,4
1966,PED-24314,2024-09-30,2024-10-08,2024-10-04,Total Express,133.73,3
1967,PED-65552,2025-12-21,2025-12-31,2026-01-03,Jadlog,29.46,4
1968,PED-27284,2025-07-18,2025-07-27,2025-07-26,Correios,45.05,3
1969,PED-81146,2025-11-27,2025-11-30,2025-11-29,Jadlog,52.55,4
1970,PED-45949,2024-08-15,2024-08-17,2024-08-22,Jadlog,43.47,3
1971,PED-11617,2024-10-06,2024-10-18,2024-10-23,Correios,48.51,3
1972,PED-68170,2025-06-24,2025-06-30,2025-06-28,Total Express,10.28,1
1973,PED-57018,2024-04-10,2024-04-19,2024-04-15,Total Express,92.18,2
1974,PED-85965,2024-12-09,2024-12-17,2024-12-13,Correios,44.49,3
1975,PED-33567,2025-08-31,2025-09-03,2025-09-06,Jadlog,109.11,3
1976,PED-26675,2025-11-24,2025-11-30,2025-12-03,correios,91.2,2
1977,PED-16498,2024-07-22,2024-08-02,2024-08-08,correios,23.11,1
1978,PED-76416,2024-04-23,2024-04-27,2024-05-03,Total Express,84.55,1
1979,PED-17970,2024-09-29,2024-10-09,2024-10-08,Jadlog,136.74,1
1980,PED-80836,2024-04-14,2024-04-26,2024-04-27,Correios,87.28,3
1981,PED-76445,2025-04-16,2025-04-19,2025-04-16,Total Express,22.94,1
1982,PED-52701,2025-11-24,2025-11-29,2025-11-28,Jadlog,117.45,4
1983,PED-65898,2025-12-20,2025-12-23,2025-12-29,Jadlog,26.89,3
1984,PED-53907,2025-01-08,2025-01-19,2025-01-20,Total Express,126.46,3
1985,PED-91515,2025-05-24,2025-06-02,2025-06-02,Correios,29.16,1
1986,PED-87493,2024-05-15,2024-05-21,2024-05-19,Correios,22.02,2
1987,PED-76608,2025-12-17,2025-12-24,2025-12-28,Jadlog,132.07,4
1988,PED-96122,2025-06-29,2025-07-10,2025-07-06,correios,58.3,1
1989,PED-84108,2025-08-18,2025-08-21,2025-08-20,Total Express,79.14,1
1990,PED-89574,2024-08-11,2024-08-21,2024-08-17,Total Express,95.01,4
1991,PED-35562,2025-01-23,2025-01-30,2025-01-30,Jadlog,128.26,3
1992,PED-40263,2025-11-13,2025-11-18,2025-11-19,Total Express,49.56,1
1993,PED-63729,2024-05-23,2024-05-28,2024-05-31,Jadlog,18.52,1
1994,PED-73459,2024-07-16,2024-07-23,2024-07-29,correios,67.26,4
1995,PED-26420,2025-01-28,2025-02-02,2025-02-07,correios,110.49,4
1996,PED-97281,2025-08-30,2025-09-11,2025-09-16,correios,87.93,3
1997,PED-25461,2025-12-11,2025-12-18,2025-12-19,Correios,61.92,2
1998,PED-92920,2024-10-24,2024-11-04,2024-11-07,correios,126.78,4
1999,PED-25832,2025-08-10,2025-08-12,2025-08-10,Total Express,42.77,4
2000,PED-14466,2024-02-11,2024-02-14,2024-02-12,Total Express,11.16,2
2001,PED-77488,2025-12-23,2025-12-26,2025-12-24,Total Express,127.36,3
2002,PED-82999,2025-03-17,2025-03-21,2025-03-23,correios,101.98,1
2003,PED-87526,2024-08-28,2024-09-04,2024-09-05,Correios,139.23,1
2004,PED-68837,2024-11-03,2024-11-06,2024-11-07,Total Express,91.27,4
2005,PED-27643,2024-10-04,2024-10-10,2024-10-13,correios,103.53,1
2006,PED-87798,2025-12-07,2025-12-11,2025-12-07,Jadlog,96.96,4
2007,PED-67486,2025-01-29,2025-02-06,2025-02-07,correios,75.14,3
2008,PED-48974,2024-11-14,2024-11-17,2024-11-16,Total Express,53.03,4
2009,PED-60340,2025-06-23,2025-06-29,2025-06-30,Jadlog,107.96,2
2010,PED-66431,2025-07-16,2025-07-18,2025-07-17,Jadlog,83.92,3
2011,PED-47328,2024-08-23,2024-08-26,2024-08-27,correios,23.65,3
2012,PED-39312,2025-01-12,2025-01-21,2025-01-24,correios,46.08,3
2013,PED-40366,2025-01-10,2025-01-21,2025-01-18,Jadlog,26.61,2
2014,PED-32131,2026-01-08,2026-01-18,2026-01-22,Correios,86.99,1
2015,PED-35576,2025-05-19,2025-05-29,2025-06-02,Correios,72.46,1
2016,PED-46941,2024-08-05,2024-08-12,2024-08-11,Total Express,104.64,2
2017,PED-24367,2024-11-07,2024-11-16,2024-11-16,Correios,66.66,4
2018,PED-21385,2024-07-21,2024-07-30,2024-07-30,correios,139.09,1
2019,PED-39155,2024-11-26,2024-12-03,2024-11-30,Correios,51.18,3
2020,PED-92657,2024-07-23,2024-07-29,2024-08-01,Correios,101.3,3
2021,PED-23164,2024-03-28,2024-03-30,2024-04-01,Jadlog,33.13,1
2022,PED-11044,2024-04-05,2024-04-17,2024-04-23,correios,26.07,4
2023,PED-35647,2024-02-29,2024-03-05,2024-03-11,Jadlog,70.06,4
2024,PED-47040,2025-10-31,2025-11-04,2025-11-07,correios,34.21,1
2025,PED-10419,2024-11-11,2024-11-21,2024-11-20,Total Express,16.88,2
2026,PED-64808,2025-11-07,2025-11-11,2025-11-07,Jadlog,88.97,2
2027,PED-73469,2024-02-14,2024-02-26,2024-02-27,correios,123.88,2
2028,PED-73577,2025-04-07,2025-04-13,2025-04-19,Total Express,113.17,4
2029,PED-81226,2024-11-09,2024-11-20,2024-11-21,Total Express,47.0,2
2030,PED-64997,2025-11-23,2025-11-26,2025-11-26,Total Express,50.95,4
2031,PED-70913,2024-12-03,2024-12-06,2024-12-04,Jadlog,95.2,3
2032,PED-73404,2025-08-13,2025-08-21,2025-08-19,Total Express,87.34,2
2033,PED-45117,2024-05-14,2024-05-16,2024-05-16,correios,125.46,4
2034,PED-52361,2025-08-05,2025-08-07,2025-08-11,Jadlog,97.1,4
2035,PED-65731,2024-02-28,2024-03-07,2024-03-10,Total Express,42.41,1
2036,PED-38697,2024-09-17,2024-09-23,2024-09-26,Jadlog,91.99,1
2037,PED-63714,2024-08-28,2024-09-03,2024-09-06,correios,83.57,2
2038,PED-91957,2024-04-19,2024-04-29,2024-04-28,Correios,133.12,3
2039,PED-80748,2024-06-02,2024-06-06,2024-06-11,Correios,133.44,1
2040,PED-53684,2024-06-11,2024-06-19,2024-06-16,Jadlog,109.22,1
2041,PED-77980,2024-04-30,2024-05-12,2024-05-08,correios,55.8,2
2042,PED-61842,2025-01-03,2025-01-07,2025-01-11,correios,46.3,2
2043,PED-64184,2024-12-29,2025-01-05,2025-01-06,correios,80.99,2
2044,PED-12625,2025-10-29,2025-10-31,2025-10-27,Correios,74.2,4
2045,PED-47105,2024-02-27,2024-02-29,2024-02-27,Jadlog,11.2,2
2046,PED-26206,2025-01-17,2025-01-19,2025-01-19,Total Express,94.5,2
2047,PED-20030,2024-05-11,2024-05-17,2024-05-14,Correios,74.6,4
2048,PED-81001,2024-02-08,2024-02-10,2024-02-06,correios,20.61,4
2049,PED-50919,2025-06-06,2025-06-11,2025-06-16,Jadlog,64.12,1
2050,PED-70149,2025-11-20,2025-11-26,2025-11-26,correios,21.16,4
2051,PED-66299,2024-08-02,2024-08-10,2024-08-10,Correios,37.34,4
2052,PED-73353,2025-10-24,2025-11-03,2025-11-03,Jadlog,127.81,2
2053,PED-75147,2024-08-16,2024-08-24,2024-08-20,Total Express,133.59,1
2054,PED-85743,2025-06-21,2025-06-30,2025-06-29,Correios,60.45,2
2055,PED-72495,2024-06-03,2024-06-12,2024-06-13,Correios,92.85,3
2056,PED-20962,2025-09-13,2025-09-17,2025-09-23,Correios,82.04,2
2057,PED-42763,2025-11-03,2025-11-12,2025-11-17,Correios,26.66,4
2058,PED-40465,2024-06-02,2024-06-12,2024-06-17,Correios,109.3,3
2059,PED-54285,2024-05-05,2024-05-13,2024-05-13,correios,12.82,4
2060,PED-37423,2024-03-06,2024-03-08,2024-03-08,Total Express,80.02,3
2061,PED-52183,2024-12-07,2024-12-19,2024-12-18,Total Express,101.57,1
2062,PED-20158,2025-10-24,2025-10-27,2025-10-29,Total Express,24.8,1
2063,PED-25922,2025-02-13,2025-02-17,2025-02-21,correios,34.05,1
2064,PED-74904,2025-09-15,2025-09-17,2025-09-19,correios,90.65,4
2065,PED-64807,2024-12-01,2024-12-05,2024-12-09,Total Express,9.22,1
2066,PED-98694,2025-01-07,2025-01-15,2025-01-15,Jadlog,76.97,3
2067,PED-31750,2025-04-19,2025-04-30,2025-05-06,correios,46.31,2
2068,PED-78076,2024-07-01,2024-07-12,2024-07-13,Jadlog,70.32,2
2069,PED-31527,2024-09-19,2024-09-26,2024-09-24,Total Express,9.3,4
2070,PED-71668,2024-02-21,2024-02-25,2024-02-23,Correios,139.12,1
2071,PED-36118,2025-08-12,2025-08-18,2025-08-17,Correios,78.98,3
2072,PED-91916,2024-09-26,2024-09-29,2024-09-25,Total Express,86.47,1
2073,PED-83289,2025-10-28,2025-11-04,2025-11-10,correios,53.53,1
2074,PED-47249,2025-06-16,2025-06-21,2025-06-21,Total Express,85.15,3
2075,PED-62857,2024-10-18,2024-10-25,2024-10-30,Jadlog,82.07,2
2076,PED-29978,2024-06-25,2024-06-28,2024-07-03,Correios,104.45,3
2077,PED-83880,2025-09-14,2025-09-18,2025-09-18,Correios,24.72,4
2078,PED-87616,2024-05-10,2024-05-17,2024-05-22,Jadlog,135.6,4
2079,PED-10350,2024-08-24,2024-08-29,2024-08-27,correios,138.56,1
2080,PED-28786,2024-06-30,2024-07-11,2024-07-09,correios,70.76,1
2081,PED-16840,2024-06-16,2024-06-23,2024-06-20,correios,75.55,4
2082,PED-71825,2025-04-02,2025-04-10,2025-04-16,Jadlog,47.94,1
2083,PED-61543,2025-06-01,2025-06-06,2025-06-10,Total Express,110.16,4
2084,PED-78417,2025-07-31,2025-08-07,2025-08-07,Jadlog,78.05,2
2085,PED-46403,2024-02-12,2024-02-16,2024-02-22,correios,118.86,4
2086,PED-99832,2025-09-06,2025-09-15,2025-09-15,Correios,81.64,4
2087,PED-33332,2025-01-07,2025-01-19,2025-01-20,Correios,122.33,4
2088,PED-65584,2025-07-25,2025-08-06,2025-08-07,correios,89.44,2
2089,PED-33462,2024-03-30,2024-04-07,2024-04-08,Correios,33.85,3
2090,PED-10735,2025-09-27,2025-10-07,2025-10-06,Jadlog,51.36,3
2091,PED-11703,2025-04-18,2025-04-24,2025-04-28,Jadlog,12.43,3
2092,PED-62205,2024-09-24,2024-10-06,2024-10-09,Correios,139.44,3
2093,PED-17500,2024-12-06,2024-12-12,2024-12-18,Correios,121.94,4
2094,PED-69569,2024-04-20,2024-05-01,2024-05-07,Total Express,30.94,1
2095,PED-13779,2024-03-04,2024-03-06,2024-03-07,correios,101.14,2
2096,PED-64994,2025-02-02,2025-02-06,2025-02-03,Correios,15.4,1
2097,PED-81314,2025-04-19,2025-04-26,2025-04-23,Jadlog,137.81,2
2098,PED-12185,2024-03-17,2024-03-29,2024-04-03,Jadlog,118.52,3
2099,PED-58005,2025-12-20,2025-12-24,2025-12-29,Correios,132.15,4
2100,PED-97771,2025-03-17,2025-03-25,2025-03-31,Correios,16.57,2
2101,PED-32621,2025-12-22,2025-12-28,2025-12-25,Total Express,13.88,2
2102,PED-32671,2024-12-03,2024-12-13,2024-12-15,Correios,49.07,3
2103,PED-71112,2025-12-02,2025-12-05,2025-12-06,Correios,82.74,4
2104,PED-21870,2025-08-20,2025-08-23,2025-08-20,correios,104.3,2
2105,PED-92132,2025-07-10,2025-07-17,2025-07-22,Correios,109.21,1
2106,PED-59090,2024-05-25,2024-05-30,2024-06-05,Total Express,18.73,2
2107,PED-94189,2025-07-28,2025-08-03,2025-08-09,correios,106.66,2
2108,PED-59716,2025-01-06,2025-01-12,2025-01-08,Jadlog,31.5,2
2109,PED-64261,2025-12-04,2025-12-15,2025-12-16,correios,118.26,3
2110,PED-48657,2025-03-23,2025-03-28,2025-03-26,Jadlog,100.08,3
2111,PED-56550,2024-06-21,2024-06-24,2024-06-27,Jadlog,54.05,4
2112,PED-32344,2024-07-31,2024-08-12,2024-08-18,Correios,133.36,4
2113,PED-84542,2024-08-19,2024-08-23,2024-08-27,correios,139.18,4
2114,PED-99393,2024-04-21,2024-04-28,2024-05-04,Jadlog,35.38,3
2115,PED-37619,2024-11-26,2024-11-29,2024-12-03,Jadlog,36.81,3
2116,PED-77768,2024-09-24,2024-09-26,2024-09-23,correios,70.73,4
2117,PED-58795,2024-10-01,2024-10-12,2024-10-13,Total Express,94.9,1
2118,PED-92506,2024-05-18,2024-05-25,2024-05-22,Jadlog,122.75,1
2119,PED-72324,2024-11-21,2024-11-25,2024-11-27,Jadlog,52.44,1
2120,PED-50144,2024-10-11,2024-10-15,2024-10-16,correios,69.62,2
2121,PED-90820,2024-02-28,2024-03-01,2024-03-04,Total Express,86.35,4
2122,PED-41927,2024-07-28,2024-08-05,2024-08-08,Jadlog,103.49,3
2123,PED-62579,2024-12-26,2025-01-04,2025-01-10,Jadlog,13.3,2
2124,PED-65179,2024-10-03,2024-10-13,2024-10-10,Total Express,110.18,4
2125,PED-31499,2025-06-27,2025-07-08,2025-07-04,correios,129.75,2
2126,PED-27025,2024-10-18,2024-10-29,2024-10-27,Jadlog,112.09,1
2127,PED-28541,2025-12-03,2025-12-06,2025-12-06,Jadlog,68.55,2
2128,PED-96325,2024-04-20,2024-04-29,2024-04-25,correios,34.45,2
2129,PED-20534,2025-09-13,2025-09-19,2025-09-19,correios,39.18,2
2130,PED-42077,2025-11-02,2025-11-10,2025-11-07,correios,98.38,3
2131,PED-30883,2025-02-04,2025-02-06,2025-02-09,Jadlog,21.19,4
2132,PED-97613,2025-02-11,2025-02-16,2025-02-19,Total Express,117.74,2
2133,PED-26843,2024-07-18,2024-07-21,2024-07-23,Jadlog,108.72,2
2134,PED-47118,2024-06-15,2024-06-23,2024-06-24,Total Express,86.8,1
2135,PED-97802,2025-02-06,2025-02-13,2025-02-16,Correios,37.26,2
2136,PED-57484,2024-12-03,2024-12-08,2024-12-09,Jadlog,74.19,1
2137,PED-62190,2025-05-18,2025-05-29,2025-06-03,Correios,93.22,2
2138,PED-15799,2024-02-11,2024-02-20,2024-02-19,correios,47.86,1
2139,PED-95726,2026-01-31,2026-02-07,2026-02-09,correios,64.19,3
2140,PED-98509,2024-05-23,2024-05-29,2024-05-31,Total Express,12.6,4
2141,PED-62194,2024-12-15,2024-12-19,2024-12-17,Correios,69.37,1
2142,PED-23291,2025-04-08,2025-04-15,2025-04-21,Total Express,114.07,1
2143,PED-26874,2024-10-22,2024-10-26,2024-10-27,Total Express,98.59,1
2144,PED-97843,2025-10-24,2025-11-02,2025-11-08,Total Express,63.76,1
2145,PED-43901,2025-02-09,2025-02-15,2025-02-17,Correios,87.68,4
2146,PED-72068,2024-07-05,2024-07-15,2024-07-16,Jadlog,119.43,3
2147,PED-65583,2025-09-25,2025-09-28,2025-09-26,Total Express,122.88,1
2148,PED-54186,2025-08-27,2025-08-31,2025-08-27,Jadlog,34.08,4
2149,PED-70917,2025-03-31,2025-04-08,2025-04-04,Jadlog,13.26,4
2150,PED-16563,2025-05-04,2025-05-13,2025-05-14,Jadlog,41.31,3
2151,PED-13084,2024-02-27,2024-03-10,2024-03-10,Jadlog,31.59,3
2152,PED-68559,2025-01-16,2025-01-24,2025-01-20,Jadlog,47.29,1
2153,PED-56824,2025-07-22,2025-08-02,2025-07-30,Correios,78.13,4
2154,PED-21016,2025-10-28,2025-11-02,2025-10-31,Correios,24.64,2
2155,PED-66505,2025-10-23,2025-11-04,2025-11-07,Jadlog,53.59,4
2156,PED-78623,2024-07-19,2024-07-30,2024-07-29,Total Express,13.36,3
2157,PED-29234,2025-02-08,2025-02-15,2025-02-11,Correios,58.41,1
2158,PED-49581,2025-09-22,2025-09-29,2025-10-05,Total Express,60.9,2
2159,PED-20391,2025-12-07,2025-12-13,2025-12-19,Total Express,135.4,2
2160,PED-49741,2024-08-07,2024-08-18,2024-08-18,correios,99.64,1
2161,PED-71986,2024-03-07,2024-03-14,2024-03-19,correios,108.41,4
2162,PED-46287,2025-11-05,2025-11-11,2025-11-09,Correios,87.81,2
2163,PED-45740,2025-05-26,2025-06-07,2025-06-07,Correios,61.75,1
2164,PED-27008,2024-11-22,2024-11-30,2024-12-06,Jadlog,43.25,3
2165,PED-39468,2026-01-16,2026-01-19,2026-01-18,Correios,101.59,2
2166,PED-47726,2025-03-30,2025-04-02,2025-04-07,Total Express,85.6,3
2167,PED-72338,2024-07-17,2024-07-27,2024-07-29,Correios,53.27,3
2168,PED-29893,2026-01-28,2026-02-04,2026-02-07,Total Express,120.77,4
2169,PED-32283,2025-07-26,2025-07-31,2025-08-04,Total Express,41.75,1
2170,PED-20303,2025-06-19,2025-07-01,2025-07-06,Total Express,82.09,3
2171,PED-79414,2025-03-03,2025-03-06,2025-03-05,Jadlog,48.13,3
2172,PED-71260,2024-12-09,2024-12-18,2024-12-24,Correios,28.58,2
2173,PED-84041,2025-05-20,2025-05-31,2025-06-01,Total Express,62.83,1
2174,PED-74324,2024-04-20,2024-04-26,2024-04-30,correios,57.54,2
2175,PED-26186,2025-11-02,2025-11-10,2025-11-15,Correios,60.24,2
2176,PED-47925,2025-12-19,2025-12-22,2025-12-27,correios,122.17,4
2177,PED-56140,2024-08-09,2024-08-19,2024-08-21,correios,63.2,3
2178,PED-92611,2025-03-04,2025-03-11,2025-03-12,Correios,95.68,3
2179,PED-79796,2025-02-27,2025-03-09,2025-03-13,Total Express,37.71,4
2180,PED-47523,2025-08-19,2025-08-28,2025-08-31,Total Express,28.72,2
2181,PED-10437,2025-01-09,2025-01-17,2025-01-17,Jadlog,108.71,2
2182,PED-60246,2026-01-22,2026-02-03,2026-01-31,Total Express,136.6,4
2183,PED-13806,2024-04-18,2024-04-23,2024-04-29,correios,26.29,1
2184,PED-63578,2025-12-18,2025-12-29,2026-01-03,Correios,50.9,2
2185,PED-91984,2024-12-03,2024-12-07,2024-12-12,Total Express,98.34,3
2186,PED-95736,2025-09-22,2025-09-24,2025-09-29,Total Express,80.87,2
2187,PED-58373,2024-04-19,2024-04-23,2024-04-26,correios,31.13,2
2188,PED-48401,2024-06-26,2024-07-03,2024-07-01,Correios,126.07,2
2189,PED-70187,2025-09-26,2025-10-07,2025-10-10,correios,98.24,4
2190,PED-70477,2025-04-08,2025-04-13,2025-04-11,Correios,114.09,3
2191,PED-70583,2025-06-04,2025-06-08,2025-06-07,Correios,8.91,1
2192,PED-63260,2024-09-06,2024-09-18,2024-09-24,Total Express,121.81,1
2193,PED-80430,2024-05-16,2024-05-24,2024-05-24,Correios,102.48,1
2194,PED-17836,2024-09-27,2024-10-06,2024-10-09,Jadlog,115.14,1
2195,PED-77051,2025-12-13,2025-12-20,2025-12-22,Total Express,64.57,1
2196,PED-44406,2024-10-30,2024-11-02,2024-10-31,Correios,103.3,3
2197,PED-54542,2024-02-29,2024-03-08,2024-03-14,correios,128.51,4
2198,PED-22730,2024-06-10,2024-06-15,2024-06-15,Jadlog,92.75,1
2199,PED-42077,2026-01-12,2026-01-21,2026-01-24,Jadlog,53.2,4
2200,PED-43806,2024-08-26,2024-09-02,2024-09-05,Jadlog,86.46,2
2201,PED-47805,2024-06-04,2024-06-08,2024-06-12,Correios,37.17,3
2202,PED-48170,2025-08-06,2025-08-17,2025-08-18,Jadlog,132.71,2
2203,PED-49943,2024-09-14,2024-09-25,2024-10-01,Total Express,102.13,3
2204,PED-29205,2024-10-18,2024-10-22,2024-10-20,Jadlog,121.41,3
2205,PED-13670,2025-12-04,2025-12-16,2025-12-15,correios,84.99,2
2206,PED-44002,2024-12-13,2024-12-24,2024-12-20,Jadlog,103.19,4
2207,PED-32335,2024-09-19,2024-09-28,2024-10-03,Jadlog,92.99,3
2208,PED-59542,2025-04-15,2025-04-25,2025-04-26,Total Express,93.59,4
2209,PED-59790,2025-02-25,2025-03-01,2025-03-04,Correios,96.27,1
2210,PED-50541,2024-02-10,2024-02-17,2024-02-16,correios,37.61,3
2211,PED-95196,2025-04-15,2025-04-26,2025-04-23,correios,55.06,4
2212,PED-11599,2025-12-22,2026-01-02,2026-01-08,correios,105.86,3
2213,PED-62231,2024-05-14,2024-05-26,2024-05-22,Correios,133.67,1
2214,PED-80091,2025-02-01,2025-02-07,2025-02-11,Correios,136.1,1
2215,PED-78543,2025-04-13,2025-04-22,2025-04-27,correios,40.3,2
2216,PED-39928,2024-11-24,2024-12-06,2024-12-05,Total Express,31.42,3
2217,PED-21974,2024-03-01,2024-03-11,2024-03-11,correios,104.8,1
2218,PED-49683,2025-05-10,2025-05-14,2025-05-18,Correios,35.42,2
2219,PED-72558,2025-08-07,2025-08-18,2025-08-23,Total Express,20.97,1
2220,PED-19575,2025-03-28,2025-04-04,2025-04-10,correios,71.14,4
2221,PED-35873,2024-10-11,2024-10-14,2024-10-17,Correios,79.59,2
2222,PED-49316,2024-12-24,2025-01-04,2025-01-07,Correios,84.79,1
2223,PED-35532,2024-06-14,2024-06-23,2024-06-29,Total Express,138.98,3
2224,PED-45486,2025-11-11,2025-11-19,2025-11-24,Total Express,91.31,3
2225,PED-77397,2025-11-22,2025-12-02,2025-12-05,Jadlog,133.59,3
2226,PED-42639,2024-06-03,2024-06-09,2024-06-13,Jadlog,44.34,3
2227,PED-24610,2025-09-08,2025-09-20,2025-09-23,correios,72.36,3
2228,PED-74983,2025-05-08,2025-05-18,2025-05-21,correios,31.6,4
2229,PED-22395,2024-03-29,2024-04-10,2024-04-10,Total Express,53.2,2
2230,PED-40382,2024-03-01,2024-03-06,2024-03-03,correios,48.55,3
2231,PED-71849,2025-10-21,2025-10-28,2025-11-01,Correios,98.39,2
2232,PED-30263,2025-12-28,2026-01-08,2026-01-14,Jadlog,28.64,4
2233,PED-89970,2024-12-14,2024-12-18,2024-12-16,correios,50.99,4
2234,PED-64645,2024-10-06,2024-10-18,2024-10-23,Jadlog,38.19,3
2235,PED-58600,2025-04-26,2025-05-05,2025-05-05,correios,48.42,3
2236,PED-50372,2024-04-13,2024-04-20,2024-04-23,Total Express,82.35,4
2237,PED-17249,2025-02-22,2025-02-24,2025-02-26,Total Express,54.68,2
2238,PED-12553,2024-08-10,2024-08-19,2024-08-19,correios,35.54,3
2239,PED-13103,2026-01-20,2026-01-26,2026-01-27,Jadlog,64.43,4
2240,PED-83396,2025-06-25,2025-07-02,2025-07-06,correios,113.27,4
2241,PED-19755,2025-05-18,2025-05-24,2025-05-21,correios,29.18,4
2242,PED-16029,2024-11-29,2024-12-10,2024-12-13,Total Express,98.79,4
2243,PED-89522,2024-08-13,2024-08-18,2024-08-18,Total Express,15.83,1
2244,PED-46181,2025-04-30,2025-05-12,2025-05-13,Jadlog,65.83,3
2245,PED-27600,2024-07-25,2024-07-28,2024-07-31,Correios,50.84,4
2246,PED-87307,2025-06-28,2025-07-02,2025-06-30,Jadlog,83.78,1
2247,PED-52970,2024-09-10,2024-09-19,2024-09-18,Jadlog,81.48,3
2248,PED-18913,2024-02-12,2024-02-14,2024-02-12,Jadlog,134.35,3
2249,PED-34135,2024-06-14,2024-06-23,2024-06-22,Jadlog,69.82,4
2250,PED-36081,2024-09-08,2024-09-15,2024-09-16,Jadlog,41.71,1
2251,PED-94179,2024-08-02,2024-08-06,2024-08-03,Total Express,64.41,4
2252,PED-17901,2024-03-17,2024-03-19,2024-03-23,Jadlog,10.14,4
2253,PED-52869,2024-04-08,2024-04-10,2024-04-14,Total Express,45.31,3
2254,PED-19902,2025-07-27,2025-08-08,2025-08-05,Correios,136.6,1
2255,PED-77305,2025-10-24,2025-11-03,2025-11-01,Correios,83.76,4
2256,PED-35020,2025-03-24,2025-04-04,2025-04-10,Correios,109.26,4
2257,PED-69151,2024-07-20,2024-07-26,2024-07-29,correios,93.86,1
2258,PED-85395,2025-04-12,2025-04-16,2025-04-22,Jadlog,67.93,4
2259,PED-85332,2025-06-12,2025-06-14,2025-06-16,Jadlog,8.84,4
2260,PED-39521,2024-09-19,2024-09-21,2024-09-17,Jadlog,64.38,3
2261,PED-98413,2024-08-08,2024-08-13,2024-08-18,Jadlog,78.27,2
2262,PED-85609,2025-05-04,2025-05-15,2025-05-16,correios,32.93,2
2263,PED-33800,2024-08-19,2024-08-24,2024-08-24,Correios,11.46,1
2264,PED-55681,2024-02-17,2024-02-21,2024-02-25,Correios,51.22,3
2265,PED-37368,2025-05-07,2025-05-12,2025-05-18,correios,47.99,4
2266,PED-38473,2025-03-24,2025-03-30,2025-03-29,Jadlog,11.6,4
2267,PED-13332,2024-12-04,2024-12-07,2024-12-09,Total Express,122.51,2
2268,PED-68564,2025-05-20,2025-05-28,2025-05-24,Total Express,60.69,2
2269,PED-26338,2025-11-11,2025-11-19,2025-11-24,Correios,135.94,1
2270,PED-25775,2025-09-02,2025-09-06,2025-09-05,Total Express,105.76,3
2271,PED-35032,2024-05-15,2024-05-22,2024-05-24,correios,138.04,3
2272,PED-76680,2024-02-22,2024-03-02,2024-03-02,Correios,132.73,1
2273,PED-65052,2025-10-05,2025-10-07,2025-10-09,Total Express,134.93,1
2274,PED-50629,2026-01-29,2026-02-05,2026-02-06,Correios,65.31,3
2275,PED-95253,2024-10-18,2024-10-23,2024-10-20,Total Express,123.62,1
2276,PED-52371,2025-08-02,2025-08-08,2025-08-14,Correios,26.58,2
2277,PED-11215,2025-02-27,2025-03-03,2025-03-08,correios,76.46,2
2278,PED-18019,2025-03-30,2025-04-08,2025-04-04,correios,122.36,3
2279,PED-64378,2024-06-24,2024-07-01,2024-07-06,correios,63.34,2
2280,PED-97643,2025-10-24,2025-11-03,2025-11-01,correios,56.19,1
2281,PED-75215,2024-09-11,2024-09-15,2024-09-11,correios,48.4,3
2282,PED-52083,2025-07-27,2025-08-02,2025-08-07,Correios,111.39,3
2283,PED-14485,2024-11-08,2024-11-10,2024-11-13,correios,128.59,1
2284,PED-88447,2024-10-16,2024-10-26,2024-10-28,correios,28.88,1
2285,PED-22074,2024-08-02,2024-08-09,2024-08-08,Total Express,138.44,1
2286,PED-64404,2025-05-26,2025-06-04,2025-06-07,Total Express,25.74,1
2287,PED-71536,2024-08-20,2024-08-26,2024-08-29,Jadlog,24.92,3
2288,PED-22635,2025-03-02,2025-03-13,2025-03-19,Total Express,73.05,2
2289,PED-77467,2025-09-10,2025-09-14,2025-09-13,correios,114.32,2
2290,PED-20772,2024-11-03,2024-11-08,2024-11-14,Correios,102.68,3
2291,PED-42739,2024-09-29,2024-10-10,2024-10-07,correios,41.09,3
2292,PED-97602,2025-02-08,2025-02-15,2025-02-18,Jadlog,108.31,2
2293,PED-59121,2024-07-19,2024-07-26,2024-07-28,correios,84.48,1
2294,PED-16293,2026-01-07,2026-01-15,2026-01-21,correios,137.3,1
2295,PED-14471,2025-02-12,2025-02-16,2025-02-22,correios,29.37,3
2296,PED-73016,2024-10-04,2024-10-06,2024-10-11,Total Express,121.21,2
2297,PED-63170,2025-08-14,2025-08-26,2025-08-31,Total Express,139.04,4
2298,PED-81549,2024-11-14,2024-11-25,2024-11-25,Total Express,23.55,3
2299,PED-54217,2025-11-19,2025-12-01,2025-12-05,Jadlog,139.56,2
2300,PED-73878,2024-07-27,2024-08-02,2024-08-03,Total Express,95.55,3
2301,PED-18272,2025-03-29,2025-04-08,2025-04-08,Jadlog,64.3,1
2302,PED-22397,2024-07-08,2024-07-18,2024-07-16,correios,136.71,1
2303,PED-48759,2025-12-21,2025-12-24,2025-12-28,correios,123.28,3
2304,PED-82521,2025-04-01,2025-04-10,2025-04-12,Correios,135.55,2
2305,PED-35543,2025-07-07,2025-07-15,2025-07-19,correios,118.88,2
2306,PED-56391,2025-02-13,2025-02-15,2025-02-14,correios,82.3,1
2307,PED-80707,2025-11-28,2025-12-08,2025-12-09,correios,99.57,2
2308,PED-23125,2024-09-20,2024-09-27,2024-09-25,correios,91.81,2
2309,PED-89910,2024-10-04,2024-10-08,2024-10-12,Total Express,121.29,3
2310,PED-48862,2025-01-04,2025-01-06,2025-01-08,Total Express,126.93,4
2311,PED-52194,2025-03-05,2025-03-14,2025-03-17,correios,103.24,3
2312,PED-42942,2024-07-04,2024-07-06,2024-07-03,Jadlog,35.56,1
2313,PED-28389,2025-05-30,2025-06-01,2025-06-03,correios,71.48,2
2314,PED-30898,2025-08-04,2025-08-09,2025-08-11,Total Express,59.61,2
2315,PED-19244,2024-06-13,2024-06-18,2024-06-19,correios,135.16,3
2316,PED-26183,2025-07-07,2025-07-11,2025-07-13,correios,35.17,2
2317,PED-52922,2025-06-24,2025-07-06,2025-07-06,Correios,92.05,3
2318,PED-92384,2025-06-06,2025-06-16,2025-06-13,Total Express,38.65,4
2319,PED-80943,2025-02-05,2025-02-11,2025-02-08,Total Express,28.29,3
2320,PED-60004,2024-04-04,2024-04-10,2024-04-06,Jadlog,22.89,4
2321,PED-32079,2024-06-10,2024-06-18,2024-06-23,Total Express,108.12,2
2322,PED-21609,2025-07-17,2025-07-27,2025-07-24,Jadlog,39.85,4
2323,PED-17425,2024-06-25,2024-07-03,2024-07-05,Correios,122.2,3
2324,PED-93920,2025-02-04,2025-02-10,2025-02-10,Jadlog,63.39,3
2325,PED-11694,2024-04-01,2024-04-08,2024-04-05,Correios,102.13,4
2326,PED-74877,2024-03-01,2024-03-06,2024-03-11,correios,86.02,3
2327,PED-83488,2024-12-25,2024-12-28,2024-12-31,Total Express,88.07,4
2328,PED-24129,2024-10-06,2024-10-08,2024-10-13,Correios,83.98,1
2329,PED-86037,2025-06-08,2025-06-13,2025-06-14,Total Express,115.62,1
2330,PED-67703,2024-06-25,2024-07-02,2024-07-08,Total Express,83.68,1
2331,PED-66596,2024-12-27,2025-01-04,2025-01-10,Correios,36.52,2
2332,PED-53117,2025-03-19,2025-03-21,2025-03-27,Correios,46.58,4
2333,PED-43228,2024-04-25,2024-04-27,2024-04-30,Jadlog,116.02,3
2334,PED-46258,2024-12-30,2025-01-06,2025-01-05,Total Express,111.45,3
2335,PED-44494,2025-07-31,2025-08-09,2025-08-15,correios,35.64,3
2336,PED-32551,2025-07-20,2025-07-28,2025-07-29,Total Express,121.08,3
2337,PED-80547,2025-01-31,2025-02-07,2025-02-12,correios,49.78,3
2338,PED-93814,2025-07-31,2025-08-03,2025-07-31,Total Express,49.31,4
2339,PED-60160,2025-12-23,2026-01-04,2026-01-02,correios,42.94,4
2340,PED-67379,2024-10-30,2024-11-06,2024-11-07,Jadlog,107.63,2
2341,PED-24611,2024-09-30,2024-10-07,2024-10-03,correios,84.8,3
2342,PED-33318,2025-12-31,2026-01-10,2026-01-14,Total Express,89.64,1
2343,PED-21867,2025-12-15,2025-12-20,2025-12-17,Total Express,120.49,2
2344,PED-56373,2024-10-28,2024-11-04,2024-11-08,Total Express,25.56,4
2345,PED-90402,2026-01-12,2026-01-15,2026-01-15,Correios,50.75,2
2346,PED-42231,2024-08-06,2024-08-15,2024-08-11,correios,96.11,3
2347,PED-39421,2025-03-21,2025-03-23,2025-03-26,correios,40.39,2
2348,PED-38307,2024-02-08,2024-02-17,2024-02-23,correios,9.64,2
2349,PED-73343,2024-09-09,2024-09-11,2024-09-16,Total Express,62.72,2
2350,PED-77970,2025-02-16,2025-02-24,2025-02-22,Total Express,90.8,4
2351,PED-44544,2024-06-10,2024-06-16,2024-06-17,Total Express,56.87,2
2352,PED-56802,2024-11-27,2024-12-04,2024-12-08,Correios,134.47,2
2353,PED-80552,2025-09-18,2025-09-25,2025-09-24,correios,20.75,4
2354,PED-23737,2025-05-04,2025-05-14,2025-05-15,correios,103.05,2
2355,PED-85269,2025-03-14,2025-03-23,2025-03-23,Correios,68.75,4
2356,PED-67171,2024-04-01,2024-04-10,2024-04-15,Correios,133.82,2
2357,PED-68781,2025-11-05,2025-11-07,2025-11-11,Correios,126.25,4
2358,PED-99392,2025-02-08,2025-02-12,2025-02-09,Jadlog,16.63,3
2359,PED-13614,2024-08-01,2024-08-12,2024-08-12,Total Express,64.87,2
2360,PED-96743,2025-05-17,2025-05-25,2025-05-24,Total Express,48.9,3
2361,PED-84692,2024-12-20,2024-12-27,2024-12-26,Total Express,27.04,3
2362,PED-16943,2024-08-28,2024-08-30,2024-09-04,Jadlog,85.54,1
2363,PED-79438,2025-02-07,2025-02-18,2025-02-15,Total Express,104.41,2
2364,PED-33506,2024-04-05,2024-04-10,2024-04-15,correios,11.89,4
2365,PED-21679,2024-03-04,2024-03-07,2024-03-08,Correios,132.89,4
2366,PED-72181,2024-10-12,2024-10-20,2024-10-22,correios,119.84,2
2367,PED-56551,2025-08-10,2025-08-13,2025-08-13,correios,101.36,3
2368,PED-34191,2025-09-01,2025-09-10,2025-09-07,Jadlog,60.99,2
2369,PED-92969,2024-07-27,2024-08-03,2024-08-09,Correios,52.84,1
2370,PED-12673,2024-08-14,2024-08-24,2024-08-24,Correios,137.63,1
2371,PED-22516,2024-04-19,2024-05-01,2024-05-02,correios,8.23,1
2372,PED-60430,2025-07-25,2025-07-27,2025-07-28,Jadlog,11.65,3
2373,PED-34704,2024-11-22,2024-11-25,2024-11-23,Total Express,32.0,2
2374,PED-99545,2024-03-31,2024-04-07,2024-04-04,correios,87.16,2
2375,PED-76496,2024-11-01,2024-11-10,2024-11-08,correios,115.5,4
2376,PED-15082,2024-06-16,2024-06-18,2024-06-23,Correios,114.55,3
2377,PED-55751,2025-04-17,2025-04-23,2025-04-20,correios,85.89,2
2378,PED-35317,2024-02-13,2024-02-16,2024-02-19,correios,139.65,3
2379,PED-81824,2024-09-16,2024-09-25,2024-10-01,Total Express,111.5,1
2380,PED-18580,2024-02-22,2024-03-05,2024-03-09,Jadlog,40.5,2
2381,PED-34686,2024-03-25,2024-03-30,2024-04-02,Total Express,13.49,1
2382,PED-87481,2025-07-09,2025-07-18,2025-07-24,Correios,119.91,1
2383,PED-52015,2024-09-04,2024-09-16,2024-09-22,Total Express,107.91,2
2384,PED-27757,2025-05-15,2025-05-21,2025-05-22,Total Express,108.78,3
2385,PED-62984,2024-12-28,2025-01-09,2025-01-11,Total Express,57.77,4
2386,PED-23673,2024-08-09,2024-08-11,2024-08-14,Jadlog,82.09,4
2387,PED-47643,2024-08-13,2024-08-19,2024-08-22,Correios,77.64,1
2388,PED-50254,2025-03-31,2025-04-05,2025-04-02,correios,92.6,1
2389,PED-16187,2026-01-14,2026-01-24,2026-01-20,Jadlog,58.81,3
2390,PED-99674,2026-01-31,2026-02-10,2026-02-06,Total Express,105.49,2
2391,PED-99277,2025-06-16,2025-06-26,2025-06-27,Correios,128.21,1
2392,PED-39041,2025-09-05,2025-09-14,2025-09-12,Jadlog,17.63,2
2393,PED-84861,2024-10-20,2024-10-29,2024-10-28,Correios,13.97,4
2394,PED-48068,2025-12-20,2025-12-25,2025-12-22,Correios,127.38,3
2395,PED-39933,2025-11-21,2025-11-25,2025-11-27,Jadlog,129.12,4
2396,PED-28568,2026-01-04,2026-01-06,2026-01-04,correios,90.07,3
2397,PED-84781,2025-05-01,2025-05-09,2025-05-15,Jadlog,35.04,3
2398,PED-64511,2024-06-07,2024-06-15,2024-06-11,Total Express,57.78,2
2399,PED-88660,2025-03-22,2025-03-31,2025-03-31,Correios,90.7,4
2400,PED-26893,2024-11-20,2024-11-22,2024-11-25,correios,17.31,1
2401,PED-74033,2024-04-05,2024-04-08,2024-04-06,Correios,32.2,3
2402,PED-99247,2025-02-12,2025-02-16,2025-02-16,Total Express,45.59,3
2403,PED-44275,2025-07-18,2025-07-24,2025-07-29,Correios,108.45,4
2404,PED-82712,2024-07-15,2024-07-20,2024-07-17,Total Express,34.5,1
2405,PED-24331,2024-09-08,2024-09-17,2024-09-20,Correios,38.18,4
2406,PED-18834,2025-11-20,2025-11-24,2025-11-21,correios,65.55,3
2407,PED-67936,2024-11-02,2024-11-11,2024-11-09,Correios,95.5,2
2408,PED-15735,2024-07-05,2024-07-10,2024-07-11,Correios,133.21,3
2409,PED-55890,2025-01-09,2025-01-15,2025-01-13,Total Express,34.49,1
2410,PED-30066,2025-08-09,2025-08-17,2025-08-19,Jadlog,74.74,2
2411,PED-35472,2024-08-02,2024-08-06,2024-08-12,Jadlog,94.86,4
2412,PED-19094,2024-12-03,2024-12-05,2024-12-08,correios,87.42,3
2413,PED-28790,2024-02-27,2024-03-08,2024-03-06,Jadlog,15.49,1
2414,PED-80028,2024-07-28,2024-08-05,2024-08-09,Correios,89.65,2
2415,PED-15037,2025-12-21,2025-12-28,2025-12-29,correios,127.0,2
2416,PED-10448,2025-09-11,2025-09-13,2025-09-15,Correios,115.41,1
2417,PED-14613,2025-06-17,2025-06-22,2025-06-28,Correios,10.61,4
2418,PED-60600,2024-07-12,2024-07-23,2024-07-29,Jadlog,98.5,4
2419,PED-99506,2024-09-16,2024-09-25,2024-09-24,Total Express,88.86,3
2420,PED-72800,2024-06-24,2024-07-06,2024-07-09,correios,67.96,3
2421,PED-47599,2024-09-21,2024-09-26,2024-09-24,correios,135.12,4
2422,PED-58244,2025-05-05,2025-05-11,2025-05-09,Correios,64.99,3
2423,PED-70284,2025-07-02,2025-07-06,2025-07-02,Total Express,101.81,2
2424,PED-92116,2025-06-20,2025-06-28,2025-06-26,Jadlog,35.47,4
2425,PED-70369,2024-06-08,2024-06-16,2024-06-18,Total Express,66.59,4
2426,PED-54276,2025-12-25,2026-01-03,2026-01-04,Jadlog,95.83,2
2427,PED-42244,2024-03-15,2024-03-25,2024-03-24,correios,102.06,2
2428,PED-57633,2024-02-17,2024-02-29,2024-03-05,Total Express,80.36,4
2429,PED-50225,2025-11-26,2025-12-03,2025-12-09,correios,59.85,4
2430,PED-95490,2025-04-09,2025-04-12,2025-04-16,Total Express,47.64,4
2431,PED-38465,2024-05-30,2024-06-01,2024-05-31,Jadlog,80.82,2
2432,PED-77829,2024-11-09,2024-11-21,2024-11-23,Total Express,31.8,4
2433,PED-60589,2026-01-03,2026-01-05,2026-01-04,correios,44.08,2
2434,PED-85375,2025-03-24,2025-04-05,2025-04-07,correios,27.89,3
2435,PED-27112,2024-11-30,2024-12-09,2024-12-08,Total Express,49.74,1
2436,PED-18566,2025-05-07,2025-05-19,2025-05-16,Correios,10.83,1
2437,PED-51064,2024-10-26,2024-11-02,2024-10-30,Jadlog,34.8,2
2438,PED-18653,2025-11-20,2025-11-25,2025-11-25,Jadlog,90.27,3
2439,PED-72270,2024-10-28,2024-11-08,2024-11-11,Jadlog,100.88,3
2440,PED-83647,2025-08-03,2025-08-09,2025-08-06,correios,126.91,2
2441,PED-25524,2024-07-26,2024-07-30,2024-08-01,Total Express,28.89,4
2442,PED-24858,2024-08-09,2024-08-15,2024-08-14,correios,128.01,1
2443,PED-59931,2024-07-07,2024-07-09,2024-07-07,Total Express,58.08,2
2444,PED-57498,2025-11-05,2025-11-07,2025-11-12,Total Express,85.21,2
2445,PED-74456,2025-05-27,2025-06-05,2025-06-01,Jadlog,124.9,1
2446,PED-33230,2024-10-21,2024-10-28,2024-10-25,correios,90.37,4
2447,PED-97674,2024-11-09,2024-11-13,2024-11-10,correios,134.93,3
2448,PED-56492,2024-03-14,2024-03-20,2024-03-17,Total Express,10.11,4
2449,PED-43123,2025-01-25,2025-01-29,2025-01-30,correios,75.77,1
2450,PED-31873,2025-03-17,2025-03-26,2025-03-27,Correios,93.72,3
2451,PED-66747,2025-07-20,2025-07-26,2025-07-29,Jadlog,13.34,4
2452,PED-53636,2025-03-03,2025-03-15,2025-03-12,Correios,25.25,1
2453,PED-49676,2026-01-24,2026-02-04,2026-01-31,Total Express,34.35,4
2454,PED-14716,2024-11-01,2024-11-09,2024-11-11,Jadlog,99.99,3
2455,PED-65641,2025-10-10,2025-10-17,2025-10-21,Total Express,101.36,2
2456,PED-82401,2025-03-16,2025-03-23,2025-03-23,correios,72.53,3
2457,PED-98055,2024-10-23,2024-10-26,2024-10-29,Correios,114.32,3
2458,PED-13015,2025-03-14,2025-03-24,2025-03-21,correios,114.42,1
2459,PED-33213,2024-02-07,2024-02-12,2024-02-09,Jadlog,16.57,2
2460,PED-11264,2025-02-25,2025-02-28,2025-02-25,Correios,105.22,3
2461,PED-30479,2024-06-18,2024-06-29,2024-06-26,Total Express,91.29,3
2462,PED-90290,2025-08-18,2025-08-30,2025-08-27,Correios,15.41,2
2463,PED-34323,2025-10-05,2025-10-10,2025-10-07,Correios,102.81,1
2464,PED-99863,2025-03-05,2025-03-07,2025-03-09,correios,35.75,1
2465,PED-91979,2024-10-04,2024-10-12,2024-10-13,correios,70.84,2
2466,PED-34387,2025-03-30,2025-04-08,2025-04-13,Total Express,46.02,1
2467,PED-76530,2025-08-13,2025-08-22,2025-08-20,Correios,18.5,2
2468,PED-81040,2025-07-14,2025-07-20,2025-07-18,correios,100.4,1
2469,PED-52127,2025-10-23,2025-10-28,2025-10-26,correios,29.44,3
2470,PED-76408,2025-10-21,2025-11-01,2025-11-03,Jadlog,36.81,3
2471,PED-79540,2025-10-12,2025-10-19,2025-10-18,Correios,94.44,3
2472,PED-18474,2024-04-27,2024-05-03,2024-05-01,Correios,16.29,3
2473,PED-66373,2024-09-07,2024-09-09,2024-09-14,Correios,96.97,4
2474,PED-21564,2025-04-22,2025-04-24,2025-04-30,Jadlog,85.63,3
2475,PED-98892,2025-07-04,2025-07-16,2025-07-21,Correios,83.13,3
2476,PED-72973,2024-06-15,2024-06-24,2024-06-25,Jadlog,73.96,4
2477,PED-34941,2025-07-25,2025-08-01,2025-08-05,correios,85.51,1
2478,PED-70941,2024-11-19,2024-11-26,2024-11-28,Total Express,50.82,4
2479,PED-69267,2026-01-29,2026-02-07,2026-02-10,correios,26.75,4
2480,PED-28275,2026-01-20,2026-01-28,2026-01-24,Jadlog,58.35,2
2481,PED-11828,2025-05-12,2025-05-20,2025-05-21,Total Express,112.46,2
2482,PED-34105,2025-10-25,2025-10-29,2025-11-03,correios,20.52,4
2483,PED-45506,2024-07-11,2024-07-20,2024-07-18,Jadlog,34.1,4
2484,PED-49783,2024-05-24,2024-06-01,2024-05-30,Jadlog,38.06,4
2485,PED-66735,2025-09-26,2025-10-07,2025-10-10,Total Express,133.05,2
2486,PED-17832,2024-12-29,2025-01-07,2025-01-13,Jadlog,134.91,1
2487,PED-89667,2025-11-06,2025-11-13,2025-11-16,Jadlog,26.68,4
2488,PED-74291,2025-12-16,2025-12-21,2025-12-23,Correios,134.31,2
2489,PED-50712,2024-03-29,2024-04-05,2024-04-11,Total Express,88.73,2
2490,PED-54708,2024-10-07,2024-10-17,2024-10-17,Jadlog,114.54,2
2491,PED-72065,2025-08-21,2025-08-28,2025-09-02,Correios,10.34,3
2492,PED-37453,2024-10-29,2024-11-06,2024-11-05,Jadlog,98.85,3
2493,PED-46769,2024-07-08,2024-07-20,2024-07-23,Jadlog,84.19,3
2494,PED-52183,2025-03-02,2025-03-07,2025-03-05,correios,101.47,2
2495,PED-83832,2026-02-01,2026-02-06,2026-02-09,Total Express,125.55,3
2496,PED-60350,2024-04-04,2024-04-14,2024-04-11,correios,90.32,1
2497,PED-70645,2026-01-18,2026-01-28,2026-01-31,Jadlog,16.83,4
2498,PED-28754,2025-11-30,2025-12-05,2025-12-05,Jadlog,119.91,1
2499,PED-39272,2025-08-09,2025-08-18,2025-08-17,Correios,51.19,4
2500,PED-45750,2024-09-30,2024-10-10,2024-10-08,Jadlog,71.98,3
2501,PED-36222,2024-11-11,2024-11-22,2024-11-26,correios,134.42,1
2502,PED-35551,2025-01-10,2025-01-16,2025-01-12,Jadlog,40.77,4
2503,PED-49082,2024-05-26,2024-06-03,2024-05-30,Jadlog,34.96,3
2504,PED-95411,2024-11-29,2024-12-01,2024-11-27,Total Express,18.39,4
2505,PED-92036,2025-07-26,2025-07-30,2025-08-02,Total Express,81.29,4
2506,PED-45855,2025-11-21,2025-11-28,2025-11-25,Total Express,44.43,4
2507,PED-86871,2025-01-02,2025-01-08,2025-01-06,correios,50.61,1
2508,PED-52799,2024-12-20,2024-12-23,2024-12-19,Total Express,56.68,3
2509,PED-13337,2025-09-03,2025-09-11,2025-09-15,Total Express,93.32,4
2510,PED-90357,2025-09-10,2025-09-14,2025-09-15,Correios,92.96,3
2511,PED-15161,2025-12-21,2026-01-01,2026-01-06,Correios,103.41,2
2512,PED-18899,2025-12-18,2025-12-27,2025-12-24,correios,28.01,2
2513,PED-57227,2024-08-11,2024-08-16,2024-08-13,Jadlog,52.64,4
2514,PED-74547,2024-08-17,2024-08-24,2024-08-21,Total Express,79.95,4
2515,PED-30314,2025-05-09,2025-05-21,2025-05-23,Correios,115.5,4
2516,PED-44177,2025-01-20,2025-01-24,2025-01-21,correios,39.58,1
2517,PED-39559,2025-05-31,2025-06-02,2025-06-08,Total Express,13.6,2
2518,PED-28045,2025-08-08,2025-08-13,2025-08-11,Jadlog,50.63,4
2519,PED-47963,2024-11-25,2024-11-27,2024-12-01,Total Express,11.1,4
2520,PED-15259,2025-12-31,2026-01-10,2026-01-07,correios,85.84,2
2521,PED-74417,2025-06-25,2025-06-30,2025-07-05,Correios,54.12,1
2522,PED-76735,2024-10-29,2024-11-09,2024-11-10,correios,60.43,2
2523,PED-92271,2024-05-02,2024-05-12,2024-05-08,Jadlog,43.07,3
2524,PED-30953,2025-07-25,2025-08-04,2025-08-06,correios,107.55,3
2525,PED-52868,2024-11-26,2024-12-03,2024-12-02,Jadlog,59.83,3
2526,PED-68398,2024-12-24,2025-01-02,2024-12-29,Total Express,35.01,1
2527,PED-23989,2024-09-20,2024-09-22,2024-09-24,correios,34.42,3
2528,PED-87759,2025-06-07,2025-06-19,2025-06-18,Jadlog,55.64,1
2529,PED-40121,2024-08-06,2024-08-18,2024-08-24,Jadlog,36.62,1
2530,PED-38367,2024-06-19,2024-06-25,2024-06-21,correios,121.57,2
2531,PED-52907,2024-03-09,2024-03-18,2024-03-20,Total Express,137.92,2
2532,PED-83509,2025-08-09,2025-08-18,2025-08-21,Jadlog,112.94,2
2533,PED-24058,2024-04-02,2024-04-05,2024-04-10,Correios,120.55,1
2534,PED-10001,2025-02-14,2025-02-16,2025-02-16,Jadlog,66.75,2
2535,PED-58241,2024-03-16,2024-03-19,2024-03-15,correios,93.24,4
2536,PED-46697,2024-08-01,2024-08-08,2024-08-05,Total Express,94.28,3
2537,PED-49590,2025-07-28,2025-07-30,2025-07-27,correios,42.68,2
2538,PED-99368,2025-02-06,2025-02-09,2025-02-15,Correios,124.2,4
2539,PED-24756,2025-07-06,2025-07-10,2025-07-06,Correios,103.67,4
2540,PED-45800,2024-11-16,2024-11-27,2024-12-01,Jadlog,10.98,4
2541,PED-38242,2024-08-26,2024-08-29,2024-08-27,Correios,60.48,4
2542,PED-75198,2024-03-05,2024-03-07,2024-03-03,Total Express,117.62,4
2543,PED-85597,2025-03-13,2025-03-17,2025-03-13,Correios,94.67,3
2544,PED-36568,2025-12-04,2025-12-10,2025-12-13,Jadlog,11.22,3
2545,PED-68718,2025-08-17,2025-08-22,2025-08-21,Correios,139.45,1
2546,PED-83261,2025-09-14,2025-09-25,2025-09-27,Total Express,112.54,1
2547,PED-21588,2025-08-20,2025-08-26,2025-08-27,Jadlog,68.23,4
2548,PED-58924,2024-07-07,2024-07-17,2024-07-15,Jadlog,103.86,2
2549,PED-55454,2024-10-21,2024-10-28,2024-11-03,Total Express,30.96,4
2550,PED-55539,2025-11-15,2025-11-22,2025-11-25,Jadlog,27.49,4
2551,PED-63454,2024-05-21,2024-06-02,2024-06-06,Jadlog,134.9,1
2552,PED-28040,2025-03-15,2025-03-26,2025-03-26,Jadlog,130.06,4
2553,PED-99173,2024-08-15,2024-08-24,2024-08-28,correios,125.45,3
2554,PED-29012,2025-08-22,2025-09-01,2025-09-07,Jadlog,79.31,2
2555,PED-36976,2025-12-20,2025-12-31,2025-12-29,Total Express,18.79,4
2556,PED-81302,2024-11-11,2024-11-14,2024-11-18,Correios,76.58,1
2557,PED-97115,2024-04-27,2024-05-03,2024-05-07,correios,105.64,3
2558,PED-52662,2025-02-03,2025-02-12,2025-02-09,Jadlog,80.4,4
2559,PED-61485,2025-01-03,2025-01-13,2025-01-19,correios,84.17,4
2560,PED-93947,2024-12-05,2024-12-08,2024-12-07,Total Express,28.55,2
2561,PED-24129,2025-09-06,2025-09-08,2025-09-12,Total Express,27.05,1
2562,PED-63230,2026-02-01,2026-02-07,2026-02-06,Jadlog,116.93,1
2563,PED-12125,2025-11-23,2025-11-28,2025-11-24,Correios,47.04,2
2564,PED-19350,2025-11-16,2025-11-20,2025-11-26,Correios,41.45,1
2565,PED-96715,2025-12-09,2025-12-17,2025-12-18,Total Express,9.4,3
2566,PED-59140,2024-09-04,2024-09-11,2024-09-13,correios,48.1,4
2567,PED-87769,2025-10-11,2025-10-23,2025-10-28,Correios,97.64,1
2568,PED-56071,2025-11-17,2025-11-26,2025-11-27,Correios,41.76,4
2569,PED-22845,2025-07-18,2025-07-26,2025-07-30,Total Express,98.89,3
2570,PED-13581,2025-12-29,2026-01-10,2026-01-13,Total Express,13.1,4
2571,PED-43050,2024-02-20,2024-02-23,2024-02-26,Correios,18.95,1
2572,PED-54221,2024-06-15,2024-06-24,2024-06-26,correios,87.68,4
2573,PED-50607,2024-12-18,2024-12-20,2024-12-21,Total Express,36.59,4
2574,PED-99630,2024-12-22,2024-12-25,2024-12-21,correios,86.33,1
2575,PED-19057,2025-09-08,2025-09-18,2025-09-21,correios,69.14,4
2576,PED-16385,2024-05-09,2024-05-19,2024-05-25,Jadlog,85.31,4
2577,PED-48455,2024-03-02,2024-03-06,2024-03-09,correios,13.26,3
2578,PED-30289,2026-01-25,2026-02-02,2026-01-30,Correios,34.28,4
2579,PED-60764,2025-12-18,2025-12-23,2025-12-19,correios,109.97,1
2580,PED-39284,2025-11-04,2025-11-10,2025-11-08,Jadlog,122.25,4
2581,PED-25216,2024-07-01,2024-07-06,2024-07-09,Correios,29.71,2
2582,PED-13103,2025-12-29,2026-01-09,2026-01-14,Total Express,73.49,4
2583,PED-58272,2025-10-14,2025-10-16,2025-10-20,Correios,63.26,1
2584,PED-83044,2025-09-25,2025-10-01,2025-10-03,Total Express,16.84,1
2585,PED-56876,2025-11-17,2025-11-23,2025-11-29,Total Express,60.98,2
2586,PED-13160,2025-01-09,2025-01-13,2025-01-10,correios,19.4,2
2587,PED-68471,2025-11-03,2025-11-15,2025-11-14,Jadlog,81.57,4
2588,PED-34315,2025-09-25,2025-09-28,2025-10-04,Total Express,23.29,1
2589,PED-29318,2024-09-01,2024-09-06,2024-09-05,Jadlog,25.58,4
2590,PED-17863,2025-11-11,2025-11-13,2025-11-14,Correios,22.88,3
2591,PED-11160,2024-06-23,2024-07-04,2024-07-08,Jadlog,124.21,2
2592,PED-72965,2025-12-04,2025-12-11,2025-12-10,correios,32.9,4
2593,PED-38065,2024-02-06,2024-02-15,2024-02-18,Correios,30.76,1
2594,PED-26640,2024-05-21,2024-05-25,2024-05-31,correios,121.68,1
2595,PED-19514,2024-03-29,2024-04-07,2024-04-11,correios,40.61,4
2596,PED-39536,2025-06-05,2025-06-17,2025-06-18,Jadlog,61.64,4
2597,PED-61724,2024-08-06,2024-08-08,2024-08-09,Correios,33.42,3
2598,PED-89486,2025-06-19,2025-06-27,2025-06-30,correios,106.82,2
2599,PED-76787,2024-06-09,2024-06-18,2024-06-23,Total Express,93.28,2
2600,PED-78322,2025-04-14,2025-04-19,2025-04-24,Jadlog,73.62,1
2601,PED-14051,2025-11-16,2025-11-24,2025-11-29,Total Express,16.76,1
2602,PED-15236,2024-07-28,2024-08-01,2024-08-07,Jadlog,44.62,3
2603,PED-54758,2024-09-12,2024-09-21,2024-09-27,Jadlog,118.39,3
2604,PED-77035,2024-05-24,2024-05-30,2024-06-02,Total Express,58.96,2
2605,PED-21925,2025-04-04,2025-04-13,2025-04-14,Total Express,136.73,1
2606,PED-45155,2025-04-07,2025-04-13,2025-04-19,Jadlog,123.47,2
2607,PED-41380,2024-10-11,2024-10-18,2024-10-19,correios,54.0,3
2608,PED-77852,2025-03-30,2025-04-04,2025-04-05,Total Express,44.76,4
2609,PED-34687,2025-12-14,2025-12-26,2026-01-01,correios,113.9,3
2610,PED-99912,2024-11-18,2024-11-23,2024-11-29,Jadlog,102.07,3
2611,PED-86251,2025-10-31,2025-11-05,2025-11-08,correios,23.47,3
2612,PED-36965,2025-06-13,2025-06-25,2025-06-24,Jadlog,32.17,4
2613,PED-61331,2025-09-26,2025-10-03,2025-10-02,Total Express,102.65,4
2614,PED-29181,2025-04-21,2025-05-01,2025-05-02,Jadlog,87.99,3
2615,PED-82179,2025-07-13,2025-07-16,2025-07-18,Total Express,8.43,2
2616,PED-69606,2025-07-08,2025-07-14,2025-07-17,Jadlog,75.47,4
2617,PED-16683,2024-12-26,2024-12-31,2024-12-31,Total Express,90.91,4
2618,PED-72438,2025-12-23,2026-01-03,2025-12-31,Total Express,59.07,1
2619,PED-26110,2025-09-06,2025-09-10,2025-09-08,Jadlog,108.34,1
2620,PED-46353,2024-06-05,2024-06-07,2024-06-04,Correios,80.4,3
2621,PED-65478,2024-11-08,2024-11-12,2024-11-09,correios,13.27,1
2622,PED-54250,2024-07-17,2024-07-19,2024-07-16,Jadlog,45.51,2
2623,PED-91043,2025-03-04,2025-03-09,2025-03-08,Jadlog,130.48,3
2624,PED-13008,2025-06-21,2025-06-26,2025-06-24,Jadlog,108.63,2
2625,PED-81003,2024-05-11,2024-05-19,2024-05-18,Correios,133.99,1
2626,PED-45353,2025-02-09,2025-02-20,2025-02-25,Total Express,24.44,2
2627,PED-41722,2024-09-23,2024-10-01,2024-09-30,Total Express,88.47,2
2628,PED-24075,2024-02-21,2024-02-26,2024-02-26,Correios,39.52,3
2629,PED-88606,2024-09-04,2024-09-12,2024-09-17,Total Express,66.89,2
2630,PED-63547,2025-01-01,2025-01-04,2025-01-01,Total Express,66.41,4
2631,PED-13018,2025-01-05,2025-01-16,2025-01-18,Jadlog,35.08,4
2632,PED-54864,2025-05-17,2025-05-25,2025-05-29,Jadlog,10.73,4
2633,PED-36931,2025-01-11,2025-01-20,2025-01-25,Jadlog,27.08,1
2634,PED-59501,2025-03-17,2025-03-28,2025-04-03,correios,112.03,2
2635,PED-56303,2025-08-01,2025-08-06,2025-08-07,Total Express,44.19,3
2636,PED-88700,2026-01-04,2026-01-09,2026-01-11,Total Express,134.81,2
2637,PED-69276,2025-10-12,2025-10-24,2025-10-21,Correios,59.33,3
2638,PED-12686,2024-05-21,2024-05-28,2024-05-30,Total Express,65.59,4
2639,PED-67325,2024-11-25,2024-12-03,2024-11-30,Jadlog,53.97,3
2640,PED-72721,2024-08-10,2024-08-17,2024-08-17,correios,30.25,2
2641,PED-57785,2024-10-15,2024-10-17,2024-10-19,Correios,108.41,1
2642,PED-90668,2024-04-03,2024-04-07,2024-04-04,Correios,41.05,3
2643,PED-48424,2024-05-24,2024-06-02,2024-05-31,correios,121.32,3
2644,PED-63669,2025-01-04,2025-01-08,2025-01-07,Jadlog,30.0,1
2645,PED-91388,2025-09-27,2025-10-02,2025-09-29,Correios,83.58,2
2646,PED-71636,2024-03-27,2024-04-02,2024-04-06,Total Express,126.13,2
2647,PED-88988,2024-03-27,2024-03-29,2024-03-28,Correios,16.89,1
2648,PED-79986,2024-03-28,2024-04-03,2024-04-01,Correios,110.84,3
2649,PED-79947,2026-01-06,2026-01-10,2026-01-08,correios,40.43,1
2650,PED-45695,2025-06-13,2025-06-20,2025-06-18,Correios,74.12,1
2651,PED-31889,2026-01-03,2026-01-11,2026-01-09,Correios,69.92,2
2652,PED-58128,2026-01-11,2026-01-16,2026-01-21,Jadlog,69.04,4
2653,PED-42534,2025-03-21,2025-03-25,2025-03-22,correios,92.5,1
2654,PED-27813,2025-12-26,2025-12-29,2025-12-31,Correios,45.91,4
2655,PED-82130,2024-09-29,2024-10-11,2024-10-13,Total Express,125.32,4
2656,PED-56391,2024-07-14,2024-07-26,2024-07-30,Total Express,107.22,4
2657,PED-75500,2025-03-04,2025-03-08,2025-03-12,correios,114.24,2
2658,PED-58169,2025-06-09,2025-06-12,2025-06-17,Jadlog,23.25,4
2659,PED-49258,2025-01-24,2025-02-01,2025-02-03,Jadlog,11.15,4
2660,PED-38255,2024-10-16,2024-10-21,2024-10-17,Total Express,110.31,2
2661,PED-28329,2024-04-03,2024-04-12,2024-04-17,Jadlog,60.32,2
2662,PED-67544,2025-12-01,2025-12-03,2025-12-02,Jadlog,72.25,4
2663,PED-36829,2024-12-05,2024-12-14,2024-12-15,Total Express,25.21,1
2664,PED-93889,2024-08-16,2024-08-21,2024-08-19,Correios,47.0,1
2665,PED-60666,2024-02-04,2024-02-11,2024-02-14,Total Express,18.31,3
2666,PED-82300,2025-09-07,2025-09-14,2025-09-18,Total Express,13.35,4
2667,PED-53444,2024-08-23,2024-08-26,2024-08-27,correios,48.97,2
2668,PED-29128,2024-03-09,2024-03-11,2024-03-08,Jadlog,15.91,2
2669,PED-58662,2025-12-27,2026-01-08,2026-01-12,Correios,67.18,3
2670,PED-55472,2025-11-07,2025-11-18,2025-11-21,Jadlog,45.61,1
2671,PED-26160,2024-09-27,2024-10-07,2024-10-12,Total Express,108.12,4
2672,PED-97335,2024-10-10,2024-10-20,2024-10-16,Correios,139.82,2
2673,PED-96588,2024-09-03,2024-09-11,2024-09-12,Total Express,104.55,3
2674,PED-35733,2024-07-04,2024-07-08,2024-07-06,Correios,89.43,3
2675,PED-15490,2024-08-28,2024-09-05,2024-09-04,Correios,47.98,2
2676,PED-84618,2025-09-18,2025-09-23,2025-09-25,correios,63.12,2
2677,PED-84473,2025-05-25,2025-06-02,2025-06-06,Jadlog,138.74,2
2678,PED-31416,2024-11-26,2024-11-28,2024-11-25,Correios,43.05,4
2679,PED-71381,2024-11-22,2024-11-25,2024-11-24,correios,130.08,4
2680,PED-97741,2025-12-29,2026-01-01,2025-12-29,Total Express,115.14,3
2681,PED-71463,2024-02-23,2024-03-05,2024-03-06,Jadlog,84.17,3
2682,PED-52799,2024-07-31,2024-08-12,2024-08-18,correios,96.14,3
2683,PED-39648,2024-02-20,2024-03-02,2024-03-01,Correios,65.27,3
2684,PED-49396,2025-03-23,2025-03-30,2025-04-03,Total Express,136.4,4
2685,PED-49366,2024-04-07,2024-04-09,2024-04-14,Jadlog,22.06,2
2686,PED-38698,2025-11-05,2025-11-15,2025-11-14,correios,69.29,2
2687,PED-76301,2024-12-15,2024-12-18,2024-12-22,Jadlog,62.47,4
2688,PED-53412,2024-06-22,2024-06-30,2024-07-05,Jadlog,18.71,2
2689,PED-96885,2024-11-06,2024-11-17,2024-11-20,Correios,110.3,1
2690,PED-66645,2025-02-17,2025-02-25,2025-02-27,correios,62.68,1
2691,PED-25496,2025-04-24,2025-05-01,2025-05-02,Jadlog,39.11,4
2692,PED-38053,2025-12-22,2025-12-30,2026-01-04,Total Express,64.77,2
2693,PED-90028,2024-03-14,2024-03-20,2024-03-19,correios,52.37,3
2694,PED-20863,2024-09-06,2024-09-17,2024-09-19,Correios,18.84,1
2695,PED-66169,2024-05-11,2024-05-15,2024-05-19,Total Express,126.35,2
2696,PED-71762,2024-05-11,2024-05-13,2024-05-09,correios,12.31,3
2697,PED-99871,2025-12-11,2025-12-18,2025-12-24,Jadlog,95.92,1
2698,PED-50601,2024-12-30,2025-01-01,2024-12-30,Jadlog,21.2,1
2699,PED-10027,2025-05-19,2025-05-21,2025-05-26,correios,112.22,4
2700,PED-45039,2025-10-26,2025-11-04,2025-11-01,Jadlog,89.24,1
2701,PED-28168,2025-11-11,2025-11-22,2025-11-22,Correios,69.03,3
2702,PED-77487,2024-08-06,2024-08-10,2024-08-16,Correios,73.53,2
2703,PED-61562,2025-09-15,2025-09-21,2025-09-17,Jadlog,95.78,4
2704,PED-76699,2025-12-02,2025-12-11,2025-12-12,Jadlog,46.76,4
2705,PED-50543,2024-04-15,2024-04-23,2024-04-22,Jadlog,35.79,4
2706,PED-14823,2025-01-29,2025-02-02,2025-01-31,Correios,15.75,1
2707,PED-68840,2025-11-05,2025-11-09,2025-11-06,correios,27.71,1
2708,PED-51936,2025-02-24,2025-03-02,2025-03-03,correios,102.86,4
2709,PED-94451,2024-10-02,2024-10-10,2024-10-07,Jadlog,131.74,2
2710,PED-14434,2024-11-14,2024-11-23,2024-11-29,Jadlog,28.66,2
2711,PED-16411,2024-12-22,2024-12-29,2024-12-26,Correios,119.03,3
2712,PED-75223,2024-11-10,2024-11-18,2024-11-16,Total Express,94.9,4
2713,PED-27419,2024-10-20,2024-10-27,2024-10-30,Jadlog,106.38,4
2714,PED-84261,2026-01-23,2026-02-04,2026-02-05,correios,8.98,2
2715,PED-22218,2024-02-16,2024-02-22,2024-02-24,Total Express,123.57,3
2716,PED-28394,2024-06-14,2024-06-18,2024-06-14,correios,75.69,4
2717,PED-33660,2025-06-05,2025-06-11,2025-06-10,Total Express,13.08,1
2718,PED-54952,2025-05-16,2025-05-28,2025-05-29,Jadlog,52.51,1
2719,PED-36438,2026-01-08,2026-01-17,2026-01-21,correios,27.51,3
2720,PED-79302,2024-11-25,2024-12-05,2024-12-07,correios,65.41,1
2721,PED-81712,2025-09-08,2025-09-17,2025-09-22,Jadlog,79.12,4
2722,PED-53595,2025-10-15,2025-10-17,2025-10-17,Correios,61.77,1
2723,PED-70757,2024-12-29,2025-01-07,2025-01-09,correios,129.85,2
2724,PED-49358,2025-04-14,2025-04-23,2025-04-23,Correios,115.81,3
2725,PED-10561,2026-02-03,2026-02-11,2026-02-11,correios,13.35,4
2726,PED-10294,2025-07-19,2025-07-24,2025-07-26,Total Express,14.3,1
2727,PED-81636,2025-08-21,2025-08-27,2025-08-31,Total Express,10.16,3
2728,PED-16710,2024-07-15,2024-07-26,2024-08-01,Total Express,138.53,2
2729,PED-82398,2025-01-09,2025-01-19,2025-01-25,Jadlog,110.92,2
2730,PED-53068,2025-02-04,2025-02-12,2025-02-16,correios,79.95,2
2731,PED-66295,2026-01-02,2026-01-04,2026-01-10,Correios,51.4,2
2732,PED-23036,2025-09-23,2025-10-02,2025-09-28,correios,130.9,3
2733,PED-48314,2024-02-22,2024-02-26,2024-03-03,Jadlog,62.86,4
2734,PED-57373,2024-08-14,2024-08-19,2024-08-17,Correios,108.99,3
2735,PED-81916,2025-09-04,2025-09-10,2025-09-14,Correios,18.06,2
2736,PED-41398,2025-05-28,2025-05-31,2025-05-27,Correios,110.78,3
2737,PED-69151,2024-06-15,2024-06-19,2024-06-16,Jadlog,24.03,4
2738,PED-73077,2025-08-11,2025-08-21,2025-08-18,Jadlog,111.69,3
2739,PED-33120,2024-12-15,2024-12-18,2024-12-19,Total Express,114.47,3
2740,PED-21327,2024-09-07,2024-09-09,2024-09-14,Correios,29.42,3
2741,PED-80098,2025-04-30,2025-05-04,2025-05-08,correios,71.19,3
2742,PED-61023,2025-03-01,2025-03-03,2025-03-04,Total Express,21.67,4
2743,PED-34922,2024-02-29,2024-03-05,2024-03-03,Total Express,110.1,1
2744,PED-74798,2024-05-24,2024-05-29,2024-06-04,Total Express,59.12,3
2745,PED-14768,2025-08-13,2025-08-18,2025-08-14,Total Express,32.83,3
2746,PED-58829,2025-03-23,2025-03-25,2025-03-31,Jadlog,62.85,1
2747,PED-21170,2025-01-30,2025-02-06,2025-02-09,correios,119.28,1
2748,PED-72053,2025-05-15,2025-05-26,2025-05-24,Total Express,81.07,3
2749,PED-14257,2025-10-08,2025-10-11,2025-10-16,Jadlog,40.48,4
2750,PED-23968,2025-12-07,2025-12-13,2025-12-09,Correios,131.95,2
2751,PED-30058,2025-10-28,2025-11-03,2025-11-05,Jadlog,52.87,4
2752,PED-57682,2025-04-24,2025-04-27,2025-05-01,Correios,73.77,3
2753,PED-13427,2024-08-06,2024-08-14,2024-08-10,Jadlog,51.26,1
2754,PED-89024,2025-11-23,2025-11-27,2025-12-01,Correios,55.85,1
2755,PED-51721,2025-10-31,2025-11-06,2025-11-07,Correios,32.11,2
2756,PED-40345,2024-08-15,2024-08-26,2024-08-23,Correios,44.5,1
2757,PED-81573,2024-04-27,2024-05-07,2024-05-12,Jadlog,127.63,3
2758,PED-15339,2026-02-03,2026-02-06,2026-02-08,Jadlog,129.29,4
2759,PED-53681,2025-03-07,2025-03-10,2025-03-16,Jadlog,105.82,2
2760,PED-87110,2025-11-16,2025-11-19,2025-11-16,Correios,22.1,4
2761,PED-57333,2025-06-02,2025-06-04,2025-06-07,Total Express,79.54,3
2762,PED-83556,2025-12-31,2026-01-04,2026-01-09,correios,18.83,2
2763,PED-84581,2024-06-18,2024-06-22,2024-06-28,Correios,91.27,1
2764,PED-26601,2024-11-13,2024-11-22,2024-11-21,correios,105.4,2
2765,PED-99313,2024-08-18,2024-08-26,2024-08-22,Jadlog,84.12,2
2766,PED-41183,2024-11-04,2024-11-13,2024-11-17,Correios,64.72,4
2767,PED-48365,2025-12-19,2025-12-24,2025-12-28,Jadlog,25.98,4
2768,PED-45305,2025-06-23,2025-07-04,2025-07-04,correios,89.36,1
2769,PED-94978,2024-06-25,2024-07-03,2024-07-03,Total Express,8.19,1
2770,PED-35056,2024-06-11,2024-06-19,2024-06-24,Jadlog,99.25,2
2771,PED-25725,2024-12-05,2024-12-17,2024-12-22,correios,25.48,1
2772,PED-16103,2024-02-22,2024-02-27,2024-02-26,Correios,98.3,2
2773,PED-24760,2024-12-28,2025-01-02,2025-01-02,Correios,94.04,1
2774,PED-24018,2025-10-30,2025-11-01,2025-11-03,Jadlog,35.24,2
2775,PED-26153,2024-08-18,2024-08-22,2024-08-28,Jadlog,50.91,4
2776,PED-78008,2025-02-11,2025-02-19,2025-02-25,Jadlog,66.53,2
2777,PED-37103,2025-12-20,2026-01-01,2025-12-30,Total Express,54.62,2
2778,PED-45900,2024-07-20,2024-07-29,2024-08-01,Total Express,14.46,1
2779,PED-30788,2024-11-11,2024-11-19,2024-11-22,Correios,111.14,1
2780,PED-47889,2025-06-20,2025-06-29,2025-07-03,correios,62.57,3
2781,PED-46612,2025-04-05,2025-04-09,2025-04-09,correios,64.25,1
2782,PED-18558,2024-03-28,2024-04-06,2024-04-10,Total Express,53.92,2
2783,PED-46125,2025-11-26,2025-12-05,2025-12-04,Total Express,135.18,3
2784,PED-38909,2024-05-02,2024-05-06,2024-05-09,Total Express,127.43,1
2785,PED-73688,2025-11-28,2025-12-03,2025-12-09,Total Express,36.89,2
2786,PED-58605,2025-09-10,2025-09-13,2025-09-13,Jadlog,99.07,3
2787,PED-50660,2025-05-06,2025-05-18,2025-05-22,Total Express,10.68,1
2788,PED-43043,2024-10-03,2024-10-08,2024-10-08,correios,108.02,2
2789,PED-79248,2024-04-27,2024-05-09,2024-05-12,Correios,27.68,1
2790,PED-65014,2025-05-29,2025-06-05,2025-06-09,Jadlog,8.19,2
2791,PED-50152,2024-07-28,2024-08-01,2024-07-29,Total Express,41.15,3
2792,PED-92424,2024-06-19,2024-06-30,2024-06-29,Total Express,96.42,3
2793,PED-71846,2024-04-22,2024-04-25,2024-04-27,correios,125.51,3
2794,PED-56777,2024-09-15,2024-09-17,2024-09-18,Total Express,108.18,3
2795,PED-66468,2025-06-26,2025-07-05,2025-07-04,Correios,99.04,1
2796,PED-40317,2025-06-17,2025-06-28,2025-06-26,Total Express,122.38,2
2797,PED-80120,2025-04-28,2025-05-07,2025-05-09,Correios,21.55,4
2798,PED-38119,2024-08-28,2024-09-01,2024-08-31,correios,56.96,1
2799,PED-87004,2024-05-26,2024-06-01,2024-05-28,Total Express,23.88,3
2800,PED-68961,2025-11-22,2025-12-04,2025-12-09,correios,20.34,2
2801,PED-22256,2025-01-31,2025-02-11,2025-02-08,Jadlog,112.43,2
2802,PED-46317,2024-08-22,2024-08-24,2024-08-27,correios,94.76,1
2803,PED-63976,2025-10-17,2025-10-26,2025-10-25,Jadlog,21.21,2
2804,PED-10012,2024-07-31,2024-08-11,2024-08-11,Total Express,99.92,3
2805,PED-31534,2024-07-31,2024-08-09,2024-08-13,Correios,105.53,1
2806,PED-35237,2024-02-07,2024-02-19,2024-02-19,correios,116.55,2
2807,PED-35671,2024-10-18,2024-10-20,2024-10-18,correios,34.09,3
2808,PED-96725,2025-01-02,2025-01-11,2025-01-07,Total Express,37.78,2
2809,PED-36760,2024-03-31,2024-04-02,2024-03-30,Jadlog,90.78,3
2810,PED-30175,2024-07-09,2024-07-21,2024-07-23,Correios,118.04,2
2811,PED-10999,2024-08-19,2024-08-28,2024-08-30,correios,57.44,2
2812,PED-24224,2025-07-11,2025-07-23,2025-07-25,Correios,108.9,2
2813,PED-64401,2024-08-29,2024-09-01,2024-08-30,Correios,65.37,2
2814,PED-82744,2024-09-20,2024-09-26,2024-09-30,Jadlog,125.0,2
2815,PED-96575,2025-04-04,2025-04-15,2025-04-19,correios,133.88,4
2816,PED-68336,2024-11-14,2024-11-18,2024-11-23,Jadlog,49.68,2
2817,PED-63191,2025-08-11,2025-08-13,2025-08-12,Jadlog,57.57,4
2818,PED-25118,2025-10-17,2025-10-20,2025-10-25,correios,126.91,2
2819,PED-83408,2025-07-24,2025-08-03,2025-07-31,Total Express,60.09,2
2820,PED-33565,2024-03-15,2024-03-17,2024-03-21,correios,113.46,2
2821,PED-89547,2024-12-30,2025-01-01,2025-01-05,Correios,39.88,1
2822,PED-80459,2024-02-22,2024-02-29,2024-03-04,Correios,42.27,3
2823,PED-33371,2025-12-11,2025-12-21,2025-12-19,Correios,64.46,2
2824,PED-93394,2025-04-06,2025-04-10,2025-04-09,Correios,76.37,4
2825,PED-93080,2024-05-26,2024-05-29,2024-05-31,Correios,105.38,3
2826,PED-99304,2025-10-30,2025-11-08,2025-11-06,Jadlog,139.04,3
2827,PED-11511,2025-03-17,2025-03-19,2025-03-15,Correios,110.34,1
2828,PED-52270,2024-08-11,2024-08-13,2024-08-10,correios,108.0,1
2829,PED-73016,2025-12-10,2025-12-13,2025-12-12,Correios,65.95,3
2830,PED-89281,2026-01-30,2026-02-01,2026-02-07,Correios,102.94,3
2831,PED-98103,2025-06-16,2025-06-23,2025-06-25,Correios,112.9,3
2832,PED-30876,2024-04-23,2024-04-29,2024-04-29,Correios,80.04,2
2833,PED-85547,2025-02-06,2025-02-17,2025-02-23,Total Express,45.91,1
2834,PED-47876,2024-06-08,2024-06-12,2024-06-10,Correios,49.46,4
2835,PED-66975,2025-08-23,2025-08-25,2025-08-29,Total Express,11.47,1
2836,PED-44247,2025-09-04,2025-09-06,2025-09-12,correios,57.88,3
2837,PED-77618,2025-04-11,2025-04-14,2025-04-15,Jadlog,77.96,4
2838,PED-26114,2024-03-19,2024-03-27,2024-04-01,correios,62.51,3
2839,PED-52158,2025-03-20,2025-03-30,2025-03-29,Jadlog,95.29,3
2840,PED-85605,2024-10-08,2024-10-14,2024-10-12,Total Express,104.31,1
2841,PED-16951,2024-02-06,2024-02-18,2024-02-21,Total Express,35.44,4
2842,PED-83172,2025-10-08,2025-10-19,2025-10-24,Total Express,89.59,1
2843,PED-78920,2024-11-11,2024-11-22,2024-11-28,correios,24.6,1
2844,PED-26044,2025-09-27,2025-10-03,2025-09-29,Total Express,41.37,1
2845,PED-10651,2024-05-29,2024-06-08,2024-06-12,Jadlog,90.58,3
2846,PED-81758,2025-08-07,2025-08-19,2025-08-17,Total Express,73.8,2
2847,PED-59556,2024-07-06,2024-07-16,2024-07-15,correios,77.74,1
2848,PED-41749,2024-10-18,2024-10-26,2024-10-26,correios,96.84,2
2849,PED-98854,2024-10-21,2024-10-29,2024-11-03,Jadlog,103.83,3
2850,PED-30787,2024-09-19,2024-09-27,2024-09-27,Correios,40.04,4
2851,PED-79248,2025-12-12,2025-12-16,2025-12-17,Total Express,36.23,3
2852,PED-70550,2025-01-30,2025-02-05,2025-02-02,Correios,116.51,3
2853,PED-30535,2026-01-18,2026-01-30,2026-02-01,Jadlog,132.89,3
2854,PED-34456,2025-10-30,2025-11-05,2025-11-01,Total Express,112.1,3
2855,PED-99546,2025-04-27,2025-05-04,2025-05-08,correios,46.79,1
2856,PED-71581,2024-12-15,2024-12-27,2024-12-24,Total Express,48.62,3
2857,PED-85459,2025-02-06,2025-02-12,2025-02-16,Correios,109.91,1
2858,PED-82887,2025-01-26,2025-02-02,2025-02-01,correios,117.61,3
2859,PED-71037,2026-01-22,2026-01-29,2026-01-27,Correios,96.93,3
2860,PED-93765,2024-07-13,2024-07-15,2024-07-15,Correios,139.09,3
2861,PED-38329,2024-11-09,2024-11-14,2024-11-13,correios,136.0,3
2862,PED-43779,2025-12-08,2025-12-13,2025-12-17,Jadlog,124.62,1
2863,PED-28535,2024-08-03,2024-08-11,2024-08-10,Correios,19.89,4
2864,PED-26223,2024-07-14,2024-07-24,2024-07-27,Correios,88.05,2
2865,PED-21982,2025-06-13,2025-06-18,2025-06-23,correios,73.02,2
2866,PED-52338,2024-07-28,2024-08-05,2024-08-11,correios,13.18,4
2867,PED-20992,2024-12-23,2024-12-25,2024-12-22,Total Express,108.11,3
2868,PED-70517,2025-11-25,2025-12-03,2025-11-30,Total Express,110.82,1
2869,PED-37355,2025-01-04,2025-01-06,2025-01-04,Correios,139.64,1
2870,PED-53855,2025-09-04,2025-09-15,2025-09-12,Total Express,22.79,2
2871,PED-11719,2025-08-18,2025-08-29,2025-09-02,correios,98.87,3
2872,PED-75188,2024-08-13,2024-08-22,2024-08-28,Jadlog,104.26,1
2873,PED-91403,2025-03-18,2025-03-26,2025-03-22,correios,59.71,3
2874,PED-19994,2024-10-20,2024-10-24,2024-10-20,Jadlog,87.69,1
2875,PED-85370,2024-09-24,2024-10-04,2024-10-10,Jadlog,22.37,3
2876,PED-62035,2025-08-19,2025-08-24,2025-08-23,Total Express,53.27,1
2877,PED-63382,2024-07-22,2024-08-02,2024-07-31,correios,30.52,2
2878,PED-88900,2025-07-16,2025-07-21,2025-07-26,correios,17.7,4
2879,PED-54262,2025-04-08,2025-04-14,2025-04-15,Total Express,18.13,3
2880,PED-27046,2024-03-20,2024-03-22,2024-03-22,Total Express,132.17,1
2881,PED-12785,2025-01-16,2025-01-23,2025-01-29,Jadlog,39.37,4
2882,PED-16076,2024-03-08,2024-03-16,2024-03-18,Correios,23.38,2
2883,PED-15525,2024-08-08,2024-08-16,2024-08-12,correios,123.48,1
2884,PED-57359,2024-11-01,2024-11-11,2024-11-10,Total Express,60.51,1
2885,PED-30184,2024-09-29,2024-10-01,2024-10-03,Total Express,17.59,2
2886,PED-38652,2025-12-02,2025-12-05,2025-12-03,Jadlog,126.47,3
2887,PED-76725,2025-07-21,2025-07-23,2025-07-25,correios,65.58,1
2888,PED-73605,2025-08-16,2025-08-25,2025-08-31,Total Express,108.72,2
2889,PED-78746,2025-10-23,2025-11-03,2025-11-02,Jadlog,46.33,1
2890,PED-49846,2025-04-19,2025-04-22,2025-04-21,Correios,112.78,4
2891,PED-49117,2025-11-14,2025-11-19,2025-11-20,correios,70.95,2
2892,PED-37782,2025-09-18,2025-09-26,2025-09-22,correios,93.16,1
2893,PED-97428,2024-03-05,2024-03-07,2024-03-04,Jadlog,67.6,1
2894,PED-76505,2025-03-13,2025-03-24,2025-03-20,Jadlog,139.1,1
2895,PED-85246,2025-12-08,2025-12-14,2025-12-14,correios,131.41,4
2896,PED-31705,2024-05-06,2024-05-12,2024-05-17,Total Express,107.82,4
2897,PED-59265,2025-02-20,2025-03-03,2025-03-08,Jadlog,117.6,4
2898,PED-48738,2024-12-15,2024-12-18,2024-12-22,correios,78.65,3
2899,PED-93463,2025-05-30,2025-06-10,2025-06-12,correios,27.4,1
2900,PED-75593,2025-08-12,2025-08-18,2025-08-14,Jadlog,83.17,2
2901,PED-24202,2025-11-14,2025-11-18,2025-11-17,correios,118.77,2
2902,PED-66344,2025-05-01,2025-05-07,2025-05-05,Total Express,82.44,1
2903,PED-13009,2024-08-11,2024-08-19,2024-08-24,Total Express,28.46,1
2904,PED-14000,2024-08-24,2024-09-02,2024-09-04,Total Express,30.96,2
2905,PED-39898,2024-02-11,2024-02-17,2024-02-21,correios,51.0,3
2906,PED-78184,2025-10-20,2025-11-01,2025-10-31,correios,94.76,1
2907,PED-55178,2024-04-20,2024-04-26,2024-04-22,Total Express,125.12,1
2908,PED-89954,2024-03-21,2024-03-25,2024-03-30,Total Express,53.06,2
2909,PED-57018,2025-04-13,2025-04-21,2025-04-26,correios,65.31,3
2910,PED-60126,2025-10-02,2025-10-05,2025-10-09,Total Express,53.5,1
2911,PED-83635,2024-05-17,2024-05-22,2024-05-18,Total Express,114.75,1
2912,PED-29099,2024-11-04,2024-11-16,2024-11-22,correios,114.55,3
2913,PED-25753,2024-09-22,2024-10-03,2024-10-04,Jadlog,119.32,3
2914,PED-29523,2025-07-14,2025-07-22,2025-07-26,correios,85.56,3
2915,PED-92056,2024-09-09,2024-09-19,2024-09-19,Correios,120.81,2
2916,PED-10128,2024-04-07,2024-04-16,2024-04-15,Correios,96.14,4
2917,PED-61024,2024-11-29,2024-12-10,2024-12-12,Correios,139.79,1
2918,PED-36484,2025-08-30,2025-09-07,2025-09-11,Correios,18.72,2
2919,PED-13340,2024-04-24,2024-05-05,2024-05-06,Correios,132.79,4
2920,PED-90224,2025-02-11,2025-02-21,2025-02-17,Jadlog,18.57,1
2921,PED-69393,2025-01-18,2025-01-25,2025-01-21,Total Express,110.12,2
2922,PED-94157,2024-03-01,2024-03-12,2024-03-15,Total Express,90.76,1
2923,PED-93558,2025-10-30,2025-11-06,2025-11-05,Jadlog,43.66,4
2924,PED-88490,2024-06-29,2024-07-08,2024-07-11,Jadlog,59.58,1
2925,PED-62850,2025-02-10,2025-02-19,2025-02-17,Total Express,96.62,2
2926,PED-82805,2024-02-04,2024-02-11,2024-02-07,Correios,106.45,4
2927,PED-60393,2024-05-24,2024-06-05,2024-06-08,Correios,137.62,1
2928,PED-62072,2024-07-22,2024-07-28,2024-07-24,Jadlog,16.86,2
2929,PED-69489,2024-03-15,2024-03-20,2024-03-19,correios,19.77,2
2930,PED-32445,2025-03-15,2025-03-22,2025-03-23,correios,53.51,4
2931,PED-81393,2025-10-26,2025-10-29,2025-11-01,Correios,69.28,2
2932,PED-23324,2025-01-28,2025-02-01,2025-02-07,Correios,87.59,1
2933,PED-38687,2024-09-18,2024-09-26,2024-09-23,Total Express,39.41,3
2934,PED-74978,2024-11-04,2024-11-08,2024-11-11,Jadlog,57.63,2
2935,PED-19743,2025-03-13,2025-03-18,2025-03-21,Jadlog,48.54,1
2936,PED-52339,2026-01-29,2026-02-02,2026-02-07,Correios,26.59,4
2937,PED-15636,2025-11-21,2025-11-27,2025-12-01,Correios,64.91,3
2938,PED-69210,2025-12-03,2025-12-05,2025-12-04,correios,98.03,1
2939,PED-80016,2024-06-12,2024-06-20,2024-06-23,Correios,130.45,4
2940,PED-77291,2024-11-09,2024-11-18,2024-11-24,correios,128.8,1
2941,PED-93763,2024-06-09,2024-06-11,2024-06-09,Correios,123.92,2
2942,PED-35347,2025-04-02,2025-04-05,2025-04-11,Jadlog,76.56,4
2943,PED-81581,2024-10-24,2024-10-28,2024-11-02,Jadlog,104.96,4
2944,PED-67400,2024-12-10,2024-12-22,2024-12-27,correios,108.04,2
2945,PED-25071,2025-03-03,2025-03-13,2025-03-12,correios,79.74,3
2946,PED-54364,2025-06-08,2025-06-16,2025-06-12,correios,83.56,4
2947,PED-87150,2025-06-12,2025-06-14,2025-06-17,Total Express,61.17,1
2948,PED-18007,2024-12-23,2025-01-01,2025-01-04,Total Express,121.64,4
2949,PED-77931,2025-09-04,2025-09-09,2025-09-11,correios,121.53,1
2950,PED-59298,2025-12-24,2025-12-31,2025-12-27,correios,19.13,2
2951,PED-92467,2025-06-03,2025-06-07,2025-06-06,Jadlog,51.28,2
2952,PED-98964,2025-07-19,2025-07-22,2025-07-24,Jadlog,9.96,3
2953,PED-23749,2024-03-17,2024-03-27,2024-03-30,Jadlog,61.45,2
2954,PED-95367,2024-07-04,2024-07-07,2024-07-11,correios,17.6,2
2955,PED-62157,2024-09-24,2024-10-01,2024-10-06,Total Express,107.66,1
2956,PED-80026,2024-02-16,2024-02-26,2024-03-02,Jadlog,39.05,3
2957,PED-30753,2025-06-18,2025-06-28,2025-06-24,correios,125.77,1
2958,PED-89320,2024-11-24,2024-12-01,2024-11-27,correios,95.43,4
2959,PED-76500,2024-07-12,2024-07-23,2024-07-23,Jadlog,93.58,3
2960,PED-89918,2024-11-05,2024-11-16,2024-11-17,Correios,93.44,3
2961,PED-92059,2025-07-30,2025-08-06,2025-08-09,Total Express,135.04,1
2962,PED-22014,2025-02-03,2025-02-15,2025-02-18,Jadlog,129.92,2
2963,PED-68665,2025-05-11,2025-05-21,2025-05-23,Total Express,71.04,2
2964,PED-69245,2025-12-19,2025-12-21,2025-12-26,Jadlog,58.22,1
2965,PED-92289,2024-05-12,2024-05-23,2024-05-20,Total Express,73.33,4
2966,PED-29649,2024-08-06,2024-08-14,2024-08-18,Total Express,74.77,2
2967,PED-77648,2025-03-13,2025-03-17,2025-03-18,correios,73.2,1
2968,PED-51714,2025-07-01,2025-07-13,2025-07-17,Correios,60.61,2
2969,PED-41127,2025-11-27,2025-12-09,2025-12-15,Jadlog,14.85,3
2970,PED-57232,2024-08-12,2024-08-14,2024-08-20,Total Express,58.28,3
2971,PED-84605,2024-06-13,2024-06-25,2024-06-28,Correios,12.04,1
2972,PED-81010,2025-04-19,2025-04-23,2025-04-23,correios,110.75,3
2973,PED-42926,2024-03-20,2024-03-27,2024-03-27,correios,131.32,4
2974,PED-61651,2024-10-02,2024-10-11,2024-10-16,correios,26.53,3
2975,PED-42325,2025-12-13,2025-12-17,2025-12-23,correios,98.23,3
2976,PED-35502,2025-12-21,2025-12-29,2025-12-28,Correios,52.9,2
2977,PED-99714,2024-12-18,2024-12-24,2024-12-21,Jadlog,32.63,3
2978,PED-55003,2025-08-04,2025-08-13,2025-08-11,Total Express,30.13,2
2979,PED-39052,2025-02-12,2025-02-20,2025-02-25,correios,53.32,3
2980,PED-76123,2024-02-04,2024-02-07,2024-02-06,Correios,81.91,4
2981,PED-13363,2025-08-19,2025-08-26,2025-08-27,Total Express,76.5,4
2982,PED-12048,2024-10-13,2024-10-23,2024-10-24,Jadlog,107.79,3
2983,PED-10996,2024-09-21,2024-09-27,2024-09-26,correios,48.47,1
2984,PED-85623,2024-10-07,2024-10-19,2024-10-23,Correios,130.27,1
2985,PED-73471,2025-03-31,2025-04-09,2025-04-14,correios,14.19,3
2986,PED-45275,2025-10-17,2025-10-28,2025-10-27,Correios,19.35,3
2987,PED-50315,2024-08-15,2024-08-20,2024-08-22,Correios,50.93,4
2988,PED-52960,2024-07-26,2024-07-29,2024-07-30,correios,22.15,2
2989,PED-38110,2024-05-07,2024-05-14,2024-05-19,Total Express,70.81,1
2990,PED-68632,2024-11-24,2024-11-29,2024-12-01,Jadlog,14.04,3
2991,PED-24300,2025-08-01,2025-08-05,2025-08-11,Jadlog,133.45,1
2992,PED-33242,2026-01-22,2026-01-24,2026-01-25,Total Express,58.55,1
2993,PED-71982,2025-09-14,2025-09-25,2025-09-29,Correios,87.87,2
2994,PED-45609,2024-05-15,2024-05-24,2024-05-20,Jadlog,25.13,3
2995,PED-27937,2024-09-27,2024-10-05,2024-10-03,Jadlog,81.58,4
2996,PED-52526,2024-02-14,2024-02-22,2024-02-18,Total Express,112.58,4
2997,PED-46639,2025-10-28,2025-11-07,2025-11-10,Jadlog,121.86,2
2998,PED-76874,2025-04-24,2025-05-03,2025-05-04,Jadlog,137.78,3
2999,PED-54503,2025-03-07,2025-03-17,2025-03-23,Total Express,135.32,3
3000,PED-33301,2024-12-16,2024-12-27,2024-12-27,correios,48.2,1
3001,PED-53554,2024-06-18,2024-06-21,2024-06-23,Correios,25.97,1
3002,PED-30439,2025-12-04,2025-12-06,2025-12-02,Jadlog,57.17,2
3003,PED-40420,2025-08-26,2025-09-06,2025-09-12,Correios,134.52,2
3004,PED-52726,2025-07-14,2025-07-26,2025-07-23,Jadlog,17.14,1
3005,PED-72983,2025-11-01,2025-11-08,2025-11-09,Correios,76.88,4
3006,PED-99390,2024-06-25,2024-07-05,2024-07-03,Correios,45.48,3
3007,PED-90859,2025-03-02,2025-03-12,2025-03-16,Total Express,58.93,4
3008,PED-39109,2024-04-06,2024-04-10,2024-04-13,Total Express,67.27,4
3009,PED-64169,2024-12-19,2024-12-25,2024-12-31,correios,106.59,2
3010,PED-31981,2025-07-26,2025-08-02,2025-08-06,Jadlog,46.0,1
3011,PED-32658,2024-05-28,2024-06-07,2024-06-06,Correios,105.29,2
3012,PED-36238,2025-04-03,2025-04-06,2025-04-04,correios,123.98,1
3013,PED-91797,2024-06-24,2024-07-06,2024-07-06,Correios,15.79,1
3014,PED-42079,2025-06-08,2025-06-11,2025-06-15,Total Express,42.64,2
3015,PED-70710,2025-05-02,2025-05-07,2025-05-11,Jadlog,11.2,2
3016,PED-77984,2025-02-18,2025-02-27,2025-03-01,Correios,95.8,2
3017,PED-72924,2025-04-16,2025-04-20,2025-04-21,Total Express,50.35,3
3018,PED-44816,2025-04-27,2025-05-07,2025-05-13,Total Express,25.91,2
3019,PED-52655,2024-11-30,2024-12-11,2024-12-07,correios,89.66,4
3020,PED-82587,2024-10-29,2024-11-06,2024-11-12,correios,104.3,4
3021,PED-33809,2024-08-07,2024-08-09,2024-08-13,Total Express,134.77,4
3022,PED-69921,2025-08-31,2025-09-04,2025-09-01,correios,34.18,2
3023,PED-86356,2024-12-31,2025-01-11,2025-01-17,correios,134.28,1
3024,PED-32615,2025-08-21,2025-08-28,2025-08-26,correios,84.12,2
3025,PED-23213,2025-05-27,2025-06-04,2025-06-02,Total Express,113.52,1
3026,PED-40968,2025-06-10,2025-06-22,2025-06-22,correios,39.21,2
3027,PED-57669,2024-10-25,2024-11-01,2024-11-07,correios,112.19,2
3028,PED-50378,2024-02-23,2024-03-01,2024-03-05,Jadlog,63.16,4
3029,PED-74631,2024-11-06,2024-11-18,2024-11-21,correios,29.33,4
3030,PED-12563,2024-04-20,2024-04-26,2024-04-25,Jadlog,42.46,3
3031,PED-90112,2024-12-07,2024-12-18,2024-12-21,Correios,31.82,4
3032,PED-67513,2025-07-25,2025-08-05,2025-08-10,Correios,32.66,2
3033,PED-31245,2025-11-12,2025-11-21,2025-11-18,Correios,51.71,4
3034,PED-24747,2024-02-23,2024-03-04,2024-03-07,correios,72.72,3
3035,PED-83179,2024-12-18,2024-12-22,2024-12-27,correios,25.25,1
3036,PED-27657,2024-03-31,2024-04-12,2024-04-09,Jadlog,60.42,1
3037,PED-32710,2025-10-23,2025-11-02,2025-11-01,Correios,124.61,3
3038,PED-89505,2025-03-11,2025-03-21,2025-03-24,Total Express,76.46,4
3039,PED-37601,2024-05-05,2024-05-12,2024-05-18,Jadlog,96.09,3
3040,PED-93548,2025-04-19,2025-04-23,2025-04-22,Total Express,130.01,1
3041,PED-46455,2024-08-01,2024-08-06,2024-08-02,Jadlog,39.19,4
3042,PED-85060,2025-02-13,2025-02-25,2025-02-22,Jadlog,22.45,1
3043,PED-37531,2024-05-14,2024-05-21,2024-05-19,Correios,11.01,2
3044,PED-31951,2025-10-17,2025-10-29,2025-11-03,Jadlog,95.65,1
3045,PED-72648,2025-08-21,2025-08-27,2025-08-26,Jadlog,94.3,2
3046,PED-35733,2025-10-03,2025-10-05,2025-10-10,Correios,84.1,4
3047,PED-87789,2025-10-05,2025-10-08,2025-10-07,Total Express,20.27,1
3048,PED-16346,2025-07-30,2025-08-03,2025-08-05,correios,104.59,1
3049,PED-25476,2025-10-03,2025-10-08,2025-10-06,Total Express,62.13,2
3050,PED-89408,2025-08-03,2025-08-05,2025-08-02,Correios,23.3,4
3051,PED-26974,2025-10-20,2025-10-28,2025-10-25,correios,13.52,1
3052,PED-54949,2024-07-03,2024-07-12,2024-07-10,Total Express,131.08,2
3053,PED-14852,2025-06-13,2025-06-24,2025-06-23,Jadlog,83.49,4
3054,PED-37315,2024-04-20,2024-04-28,2024-04-29,Correios,95.16,4
3055,PED-49513,2024-10-19,2024-10-31,2024-11-06,Correios,27.75,3
3056,PED-21809,2024-07-04,2024-07-08,2024-07-05,Jadlog,11.0,4
3057,PED-28430,2024-02-19,2024-03-02,2024-03-06,Jadlog,121.5,3
3058,PED-88161,2025-10-03,2025-10-07,2025-10-05,Jadlog,57.58,1
3059,PED-58067,2025-05-03,2025-05-14,2025-05-13,Jadlog,103.25,1
3060,PED-38130,2024-05-13,2024-05-25,2024-05-21,Jadlog,24.92,4
3061,PED-39997,2025-02-28,2025-03-02,2025-02-27,Total Express,23.66,3
3062,PED-57056,2024-11-08,2024-11-13,2024-11-15,Jadlog,79.23,4
3063,PED-37788,2026-01-17,2026-01-23,2026-01-21,Correios,42.24,1
3064,PED-28460,2025-07-19,2025-07-23,2025-07-19,Total Express,130.78,4
3065,PED-90511,2025-06-08,2025-06-11,2025-06-12,correios,71.27,4
3066,PED-31804,2024-03-07,2024-03-13,2024-03-09,Correios,66.49,1
3067,PED-87438,2025-05-03,2025-05-11,2025-05-13,Correios,62.43,2
3068,PED-79605,2025-05-01,2025-05-05,2025-05-05,Correios,53.2,3
3069,PED-92802,2025-04-18,2025-04-22,2025-04-28,Correios,37.28,3
3070,PED-17687,2024-11-30,2024-12-02,2024-12-01,Correios,10.23,3
3071,PED-83980,2025-06-29,2025-07-07,2025-07-10,Total Express,56.65,3
3072,PED-58613,2025-11-20,2025-12-01,2025-11-28,Total Express,85.9,3
3073,PED-65727,2025-12-27,2026-01-03,2026-01-03,correios,132.84,3
3074,PED-27938,2024-11-02,2024-11-11,2024-11-08,Jadlog,68.95,1
3075,PED-82737,2025-02-15,2025-02-18,2025-02-14,Correios,109.53,1
3076,PED-13492,2025-06-23,2025-06-25,2025-06-24,Total Express,81.11,1
3077,PED-46198,2024-10-04,2024-10-13,2024-10-15,Correios,72.55,4
3078,PED-81352,2025-12-12,2025-12-22,2025-12-18,Correios,76.22,3
3079,PED-29415,2025-04-18,2025-04-27,2025-04-24,Correios,122.63,1
3080,PED-70746,2025-02-05,2025-02-12,2025-02-08,Correios,33.8,1
3081,PED-23325,2024-11-09,2024-11-17,2024-11-20,correios,15.11,2
3082,PED-16265,2024-12-15,2024-12-22,2024-12-19,Jadlog,55.67,3
3083,PED-36148,2025-12-29,2026-01-07,2026-01-07,Total Express,31.1,2
3084,PED-84072,2024-08-27,2024-08-29,2024-08-25,Total Express,31.99,3
3085,PED-66293,2025-03-08,2025-03-17,2025-03-19,Jadlog,73.49,2
3086,PED-10716,2024-08-26,2024-08-29,2024-09-02,Jadlog,34.26,2
3087,PED-30523,2025-06-29,2025-07-10,2025-07-12,Total Express,129.7,4
3088,PED-29518,2025-12-14,2025-12-22,2025-12-24,Correios,54.63,1
3089,PED-28117,2025-04-19,2025-04-29,2025-04-28,Total Express,10.51,1
3090,PED-64369,2024-05-16,2024-05-22,2024-05-24,Total Express,21.22,3
3091,PED-13268,2025-11-12,2025-11-24,2025-11-29,Correios,112.95,1
3092,PED-73655,2024-08-25,2024-09-03,2024-09-08,Total Express,24.41,3
3093,PED-95865,2025-04-03,2025-04-05,2025-04-01,Jadlog,85.29,1
3094,PED-45331,2025-05-04,2025-05-15,2025-05-21,Correios,49.59,1
3095,PED-15543,2024-08-21,2024-08-28,2024-08-26,Jadlog,88.59,1
3096,PED-94749,2024-10-15,2024-10-26,2024-10-26,Total Express,130.66,4
3097,PED-74595,2024-05-05,2024-05-16,2024-05-20,correios,93.54,2
3098,PED-67542,2026-01-29,2026-02-07,2026-02-12,Correios,115.4,4
3099,PED-48353,2024-03-08,2024-03-19,2024-03-23,Correios,62.24,4
3100,PED-38348,2025-09-04,2025-09-07,2025-09-05,Total Express,45.84,1
3101,PED-84844,2025-09-10,2025-09-19,2025-09-22,Jadlog,40.77,2
3102,PED-33988,2026-02-01,2026-02-08,2026-02-10,correios,105.28,3
3103,PED-24934,2024-09-18,2024-09-29,2024-10-04,Total Express,114.53,1
3104,PED-66464,2025-02-05,2025-02-11,2025-02-09,correios,11.47,4
3105,PED-70390,2025-07-28,2025-07-30,2025-08-03,correios,21.95,4
3106,PED-96606,2026-02-03,2026-02-05,2026-02-03,Correios,91.27,3
3107,PED-20969,2025-02-04,2025-02-07,2025-02-11,correios,56.76,4
3108,PED-20944,2025-05-16,2025-05-20,2025-05-17,Total Express,135.05,3
3109,PED-14002,2024-10-13,2024-10-25,2024-10-29,Correios,136.11,4
3110,PED-80137,2024-02-27,2024-03-04,2024-03-04,correios,29.21,1
3111,PED-78412,2025-09-07,2025-09-16,2025-09-17,correios,83.38,4
3112,PED-67365,2024-03-11,2024-03-21,2024-03-22,Correios,79.16,1
3113,PED-80791,2024-10-27,2024-10-29,2024-10-29,Correios,63.28,3
3114,PED-22281,2025-05-04,2025-05-13,2025-05-19,correios,119.16,4
3115,PED-49263,2025-10-04,2025-10-15,2025-10-12,Total Express,20.08,1
3116,PED-75494,2024-05-12,2024-05-16,2024-05-20,Jadlog,112.47,4
3117,PED-29718,2024-05-30,2024-06-09,2024-06-13,Total Express,103.86,4
3118,PED-72539,2025-05-31,2025-06-11,2025-06-17,Correios,43.26,3
3119,PED-43901,2025-11-25,2025-11-30,2025-11-27,Correios,112.3,4
3120,PED-65987,2025-01-15,2025-01-18,2025-01-19,Correios,73.25,2
3121,PED-47239,2025-10-06,2025-10-10,2025-10-13,correios,52.0,4
3122,PED-70324,2025-01-23,2025-01-30,2025-01-27,Total Express,31.99,1
3123,PED-93840,2024-09-16,2024-09-27,2024-09-29,Jadlog,118.23,4
3124,PED-42591,2024-07-10,2024-07-18,2024-07-22,Jadlog,131.49,4
3125,PED-69383,2024-10-31,2024-11-02,2024-11-02,Jadlog,28.02,4
3126,PED-83509,2025-02-18,2025-02-20,2025-02-18,Jadlog,21.49,2
3127,PED-86021,2024-09-17,2024-09-21,2024-09-22,correios,116.97,4
3128,PED-81658,2025-04-21,2025-04-27,2025-05-01,correios,8.05,2
3129,PED-62445,2025-10-17,2025-10-23,2025-10-27,correios,89.06,4
3130,PED-61798,2025-04-01,2025-04-05,2025-04-05,Total Express,27.98,4
3131,PED-18932,2024-05-13,2024-05-24,2024-05-29,Total Express,10.91,1
3132,PED-19680,2024-06-28,2024-07-01,2024-07-01,correios,139.83,1
3133,PED-56890,2025-08-10,2025-08-21,2025-08-20,correios,139.81,2
3134,PED-40493,2025-04-21,2025-04-29,2025-04-26,correios,70.71,4
3135,PED-34455,2025-11-30,2025-12-02,2025-12-03,correios,13.78,3
3136,PED-76983,2025-10-22,2025-10-29,2025-11-02,Correios,60.88,1
3137,PED-46492,2025-11-17,2025-11-21,2025-11-22,Jadlog,73.42,3
3138,PED-22761,2025-09-19,2025-09-22,2025-09-27,Total Express,49.96,1
3139,PED-45861,2024-03-01,2024-03-06,2024-03-06,Correios,111.98,4
3140,PED-71609,2025-01-04,2025-01-12,2025-01-09,Total Express,126.35,1
3141,PED-43907,2025-10-10,2025-10-20,2025-10-18,Correios,80.16,1
3142,PED-82240,2025-04-25,2025-05-03,2025-05-06,correios,20.79,1
3143,PED-64224,2024-09-13,2024-09-22,2024-09-22,Correios,111.92,3
3144,PED-61710,2024-09-07,2024-09-18,2024-09-16,Total Express,133.03,4
3145,PED-80569,2025-07-23,2025-08-03,2025-08-09,correios,100.25,4
3146,PED-67717,2025-06-18,2025-06-29,2025-07-03,Jadlog,130.8,4
3147,PED-21835,2024-10-12,2024-10-23,2024-10-23,Jadlog,52.92,3
3148,PED-16461,2024-11-30,2024-12-07,2024-12-13,Correios,24.38,2
3149,PED-33669,2025-08-01,2025-08-12,2025-08-18,Correios,119.52,4
3150,PED-60002,2025-04-20,2025-04-27,2025-04-26,Correios,54.37,1
3151,PED-65375,2024-04-27,2024-05-06,2024-05-03,Correios,37.97,4
3152,PED-51207,2025-03-07,2025-03-12,2025-03-14,correios,62.22,2
3153,PED-85925,2024-03-23,2024-03-26,2024-03-30,Jadlog,51.25,1
3154,PED-11006,2025-03-01,2025-03-09,2025-03-12,Correios,11.27,3
3155,PED-79514,2025-07-28,2025-08-01,2025-08-01,Jadlog,31.62,3
3156,PED-99444,2025-07-11,2025-07-19,2025-07-21,Jadlog,111.69,4
3157,PED-63799,2026-01-10,2026-01-18,2026-01-21,Correios,51.15,4
3158,PED-11881,2024-09-16,2024-09-22,2024-09-20,Jadlog,49.55,3
3159,PED-54553,2024-07-21,2024-07-30,2024-08-02,Correios,83.4,3
3160,PED-35203,2025-08-04,2025-08-11,2025-08-10,Correios,64.12,2
3161,PED-63010,2024-06-02,2024-06-09,2024-06-09,Total Express,111.39,2
3162,PED-47904,2024-08-07,2024-08-15,2024-08-16,Correios,22.31,3
3163,PED-55485,2025-05-19,2025-05-30,2025-06-04,correios,130.15,1
3164,PED-31006,2025-03-04,2025-03-16,2025-03-18,correios,23.63,2
3165,PED-69234,2025-10-15,2025-10-21,2025-10-19,Total Express,135.29,4
3166,PED-50713,2024-10-10,2024-10-22,2024-10-25,Total Express,25.73,3
3167,PED-61136,2024-08-31,2024-09-11,2024-09-08,Correios,21.68,2
3168,PED-22097,2025-03-25,2025-03-31,2025-03-28,Jadlog,128.21,3
3169,PED-93809,2024-12-16,2024-12-26,2024-12-30,Total Express,139.13,1
3170,PED-24201,2025-09-09,2025-09-19,2025-09-15,Total Express,85.72,4
3171,PED-83246,2025-09-23,2025-10-02,2025-10-05,correios,33.86,1
3172,PED-88056,2025-01-04,2025-01-08,2025-01-13,Jadlog,66.62,1
3173,PED-27682,2024-06-09,2024-06-15,2024-06-18,Total Express,112.61,2
3174,PED-19979,2025-05-10,2025-05-22,2025-05-24,correios,104.42,2
3175,PED-79305,2025-07-29,2025-07-31,2025-07-30,Jadlog,38.2,4
3176,PED-66371,2025-09-19,2025-09-26,2025-09-25,Jadlog,99.93,4
3177,PED-70450,2024-08-01,2024-08-11,2024-08-07,Jadlog,136.53,2
3178,PED-77378,2024-09-18,2024-09-25,2024-09-25,correios,48.89,1
3179,PED-40482,2024-08-04,2024-08-16,2024-08-20,Jadlog,123.98,3
3180,PED-14120,2025-06-10,2025-06-16,2025-06-12,Total Express,41.59,3
3181,PED-71239,2024-03-05,2024-03-11,2024-03-17,Jadlog,105.65,2
3182,PED-28342,2025-06-07,2025-06-10,2025-06-07,correios,28.35,4
3183,PED-90580,2025-10-11,2025-10-17,2025-10-21,Total Express,98.05,1
3184,PED-62185,2026-01-12,2026-01-21,2026-01-24,correios,40.06,3
3185,PED-98934,2025-07-24,2025-08-05,2025-08-11,correios,72.59,1
3186,PED-80634,2025-02-14,2025-02-19,2025-02-23,Total Express,98.43,1
3187,PED-11653,2025-12-16,2025-12-25,2025-12-26,Correios,113.76,1
3188,PED-42366,2025-12-07,2025-12-18,2025-12-20,Correios,41.65,2
3189,PED-89807,2025-08-12,2025-08-14,2025-08-16,correios,50.9,2
3190,PED-40072,2025-01-22,2025-01-28,2025-02-02,Jadlog,119.91,3
3191,PED-93148,2025-04-23,2025-04-25,2025-04-21,Correios,75.94,4
3192,PED-76211,2024-04-05,2024-04-14,2024-04-17,Jadlog,75.87,1
3193,PED-32577,2026-01-16,2026-01-24,2026-01-25,Jadlog,41.54,3
3194,PED-66032,2025-05-04,2025-05-10,2025-05-10,Correios,117.01,2
3195,PED-18645,2024-12-25,2025-01-04,2025-01-05,Total Express,87.57,2
3196,PED-24044,2024-07-05,2024-07-14,2024-07-18,Correios,92.72,3
3197,PED-88086,2024-10-29,2024-11-03,2024-11-09,Correios,27.42,4
3198,PED-96647,2025-01-15,2025-01-25,2025-01-29,Jadlog,123.39,4
3199,PED-85927,2024-06-22,2024-07-03,2024-07-08,Total Express,138.44,2
3200,PED-50117,2026-01-31,2026-02-11,2026-02-07,Jadlog,71.52,2
3201,PED-45945,2025-08-13,2025-08-22,2025-08-19,Total Express,97.9,3
3202,PED-14774,2025-03-22,2025-03-30,2025-03-29,Correios,121.76,4
3203,PED-45101,2024-04-02,2024-04-08,2024-04-06,correios,127.4,2
3204,PED-31329,2024-09-01,2024-09-12,2024-09-15,correios,39.45,1
3205,PED-94681,2025-10-25,2025-10-29,2025-10-26,Total Express,11.97,2
3206,PED-32597,2025-01-05,2025-01-16,2025-01-15,Correios,101.94,2
3207,PED-25876,2024-07-23,2024-07-27,2024-07-25,Correios,115.74,1
3208,PED-33033,2025-02-14,2025-02-18,2025-02-17,Correios,10.15,4
3209,PED-59729,2025-08-25,2025-09-03,2025-09-05,Correios,13.98,1
3210,PED-88232,2025-06-30,2025-07-10,2025-07-16,Total Express,102.36,1
3211,PED-20959,2025-12-20,2025-12-22,2025-12-26,Jadlog,32.99,4
3212,PED-18088,2025-12-20,2025-12-23,2025-12-23,correios,126.5,3
3213,PED-41977,2025-02-11,2025-02-18,2025-02-24,Correios,85.83,1
3214,PED-65199,2025-09-16,2025-09-25,2025-09-25,correios,33.74,3
3215,PED-51470,2024-04-16,2024-04-24,2024-04-29,Correios,12.6,2
3216,PED-62989,2024-02-14,2024-02-16,2024-02-19,correios,8.46,3
3217,PED-59701,2024-11-25,2024-12-02,2024-12-07,Total Express,118.1,3
3218,PED-67135,2024-08-02,2024-08-04,2024-07-31,Total Express,136.36,4
3219,PED-22062,2025-10-10,2025-10-18,2025-10-18,Correios,9.72,4
3220,PED-21343,2026-01-21,2026-01-28,2026-01-28,Correios,100.94,2
3221,PED-68591,2024-07-26,2024-08-01,2024-07-28,Jadlog,21.28,3
3222,PED-15499,2025-11-22,2025-12-03,2025-12-06,Correios,56.48,2
3223,PED-81858,2026-01-04,2026-01-12,2026-01-14,correios,46.83,2
3224,PED-84379,2025-11-16,2025-11-24,2025-11-28,Total Express,29.03,4
3225,PED-40681,2024-05-08,2024-05-10,2024-05-14,Total Express,81.66,1
3226,PED-99407,2024-07-25,2024-08-03,2024-08-07,Total Express,111.17,1
3227,PED-58627,2024-11-24,2024-12-01,2024-11-27,Total Express,31.84,4
3228,PED-69568,2025-02-25,2025-02-28,2025-03-05,Total Express,11.09,2
3229,PED-21400,2025-10-24,2025-10-28,2025-10-24,correios,64.97,3
3230,PED-78416,2026-02-03,2026-02-12,2026-02-18,correios,58.18,3
3231,PED-10766,2024-11-12,2024-11-15,2024-11-19,Jadlog,131.36,1
3232,PED-53989,2025-07-09,2025-07-18,2025-07-19,Jadlog,136.24,1
3233,PED-69889,2025-09-05,2025-09-14,2025-09-17,Jadlog,101.2,2
3234,PED-60475,2025-09-07,2025-09-16,2025-09-16,correios,111.5,1
3235,PED-94538,2024-08-25,2024-09-04,2024-09-10,correios,45.0,4
3236,PED-44900,2024-12-04,2024-12-08,2024-12-10,correios,29.48,4
3237,PED-87022,2024-06-08,2024-06-15,2024-06-19,Correios,67.3,3
3238,PED-27287,2025-02-05,2025-02-12,2025-02-12,Correios,116.68,3
3239,PED-58869,2024-12-04,2024-12-16,2024-12-16,Total Express,118.01,1
3240,PED-76295,2024-06-07,2024-06-14,2024-06-16,correios,8.38,2
3241,PED-75135,2025-10-31,2025-11-04,2025-11-05,Correios,101.76,1
3242,PED-92853,2024-05-17,2024-05-19,2024-05-16,Total Express,36.98,3
3243,PED-16925,2025-11-24,2025-12-02,2025-12-02,Total Express,30.66,2
3244,PED-33281,2025-07-25,2025-07-31,2025-08-03,correios,129.38,3
3245,PED-17656,2024-03-21,2024-03-27,2024-03-23,Correios,72.08,2
3246,PED-69326,2025-11-04,2025-11-08,2025-11-08,correios,19.89,4
3247,PED-81073,2024-08-18,2024-08-21,2024-08-23,Jadlog,8.82,1
3248,PED-83722,2024-10-25,2024-10-27,2024-10-28,Correios,20.07,3
3249,PED-33330,2025-03-03,2025-03-05,2025-03-10,Total Express,124.94,1
3250,PED-51285,2026-01-08,2026-01-20,2026-01-17,correios,64.42,1
3251,PED-67748,2024-07-07,2024-07-14,2024-07-13,Correios,116.35,2
3252,PED-14302,2024-06-24,2024-06-29,2024-06-25,Total Express,17.36,4
3253,PED-99192,2024-02-26,2024-03-08,2024-03-09,Correios,8.61,4
3254,PED-21353,2024-11-20,2024-11-26,2024-12-02,Jadlog,82.15,3
3255,PED-94654,2025-10-14,2025-10-20,2025-10-19,correios,113.26,4
3256,PED-82788,2024-12-12,2024-12-20,2024-12-25,correios,122.21,4
3257,PED-88011,2025-12-03,2025-12-10,2025-12-08,Jadlog,44.83,4
3258,PED-21546,2024-10-15,2024-10-18,2024-10-20,correios,137.02,2
3259,PED-20832,2025-04-08,2025-04-14,2025-04-18,correios,127.02,1
3260,PED-53553,2024-07-07,2024-07-09,2024-07-09,Correios,28.29,4
3261,PED-34009,2025-11-05,2025-11-10,2025-11-16,Correios,69.81,3
3262,PED-67389,2025-02-23,2025-02-28,2025-03-01,Jadlog,77.17,2
3263,PED-65138,2025-06-16,2025-06-23,2025-06-21,Correios,61.54,3
3264,PED-15101,2026-01-31,2026-02-10,2026-02-12,Total Express,67.11,2
3265,PED-81033,2025-11-10,2025-11-16,2025-11-16,correios,80.23,2
3266,PED-60151,2025-12-29,2026-01-05,2026-01-04,Jadlog,61.58,2
3267,PED-53364,2024-09-09,2024-09-19,2024-09-15,Jadlog,15.01,4
3268,PED-61573,2024-03-28,2024-04-03,2024-03-30,Jadlog,67.27,3
3269,PED-57739,2024-03-21,2024-03-28,2024-03-25,Total Express,29.05,2
3270,PED-14458,2025-01-14,2025-01-16,2025-01-21,Jadlog,127.11,3
3271,PED-74668,2024-10-02,2024-10-05,2024-10-01,Jadlog,104.44,1
3272,PED-20922,2025-09-28,2025-10-03,2025-09-30,Correios,69.08,4
3273,PED-12503,2025-03-01,2025-03-04,2025-03-09,correios,51.37,3
3274,PED-60995,2024-05-08,2024-05-17,2024-05-23,Correios,98.65,2
3275,PED-13118,2024-05-29,2024-06-02,2024-06-08,Total Express,102.66,3
3276,PED-45133,2024-04-23,2024-04-28,2024-04-29,Correios,98.1,1
3277,PED-27725,2025-07-18,2025-07-21,2025-07-27,correios,65.78,3
3278,PED-17801,2024-07-28,2024-08-08,2024-08-09,Correios,28.84,4
3279,PED-51878,2025-02-08,2025-02-10,2025-02-07,Correios,52.52,2
3280,PED-99965,2024-07-22,2024-07-29,2024-08-04,Jadlog,66.1,3
3281,PED-47030,2024-06-17,2024-06-19,2024-06-22,Correios,134.17,4
3282,PED-35069,2024-04-22,2024-04-25,2024-04-28,correios,69.21,1
3283,PED-98351,2025-04-09,2025-04-16,2025-04-21,Jadlog,93.0,2
3284,PED-16310,2024-07-03,2024-07-15,2024-07-12,Correios,137.7,3
3285,PED-38341,2025-07-13,2025-07-25,2025-07-30,Jadlog,110.02,1
3286,PED-25534,2024-08-23,2024-08-28,2024-09-02,Correios,44.62,2
3287,PED-66152,2025-01-30,2025-02-01,2025-01-31,Correios,74.86,3
3288,PED-81140,2024-06-11,2024-06-14,2024-06-11,Jadlog,90.75,1
3289,PED-54146,2024-04-11,2024-04-16,2024-04-22,correios,134.7,3
3290,PED-58994,2024-11-23,2024-11-30,2024-11-29,Jadlog,27.34,3
3291,PED-14359,2024-10-26,2024-11-03,2024-10-31,Correios,61.8,4
3292,PED-11710,2024-07-11,2024-07-22,2024-07-27,Correios,60.51,4
3293,PED-19658,2024-05-12,2024-05-22,2024-05-18,Total Express,102.66,4
3294,PED-41671,2025-09-10,2025-09-16,2025-09-12,Total Express,74.13,2
3295,PED-35407,2025-12-29,2026-01-03,2026-01-09,Jadlog,48.49,3
3296,PED-10364,2024-05-25,2024-05-30,2024-05-26,Total Express,72.78,4
3297,PED-53003,2025-08-17,2025-08-21,2025-08-22,Correios,36.77,3
3298,PED-74648,2025-10-25,2025-10-27,2025-10-24,correios,138.07,3
3299,PED-61270,2025-11-19,2025-11-25,2025-11-23,correios,45.73,4
3300,PED-34087,2025-12-28,2026-01-07,2026-01-07,Correios,90.86,2
3301,PED-50332,2024-09-18,2024-09-23,2024-09-22,Jadlog,120.99,1
3302,PED-84883,2025-06-03,2025-06-05,2025-06-01,Correios,92.9,4
3303,PED-56683,2024-12-13,2024-12-25,2024-12-21,correios,8.74,4
3304,PED-41847,2025-12-07,2025-12-17,2025-12-17,Correios,27.99,1
3305,PED-61456,2025-08-29,2025-09-01,2025-09-03,Total Express,37.03,2
3306,PED-46908,2024-05-08,2024-05-19,2024-05-15,Jadlog,134.41,4
3307,PED-82939,2024-04-25,2024-05-02,2024-05-07,Total Express,50.67,2
3308,PED-87780,2024-09-02,2024-09-05,2024-09-03,Total Express,49.14,4
3309,PED-41492,2025-09-22,2025-09-24,2025-09-23,Total Express,96.58,2
3310,PED-69975,2025-02-13,2025-02-15,2025-02-13,Jadlog,54.69,2
3311,PED-70547,2025-07-24,2025-07-27,2025-07-27,Total Express,125.47,2
3312,PED-25012,2025-08-11,2025-08-13,2025-08-16,Correios,113.75,2
3313,PED-10802,2024-05-24,2024-05-29,2024-06-02,correios,32.95,2
3314,PED-89691,2025-09-13,2025-09-16,2025-09-22,correios,16.91,1
3315,PED-74072,2024-06-17,2024-06-27,2024-07-02,Correios,98.6,1
3316,PED-24688,2025-11-06,2025-11-14,2025-11-11,Total Express,35.91,3
3317,PED-82168,2025-12-25,2026-01-01,2026-01-05,Correios,104.4,3
3318,PED-71662,2024-09-25,2024-10-06,2024-10-09,correios,100.93,1
3319,PED-77733,2024-04-11,2024-04-19,2024-04-23,Correios,101.57,3
3320,PED-80120,2024-04-30,2024-05-05,2024-05-08,correios,16.87,4
3321,PED-76652,2024-07-17,2024-07-28,2024-07-26,Total Express,126.7,3
3322,PED-17001,2024-03-26,2024-04-02,2024-04-02,Correios,139.4,2
3323,PED-31300,2026-01-15,2026-01-19,2026-01-22,Correios,15.12,2
3324,PED-80340,2024-05-15,2024-05-26,2024-05-26,correios,90.54,2
3325,PED-30380,2024-12-18,2024-12-22,2024-12-28,Correios,41.26,3
3326,PED-46537,2024-03-06,2024-03-12,2024-03-15,correios,104.51,1
3327,PED-57173,2025-07-10,2025-07-13,2025-07-15,correios,100.55,2
3328,PED-26722,2025-01-04,2025-01-16,2025-01-12,Correios,91.69,1
3329,PED-38707,2026-02-03,2026-02-09,2026-02-07,correios,25.24,4
3330,PED-26671,2025-08-06,2025-08-15,2025-08-16,Correios,40.17,2
3331,PED-75973,2024-03-07,2024-03-09,2024-03-07,Correios,63.17,1
3332,PED-61887,2025-11-28,2025-12-06,2025-12-06,correios,8.38,1
3333,PED-40252,2025-06-21,2025-06-28,2025-07-03,Total Express,68.31,3
3334,PED-22576,2024-09-17,2024-09-25,2024-09-30,correios,25.43,1
3335,PED-95427,2024-12-30,2025-01-11,2025-01-07,correios,138.77,1
3336,PED-99887,2024-11-03,2024-11-11,2024-11-17,Correios,70.0,4
3337,PED-30856,2024-09-29,2024-10-10,2024-10-06,correios,23.75,1
3338,PED-80937,2025-05-13,2025-05-19,2025-05-18,Jadlog,16.83,4
3339,PED-29770,2024-08-06,2024-08-14,2024-08-12,Correios,113.79,2
3340,PED-73812,2025-10-16,2025-10-19,2025-10-21,Correios,74.14,3
3341,PED-58309,2024-12-04,2024-12-12,2024-12-16,Total Express,119.07,4
3342,PED-60222,2024-12-23,2025-01-01,2024-12-28,correios,100.46,2
3343,PED-77127,2024-11-18,2024-11-21,2024-11-26,Total Express,55.79,1
3344,PED-47609,2024-03-21,2024-03-27,2024-04-01,Jadlog,47.67,1
3345,PED-61316,2025-01-17,2025-01-26,2025-01-28,correios,98.4,2
3346,PED-64635,2024-03-16,2024-03-21,2024-03-26,Jadlog,9.13,4
3347,PED-34873,2025-05-09,2025-05-13,2025-05-16,correios,119.74,4
3348,PED-25397,2025-03-19,2025-03-23,2025-03-25,Correios,47.01,2
3349,PED-63862,2024-09-05,2024-09-11,2024-09-10,correios,129.39,3
3350,PED-52016,2025-08-10,2025-08-22,2025-08-26,Jadlog,96.9,1
3351,PED-77271,2024-09-18,2024-09-30,2024-10-04,Correios,78.46,4
3352,PED-90963,2025-10-29,2025-11-09,2025-11-15,Correios,105.67,4
3353,PED-41470,2024-10-25,2024-10-29,2024-11-04,Jadlog,127.78,1
3354,PED-84828,2024-04-18,2024-04-30,2024-05-05,Total Express,42.8,2
3355,PED-41381,2024-11-25,2024-12-05,2024-12-06,correios,103.06,3
3356,PED-57924,2025-02-17,2025-02-26,2025-02-24,Correios,56.14,2
3357,PED-44175,2024-12-18,2024-12-23,2024-12-22,correios,133.32,1
3358,PED-20313,2025-02-26,2025-03-03,2025-02-28,Jadlog,119.98,4
3359,PED-59002,2025-07-13,2025-07-21,2025-07-17,Jadlog,56.81,4
3360,PED-98491,2025-10-08,2025-10-16,2025-10-21,Jadlog,73.92,4
3361,PED-45160,2024-02-17,2024-02-25,2024-03-01,Jadlog,133.0,3
3362,PED-58590,2025-08-23,2025-08-28,2025-08-30,Total Express,138.83,3
3363,PED-87941,2025-01-12,2025-01-20,2025-01-22,Total Express,135.02,1
3364,PED-46746,2025-11-12,2025-11-20,2025-11-19,correios,18.44,3
3365,PED-12900,2025-12-15,2025-12-21,2025-12-22,Correios,83.59,3
3366,PED-54786,2025-03-11,2025-03-21,2025-03-18,correios,108.38,2
3367,PED-85460,2025-08-24,2025-08-31,2025-09-01,Total Express,60.41,4
3368,PED-41395,2025-04-09,2025-04-13,2025-04-10,Correios,67.82,3
3369,PED-58226,2024-05-21,2024-05-25,2024-05-24,Correios,43.07,4
3370,PED-16899,2025-09-09,2025-09-12,2025-09-12,Jadlog,93.89,2
3371,PED-64454,2025-01-22,2025-01-27,2025-01-25,Correios,47.73,3
3372,PED-17318,2025-11-20,2025-11-26,2025-11-25,Total Express,82.79,2
3373,PED-39622,2024-12-23,2025-01-04,2025-01-07,Correios,134.86,1
3374,PED-94622,2025-08-23,2025-08-25,2025-08-29,Correios,73.43,3
3375,PED-25761,2025-05-10,2025-05-14,2025-05-12,Correios,56.62,4
3376,PED-46811,2025-09-04,2025-09-07,2025-09-11,Jadlog,28.65,3
3377,PED-33097,2025-02-26,2025-03-10,2025-03-10,Total Express,125.37,4
3378,PED-99165,2025-12-12,2025-12-18,2025-12-18,Total Express,14.42,4
3379,PED-31443,2024-12-12,2024-12-17,2024-12-23,Correios,99.28,4
3380,PED-39171,2024-10-03,2024-10-10,2024-10-08,Total Express,69.09,2
3381,PED-62468,2025-05-20,2025-05-31,2025-06-02,Jadlog,61.69,2
3382,PED-24611,2025-05-01,2025-05-10,2025-05-06,Jadlog,128.26,1
3383,PED-29988,2025-04-07,2025-04-19,2025-04-20,Total Express,131.08,1
3384,PED-52661,2026-01-14,2026-01-16,2026-01-17,Correios,12.8,2
3385,PED-33354,2025-03-30,2025-04-08,2025-04-14,correios,16.67,2
3386,PED-96844,2025-11-24,2025-12-01,2025-12-04,correios,23.83,1
3387,PED-39715,2025-03-14,2025-03-25,2025-03-25,Correios,109.54,2
3388,PED-92253,2024-09-23,2024-10-01,2024-10-05,Correios,73.26,2
3389,PED-25941,2025-08-08,2025-08-10,2025-08-09,correios,57.91,3
3390,PED-77908,2025-08-11,2025-08-18,2025-08-16,Total Express,31.23,1
3391,PED-34443,2025-03-11,2025-03-22,2025-03-28,Total Express,111.5,3
3392,PED-90657,2024-09-24,2024-09-28,2024-09-29,Jadlog,117.2,2
3393,PED-32148,2025-10-07,2025-10-12,2025-10-10,correios,92.47,4
3394,PED-34917,2026-01-07,2026-01-12,2026-01-17,correios,8.19,3
3395,PED-56404,2025-05-02,2025-05-11,2025-05-10,correios,25.05,4
3396,PED-76489,2025-05-30,2025-06-07,2025-06-04,Jadlog,136.3,4
3397,PED-16416,2025-01-09,2025-01-17,2025-01-14,Total Express,14.01,2
3398,PED-75252,2024-10-20,2024-10-28,2024-11-02,Correios,108.91,2
3399,PED-15056,2025-05-25,2025-05-30,2025-06-01,Correios,9.87,1
3400,PED-23077,2024-03-30,2024-04-03,2024-04-05,Jadlog,93.11,2
3401,PED-83429,2026-01-10,2026-01-20,2026-01-26,correios,101.2,4
3402,PED-66982,2024-11-27,2024-12-09,2024-12-15,Jadlog,78.51,3
3403,PED-36254,2026-01-24,2026-02-01,2026-02-04,Jadlog,66.43,3
3404,PED-37501,2024-08-23,2024-08-27,2024-08-25,correios,137.64,2
3405,PED-76631,2024-07-06,2024-07-10,2024-07-08,Correios,91.79,3
3406,PED-55364,2025-10-11,2025-10-17,2025-10-15,correios,102.69,2
3407,PED-63087,2025-02-24,2025-02-28,2025-03-01,Correios,57.77,3
3408,PED-95994,2024-11-05,2024-11-10,2024-11-11,Correios,126.83,2
3409,PED-42065,2025-03-12,2025-03-24,2025-03-27,Correios,120.87,1
3410,PED-45593,2025-01-15,2025-01-25,2025-01-21,Total Express,98.24,4
3411,PED-40974,2024-03-02,2024-03-08,2024-03-05,Correios,72.09,3
3412,PED-49962,2024-02-22,2024-02-27,2024-03-02,Correios,94.22,3
3413,PED-96506,2025-02-13,2025-02-17,2025-02-13,Correios,37.01,4
3414,PED-96651,2025-07-24,2025-07-28,2025-07-30,Correios,75.15,3
3415,PED-40046,2025-04-04,2025-04-16,2025-04-18,Total Express,94.7,4
3416,PED-46287,2024-11-09,2024-11-12,2024-11-13,Total Express,13.94,3
3417,PED-19531,2025-03-02,2025-03-08,2025-03-13,correios,131.66,1
3418,PED-66114,2024-06-09,2024-06-16,2024-06-13,Jadlog,17.51,3
3419,PED-45601,2025-08-29,2025-09-05,2025-09-07,Correios,83.18,1
3420,PED-87650,2025-11-19,2025-11-30,2025-12-02,correios,86.0,4
3421,PED-56891,2024-07-19,2024-07-29,2024-08-01,correios,15.95,1
3422,PED-43242,2025-07-27,2025-07-31,2025-07-27,correios,65.37,2
3423,PED-19321,2025-08-27,2025-09-08,2025-09-04,Total Express,20.68,1
3424,PED-19606,2025-02-17,2025-02-21,2025-02-21,correios,83.45,4
3425,PED-70654,2024-02-28,2024-03-10,2024-03-12,Total Express,61.59,4
3426,PED-31623,2025-12-07,2025-12-12,2025-12-09,Total Express,72.75,4
3427,PED-88897,2025-01-24,2025-01-29,2025-01-26,correios,25.4,4
3428,PED-70343,2024-12-03,2024-12-15,2024-12-11,Jadlog,99.8,4
3429,PED-65096,2024-02-25,2024-03-08,2024-03-12,Jadlog,39.31,2
3430,PED-84929,2024-05-10,2024-05-22,2024-05-28,Jadlog,34.8,1
3431,PED-53098,2025-09-08,2025-09-20,2025-09-22,Jadlog,32.87,3
3432,PED-26343,2024-11-16,2024-11-20,2024-11-19,correios,14.03,1
3433,PED-56133,2024-12-03,2024-12-14,2024-12-11,Correios,110.25,4
3434,PED-47065,2024-05-30,2024-06-07,2024-06-07,Total Express,113.54,3
3435,PED-16545,2024-10-02,2024-10-11,2024-10-07,Correios,26.52,4
3436,PED-50525,2025-06-04,2025-06-12,2025-06-12,Total Express,73.53,3
3437,PED-87736,2024-10-06,2024-10-17,2024-10-20,Total Express,129.88,1
3438,PED-60548,2024-02-17,2024-02-25,2024-02-24,Jadlog,64.32,1
3439,PED-14328,2024-06-25,2024-07-01,2024-07-02,Correios,61.69,3
3440,PED-71637,2024-10-04,2024-10-11,2024-10-10,correios,12.97,4
3441,PED-65918,2025-05-04,2025-05-10,2025-05-15,correios,135.1,4
3442,PED-93229,2026-01-20,2026-01-23,2026-01-20,Jadlog,26.13,4
3443,PED-36986,2024-07-10,2024-07-15,2024-07-16,Correios,99.7,4
3444,PED-58235,2024-09-28,2024-09-30,2024-09-28,Jadlog,22.54,2
3445,PED-98397,2025-07-03,2025-07-12,2025-07-14,correios,64.31,2
3446,PED-90488,2025-07-04,2025-07-07,2025-07-08,Jadlog,128.93,3
3447,PED-55702,2025-05-15,2025-05-26,2025-05-28,Jadlog,62.64,4
3448,PED-53307,2024-05-08,2024-05-13,2024-05-13,Jadlog,123.45,3
3449,PED-43737,2025-07-10,2025-07-15,2025-07-15,Correios,112.51,3
3450,PED-61841,2024-12-06,2024-12-17,2024-12-14,correios,107.39,2
3451,PED-85801,2025-02-13,2025-02-19,2025-02-19,Total Express,45.63,3
3452,PED-12251,2024-08-05,2024-08-13,2024-08-13,correios,27.29,1
3453,PED-75602,2026-01-26,2026-02-06,2026-02-07,Total Express,24.94,4
3454,PED-97688,2025-10-05,2025-10-10,2025-10-15,Jadlog,21.17,2
3455,PED-84843,2024-12-28,2024-12-31,2024-12-27,Total Express,25.04,2
3456,PED-15682,2024-08-07,2024-08-10,2024-08-13,Total Express,51.14,3
3457,PED-92614,2025-08-17,2025-08-22,2025-08-22,Total Express,56.91,4
3458,PED-26470,2024-04-27,2024-05-08,2024-05-06,Correios,40.27,1
3459,PED-84276,2025-01-30,2025-02-05,2025-02-05,Total Express,119.97,4
3460,PED-90076,2025-07-14,2025-07-17,2025-07-15,correios,82.79,1
3461,PED-23977,2024-05-07,2024-05-11,2024-05-12,correios,110.8,2
3462,PED-61574,2025-11-14,2025-11-23,2025-11-24,Jadlog,77.8,4
3463,PED-86329,2024-07-08,2024-07-13,2024-07-14,Jadlog,90.9,4
3464,PED-66392,2025-04-07,2025-04-09,2025-04-13,Correios,129.8,2
3465,PED-57250,2025-06-26,2025-06-29,2025-06-29,Jadlog,32.97,3
3466,PED-39004,2024-04-10,2024-04-18,2024-04-20,Correios,17.57,3
3467,PED-48879,2024-06-24,2024-06-26,2024-06-25,correios,33.15,4
3468,PED-27790,2024-09-25,2024-09-29,2024-10-05,Correios,121.25,2
3469,PED-48371,2025-04-30,2025-05-06,2025-05-09,correios,43.0,2
3470,PED-12453,2025-08-09,2025-08-21,2025-08-18,Jadlog,38.62,4
3471,PED-76117,2025-01-08,2025-01-19,2025-01-21,Total Express,111.15,1
3472,PED-95344,2025-03-25,2025-03-27,2025-03-31,Jadlog,101.82,2
3473,PED-59994,2026-01-17,2026-01-28,2026-01-28,Correios,28.19,1
3474,PED-73870,2025-10-25,2025-11-06,2025-11-12,Total Express,125.38,1
3475,PED-34683,2024-10-16,2024-10-25,2024-10-25,Correios,47.88,3
3476,PED-39934,2025-10-07,2025-10-09,2025-10-07,Jadlog,133.04,2
3477,PED-89888,2025-02-12,2025-02-16,2025-02-20,Jadlog,63.72,3
3478,PED-54141,2025-01-10,2025-01-14,2025-01-17,correios,34.26,2
3479,PED-91737,2025-03-03,2025-03-13,2025-03-11,correios,9.23,1
3480,PED-62595,2025-12-19,2025-12-23,2025-12-24,Correios,36.45,1
3481,PED-38765,2025-03-25,2025-03-30,2025-03-26,correios,41.48,4
3482,PED-26102,2025-09-02,2025-09-11,2025-09-08,Total Express,111.4,3
3483,PED-65950,2024-09-09,2024-09-11,2024-09-14,correios,110.42,3
3484,PED-17427,2025-04-14,2025-04-21,2025-04-20,correios,44.7,3
3485,PED-20255,2025-08-06,2025-08-11,2025-08-07,correios,128.15,3
3486,PED-40800,2025-05-10,2025-05-19,2025-05-17,Correios,36.62,2
3487,PED-80802,2026-01-26,2026-01-28,2026-01-26,Jadlog,68.52,1
3488,PED-31370,2025-06-21,2025-06-24,2025-06-27,correios,95.37,2
3489,PED-58929,2025-07-25,2025-07-31,2025-07-27,Correios,65.99,4
3490,PED-81626,2025-06-21,2025-06-27,2025-07-03,Total Express,104.31,1
3491,PED-93369,2025-08-11,2025-08-20,2025-08-26,Total Express,50.39,3
3492,PED-91565,2024-11-22,2024-11-30,2024-11-27,correios,130.19,1
3493,PED-93862,2025-03-11,2025-03-19,2025-03-20,correios,78.86,4
3494,PED-71493,2026-01-06,2026-01-10,2026-01-16,correios,52.81,1
3495,PED-51504,2024-07-08,2024-07-12,2024-07-10,Correios,113.95,3
3496,PED-79963,2024-04-13,2024-04-21,2024-04-23,Jadlog,102.06,2
3497,PED-42650,2025-11-10,2025-11-15,2025-11-18,correios,67.58,1
3498,PED-27038,2024-04-18,2024-04-22,2024-04-19,Correios,19.35,1
3499,PED-70016,2025-10-12,2025-10-15,2025-10-19,Correios,39.11,3
3500,PED-90503,2025-05-09,2025-05-19,2025-05-21,Correios,96.39,1
3501,PED-73534,2025-07-27,2025-08-05,2025-08-01,Jadlog,99.55,2
3502,PED-56205,2024-06-11,2024-06-22,2024-06-20,Correios,85.58,3
3503,PED-88404,2025-01-11,2025-01-18,2025-01-16,Jadlog,105.05,1
3504,PED-32631,2024-03-23,2024-04-01,2024-03-29,correios,26.76,4
3505,PED-42738,2025-06-11,2025-06-19,2025-06-19,correios,81.6,2
3506,PED-57279,2024-05-17,2024-05-21,2024-05-17,Jadlog,27.75,1
3507,PED-59398,2025-11-24,2025-12-02,2025-11-30,Jadlog,98.43,3
3508,PED-60135,2025-04-08,2025-04-19,2025-04-25,correios,127.96,1
3509,PED-36523,2025-11-19,2025-11-29,2025-11-28,Jadlog,46.86,4
3510,PED-75824,2024-03-02,2024-03-04,2024-03-04,Total Express,75.13,3
3511,PED-70899,2025-11-08,2025-11-10,2025-11-10,Correios,114.19,1
3512,PED-99537,2025-01-14,2025-01-21,2025-01-26,Total Express,109.11,3
3513,PED-51054,2025-04-25,2025-04-28,2025-05-03,correios,112.02,4
3514,PED-91777,2025-08-25,2025-09-03,2025-09-03,correios,60.44,2
3515,PED-51488,2025-10-08,2025-10-12,2025-10-17,Total Express,38.78,2
3516,PED-72149,2024-10-25,2024-11-03,2024-11-06,Jadlog,112.91,2
3517,PED-30134,2024-04-18,2024-04-25,2024-04-30,Correios,63.22,4
3518,PED-20972,2025-06-09,2025-06-16,2025-06-20,correios,114.86,2
3519,PED-58350,2024-12-02,2024-12-04,2024-12-10,correios,27.92,3
3520,PED-52281,2025-03-25,2025-03-28,2025-03-25,Total Express,36.82,2
3521,PED-51393,2025-04-10,2025-04-21,2025-04-22,Total Express,38.7,2
3522,PED-30207,2024-04-13,2024-04-22,2024-04-28,Total Express,30.75,3
3523,PED-15602,2024-11-17,2024-11-29,2024-11-27,Total Express,57.76,3
3524,PED-91723,2025-02-12,2025-02-24,2025-02-24,Correios,93.31,3
3525,PED-36838,2025-01-03,2025-01-06,2025-01-05,Correios,37.44,1
3526,PED-85221,2025-03-06,2025-03-08,2025-03-08,correios,100.98,2
3527,PED-20971,2025-03-18,2025-03-21,2025-03-27,correios,120.27,1
3528,PED-58773,2024-03-14,2024-03-18,2024-03-15,Jadlog,75.5,1
3529,PED-30139,2025-05-12,2025-05-19,2025-05-23,Total Express,79.73,4
3530,PED-11105,2025-04-21,2025-04-29,2025-04-29,Correios,108.79,1
3531,PED-44359,2025-07-18,2025-07-28,2025-07-29,Correios,59.41,3
3532,PED-10125,2025-05-18,2025-05-22,2025-05-28,Correios,112.89,2
3533,PED-75251,2024-08-15,2024-08-26,2024-08-30,Total Express,92.25,4
3534,PED-78259,2025-11-16,2025-11-21,2025-11-22,Jadlog,110.42,4
3535,PED-46932,2025-08-20,2025-09-01,2025-09-03,Total Express,106.86,1
3536,PED-26947,2025-03-18,2025-03-29,2025-03-31,correios,47.1,2
3537,PED-28469,2025-12-19,2025-12-22,2025-12-27,Total Express,114.74,2
3538,PED-33989,2024-05-16,2024-05-19,2024-05-18,Correios,48.34,1
3539,PED-31377,2025-05-10,2025-05-12,2025-05-12,Jadlog,78.21,1
3540,PED-76988,2024-06-16,2024-06-22,2024-06-25,Correios,19.89,4
3541,PED-87087,2024-06-04,2024-06-08,2024-06-10,Jadlog,83.95,1
3542,PED-77330,2025-12-22,2026-01-03,2026-01-01,correios,22.64,1
3543,PED-66621,2024-03-30,2024-04-01,2024-03-31,Total Express,62.1,2
3544,PED-10705,2025-10-30,2025-11-01,2025-10-28,Jadlog,131.58,2
3545,PED-35348,2025-04-29,2025-05-09,2025-05-10,Total Express,32.89,1
3546,PED-92812,2025-09-20,2025-09-22,2025-09-23,Correios,51.12,2
3547,PED-79397,2024-02-06,2024-02-12,2024-02-11,correios,80.58,1
3548,PED-31212,2025-09-24,2025-10-01,2025-10-05,Total Express,119.2,2
3549,PED-90145,2024-09-21,2024-10-03,2024-10-08,Correios,15.87,4
3550,PED-31497,2024-10-21,2024-10-31,2024-11-02,Total Express,107.83,2
3551,PED-82851,2025-06-01,2025-06-06,2025-06-04,correios,124.43,4
3552,PED-38113,2024-05-24,2024-06-05,2024-06-04,Total Express,61.79,1
3553,PED-93230,2024-02-25,2024-03-06,2024-03-07,Correios,124.59,4
3554,PED-69621,2025-09-03,2025-09-07,2025-09-09,Correios,40.71,3
3555,PED-19749,2024-04-21,2024-04-24,2024-04-20,correios,28.47,2
3556,PED-89793,2025-04-28,2025-05-03,2025-05-02,correios,21.09,2
3557,PED-70435,2024-10-03,2024-10-10,2024-10-08,Correios,77.74,3
3558,PED-73213,2024-11-19,2024-11-21,2024-11-23,Total Express,58.9,1
3559,PED-58527,2024-07-23,2024-07-31,2024-08-06,correios,8.83,1
3560,PED-42422,2024-06-29,2024-07-11,2024-07-11,Correios,89.99,4
3561,PED-63706,2025-07-27,2025-08-07,2025-08-10,Correios,68.81,1
3562,PED-64919,2024-03-02,2024-03-09,2024-03-14,correios,79.41,3
3563,PED-75205,2025-05-06,2025-05-13,2025-05-19,correios,104.94,1
3564,PED-59397,2024-12-06,2024-12-10,2024-12-12,Jadlog,99.86,4
3565,PED-32389,2024-11-23,2024-12-03,2024-12-05,Jadlog,83.87,1
3566,PED-68748,2024-11-25,2024-11-29,2024-11-30,correios,48.66,2
3567,PED-39296,2024-11-25,2024-12-02,2024-12-03,Jadlog,96.59,1
3568,PED-27891,2024-05-30,2024-06-08,2024-06-08,Correios,66.75,4
3569,PED-64002,2024-06-29,2024-07-03,2024-07-08,Total Express,85.92,3
3570,PED-85247,2025-11-06,2025-11-09,2025-11-12,Total Express,71.94,1
3571,PED-69937,2024-05-26,2024-06-05,2024-06-10,Jadlog,98.55,4
3572,PED-56129,2024-05-10,2024-05-16,2024-05-20,Jadlog,61.54,1
3573,PED-89726,2024-06-23,2024-07-03,2024-07-02,Jadlog,22.86,4
3574,PED-70074,2025-09-28,2025-10-03,2025-10-03,Jadlog,35.23,1
3575,PED-86582,2025-03-06,2025-03-14,2025-03-14,Correios,43.01,3
3576,PED-31845,2024-04-10,2024-04-12,2024-04-17,Total Express,123.61,3
3577,PED-14115,2024-05-20,2024-05-24,2024-05-21,correios,60.6,4
3578,PED-62456,2024-06-23,2024-06-25,2024-06-27,Jadlog,80.98,1
3579,PED-33480,2024-08-25,2024-08-27,2024-08-31,Jadlog,78.57,3
3580,PED-23680,2024-11-06,2024-11-13,2024-11-17,correios,8.07,2
3581,PED-53238,2025-05-03,2025-05-15,2025-05-11,Total Express,48.28,2
3582,PED-72092,2024-04-02,2024-04-13,2024-04-18,Jadlog,118.01,1
3583,PED-64525,2025-06-12,2025-06-22,2025-06-23,correios,9.92,4
3584,PED-16192,2024-03-22,2024-03-29,2024-03-25,Correios,36.1,3
3585,PED-62860,2024-02-27,2024-03-06,2024-03-12,Correios,86.17,3
3586,PED-12265,2025-02-02,2025-02-14,2025-02-13,Jadlog,59.14,1
3587,PED-84099,2026-02-01,2026-02-11,2026-02-11,correios,116.96,3
3588,PED-84643,2025-07-21,2025-07-29,2025-08-01,Correios,74.35,4
3589,PED-25507,2024-10-11,2024-10-13,2024-10-19,Total Express,29.38,1
3590,PED-92709,2025-09-12,2025-09-14,2025-09-11,correios,64.46,1
3591,PED-45570,2025-08-14,2025-08-16,2025-08-15,Jadlog,48.0,3
3592,PED-88027,2025-10-21,2025-10-25,2025-10-30,Correios,59.93,3
3593,PED-65304,2025-01-19,2025-01-31,2025-02-01,Total Express,116.04,3
3594,PED-15061,2024-02-12,2024-02-16,2024-02-16,Total Express,26.71,2
3595,PED-55114,2024-05-02,2024-05-05,2024-05-06,Total Express,123.14,2
3596,PED-33364,2024-05-01,2024-05-08,2024-05-10,correios,131.94,2
3597,PED-11037,2025-02-16,2025-02-19,2025-02-24,Jadlog,39.14,3
3598,PED-43897,2025-06-17,2025-06-26,2025-06-22,Total Express,48.56,4
3599,PED-47823,2025-02-13,2025-02-19,2025-02-23,Jadlog,57.15,2
3600,PED-52763,2025-01-18,2025-01-29,2025-01-31,correios,20.72,2
3601,PED-50965,2024-07-01,2024-07-11,2024-07-10,Correios,72.56,1
3602,PED-53649,2024-03-10,2024-03-14,2024-03-14,Jadlog,36.8,2
3603,PED-10435,2025-09-01,2025-09-12,2025-09-08,correios,60.06,2
3604,PED-71905,2025-09-28,2025-10-01,2025-09-28,correios,129.85,2
3605,PED-74835,2025-07-30,2025-08-11,2025-08-14,correios,64.18,3
3606,PED-81509,2025-08-11,2025-08-21,2025-08-27,correios,89.51,3
3607,PED-82632,2025-09-22,2025-10-04,2025-10-05,Jadlog,30.57,3
3608,PED-55387,2024-10-22,2024-10-26,2024-11-01,correios,102.09,3
3609,PED-25159,2025-03-21,2025-03-24,2025-03-26,Jadlog,72.58,1
3610,PED-17174,2024-12-30,2025-01-08,2025-01-05,Jadlog,128.94,1
3611,PED-88549,2024-12-22,2024-12-29,2024-12-29,Correios,42.1,4
3612,PED-71815,2025-05-03,2025-05-09,2025-05-09,correios,108.94,2
3613,PED-49002,2024-05-05,2024-05-12,2024-05-10,Total Express,123.35,3
3614,PED-25608,2024-12-30,2025-01-02,2025-01-05,Jadlog,84.64,4
3615,PED-47930,2024-12-27,2025-01-01,2025-01-01,correios,12.84,2
3616,PED-80033,2025-11-15,2025-11-24,2025-11-28,Correios,37.34,1
3617,PED-65218,2024-04-25,2024-05-05,2024-05-04,Correios,123.35,1
3618,PED-94450,2025-08-30,2025-09-04,2025-09-03,correios,64.38,1
3619,PED-76326,2025-09-02,2025-09-12,2025-09-15,correios,115.2,1
3620,PED-72903,2025-11-14,2025-11-21,2025-11-19,Total Express,33.91,3
3621,PED-34111,2025-06-02,2025-06-12,2025-06-14,Jadlog,98.32,3
3622,PED-68349,2025-08-28,2025-09-01,2025-08-29,Jadlog,61.93,2
3623,PED-73259,2025-08-29,2025-09-05,2025-09-04,Correios,21.4,1
3624,PED-99857,2025-07-23,2025-07-30,2025-08-01,Total Express,32.81,3
3625,PED-21484,2025-03-09,2025-03-17,2025-03-20,Total Express,66.44,4
3626,PED-62099,2025-05-29,2025-06-02,2025-06-07,Correios,138.28,2
3627,PED-27898,2024-03-05,2024-03-10,2024-03-12,Jadlog,125.3,4
3628,PED-16902,2025-05-30,2025-06-05,2025-06-06,Correios,99.01,1
3629,PED-88063,2025-07-08,2025-07-10,2025-07-14,Jadlog,71.32,1
3630,PED-99621,2025-05-20,2025-05-30,2025-05-29,Jadlog,29.61,1
3631,PED-63686,2024-07-12,2024-07-22,2024-07-27,Jadlog,127.41,2
3632,PED-61100,2024-12-22,2025-01-03,2025-01-03,Jadlog,105.17,3
3633,PED-90618,2024-07-19,2024-07-30,2024-08-05,Total Express,84.93,4
3634,PED-58619,2024-03-24,2024-03-28,2024-04-01,Total Express,51.37,3
3635,PED-77936,2025-12-16,2025-12-26,2025-12-24,Correios,119.22,1
3636,PED-19366,2024-03-26,2024-03-30,2024-03-28,Total Express,106.37,4
3637,PED-96551,2025-03-27,2025-04-06,2025-04-11,Correios,116.24,3
3638,PED-34580,2025-03-10,2025-03-20,2025-03-24,Total Express,126.63,4
3639,PED-86100,2025-04-01,2025-04-03,2025-04-04,Jadlog,128.9,3
3640,PED-44848,2025-11-19,2025-11-26,2025-11-23,correios,64.16,2
3641,PED-78599,2024-04-02,2024-04-12,2024-04-14,Correios,18.96,2
3642,PED-37514,2024-10-21,2024-11-02,2024-10-29,Jadlog,107.26,1
3643,PED-42212,2025-08-19,2025-08-22,2025-08-27,Total Express,118.13,1
3644,PED-85554,2025-03-31,2025-04-06,2025-04-07,Correios,125.15,1
3645,PED-85085,2025-01-24,2025-02-04,2025-02-10,correios,118.01,4
3646,PED-16159,2024-03-06,2024-03-15,2024-03-20,Jadlog,49.66,4
3647,PED-37227,2024-07-10,2024-07-18,2024-07-23,correios,116.65,3
3648,PED-96113,2025-10-20,2025-10-23,2025-10-29,Jadlog,106.28,1
3649,PED-97678,2025-09-10,2025-09-19,2025-09-15,Jadlog,33.76,4
3650,PED-25972,2025-07-25,2025-07-27,2025-07-24,correios,111.92,1
3651,PED-79813,2025-11-07,2025-11-09,2025-11-08,correios,120.57,4
3652,PED-94714,2024-05-26,2024-06-01,2024-05-30,Jadlog,54.14,2
3653,PED-85231,2024-10-24,2024-11-01,2024-10-28,Correios,99.09,3
3654,PED-75835,2025-04-28,2025-05-08,2025-05-05,Correios,13.64,3
3655,PED-49234,2024-08-13,2024-08-15,2024-08-13,correios,102.33,2
3656,PED-54990,2025-05-23,2025-05-31,2025-05-28,Total Express,35.14,4
3657,PED-20337,2025-04-25,2025-04-29,2025-05-02,correios,99.11,4
3658,PED-37392,2024-03-26,2024-04-06,2024-04-05,Jadlog,39.94,1
3659,PED-53760,2025-03-20,2025-03-22,2025-03-28,Jadlog,136.76,4
3660,PED-92951,2025-01-11,2025-01-14,2025-01-15,Jadlog,67.45,2
3661,PED-53818,2026-01-26,2026-01-29,2026-02-04,Total Express,116.29,2
3662,PED-84461,2025-09-23,2025-10-04,2025-10-07,correios,55.13,1
3663,PED-48034,2024-12-18,2024-12-21,2024-12-23,correios,59.86,1
3664,PED-76592,2025-03-06,2025-03-18,2025-03-16,correios,70.24,2
3665,PED-30762,2024-04-12,2024-04-21,2024-04-17,Total Express,139.57,4
3666,PED-54972,2025-08-20,2025-08-28,2025-08-24,correios,46.94,1
3667,PED-43610,2024-11-18,2024-11-26,2024-11-26,Correios,115.84,4
3668,PED-23741,2024-03-10,2024-03-13,2024-03-09,Total Express,134.57,3
3669,PED-53877,2024-05-09,2024-05-21,2024-05-20,Jadlog,62.07,3
3670,PED-26310,2024-08-21,2024-08-23,2024-08-24,Correios,32.94,1
3671,PED-38048,2024-06-30,2024-07-04,2024-07-07,Correios,42.86,4
3672,PED-65341,2024-11-26,2024-12-04,2024-12-03,correios,131.24,1
3673,PED-43969,2025-11-06,2025-11-12,2025-11-18,Jadlog,67.83,2
3674,PED-37710,2025-04-14,2025-04-25,2025-04-26,Correios,83.95,1
3675,PED-62708,2024-12-13,2024-12-21,2024-12-24,Jadlog,99.76,1
3676,PED-32692,2025-10-13,2025-10-24,2025-10-22,Jadlog,131.88,4
3677,PED-55954,2026-01-19,2026-01-25,2026-01-26,Correios,120.95,2
3678,PED-69464,2026-01-11,2026-01-18,2026-01-22,correios,119.65,1
3679,PED-35761,2024-03-07,2024-03-16,2024-03-16,Correios,92.72,4
3680,PED-25704,2025-08-02,2025-08-12,2025-08-16,Correios,108.0,3
3681,PED-49985,2024-04-30,2024-05-02,2024-05-01,correios,85.97,1
3682,PED-36941,2024-05-06,2024-05-16,2024-05-19,Total Express,66.5,3
3683,PED-40675,2025-10-20,2025-10-30,2025-10-29,correios,61.42,4
3684,PED-42908,2025-02-16,2025-02-25,2025-02-21,Correios,38.7,1
3685,PED-91617,2025-11-25,2025-12-06,2025-12-02,Correios,132.35,3
3686,PED-93481,2025-03-30,2025-04-04,2025-04-08,Total Express,135.95,2
3687,PED-61891,2026-01-08,2026-01-18,2026-01-16,correios,54.03,2
3688,PED-18889,2024-10-23,2024-10-25,2024-10-25,correios,121.83,2
3689,PED-14567,2024-08-01,2024-08-04,2024-08-09,Jadlog,67.43,2
3690,PED-46634,2024-06-26,2024-06-28,2024-06-28,Correios,10.6,4
3691,PED-23068,2025-05-11,2025-05-22,2025-05-22,correios,29.06,3
3692,PED-94311,2025-02-12,2025-02-17,2025-02-21,Correios,15.85,4
3693,PED-22948,2025-04-12,2025-04-23,2025-04-23,correios,27.03,3
3694,PED-13691,2025-04-17,2025-04-27,2025-04-30,Total Express,27.94,4
3695,PED-63329,2025-07-18,2025-07-24,2025-07-29,correios,32.2,3
3696,PED-49131,2025-09-12,2025-09-15,2025-09-18,correios,32.49,1
3697,PED-98270,2024-02-15,2024-02-21,2024-02-27,correios,30.76,1
3698,PED-91508,2025-02-27,2025-03-02,2025-03-06,Correios,12.68,3
3699,PED-66573,2024-10-31,2024-11-08,2024-11-12,Correios,98.76,2
3700,PED-11572,2025-02-21,2025-02-23,2025-02-26,correios,80.09,4
3701,PED-17351,2024-07-12,2024-07-24,2024-07-22,correios,110.83,1
3702,PED-40991,2024-02-10,2024-02-21,2024-02-22,Total Express,125.91,4
3703,PED-84873,2024-02-26,2024-03-01,2024-02-27,Jadlog,33.95,1
3704,PED-70928,2025-04-18,2025-04-20,2025-04-21,Total Express,87.85,1
3705,PED-74871,2024-12-08,2024-12-10,2024-12-07,correios,26.03,1
3706,PED-38336,2025-03-27,2025-03-29,2025-04-01,Total Express,19.81,1
3707,PED-32500,2024-04-24,2024-05-06,2024-05-09,correios,20.35,2
3708,PED-84235,2025-11-22,2025-12-02,2025-12-04,Correios,106.11,4
3709,PED-61098,2024-05-08,2024-05-11,2024-05-17,Total Express,26.81,1
3710,PED-51446,2024-06-18,2024-06-20,2024-06-20,Jadlog,106.14,1
3711,PED-84642,2025-07-23,2025-08-01,2025-07-29,correios,80.22,1
3712,PED-69609,2025-05-06,2025-05-15,2025-05-11,Jadlog,48.44,4
3713,PED-39567,2025-09-14,2025-09-16,2025-09-14,Jadlog,46.69,2
3714,PED-28903,2024-09-05,2024-09-09,2024-09-10,Correios,93.53,1
3715,PED-33735,2024-10-10,2024-10-14,2024-10-15,correios,128.3,3
3716,PED-97073,2024-05-18,2024-05-21,2024-05-19,Correios,85.0,3
3717,PED-33631,2024-11-01,2024-11-10,2024-11-13,Total Express,89.45,2
3718,PED-65137,2025-11-19,2025-12-01,2025-11-29,Jadlog,49.69,2
3719,PED-63605,2024-10-26,2024-10-30,2024-11-02,Correios,94.0,3
3720,PED-98752,2024-02-15,2024-02-25,2024-02-21,correios,43.69,3
3721,PED-80785,2024-05-16,2024-05-23,2024-05-28,Jadlog,22.78,1
3722,PED-23933,2025-10-25,2025-10-29,2025-10-26,Correios,50.2,1
3723,PED-80843,2024-09-29,2024-10-03,2024-10-05,Total Express,139.12,3
3724,PED-64214,2024-04-20,2024-05-01,2024-05-05,Jadlog,71.22,4
3725,PED-65220,2025-09-24,2025-10-04,2025-10-10,correios,36.23,4
3726,PED-75562,2026-01-05,2026-01-07,2026-01-03,Jadlog,49.18,3
3727,PED-40241,2026-01-26,2026-01-28,2026-02-01,Total Express,116.35,1
3728,PED-84958,2025-04-17,2025-04-28,2025-04-25,Correios,72.77,2
3729,PED-49423,2024-05-12,2024-05-15,2024-05-17,Correios,14.65,2
3730,PED-91962,2025-06-23,2025-07-01,2025-07-06,correios,118.04,3
3731,PED-80822,2025-06-16,2025-06-21,2025-06-21,Jadlog,75.3,3
3732,PED-76082,2024-06-17,2024-06-26,2024-06-22,correios,23.48,4
3733,PED-66582,2026-01-18,2026-01-25,2026-01-25,correios,27.54,1
3734,PED-31823,2025-02-16,2025-02-20,2025-02-17,correios,106.14,4
3735,PED-11906,2025-08-26,2025-09-07,2025-09-05,Jadlog,127.15,1
3736,PED-10259,2025-11-13,2025-11-18,2025-11-17,Correios,10.72,4
3737,PED-62862,2025-05-01,2025-05-06,2025-05-06,Total Express,39.58,1
3738,PED-10440,2024-05-13,2024-05-24,2024-05-20,Correios,24.01,1
3739,PED-13033,2024-12-07,2024-12-15,2024-12-11,Correios,58.75,2
3740,PED-99851,2025-06-06,2025-06-11,2025-06-09,Total Express,34.6,4
3741,PED-79721,2025-09-08,2025-09-19,2025-09-25,Total Express,105.68,1
3742,PED-81011,2025-09-23,2025-10-01,2025-09-27,Jadlog,47.63,1
3743,PED-72918,2024-11-19,2024-11-29,2024-12-01,Jadlog,59.28,1
3744,PED-88213,2024-11-05,2024-11-07,2024-11-03,Jadlog,98.33,2
3745,PED-22685,2024-09-27,2024-10-05,2024-10-02,correios,133.81,1
3746,PED-21162,2025-09-24,2025-09-27,2025-10-01,Jadlog,20.21,3
3747,PED-75699,2024-05-03,2024-05-09,2024-05-10,correios,108.22,3
3748,PED-34787,2025-07-29,2025-08-02,2025-07-29,Jadlog,114.25,1
3749,PED-36667,2024-07-27,2024-07-30,2024-07-31,Jadlog,108.67,3
3750,PED-13928,2024-07-28,2024-08-05,2024-08-07,Total Express,50.46,3
3751,PED-45826,2024-10-10,2024-10-16,2024-10-21,Total Express,65.02,2
3752,PED-17675,2025-11-26,2025-11-28,2025-11-25,correios,43.24,1
3753,PED-22006,2025-08-11,2025-08-15,2025-08-19,correios,129.53,2
3754,PED-88179,2025-03-31,2025-04-10,2025-04-13,Jadlog,135.8,2
3755,PED-14414,2024-07-08,2024-07-16,2024-07-14,Jadlog,74.11,1
3756,PED-52567,2025-04-08,2025-04-17,2025-04-17,correios,69.72,3
3757,PED-63947,2025-11-27,2025-12-09,2025-12-08,Jadlog,29.09,2
3758,PED-12280,2025-10-02,2025-10-09,2025-10-12,Correios,46.9,2
3759,PED-83402,2025-09-23,2025-10-04,2025-10-01,correios,80.82,3
3760,PED-25229,2025-09-15,2025-09-18,2025-09-22,Total Express,131.85,2
3761,PED-55344,2026-01-12,2026-01-24,2026-01-25,Correios,45.87,4
3762,PED-17973,2025-07-22,2025-07-25,2025-07-21,Total Express,87.41,2
3763,PED-65898,2024-06-01,2024-06-03,2024-06-03,Total Express,11.11,1
3764,PED-41759,2025-02-25,2025-03-01,2025-03-05,correios,68.49,1
3765,PED-36280,2025-12-12,2025-12-15,2025-12-13,correios,82.95,4
3766,PED-21740,2025-07-23,2025-07-26,2025-07-27,correios,11.88,3
3767,PED-11511,2025-12-06,2025-12-16,2025-12-17,Total Express,105.08,4
3768,PED-43888,2025-12-21,2025-12-28,2025-12-27,Jadlog,58.4,1
3769,PED-33292,2024-05-24,2024-05-30,2024-06-05,correios,137.16,4
3770,PED-49301,2025-12-19,2025-12-24,2025-12-30,Total Express,116.93,1
3771,PED-21549,2024-08-22,2024-08-25,2024-08-30,Jadlog,39.23,3
3772,PED-36864,2025-05-10,2025-05-19,2025-05-25,Jadlog,72.92,2
3773,PED-55838,2025-01-23,2025-01-29,2025-01-28,Total Express,18.97,4
3774,PED-31388,2024-02-14,2024-02-24,2024-02-22,Jadlog,107.91,2
3775,PED-34021,2024-08-25,2024-09-03,2024-09-09,Total Express,67.8,1
3776,PED-64828,2025-08-10,2025-08-20,2025-08-22,Total Express,131.41,4
3777,PED-46183,2024-09-12,2024-09-16,2024-09-14,Correios,134.24,4
3778,PED-67933,2024-08-04,2024-08-12,2024-08-16,Jadlog,112.29,3
3779,PED-20553,2025-03-23,2025-04-01,2025-04-04,correios,84.32,2
3780,PED-14784,2024-11-10,2024-11-17,2024-11-13,Total Express,136.7,1
3781,PED-75614,2024-03-31,2024-04-10,2024-04-10,Total Express,139.13,2
3782,PED-51052,2026-01-02,2026-01-06,2026-01-05,Jadlog,115.14,3
3783,PED-64955,2025-11-27,2025-11-29,2025-11-29,Total Express,80.29,1
3784,PED-54076,2025-04-08,2025-04-12,2025-04-09,Total Express,119.34,3
3785,PED-43656,2025-11-07,2025-11-11,2025-11-12,correios,10.27,4
3786,PED-47100,2025-02-08,2025-02-20,2025-02-20,Correios,109.17,1
3787,PED-74626,2025-06-11,2025-06-23,2025-06-28,correios,80.16,1
3788,PED-70764,2024-03-31,2024-04-10,2024-04-08,correios,8.33,4
3789,PED-39536,2024-03-06,2024-03-11,2024-03-11,Jadlog,97.39,3
3790,PED-33431,2025-12-31,2026-01-10,2026-01-14,Correios,77.73,3
3791,PED-80364,2024-05-25,2024-06-05,2024-06-07,Correios,139.09,4
3792,PED-55523,2025-11-01,2025-11-07,2025-11-03,Correios,115.79,1
3793,PED-31102,2025-12-22,2025-12-26,2025-12-23,Jadlog,49.05,3
3794,PED-42392,2024-12-06,2024-12-09,2024-12-07,Correios,23.64,4
3795,PED-90124,2024-12-18,2024-12-20,2024-12-20,Total Express,8.55,2
3796,PED-23170,2025-10-26,2025-11-04,2025-11-02,Total Express,14.98,1
3797,PED-18189,2024-06-27,2024-07-02,2024-06-30,correios,21.86,4
3798,PED-91644,2025-04-10,2025-04-20,2025-04-25,Correios,18.58,3
3799,PED-37506,2024-04-06,2024-04-08,2024-04-04,Jadlog,129.31,4
3800,PED-24016,2024-04-02,2024-04-05,2024-04-04,Total Express,106.68,4
3801,PED-64387,2024-07-23,2024-08-04,2024-08-08,Correios,111.05,1
3802,PED-30393,2025-03-18,2025-03-30,2025-04-01,Jadlog,98.25,1
3803,PED-22913,2026-01-25,2026-02-04,2026-02-04,Jadlog,119.59,4
3804,PED-57796,2025-09-22,2025-10-02,2025-10-03,Correios,90.99,1
3805,PED-54659,2025-12-31,2026-01-05,2026-01-08,correios,52.58,2
3806,PED-71937,2025-10-13,2025-10-16,2025-10-12,correios,81.67,4
3807,PED-71823,2024-12-29,2025-01-08,2025-01-04,correios,110.88,1
3808,PED-24673,2025-06-02,2025-06-07,2025-06-10,Total Express,21.96,1
3809,PED-24557,2024-06-11,2024-06-21,2024-06-25,Total Express,136.83,2
3810,PED-98715,2025-03-10,2025-03-14,2025-03-13,Total Express,41.17,4
3811,PED-35947,2025-01-08,2025-01-11,2025-01-15,Total Express,52.73,2
3812,PED-64948,2024-10-28,2024-10-30,2024-11-02,Correios,126.76,1
3813,PED-81700,2024-09-10,2024-09-14,2024-09-14,Correios,96.93,3
3814,PED-75601,2026-01-15,2026-01-22,2026-01-25,Correios,9.94,3
3815,PED-35448,2024-03-04,2024-03-16,2024-03-16,correios,36.15,4
3816,PED-25930,2025-08-19,2025-08-23,2025-08-21,Total Express,85.23,4
3817,PED-60125,2025-12-20,2025-12-31,2026-01-06,Jadlog,119.79,3
3818,PED-71886,2025-11-17,2025-11-25,2025-12-01,Correios,59.34,4
3819,PED-56728,2025-10-11,2025-10-23,2025-10-29,Correios,65.67,1
3820,PED-57798,2024-07-17,2024-07-22,2024-07-27,correios,19.81,1
3821,PED-49084,2024-12-15,2024-12-18,2024-12-20,correios,59.27,1
3822,PED-38519,2025-07-09,2025-07-18,2025-07-14,correios,56.05,3
3823,PED-37771,2025-02-27,2025-03-03,2025-03-03,Correios,89.84,2
3824,PED-47821,2024-10-16,2024-10-27,2024-10-25,Jadlog,74.45,2
3825,PED-49508,2025-12-10,2025-12-12,2025-12-08,Correios,105.49,1
3826,PED-39967,2025-08-12,2025-08-14,2025-08-15,Correios,27.45,3
3827,PED-72425,2024-05-06,2024-05-09,2024-05-11,Jadlog,108.8,4
3828,PED-42121,2024-10-16,2024-10-22,2024-10-24,correios,96.14,3
3829,PED-82083,2025-05-04,2025-05-09,2025-05-09,Correios,20.34,3
3830,PED-46193,2025-04-30,2025-05-02,2025-04-29,Total Express,63.52,2
3831,PED-86704,2024-10-15,2024-10-24,2024-10-28,Total Express,120.93,1
3832,PED-42346,2025-02-15,2025-02-22,2025-02-25,Jadlog,50.37,1
3833,PED-20008,2024-12-16,2024-12-20,2024-12-24,Total Express,127.8,3
3834,PED-40698,2024-02-23,2024-02-26,2024-02-24,Jadlog,108.99,4
3835,PED-54743,2024-07-17,2024-07-27,2024-07-24,Jadlog,42.27,4
3836,PED-98007,2026-01-07,2026-01-19,2026-01-15,Total Express,29.22,4
3837,PED-48749,2024-06-17,2024-06-19,2024-06-17,Jadlog,65.44,3
3838,PED-70630,2025-09-11,2025-09-17,2025-09-19,Total Express,26.66,3
3839,PED-23336,2024-10-25,2024-10-28,2024-10-31,Correios,68.81,1
3840,PED-26056,2024-07-11,2024-07-21,2024-07-24,Jadlog,58.72,3
3841,PED-79672,2024-11-21,2024-12-03,2024-12-06,correios,71.51,1
3842,PED-73789,2025-07-07,2025-07-12,2025-07-09,Jadlog,48.51,2
3843,PED-34341,2024-09-05,2024-09-15,2024-09-11,Total Express,47.14,1
3844,PED-52508,2025-11-22,2025-11-28,2025-12-02,Total Express,96.67,4
3845,PED-83744,2025-02-07,2025-02-09,2025-02-07,correios,51.87,4
3846,PED-62799,2024-10-18,2024-10-30,2024-11-03,correios,125.94,2
3847,PED-49355,2024-04-12,2024-04-22,2024-04-26,Correios,67.23,4
3848,PED-11348,2025-08-17,2025-08-23,2025-08-21,Total Express,94.16,4
3849,PED-28850,2024-04-07,2024-04-19,2024-04-18,Total Express,132.82,2
3850,PED-81891,2024-02-08,2024-02-15,2024-02-14,Total Express,70.82,2
3851,PED-26433,2024-05-29,2024-06-05,2024-06-10,correios,125.89,4
3852,PED-89610,2025-11-13,2025-11-23,2025-11-26,Correios,61.65,1
3853,PED-78592,2025-02-12,2025-02-18,2025-02-22,Total Express,86.05,2
3854,PED-53857,2024-12-11,2024-12-15,2024-12-11,Jadlog,110.62,3
3855,PED-13329,2024-09-11,2024-09-13,2024-09-14,correios,70.6,4
3856,PED-88142,2024-03-01,2024-03-04,2024-03-05,Total Express,64.64,3
3857,PED-35146,2024-02-12,2024-02-14,2024-02-15,Jadlog,62.32,1
3858,PED-88037,2026-01-07,2026-01-16,2026-01-20,Total Express,73.98,3
3859,PED-30812,2025-01-17,2025-01-24,2025-01-24,Total Express,120.27,1
3860,PED-44035,2024-02-08,2024-02-13,2024-02-17,correios,119.55,4
3861,PED-27070,2024-07-12,2024-07-17,2024-07-19,Total Express,104.18,2
3862,PED-32995,2024-07-24,2024-07-26,2024-07-24,correios,71.64,1
3863,PED-58626,2025-11-02,2025-11-05,2025-11-08,Total Express,64.22,1
3864,PED-65434,2024-11-24,2024-12-03,2024-11-30,correios,15.55,3
3865,PED-81197,2024-09-22,2024-09-26,2024-10-01,Jadlog,23.05,3
3866,PED-85644,2024-02-08,2024-02-18,2024-02-20,correios,12.27,2
3867,PED-85836,2025-01-18,2025-01-21,2025-01-23,Correios,35.37,2
3868,PED-33616,2025-10-31,2025-11-04,2025-10-31,Total Express,139.33,1
3869,PED-34167,2024-03-07,2024-03-10,2024-03-10,Total Express,43.46,1
3870,PED-81613,2025-01-08,2025-01-10,2025-01-12,Correios,122.62,4
3871,PED-38316,2024-06-21,2024-06-30,2024-06-26,Correios,60.81,2
3872,PED-54883,2025-05-11,2025-05-20,2025-05-16,Correios,132.26,3
3873,PED-37351,2025-05-04,2025-05-15,2025-05-14,correios,62.55,4
3874,PED-46655,2024-04-19,2024-04-23,2024-04-23,Total Express,84.24,1
3875,PED-83819,2025-08-28,2025-09-06,2025-09-04,Jadlog,111.29,4
3876,PED-10698,2024-08-19,2024-08-24,2024-08-28,correios,134.44,1
3877,PED-44093,2025-03-03,2025-03-11,2025-03-12,Correios,28.63,3
3878,PED-82095,2024-04-03,2024-04-14,2024-04-19,Jadlog,22.35,2
3879,PED-26675,2024-09-04,2024-09-15,2024-09-14,Total Express,100.49,4
3880,PED-21404,2025-04-21,2025-04-25,2025-04-29,correios,126.11,1
3881,PED-55621,2024-04-21,2024-04-29,2024-04-28,Correios,47.4,4
3882,PED-66419,2025-06-30,2025-07-02,2025-06-30,Total Express,67.74,3
3883,PED-31784,2024-02-21,2024-02-25,2024-02-28,Jadlog,54.98,2
3884,PED-44704,2024-02-15,2024-02-26,2024-02-29,Jadlog,11.09,1
3885,PED-66996,2024-04-17,2024-04-27,2024-05-01,Jadlog,115.72,4
3886,PED-64104,2024-08-07,2024-08-16,2024-08-17,Correios,30.39,1
3887,PED-84061,2024-07-06,2024-07-18,2024-07-15,correios,86.54,2
3888,PED-58680,2024-12-01,2024-12-05,2024-12-02,Jadlog,124.44,2
3889,PED-46633,2025-07-18,2025-07-29,2025-07-25,Jadlog,79.57,1
3890,PED-32721,2024-12-04,2024-12-15,2024-12-14,correios,54.0,2
3891,PED-32716,2025-04-30,2025-05-05,2025-05-04,Correios,134.38,2
3892,PED-15339,2026-01-16,2026-01-23,2026-01-20,correios,114.87,3
3893,PED-24879,2025-03-13,2025-03-20,2025-03-16,correios,138.59,3
3894,PED-14376,2026-02-02,2026-02-09,2026-02-15,correios,120.9,3
3895,PED-35380,2025-10-03,2025-10-08,2025-10-13,correios,33.44,2
3896,PED-61657,2024-11-18,2024-11-24,2024-11-23,correios,86.16,2
3897,PED-13493,2025-01-15,2025-01-17,2025-01-21,Jadlog,82.49,2
3898,PED-45319,2024-07-04,2024-07-07,2024-07-05,Jadlog,19.94,1
3899,PED-88439,2026-01-03,2026-01-12,2026-01-13,Total Express,49.32,2
3900,PED-28696,2024-02-10,2024-02-12,2024-02-09,correios,135.64,4
3901,PED-73061,2025-05-16,2025-05-21,2025-05-18,Total Express,48.79,3
3902,PED-18593,2025-10-03,2025-10-09,2025-10-07,Correios,58.68,3
3903,PED-84233,2024-11-10,2024-11-22,2024-11-19,correios,127.02,3
3904,PED-86802,2024-09-06,2024-09-17,2024-09-14,correios,31.87,4
3905,PED-23090,2024-05-19,2024-05-22,2024-05-21,Total Express,57.15,4
3906,PED-45922,2024-10-08,2024-10-12,2024-10-14,Total Express,50.04,4
3907,PED-23485,2025-07-08,2025-07-14,2025-07-16,correios,100.56,4
3908,PED-39958,2025-02-14,2025-02-17,2025-02-20,Correios,8.6,2
3909,PED-45203,2024-10-22,2024-11-03,2024-11-07,Jadlog,123.44,3
3910,PED-31786,2024-04-04,2024-04-06,2024-04-05,Correios,16.29,2
3911,PED-11301,2026-01-22,2026-01-29,2026-01-30,Jadlog,20.42,2
3912,PED-86269,2024-12-08,2024-12-12,2024-12-09,Correios,47.54,1
3913,PED-73584,2024-03-08,2024-03-18,2024-03-21,Total Express,92.18,3
3914,PED-26626,2025-03-19,2025-03-28,2025-04-02,Jadlog,99.4,3
3915,PED-22245,2024-02-15,2024-02-19,2024-02-17,correios,101.48,3
3916,PED-52118,2024-12-03,2024-12-15,2024-12-21,Correios,85.97,1
3917,PED-73321,2024-09-24,2024-09-30,2024-10-04,Total Express,13.47,4
3918,PED-85311,2024-11-12,2024-11-24,2024-11-26,correios,134.94,2
3919,PED-87275,2025-07-13,2025-07-17,2025-07-22,Total Express,54.77,3
3920,PED-31748,2025-01-15,2025-01-26,2025-01-22,Jadlog,69.68,3
3921,PED-17514,2025-04-25,2025-05-03,2025-05-03,Jadlog,92.02,3
3922,PED-35179,2025-07-22,2025-08-01,2025-08-05,correios,136.39,3
3923,PED-27691,2025-08-07,2025-08-15,2025-08-18,Total Express,112.09,1
3924,PED-62153,2025-06-11,2025-06-21,2025-06-21,Total Express,24.54,2
3925,PED-38404,2025-07-05,2025-07-12,2025-07-12,Jadlog,105.3,1
3926,PED-32121,2024-05-12,2024-05-23,2024-05-25,correios,30.78,3
3927,PED-79898,2025-12-22,2025-12-24,2025-12-21,correios,54.55,4
3928,PED-68618,2025-10-27,2025-10-31,2025-10-31,correios,80.93,2
3929,PED-33629,2024-11-14,2024-11-25,2024-11-25,Correios,19.96,2
3930,PED-45851,2024-10-03,2024-10-07,2024-10-06,Correios,45.95,2
3931,PED-11762,2024-05-02,2024-05-13,2024-05-09,Total Express,60.06,4
3932,PED-63727,2024-07-16,2024-07-18,2024-07-16,Total Express,8.03,3
3933,PED-57357,2025-11-30,2025-12-02,2025-12-07,Total Express,33.64,1
3934,PED-94805,2025-03-12,2025-03-21,2025-03-21,Correios,10.48,2
3935,PED-16540,2025-12-18,2025-12-29,2025-12-26,Correios,83.89,2
3936,PED-80614,2024-09-06,2024-09-13,2024-09-12,correios,25.75,3
3937,PED-21382,2026-02-02,2026-02-11,2026-02-08,correios,58.47,1
3938,PED-12787,2025-01-18,2025-01-20,2025-01-22,correios,68.91,1
3939,PED-46829,2025-01-13,2025-01-20,2025-01-22,Total Express,22.64,4
3940,PED-67137,2024-03-14,2024-03-16,2024-03-19,correios,59.6,2
3941,PED-11353,2024-11-28,2024-12-08,2024-12-09,Correios,83.56,2
3942,PED-36199,2024-08-25,2024-09-03,2024-09-01,Jadlog,63.92,4
3943,PED-29216,2024-04-09,2024-04-17,2024-04-23,correios,96.88,2
3944,PED-25029,2025-02-28,2025-03-05,2025-03-07,Correios,92.86,3
3945,PED-67052,2025-12-03,2025-12-09,2025-12-06,Jadlog,26.11,2
3946,PED-55739,2024-08-30,2024-09-02,2024-09-04,Jadlog,126.79,3
3947,PED-70262,2024-04-08,2024-04-11,2024-04-10,correios,69.24,4
3948,PED-72470,2026-01-24,2026-02-03,2026-02-04,Total Express,126.05,1
3949,PED-42900,2025-02-12,2025-02-20,2025-02-19,Jadlog,31.77,1
3950,PED-19104,2025-06-12,2025-06-18,2025-06-20,Total Express,51.27,3
3951,PED-82152,2025-01-02,2025-01-05,2025-01-09,Total Express,10.61,1
3952,PED-90674,2025-10-03,2025-10-12,2025-10-17,correios,30.76,2
3953,PED-47621,2025-08-05,2025-08-07,2025-08-05,correios,66.78,3
3954,PED-75039,2025-08-06,2025-08-12,2025-08-09,correios,36.91,3
3955,PED-35738,2025-11-16,2025-11-24,2025-11-25,Total Express,83.58,4
3956,PED-31693,2024-02-29,2024-03-11,2024-03-07,Jadlog,123.39,3
3957,PED-27932,2024-02-28,2024-03-04,2024-03-06,Total Express,81.84,1
3958,PED-32669,2025-03-24,2025-03-30,2025-04-02,correios,76.07,3
3959,PED-11584,2024-03-20,2024-03-23,2024-03-29,Correios,86.62,2
3960,PED-92027,2025-04-13,2025-04-23,2025-04-24,Jadlog,71.59,3
3961,PED-61224,2024-11-21,2024-11-25,2024-11-22,Jadlog,38.95,1
3962,PED-38884,2025-10-15,2025-10-17,2025-10-22,Total Express,78.44,3
3963,PED-16541,2024-05-11,2024-05-23,2024-05-25,Jadlog,72.51,4
3964,PED-39114,2025-11-20,2025-11-23,2025-11-23,Total Express,74.68,3
3965,PED-69904,2025-01-15,2025-01-21,2025-01-20,Correios,60.3,4
3966,PED-69162,2024-12-05,2024-12-08,2024-12-12,Jadlog,123.96,3
3967,PED-27219,2025-01-26,2025-02-03,2025-02-06,Total Express,107.66,4
3968,PED-58200,2025-08-21,2025-08-31,2025-08-28,Jadlog,124.46,1
3969,PED-77833,2024-11-09,2024-11-19,2024-11-20,Correios,131.87,2
3970,PED-31880,2024-09-20,2024-09-29,2024-10-02,Correios,9.46,3
3971,PED-69562,2025-04-11,2025-04-18,2025-04-14,Total Express,10.7,2
3972,PED-66151,2025-11-29,2025-12-06,2025-12-08,Correios,52.54,1
3973,PED-68223,2024-05-03,2024-05-08,2024-05-07,Jadlog,128.76,2
3974,PED-61951,2025-11-14,2025-11-19,2025-11-15,Total Express,93.09,2
3975,PED-71735,2025-04-18,2025-04-20,2025-04-22,Correios,80.34,2
3976,PED-65132,2024-03-17,2024-03-21,2024-03-19,Total Express,125.2,4
3977,PED-46858,2025-12-12,2025-12-23,2025-12-29,Correios,89.09,4
3978,PED-76462,2024-09-26,2024-10-06,2024-10-12,Total Express,51.44,3
3979,PED-16119,2024-02-19,2024-03-02,2024-03-07,Total Express,70.14,2
3980,PED-36784,2026-01-20,2026-01-31,2026-02-02,Jadlog,97.73,2
3981,PED-76022,2025-01-15,2025-01-25,2025-01-30,Total Express,138.34,1
3982,PED-52290,2024-04-24,2024-05-01,2024-05-07,Correios,119.39,3
3983,PED-28218,2024-09-27,2024-10-08,2024-10-06,Correios,99.67,1
3984,PED-83535,2025-04-09,2025-04-15,2025-04-21,Total Express,108.98,1
3985,PED-99495,2025-05-21,2025-05-31,2025-06-02,Total Express,11.93,4
3986,PED-18020,2025-06-27,2025-07-02,2025-06-30,Correios,61.09,2
3987,PED-11943,2024-07-02,2024-07-13,2024-07-19,Total Express,33.3,2
3988,PED-20497,2025-01-09,2025-01-19,2025-01-24,correios,72.75,2
3989,PED-36748,2025-12-05,2025-12-13,2025-12-14,correios,69.2,4
3990,PED-65428,2025-04-17,2025-04-19,2025-04-23,Jadlog,88.62,2
3991,PED-48264,2025-04-03,2025-04-11,2025-04-16,correios,11.99,2
3992,PED-41117,2025-07-06,2025-07-09,2025-07-15,Jadlog,47.93,1
3993,PED-57027,2024-12-13,2024-12-16,2024-12-16,Total Express,67.35,4
3994,PED-18324,2024-04-28,2024-05-09,2024-05-07,Jadlog,116.18,4
3995,PED-58216,2025-08-31,2025-09-05,2025-09-01,Jadlog,139.5,2
3996,PED-83585,2024-10-03,2024-10-09,2024-10-08,Jadlog,94.95,2
3997,PED-98905,2025-11-20,2025-11-22,2025-11-20,Correios,69.5,1
3998,PED-75797,2024-12-25,2025-01-02,2025-01-05,Correios,59.0,4
3999,PED-96943,2025-02-12,2025-02-24,2025-02-24,correios,97.47,3
4000,PED-86008,2025-07-12,2025-07-24,2025-07-28,Correios,21.59,3
4001,PED-28601,2025-06-23,2025-07-04,2025-07-10,Correios,51.37,2
4002,PED-24999,2024-04-06,2024-04-15,2024-04-11,Total Express,15.18,2
4003,PED-49104,2025-09-12,2025-09-20,2025-09-26,Correios,66.91,1
4004,PED-77263,2024-06-12,2024-06-17,2024-06-13,Correios,76.32,1
4005,PED-62705,2025-06-22,2025-07-01,2025-06-29,correios,77.79,4
4006,PED-95364,2025-10-31,2025-11-10,2025-11-08,Jadlog,117.95,3
4007,PED-12521,2024-04-23,2024-04-25,2024-05-01,Total Express,27.44,3
4008,PED-94093,2025-02-21,2025-03-04,2025-03-02,Total Express,91.34,1
4009,PED-80757,2024-07-28,2024-07-31,2024-08-02,Correios,63.83,1
4010,PED-24441,2025-11-25,2025-12-06,2025-12-08,correios,113.57,4
4011,PED-12038,2025-08-07,2025-08-15,2025-08-13,Correios,78.01,1
4012,PED-25734,2026-01-27,2026-02-01,2026-02-06,Total Express,15.5,2
4013,PED-98148,2024-02-23,2024-03-02,2024-03-01,Jadlog,45.04,2
4014,PED-60002,2024-10-27,2024-11-03,2024-11-08,correios,92.73,3
4015,PED-73511,2024-12-31,2025-01-10,2025-01-16,Correios,18.72,1
4016,PED-96212,2024-08-28,2024-09-03,2024-09-09,correios,47.37,3
4017,PED-88206,2025-05-05,2025-05-10,2025-05-12,Correios,85.29,2
4018,PED-57740,2024-12-09,2024-12-14,2024-12-17,correios,9.18,3
4019,PED-63093,2026-01-22,2026-02-02,2026-02-05,Correios,40.99,4
4020,PED-10100,2024-12-06,2024-12-18,2024-12-21,correios,129.21,3
4021,PED-51713,2025-04-12,2025-04-17,2025-04-19,correios,119.47,3
4022,PED-56512,2024-10-27,2024-10-29,2024-10-30,correios,100.19,4
4023,PED-20375,2024-08-16,2024-08-22,2024-08-26,Total Express,112.25,3
4024,PED-41859,2024-09-24,2024-10-06,2024-10-02,Total Express,117.17,3
4025,PED-29250,2025-04-06,2025-04-16,2025-04-20,Correios,54.5,4
4026,PED-77865,2025-08-11,2025-08-20,2025-08-19,Jadlog,44.49,4
4027,PED-35897,2024-10-19,2024-10-27,2024-10-25,correios,38.47,1
4028,PED-70764,2024-10-28,2024-11-05,2024-11-07,Total Express,45.45,1
4029,PED-86215,2025-01-06,2025-01-10,2025-01-11,Jadlog,82.84,4
4030,PED-27680,2024-07-15,2024-07-27,2024-07-25,Correios,133.57,2
4031,PED-60718,2025-09-18,2025-09-29,2025-10-03,correios,29.88,4
4032,PED-26883,2025-09-28,2025-10-09,2025-10-14,Correios,58.67,4
4033,PED-84605,2024-02-22,2024-02-25,2024-02-28,Total Express,31.35,3
4034,PED-87333,2025-10-09,2025-10-17,2025-10-22,correios,85.61,2
4035,PED-82462,2025-09-29,2025-10-04,2025-10-05,Total Express,122.2,4
4036,PED-70816,2025-09-07,2025-09-17,2025-09-21,Total Express,67.52,2
4037,PED-11619,2024-07-20,2024-07-27,2024-07-29,Jadlog,24.03,3
4038,PED-16403,2024-07-12,2024-07-22,2024-07-20,Jadlog,126.17,2
4039,PED-36233,2024-06-16,2024-06-19,2024-06-20,correios,136.84,1
4040,PED-62750,2024-11-14,2024-11-18,2024-11-16,Correios,11.87,1
4041,PED-16510,2024-07-02,2024-07-08,2024-07-08,Total Express,130.75,2
4042,PED-49971,2025-08-20,2025-08-31,2025-08-28,correios,120.58,3
4043,PED-38537,2024-02-15,2024-02-26,2024-02-23,Jadlog,23.6,2
4044,PED-74973,2025-05-20,2025-05-30,2025-06-04,Jadlog,28.1,4
4045,PED-87520,2024-03-24,2024-03-28,2024-03-24,Total Express,93.06,4
4046,PED-97441,2024-07-13,2024-07-19,2024-07-17,correios,47.18,1
4047,PED-95061,2025-10-07,2025-10-14,2025-10-19,correios,15.34,2
4048,PED-40425,2025-11-14,2025-11-19,2025-11-20,Correios,83.27,4
4049,PED-89774,2025-03-26,2025-04-03,2025-04-05,Correios,90.15,3
4050,PED-62517,2024-04-27,2024-05-07,2024-05-12,correios,128.83,1
4051,PED-62730,2025-03-30,2025-04-11,2025-04-12,correios,124.07,1
4052,PED-57775,2026-01-15,2026-01-24,2026-01-30,correios,90.89,1
4053,PED-63541,2024-10-22,2024-10-31,2024-11-05,Total Express,21.27,4
4054,PED-72952,2025-05-20,2025-05-31,2025-06-01,correios,108.02,3
4055,PED-42493,2025-05-12,2025-05-14,2025-05-14,Jadlog,72.78,1
4056,PED-39561,2025-09-18,2025-09-22,2025-09-23,Correios,94.68,4
4057,PED-51385,2025-07-09,2025-07-21,2025-07-26,Total Express,20.8,1
4058,PED-74994,2024-10-21,2024-10-30,2024-11-02,correios,92.79,1
4059,PED-18140,2025-09-02,2025-09-11,2025-09-12,correios,63.31,2
4060,PED-53715,2025-12-11,2025-12-13,2025-12-11,Correios,85.98,4
4061,PED-70243,2025-10-22,2025-10-27,2025-10-26,Correios,33.06,2
4062,PED-46052,2026-01-14,2026-01-20,2026-01-20,Total Express,45.83,1
4063,PED-66525,2025-08-14,2025-08-20,2025-08-23,Correios,66.6,4
4064,PED-51315,2024-05-06,2024-05-10,2024-05-09,Correios,129.84,1
4065,PED-52120,2025-04-14,2025-04-23,2025-04-25,Correios,110.62,1
4066,PED-14471,2024-10-17,2024-10-26,2024-11-01,Jadlog,19.86,2
4067,PED-80544,2025-06-30,2025-07-12,2025-07-10,Jadlog,18.36,3
4068,PED-43527,2024-10-25,2024-11-02,2024-11-01,Correios,87.86,1
4069,PED-76700,2024-09-28,2024-10-08,2024-10-09,Correios,53.45,1
4070,PED-69230,2025-09-18,2025-09-21,2025-09-22,Jadlog,43.8,4
4071,PED-42620,2024-07-20,2024-08-01,2024-08-02,Correios,129.68,1
4072,PED-71970,2025-04-10,2025-04-22,2025-04-25,Correios,14.68,1
4073,PED-11651,2024-12-22,2025-01-02,2025-01-01,Jadlog,50.1,3
4074,PED-46214,2024-07-25,2024-07-28,2024-08-01,Correios,139.27,2
4075,PED-29609,2025-09-07,2025-09-18,2025-09-22,correios,18.75,1
4076,PED-87144,2024-05-14,2024-05-26,2024-05-25,Total Express,59.96,2
4077,PED-77337,2024-11-11,2024-11-13,2024-11-12,Jadlog,128.82,4
4078,PED-92358,2024-03-08,2024-03-20,2024-03-20,Correios,95.13,1
4079,PED-52165,2024-09-28,2024-10-02,2024-10-04,correios,88.27,3
4080,PED-47025,2024-07-02,2024-07-05,2024-07-07,Total Express,101.63,2
4081,PED-54898,2025-01-25,2025-01-30,2025-01-29,Total Express,25.44,1
4082,PED-71397,2024-09-05,2024-09-10,2024-09-15,Jadlog,42.8,1
4083,PED-17002,2024-07-01,2024-07-11,2024-07-15,Total Express,72.33,4
4084,PED-32044,2024-08-10,2024-08-12,2024-08-17,Correios,137.23,1
4085,PED-22144,2024-03-20,2024-03-31,2024-04-05,Jadlog,122.27,1
4086,PED-99227,2024-12-05,2024-12-08,2024-12-07,correios,115.02,4
4087,PED-53946,2026-01-19,2026-01-22,2026-01-19,Jadlog,81.07,1
4088,PED-62342,2025-02-10,2025-02-17,2025-02-15,correios,32.61,1
4089,PED-96009,2025-10-16,2025-10-19,2025-10-24,Total Express,12.27,4
4090,PED-30831,2024-10-14,2024-10-26,2024-11-01,correios,10.39,2
4091,PED-98882,2025-09-22,2025-10-03,2025-10-06,Correios,70.84,3
4092,PED-48832,2025-11-27,2025-12-04,2025-12-04,Total Express,103.89,1
4093,PED-98986,2024-03-12,2024-03-22,2024-03-28,correios,129.25,2
4094,PED-18326,2026-01-23,2026-01-26,2026-01-29,Jadlog,59.53,1
4095,PED-54427,2025-11-11,2025-11-22,2025-11-27,correios,84.11,4
4096,PED-63500,2025-04-15,2025-04-24,2025-04-26,correios,123.21,2
4097,PED-85526,2025-06-15,2025-06-20,2025-06-21,Total Express,129.82,3
4098,PED-28070,2024-03-29,2024-04-03,2024-03-30,Total Express,17.72,3
4099,PED-59017,2024-09-07,2024-09-09,2024-09-07,Total Express,115.31,4
4100,PED-60890,2025-08-22,2025-08-24,2025-08-23,Total Express,14.39,1
4101,PED-15443,2025-04-19,2025-04-27,2025-04-26,Total Express,60.25,4
4102,PED-15769,2024-08-26,2024-08-28,2024-08-29,correios,104.48,1
4103,PED-66221,2025-08-15,2025-08-27,2025-09-02,Jadlog,118.54,1
4104,PED-86892,2025-09-15,2025-09-17,2025-09-16,Correios,86.19,2
4105,PED-93767,2025-11-10,2025-11-12,2025-11-11,Correios,26.9,2
4106,PED-44379,2025-12-16,2025-12-18,2025-12-23,Jadlog,28.87,2
4107,PED-84504,2024-05-07,2024-05-16,2024-05-17,Total Express,99.89,3
4108,PED-85297,2024-08-12,2024-08-17,2024-08-14,correios,135.93,1
4109,PED-79919,2024-11-26,2024-11-28,2024-12-03,Total Express,13.68,4
4110,PED-48702,2024-04-12,2024-04-19,2024-04-22,Jadlog,42.03,3
4111,PED-27965,2025-03-29,2025-04-10,2025-04-15,Correios,50.11,3
4112,PED-39508,2025-01-05,2025-01-11,2025-01-12,Correios,24.41,1
4113,PED-25830,2024-12-01,2024-12-13,2024-12-17,Total Express,53.92,3
4114,PED-47144,2024-07-25,2024-08-04,2024-08-03,Jadlog,108.6,4
4115,PED-32003,2025-04-18,2025-04-26,2025-04-24,Jadlog,27.72,4
4116,PED-16859,2024-10-13,2024-10-24,2024-10-27,Jadlog,100.32,4
4117,PED-63528,2024-03-31,2024-04-02,2024-04-01,Correios,115.03,2
4118,PED-65450,2024-03-22,2024-03-28,2024-04-01,Correios,67.09,3
4119,PED-30219,2025-06-13,2025-06-22,2025-06-28,Total Express,127.04,4
4120,PED-35787,2025-06-17,2025-06-19,2025-06-17,Jadlog,113.57,1
4121,PED-57863,2025-10-22,2025-10-29,2025-11-02,Correios,17.37,2
4122,PED-18893,2024-10-04,2024-10-16,2024-10-12,Total Express,38.41,1
4123,PED-22306,2025-09-06,2025-09-14,2025-09-17,Jadlog,63.87,3
4124,PED-84983,2025-03-06,2025-03-16,2025-03-19,Correios,57.29,2
4125,PED-19837,2024-08-07,2024-08-13,2024-08-13,correios,40.38,3
4126,PED-84339,2024-09-20,2024-09-26,2024-09-29,Jadlog,15.47,4
4127,PED-38022,2025-10-03,2025-10-09,2025-10-10,Correios,97.76,3
4128,PED-17132,2024-09-22,2024-10-01,2024-10-06,Jadlog,103.39,1
4129,PED-94277,2024-12-13,2024-12-24,2024-12-21,Total Express,65.38,3
4130,PED-38155,2024-03-29,2024-04-06,2024-04-11,Total Express,51.57,1
4131,PED-35533,2025-10-14,2025-10-24,2025-10-23,Jadlog,102.18,4
4132,PED-97890,2024-12-08,2024-12-14,2024-12-20,Total Express,60.27,1
4133,PED-71434,2024-06-24,2024-07-01,2024-07-07,Correios,109.9,2
4134,PED-21626,2024-08-16,2024-08-25,2024-08-28,Jadlog,40.26,1
4135,PED-83880,2025-03-19,2025-03-31,2025-03-28,correios,29.64,3
4136,PED-41705,2025-12-13,2025-12-21,2025-12-24,correios,33.03,2
4137,PED-37879,2024-03-13,2024-03-24,2024-03-27,correios,35.76,4
4138,PED-15232,2025-10-06,2025-10-12,2025-10-12,correios,122.65,2
4139,PED-31478,2025-08-24,2025-08-31,2025-08-30,Total Express,131.39,4
4140,PED-87822,2024-10-05,2024-10-13,2024-10-18,correios,42.09,4
4141,PED-91520,2025-01-15,2025-01-24,2025-01-23,correios,37.55,3
4142,PED-16125,2025-01-02,2025-01-14,2025-01-12,correios,39.46,2
4143,PED-22310,2025-09-13,2025-09-15,2025-09-20,Jadlog,98.91,1
4144,PED-90851,2025-12-13,2025-12-16,2025-12-18,correios,38.09,2
4145,PED-48448,2025-05-12,2025-05-22,2025-05-22,correios,36.04,3
4146,PED-19253,2026-01-17,2026-01-26,2026-02-01,correios,125.41,1
4147,PED-53437,2024-12-26,2025-01-07,2025-01-10,Jadlog,121.79,3
4148,PED-26624,2025-09-10,2025-09-16,2025-09-17,Total Express,15.6,4
4149,PED-84500,2024-03-25,2024-04-01,2024-04-03,Correios,34.63,2
4150,PED-10495,2024-05-22,2024-05-25,2024-05-21,Total Express,112.1,2
4151,PED-30280,2024-06-23,2024-06-28,2024-07-04,correios,110.1,4
4152,PED-26814,2024-10-10,2024-10-22,2024-10-20,Total Express,67.32,4
4153,PED-19887,2024-11-05,2024-11-10,2024-11-09,Total Express,125.04,1
4154,PED-49156,2024-06-30,2024-07-08,2024-07-10,Total Express,11.73,4
4155,PED-83205,2024-10-04,2024-10-06,2024-10-05,Jadlog,14.91,4
4156,PED-90525,2024-05-25,2024-05-27,2024-05-28,Jadlog,30.37,3
4157,PED-47704,2025-02-15,2025-02-19,2025-02-25,Correios,104.09,1
4158,PED-48995,2025-05-30,2025-06-11,2025-06-14,Correios,25.46,4
4159,PED-98525,2025-05-23,2025-05-29,2025-05-25,Total Express,70.47,3
4160,PED-66102,2025-05-14,2025-05-24,2025-05-22,Total Express,63.47,3
4161,PED-66321,2025-10-10,2025-10-21,2025-10-17,correios,9.82,1
4162,PED-35022,2024-09-20,2024-09-25,2024-09-27,Jadlog,91.73,4
4163,PED-19302,2024-11-12,2024-11-18,2024-11-20,Jadlog,83.73,3
4164,PED-73661,2026-01-19,2026-01-26,2026-01-31,correios,21.79,2
4165,PED-99049,2026-01-26,2026-02-06,2026-02-11,Total Express,106.81,3
4166,PED-43775,2025-08-24,2025-09-04,2025-09-01,Total Express,12.54,3
4167,PED-46974,2024-12-10,2024-12-17,2024-12-13,correios,26.87,4
4168,PED-38374,2025-05-11,2025-05-19,2025-05-19,correios,25.4,2
4169,PED-59939,2025-07-23,2025-08-03,2025-08-03,Correios,25.26,2
4170,PED-79948,2024-04-12,2024-04-22,2024-04-27,Correios,95.19,1
4171,PED-47790,2024-08-22,2024-08-29,2024-09-03,Jadlog,38.09,1
4172,PED-33914,2025-10-29,2025-10-31,2025-10-28,Total Express,65.68,2
4173,PED-87539,2025-04-20,2025-04-24,2025-04-23,Jadlog,131.95,3
4174,PED-31183,2024-07-26,2024-07-30,2024-08-05,Jadlog,60.5,4
4175,PED-18416,2025-03-26,2025-04-05,2025-04-08,correios,127.99,2
4176,PED-78925,2024-10-20,2024-10-25,2024-10-28,Total Express,15.63,3
4177,PED-78440,2025-05-23,2025-05-26,2025-05-28,Correios,58.74,1
4178,PED-85436,2024-09-26,2024-10-01,2024-10-01,Jadlog,60.91,4
4179,PED-80317,2025-07-25,2025-08-05,2025-08-10,Jadlog,59.67,3
4180,PED-68172,2025-02-19,2025-03-01,2025-03-03,Jadlog,82.89,4
4181,PED-80985,2025-08-06,2025-08-11,2025-08-17,correios,136.18,4
4182,PED-61769,2025-08-11,2025-08-15,2025-08-14,Correios,14.69,1
4183,PED-64680,2025-05-08,2025-05-19,2025-05-17,Correios,58.71,2
4184,PED-64879,2025-05-16,2025-05-18,2025-05-15,Jadlog,55.04,3
4185,PED-76396,2025-03-24,2025-04-02,2025-04-08,Total Express,133.54,3
4186,PED-78516,2024-07-22,2024-07-31,2024-08-06,Total Express,50.57,3
4187,PED-23090,2024-05-03,2024-05-12,2024-05-13,correios,41.63,4
4188,PED-10897,2025-01-26,2025-02-01,2025-01-28,Correios,59.01,4
4189,PED-64385,2024-07-30,2024-08-06,2024-08-10,correios,46.43,1
4190,PED-64358,2024-06-22,2024-06-29,2024-06-26,Total Express,54.58,3
4191,PED-32953,2025-11-06,2025-11-09,2025-11-07,Jadlog,121.73,3
4192,PED-87165,2025-09-08,2025-09-11,2025-09-15,Total Express,131.15,1
4193,PED-36422,2025-09-02,2025-09-06,2025-09-05,Total Express,128.4,4
4194,PED-40589,2024-12-02,2024-12-04,2024-12-08,Jadlog,116.32,1
4195,PED-12605,2025-06-26,2025-06-29,2025-07-02,correios,61.88,1
4196,PED-45098,2025-07-10,2025-07-21,2025-07-21,correios,128.95,4
4197,PED-15927,2025-01-18,2025-01-20,2025-01-18,Jadlog,104.53,2
4198,PED-46435,2024-10-20,2024-10-22,2024-10-27,Correios,36.06,1
4199,PED-93620,2025-09-12,2025-09-23,2025-09-25,Correios,116.72,4
4200,PED-85478,2024-09-02,2024-09-13,2024-09-16,Total Express,25.81,3
4201,PED-82776,2025-12-06,2025-12-13,2025-12-11,Jadlog,22.46,3
4202,PED-45428,2024-12-17,2024-12-25,2024-12-30,Correios,47.44,1
4203,PED-56391,2025-10-28,2025-11-06,2025-11-05,Total Express,107.24,4
4204,PED-11856,2024-08-18,2024-08-24,2024-08-28,Jadlog,73.77,2
4205,PED-98713,2024-03-17,2024-03-28,2024-03-28,Correios,125.25,1
4206,PED-66648,2025-08-20,2025-08-24,2025-08-30,Correios,30.25,3
4207,PED-95285,2025-09-05,2025-09-11,2025-09-09,Correios,113.79,1
4208,PED-88704,2024-05-20,2024-05-27,2024-05-31,correios,51.84,3
4209,PED-71426,2026-01-09,2026-01-20,2026-01-16,correios,119.46,2
4210,PED-22631,2024-10-17,2024-10-19,2024-10-18,Total Express,95.78,4
4211,PED-67250,2024-07-01,2024-07-07,2024-07-11,Total Express,55.86,3
4212,PED-50470,2025-04-02,2025-04-05,2025-04-11,Correios,75.78,4
4213,PED-78508,2024-11-09,2024-11-15,2024-11-21,correios,34.59,2
4214,PED-94067,2025-08-26,2025-09-06,2025-09-07,Total Express,99.92,3
4215,PED-65087,2025-01-08,2025-01-11,2025-01-16,correios,40.3,2
4216,PED-14080,2025-12-10,2025-12-14,2025-12-16,Jadlog,103.38,4
4217,PED-31724,2024-09-01,2024-09-12,2024-09-12,Total Express,63.44,4
4218,PED-37497,2025-09-01,2025-09-07,2025-09-11,Correios,120.11,4
4219,PED-60324,2024-09-19,2024-09-24,2024-09-20,Total Express,32.0,2
4220,PED-99310,2024-08-09,2024-08-21,2024-08-27,Correios,57.04,1
4221,PED-75621,2024-11-10,2024-11-19,2024-11-23,correios,46.93,2
4222,PED-54549,2025-12-30,2026-01-07,2026-01-08,Jadlog,62.69,1
4223,PED-40876,2025-02-03,2025-02-11,2025-02-09,correios,68.74,2
4224,PED-72096,2025-02-27,2025-03-04,2025-03-10,Correios,67.44,1
4225,PED-39884,2025-08-21,2025-08-25,2025-08-23,Total Express,97.67,1
4226,PED-51465,2024-04-07,2024-04-09,2024-04-11,Jadlog,123.23,4
4227,PED-82376,2024-10-12,2024-10-14,2024-10-20,Jadlog,114.91,4
4228,PED-44011,2025-11-05,2025-11-16,2025-11-17,Correios,90.78,4
4229,PED-51151,2024-12-19,2024-12-27,2024-12-30,Jadlog,34.73,1
4230,PED-91830,2025-08-11,2025-08-21,2025-08-25,Correios,119.28,2
4231,PED-18691,2026-01-04,2026-01-13,2026-01-17,Jadlog,84.98,3
4232,PED-17612,2024-11-14,2024-11-23,2024-11-28,Jadlog,56.79,4
4233,PED-82080,2025-03-18,2025-03-22,2025-03-24,correios,74.73,4
4234,PED-78829,2024-12-12,2024-12-20,2024-12-19,Correios,121.68,1
4235,PED-62244,2024-03-22,2024-04-03,2024-04-06,Correios,27.92,4
4236,PED-33646,2025-05-22,2025-06-03,2025-05-31,Correios,131.51,1
4237,PED-21562,2026-01-11,2026-01-23,2026-01-24,Correios,28.42,4
4238,PED-76944,2024-02-08,2024-02-20,2024-02-17,correios,115.64,1
4239,PED-10923,2025-08-09,2025-08-21,2025-08-24,Total Express,59.22,1
4240,PED-69596,2024-08-31,2024-09-03,2024-08-30,correios,36.97,2
4241,PED-28871,2025-02-06,2025-02-17,2025-02-21,Total Express,81.03,2
4242,PED-77027,2025-08-08,2025-08-13,2025-08-13,Total Express,95.3,4
4243,PED-51442,2025-10-16,2025-10-18,2025-10-17,Correios,63.54,3
4244,PED-90502,2025-05-04,2025-05-13,2025-05-17,Total Express,121.82,2
4245,PED-56440,2024-07-03,2024-07-08,2024-07-09,Total Express,9.75,4
4246,PED-23311,2025-04-04,2025-04-13,2025-04-12,correios,118.86,2
4247,PED-53158,2025-05-05,2025-05-08,2025-05-09,Jadlog,91.44,3
4248,PED-14290,2024-03-14,2024-03-23,2024-03-29,Jadlog,24.76,1
4249,PED-90985,2025-07-01,2025-07-11,2025-07-14,correios,76.19,3
4250,PED-50786,2024-09-26,2024-10-02,2024-09-28,Jadlog,137.6,2
4251,PED-50811,2025-10-01,2025-10-04,2025-10-01,Correios,48.73,4
4252,PED-23422,2024-08-03,2024-08-05,2024-08-11,correios,131.58,3
4253,PED-62506,2025-05-07,2025-05-09,2025-05-08,Total Express,23.03,4
4254,PED-19784,2024-12-10,2024-12-20,2024-12-25,Correios,84.93,4
4255,PED-68511,2024-04-26,2024-05-05,2024-05-10,Correios,123.33,2
4256,PED-49656,2024-07-16,2024-07-21,2024-07-27,Jadlog,55.15,3
4257,PED-72000,2024-09-11,2024-09-17,2024-09-19,Jadlog,11.27,2
4258,PED-49080,2025-05-21,2025-05-29,2025-05-31,Correios,16.76,2
4259,PED-51851,2026-01-23,2026-01-27,2026-02-01,Total Express,36.86,4
4260,PED-37303,2024-12-13,2024-12-23,2024-12-29,Correios,54.87,4
4261,PED-30993,2024-07-23,2024-07-30,2024-08-02,correios,95.46,2
4262,PED-61577,2025-05-10,2025-05-13,2025-05-17,correios,101.81,2
4263,PED-53440,2024-07-05,2024-07-16,2024-07-13,Jadlog,129.67,3
4264,PED-39723,2024-09-23,2024-10-05,2024-10-03,correios,31.11,1
4265,PED-19040,2024-03-18,2024-03-26,2024-03-27,Jadlog,90.74,3
4266,PED-86425,2024-03-12,2024-03-22,2024-03-21,Total Express,113.22,1
4267,PED-49307,2024-12-27,2025-01-05,2025-01-04,Jadlog,112.9,4
4268,PED-33158,2025-12-25,2025-12-31,2026-01-02,Correios,53.59,3
4269,PED-95236,2025-07-26,2025-08-05,2025-08-05,Correios,129.65,4
4270,PED-25060,2026-01-31,2026-02-06,2026-02-11,Total Express,16.4,1
4271,PED-31176,2024-09-06,2024-09-13,2024-09-09,correios,18.15,1
4272,PED-82327,2024-12-20,2024-12-28,2025-01-02,Correios,93.21,3
4273,PED-49302,2024-10-07,2024-10-10,2024-10-09,Jadlog,96.13,4
4274,PED-43442,2024-11-17,2024-11-19,2024-11-24,correios,99.61,4
4275,PED-26837,2024-10-29,2024-11-04,2024-10-31,correios,78.75,3
4276,PED-41636,2024-04-16,2024-04-28,2024-05-04,correios,109.73,1
4277,PED-93154,2024-06-13,2024-06-17,2024-06-19,Jadlog,135.94,1
4278,PED-86695,2024-04-22,2024-05-03,2024-05-09,Total Express,101.33,2
4279,PED-34721,2025-09-29,2025-10-02,2025-10-06,Total Express,57.78,4
4280,PED-59486,2025-08-08,2025-08-11,2025-08-16,Total Express,62.63,1
4281,PED-51084,2026-01-12,2026-01-14,2026-01-12,Total Express,128.82,3
4282,PED-27619,2024-12-19,2024-12-23,2024-12-19,correios,25.64,2
4283,PED-87120,2025-09-22,2025-09-28,2025-10-03,Correios,17.55,2
4284,PED-82578,2024-02-25,2024-03-05,2024-03-07,correios,125.63,4
4285,PED-12116,2025-12-06,2025-12-13,2025-12-18,Correios,70.61,4
4286,PED-52912,2024-06-08,2024-06-19,2024-06-16,correios,91.91,3
4287,PED-45959,2025-10-04,2025-10-12,2025-10-09,Jadlog,11.55,2
4288,PED-55935,2024-10-30,2024-11-04,2024-11-03,Correios,68.45,4
4289,PED-50261,2024-03-12,2024-03-19,2024-03-21,correios,122.65,4
4290,PED-82035,2026-01-07,2026-01-09,2026-01-06,Total Express,40.52,2
4291,PED-18714,2024-05-06,2024-05-14,2024-05-13,Jadlog,105.03,4
4292,PED-53890,2024-06-19,2024-06-30,2024-07-06,Jadlog,84.91,2
4293,PED-73696,2025-12-16,2025-12-28,2025-12-26,Total Express,57.58,3
4294,PED-89672,2026-01-29,2026-02-01,2026-02-01,Correios,11.48,3
4295,PED-53846,2025-10-31,2025-11-02,2025-10-31,Jadlog,16.39,2
4296,PED-99567,2025-01-13,2025-01-19,2025-01-19,Jadlog,123.5,4
4297,PED-33667,2026-01-28,2026-02-06,2026-02-04,correios,83.59,3
4298,PED-40595,2024-09-30,2024-10-09,2024-10-08,Correios,41.36,3
4299,PED-20969,2024-03-20,2024-03-26,2024-03-28,Jadlog,98.64,3
4300,PED-29505,2025-04-25,2025-05-06,2025-05-05,Jadlog,20.25,3
4301,PED-78941,2025-09-01,2025-09-12,2025-09-15,Total Express,85.83,3
4302,PED-27565,2025-11-21,2025-11-26,2025-11-23,Correios,46.22,3
4303,PED-67778,2025-09-19,2025-09-25,2025-09-24,Total Express,93.88,4
4304,PED-35469,2024-03-01,2024-03-04,2024-03-08,Correios,100.18,3
4305,PED-17834,2024-03-18,2024-03-28,2024-03-24,Correios,103.45,4
4306,PED-50897,2025-07-14,2025-07-19,2025-07-16,correios,84.86,3
4307,PED-42790,2025-07-28,2025-07-31,2025-07-28,correios,65.17,4
4308,PED-23616,2024-08-13,2024-08-17,2024-08-23,Correios,72.14,1
4309,PED-22755,2024-06-02,2024-06-12,2024-06-15,Correios,89.2,4
4310,PED-51953,2024-08-31,2024-09-12,2024-09-16,Total Express,47.76,3
4311,PED-63286,2024-03-18,2024-03-27,2024-03-23,Correios,26.85,4
4312,PED-35942,2025-11-27,2025-12-08,2025-12-14,correios,130.03,1
4313,PED-33488,2025-12-16,2025-12-23,2025-12-23,correios,9.62,1
4314,PED-35590,2024-02-25,2024-02-27,2024-02-25,Correios,32.42,4
4315,PED-53927,2024-03-13,2024-03-20,2024-03-26,Correios,97.14,2
4316,PED-22527,2025-03-13,2025-03-17,2025-03-17,Correios,46.18,2
4317,PED-63589,2025-06-03,2025-06-05,2025-06-07,Total Express,12.84,3
4318,PED-51911,2025-12-29,2026-01-01,2026-01-01,correios,10.52,4
4319,PED-36975,2024-12-25,2025-01-02,2025-01-01,correios,24.99,2
4320,PED-14129,2024-06-13,2024-06-19,2024-06-15,Jadlog,38.64,2
4321,PED-33081,2024-05-15,2024-05-19,2024-05-25,Correios,57.16,2
4322,PED-22531,2024-11-21,2024-12-03,2024-11-29,Correios,120.24,1
4323,PED-80016,2024-03-31,2024-04-05,2024-04-05,Jadlog,35.6,1
4324,PED-94114,2026-01-08,2026-01-13,2026-01-12,correios,56.0,4
4325,PED-30751,2024-04-30,2024-05-03,2024-05-02,correios,104.75,3
4326,PED-99033,2024-02-05,2024-02-12,2024-02-14,Jadlog,51.99,2
4327,PED-75614,2024-10-02,2024-10-08,2024-10-06,Total Express,47.39,3
4328,PED-66124,2024-02-05,2024-02-16,2024-02-19,Correios,30.87,4
4329,PED-45077,2025-12-15,2025-12-23,2025-12-22,correios,106.4,3
4330,PED-69482,2024-12-30,2025-01-04,2025-01-06,Total Express,90.51,2
4331,PED-85084,2024-04-17,2024-04-23,2024-04-29,Jadlog,31.41,4
4332,PED-63053,2024-02-29,2024-03-05,2024-03-06,Correios,52.17,2
4333,PED-58618,2025-09-08,2025-09-16,2025-09-18,Jadlog,82.28,1
4334,PED-61129,2024-05-02,2024-05-08,2024-05-11,correios,56.8,2
4335,PED-17940,2025-10-15,2025-10-27,2025-10-31,Total Express,62.98,1
4336,PED-58427,2024-11-19,2024-11-25,2024-11-28,correios,40.9,3
4337,PED-67872,2024-07-01,2024-07-05,2024-07-05,Jadlog,129.94,4
4338,PED-97414,2025-10-26,2025-11-03,2025-11-04,correios,52.62,4
4339,PED-85574,2025-01-07,2025-01-11,2025-01-17,Jadlog,106.73,2
4340,PED-60889,2025-04-15,2025-04-21,2025-04-20,Total Express,129.94,2
4341,PED-54401,2025-03-14,2025-03-20,2025-03-17,Total Express,18.8,4
4342,PED-35757,2025-04-02,2025-04-14,2025-04-16,correios,50.77,2
4343,PED-63847,2025-08-16,2025-08-28,2025-08-28,Jadlog,74.03,4
4344,PED-85726,2026-01-13,2026-01-18,2026-01-24,Correios,62.51,1
4345,PED-29282,2025-05-10,2025-05-18,2025-05-22,Jadlog,82.65,2
4346,PED-81614,2025-10-23,2025-11-03,2025-11-08,Correios,62.82,3
4347,PED-75548,2024-08-30,2024-09-04,2024-09-10,Correios,21.4,2
4348,PED-13830,2024-04-15,2024-04-24,2024-04-21,correios,11.05,2
4349,PED-59747,2024-10-02,2024-10-11,2024-10-09,Correios,70.24,2
4350,PED-45896,2024-11-13,2024-11-15,2024-11-12,Total Express,115.52,1
4351,PED-60672,2025-12-04,2025-12-14,2025-12-12,Jadlog,83.75,1
4352,PED-47417,2026-01-26,2026-01-30,2026-01-27,Total Express,111.46,3
4353,PED-34109,2024-07-28,2024-08-06,2024-08-08,Jadlog,92.8,2
4354,PED-31554,2024-06-03,2024-06-14,2024-06-20,Total Express,119.2,3
4355,PED-36884,2025-07-26,2025-08-02,2025-08-04,correios,86.92,4
4356,PED-87153,2024-04-20,2024-04-24,2024-04-29,Jadlog,9.5,4
4357,PED-76273,2025-09-07,2025-09-18,2025-09-18,Correios,139.14,1
4358,PED-64212,2024-07-05,2024-07-09,2024-07-15,Total Express,102.86,4
4359,PED-63739,2025-04-18,2025-04-21,2025-04-26,Total Express,138.62,1
4360,PED-82181,2024-12-19,2024-12-27,2025-01-02,correios,36.84,2
4361,PED-14307,2025-06-13,2025-06-24,2025-06-21,Correios,134.18,1
4362,PED-84870,2026-01-29,2026-02-02,2026-02-03,Correios,22.99,2
4363,PED-45665,2026-01-18,2026-01-29,2026-02-03,Correios,108.51,1
4364,PED-40359,2024-05-30,2024-06-04,2024-06-03,Jadlog,136.31,2
4365,PED-64953,2024-06-07,2024-06-16,2024-06-22,Total Express,94.7,2
4366,PED-79924,2024-12-05,2024-12-17,2024-12-17,Correios,45.15,3
4367,PED-19326,2024-02-25,2024-02-28,2024-02-24,Total Express,73.16,2
4368,PED-42905,2025-04-06,2025-04-08,2025-04-05,Correios,21.69,1
4369,PED-95780,2025-05-24,2025-05-30,2025-06-04,Correios,109.86,1
4370,PED-31174,2025-04-04,2025-04-10,2025-04-16,Correios,27.87,4
4371,PED-62979,2024-09-08,2024-09-16,2024-09-13,Correios,106.73,1
4372,PED-15184,2024-06-24,2024-07-05,2024-07-10,correios,46.54,1
4373,PED-75790,2024-03-18,2024-03-23,2024-03-23,Jadlog,47.91,3
4374,PED-37463,2025-02-07,2025-02-11,2025-02-07,Jadlog,34.07,4
4375,PED-84117,2024-05-05,2024-05-07,2024-05-10,Correios,72.11,1
4376,PED-60090,2024-04-16,2024-04-21,2024-04-25,Correios,18.54,4
4377,PED-74947,2024-04-10,2024-04-13,2024-04-10,Correios,34.83,2
4378,PED-99370,2025-03-29,2025-04-01,2025-04-06,Jadlog,130.26,1
4379,PED-70808,2025-09-05,2025-09-09,2025-09-09,Correios,29.33,1
4380,PED-25627,2024-02-17,2024-02-23,2024-02-20,correios,118.93,4
4381,PED-51564,2024-03-15,2024-03-27,2024-03-27,correios,127.94,1
4382,PED-67165,2024-11-27,2024-12-08,2024-12-07,Total Express,120.09,3
4383,PED-48609,2024-05-20,2024-05-29,2024-05-31,Total Express,32.75,1
4384,PED-20445,2024-04-27,2024-05-02,2024-05-06,Correios,129.17,4
4385,PED-24575,2025-04-10,2025-04-16,2025-04-21,Total Express,24.12,3
4386,PED-94071,2025-09-29,2025-10-03,2025-10-02,correios,23.7,3
4387,PED-41125,2025-01-28,2025-01-30,2025-01-27,Correios,129.45,2
4388,PED-63865,2025-11-24,2025-12-01,2025-11-27,Total Express,135.49,2
4389,PED-63283,2024-04-24,2024-05-02,2024-04-29,Jadlog,115.47,3
4390,PED-33003,2024-05-08,2024-05-12,2024-05-13,Total Express,105.63,1
4391,PED-92968,2024-12-30,2025-01-01,2024-12-30,Jadlog,45.36,1
4392,PED-81146,2024-04-25,2024-05-04,2024-05-09,Jadlog,76.72,3
4393,PED-89234,2024-03-09,2024-03-17,2024-03-19,Jadlog,74.88,2
4394,PED-58397,2024-11-22,2024-11-24,2024-11-20,Correios,85.99,3
4395,PED-55595,2024-10-27,2024-11-04,2024-11-07,Total Express,35.48,3
4396,PED-29089,2024-12-08,2024-12-18,2024-12-18,correios,67.17,1
4397,PED-61080,2025-07-31,2025-08-09,2025-08-07,Total Express,25.59,3
4398,PED-13393,2024-05-29,2024-06-06,2024-06-07,Jadlog,58.53,1
4399,PED-96944,2024-04-05,2024-04-14,2024-04-10,Correios,18.96,3
4400,PED-10667,2024-04-20,2024-04-23,2024-04-22,Total Express,75.22,4
4401,PED-15311,2025-03-10,2025-03-14,2025-03-14,Total Express,110.7,1
4402,PED-93646,2025-02-18,2025-02-20,2025-02-16,Total Express,62.01,1
4403,PED-23145,2025-05-21,2025-06-02,2025-06-02,Total Express,25.9,2
4404,PED-63430,2025-05-22,2025-05-24,2025-05-27,correios,33.37,1
4405,PED-96455,2024-09-15,2024-09-18,2024-09-19,correios,26.48,2
4406,PED-33721,2024-12-09,2024-12-19,2024-12-17,correios,81.4,3
4407,PED-46401,2025-04-29,2025-05-01,2025-05-05,Total Express,51.13,2
4408,PED-56912,2025-11-10,2025-11-20,2025-11-19,Jadlog,12.22,3
4409,PED-82645,2025-10-07,2025-10-10,2025-10-06,Jadlog,67.71,1
4410,PED-23340,2025-06-13,2025-06-18,2025-06-19,Correios,131.55,3
4411,PED-51211,2024-07-02,2024-07-14,2024-07-10,correios,50.07,4
4412,PED-94296,2024-06-22,2024-06-26,2024-06-24,correios,129.91,1
4413,PED-25421,2025-05-27,2025-06-04,2025-06-04,Jadlog,134.26,1
4414,PED-78706,2025-03-30,2025-04-10,2025-04-13,correios,11.86,1
4415,PED-49334,2025-05-25,2025-05-28,2025-05-24,Correios,90.11,3
4416,PED-20118,2025-11-03,2025-11-08,2025-11-08,Jadlog,123.05,2
4417,PED-95955,2025-07-22,2025-08-01,2025-07-29,Jadlog,46.0,4
4418,PED-92419,2025-07-31,2025-08-09,2025-08-09,correios,80.68,2
4419,PED-76838,2024-03-12,2024-03-15,2024-03-21,correios,10.98,2
4420,PED-83301,2025-12-24,2025-12-31,2026-01-03,Correios,96.93,2
4421,PED-86701,2024-08-07,2024-08-16,2024-08-20,Correios,96.13,1
4422,PED-91338,2024-10-22,2024-10-27,2024-11-02,Total Express,41.08,2
4423,PED-85459,2025-03-25,2025-04-02,2025-04-07,Correios,50.1,3
4424,PED-55151,2024-11-21,2024-12-01,2024-12-02,Total Express,111.52,3
4425,PED-46471,2024-10-23,2024-10-25,2024-10-29,correios,84.02,1
4426,PED-66351,2024-05-19,2024-05-27,2024-06-01,Correios,99.01,3
4427,PED-89657,2025-12-31,2026-01-04,2026-01-08,Total Express,9.95,1
4428,PED-53458,2024-04-22,2024-04-24,2024-04-26,Total Express,68.68,2
4429,PED-58661,2025-06-13,2025-06-22,2025-06-22,Total Express,125.97,1
4430,PED-28861,2024-12-08,2024-12-16,2024-12-17,Total Express,62.7,2
4431,PED-83418,2024-03-26,2024-04-03,2024-04-09,Correios,47.45,1
4432,PED-38829,2024-07-26,2024-07-30,2024-07-31,Correios,75.59,2
4433,PED-90735,2025-03-06,2025-03-15,2025-03-17,correios,92.5,4
4434,PED-49491,2024-11-04,2024-11-10,2024-11-10,Total Express,110.15,4
4435,PED-11199,2025-05-17,2025-05-21,2025-05-22,Jadlog,97.14,2
4436,PED-32820,2024-04-20,2024-04-24,2024-04-24,correios,47.8,1
4437,PED-20487,2025-08-08,2025-08-10,2025-08-10,Total Express,101.65,3
4438,PED-54827,2024-10-21,2024-10-24,2024-10-25,correios,132.38,4
4439,PED-52942,2024-02-07,2024-02-18,2024-02-15,Jadlog,49.62,3
4440,PED-60354,2025-03-18,2025-03-29,2025-03-25,correios,118.1,4
4441,PED-46379,2025-09-26,2025-09-28,2025-09-26,correios,56.7,1
4442,PED-39048,2024-05-03,2024-05-08,2024-05-07,correios,89.92,3
4443,PED-48157,2024-05-16,2024-05-28,2024-06-02,Jadlog,31.93,2
4444,PED-93890,2025-07-01,2025-07-04,2025-07-05,correios,77.35,2
4445,PED-12654,2026-01-09,2026-01-11,2026-01-11,correios,87.87,4
4446,PED-88655,2025-11-05,2025-11-09,2025-11-14,Correios,66.43,1
4447,PED-30574,2024-03-03,2024-03-12,2024-03-12,correios,117.46,1
4448,PED-63381,2024-07-06,2024-07-12,2024-07-09,Total Express,79.49,2
4449,PED-99718,2025-05-12,2025-05-15,2025-05-16,correios,85.92,4
4450,PED-37514,2025-11-19,2025-11-27,2025-12-02,Total Express,121.31,1
4451,PED-26541,2024-12-28,2025-01-05,2025-01-04,Jadlog,107.2,2
4452,PED-86856,2024-10-10,2024-10-13,2024-10-12,correios,74.01,3
4453,PED-10994,2024-05-11,2024-05-21,2024-05-22,correios,27.96,4
4454,PED-86682,2025-03-08,2025-03-11,2025-03-17,Correios,22.02,2
4455,PED-37740,2024-11-16,2024-11-28,2024-11-27,Jadlog,89.71,4
4456,PED-21108,2025-02-20,2025-03-03,2025-03-06,Correios,8.27,1
4457,PED-94938,2024-12-11,2024-12-15,2024-12-20,Jadlog,64.8,4
4458,PED-54631,2025-11-27,2025-12-01,2025-11-29,Total Express,102.45,3
4459,PED-77387,2025-01-18,2025-01-27,2025-01-24,Jadlog,54.71,3
4460,PED-85938,2025-03-20,2025-03-22,2025-03-25,correios,37.95,3
4461,PED-27919,2025-01-29,2025-02-05,2025-02-04,correios,18.94,4
4462,PED-71436,2024-11-05,2024-11-17,2024-11-23,Total Express,128.92,1
4463,PED-59393,2025-03-21,2025-03-27,2025-03-28,Jadlog,66.22,3
4464,PED-11684,2025-08-31,2025-09-05,2025-09-08,Correios,89.17,3
4465,PED-90514,2024-08-27,2024-09-01,2024-09-07,Correios,129.44,4
4466,PED-65144,2026-01-14,2026-01-23,2026-01-25,Total Express,52.88,3
4467,PED-71725,2024-08-28,2024-09-01,2024-09-07,Total Express,16.83,1
4468,PED-82584,2024-11-23,2024-12-04,2024-12-02,Correios,116.42,3
4469,PED-17201,2025-10-14,2025-10-23,2025-10-27,Total Express,95.41,1
4470,PED-42231,2025-09-12,2025-09-16,2025-09-14,Correios,97.12,4
4471,PED-81708,2025-05-05,2025-05-14,2025-05-20,Total Express,11.17,4
4472,PED-36803,2024-03-27,2024-04-08,2024-04-10,Jadlog,40.48,2
4473,PED-73739,2025-10-26,2025-10-31,2025-11-06,Correios,79.17,2
4474,PED-59617,2024-11-30,2024-12-03,2024-12-01,Jadlog,93.42,3
4475,PED-75271,2025-12-12,2025-12-20,2025-12-19,Correios,18.97,2
4476,PED-35239,2025-07-31,2025-08-11,2025-08-11,Correios,13.29,2
4477,PED-42198,2024-07-26,2024-08-04,2024-08-05,correios,123.33,1
4478,PED-44033,2025-02-28,2025-03-05,2025-03-03,Total Express,53.48,4
4479,PED-37353,2024-06-25,2024-07-03,2024-07-08,correios,136.16,3
4480,PED-96390,2025-11-08,2025-11-11,2025-11-14,correios,113.79,4
4481,PED-84727,2025-03-06,2025-03-14,2025-03-15,Correios,124.47,3
4482,PED-28279,2024-06-12,2024-06-17,2024-06-21,Correios,20.44,3
4483,PED-60834,2024-03-17,2024-03-29,2024-03-25,Jadlog,29.6,4
4484,PED-34115,2025-04-03,2025-04-11,2025-04-11,Total Express,66.76,2
4485,PED-28939,2024-05-19,2024-05-26,2024-05-23,Total Express,32.17,3
4486,PED-38915,2025-03-11,2025-03-18,2025-03-19,correios,72.55,3
4487,PED-51158,2024-08-12,2024-08-24,2024-08-26,Total Express,88.99,4
4488,PED-67840,2026-01-20,2026-01-26,2026-01-30,Jadlog,85.71,2
4489,PED-85727,2025-04-28,2025-05-02,2025-05-02,Jadlog,101.48,1
4490,PED-63319,2025-07-04,2025-07-06,2025-07-06,correios,49.57,4
4491,PED-84381,2025-11-09,2025-11-20,2025-11-18,Total Express,51.16,3
4492,PED-98102,2025-02-01,2025-02-04,2025-02-02,Correios,122.36,2
4493,PED-74512,2025-12-18,2025-12-27,2025-12-29,correios,86.84,2
4494,PED-90463,2024-11-06,2024-11-13,2024-11-09,Total Express,85.13,2
4495,PED-45296,2024-04-13,2024-04-19,2024-04-25,correios,17.63,1
4496,PED-96080,2024-03-15,2024-03-21,2024-03-23,Jadlog,126.94,2
4497,PED-48365,2025-03-06,2025-03-10,2025-03-09,Total Express,68.91,1
4498,PED-74585,2024-02-04,2024-02-10,2024-02-11,Total Express,121.25,2
4499,PED-78124,2025-04-16,2025-04-23,2025-04-20,Jadlog,100.15,1
4500,PED-36687,2025-12-11,2025-12-20,2025-12-16,correios,93.76,2
4501,PED-69347,2025-08-28,2025-08-31,2025-08-31,correios,110.19,2
4502,PED-30455,2025-06-29,2025-07-08,2025-07-14,Correios,130.29,3
4503,PED-61735,2024-09-01,2024-09-08,2024-09-05,Total Express,60.83,4
4504,PED-35838,2024-10-26,2024-10-28,2024-10-30,Total Express,91.18,2
4505,PED-36274,2024-02-05,2024-02-15,2024-02-17,Correios,22.89,2
4506,PED-16423,2024-09-19,2024-09-23,2024-09-19,Jadlog,74.45,3
4507,PED-43177,2025-03-28,2025-04-01,2025-04-03,correios,35.01,2
4508,PED-98564,2024-08-01,2024-08-09,2024-08-12,Total Express,11.03,2
4509,PED-63145,2025-01-15,2025-01-25,2025-01-30,Total Express,103.54,1
4510,PED-11143,2025-12-24,2025-12-29,2025-12-31,Jadlog,92.5,3
4511,PED-66998,2025-07-27,2025-08-07,2025-08-07,correios,11.17,3
4512,PED-84482,2024-08-04,2024-08-12,2024-08-12,Correios,23.01,2
4513,PED-91478,2024-04-30,2024-05-04,2024-05-04,Jadlog,108.79,1
4514,PED-59047,2024-03-22,2024-04-02,2024-04-01,Correios,116.88,1
4515,PED-53489,2024-07-07,2024-07-10,2024-07-07,Jadlog,59.68,4
4516,PED-94185,2024-10-20,2024-10-27,2024-10-31,Correios,79.4,1
4517,PED-76790,2024-08-18,2024-08-23,2024-08-27,Correios,45.73,1
4518,PED-18052,2024-06-26,2024-06-28,2024-06-28,Jadlog,39.94,3
4519,PED-76711,2025-02-14,2025-02-22,2025-02-24,Jadlog,18.01,2
4520,PED-78477,2025-10-23,2025-10-30,2025-10-29,Correios,44.23,2
4521,PED-70041,2024-05-12,2024-05-21,2024-05-21,Jadlog,54.5,1
4522,PED-91849,2024-07-26,2024-07-31,2024-07-27,Correios,21.61,4
4523,PED-59995,2025-12-14,2025-12-24,2025-12-25,Jadlog,67.05,4
4524,PED-44375,2026-01-12,2026-01-21,2026-01-25,Correios,20.04,1
4525,PED-96121,2025-11-09,2025-11-13,2025-11-16,Correios,61.43,2
4526,PED-67138,2024-04-27,2024-05-06,2024-05-03,Correios,22.08,4
4527,PED-65364,2024-12-15,2024-12-23,2024-12-27,Correios,19.24,4
4528,PED-56694,2025-12-17,2025-12-25,2025-12-28,correios,95.65,2
4529,PED-72454,2026-01-13,2026-01-21,2026-01-18,Correios,102.96,1
4530,PED-37181,2025-03-06,2025-03-13,2025-03-17,Jadlog,33.03,3
4531,PED-18778,2024-04-29,2024-05-11,2024-05-15,Jadlog,63.7,4
4532,PED-58446,2025-05-02,2025-05-06,2025-05-10,correios,56.15,2
4533,PED-96000,2024-08-05,2024-08-10,2024-08-15,correios,45.26,4
4534,PED-28615,2025-03-07,2025-03-15,2025-03-21,Correios,69.79,4
4535,PED-15677,2025-12-27,2026-01-03,2026-01-07,Correios,97.93,3
4536,PED-81834,2026-01-15,2026-01-23,2026-01-25,Total Express,87.83,2
4537,PED-10846,2024-04-24,2024-04-26,2024-04-25,correios,112.11,3
4538,PED-70558,2024-06-13,2024-06-18,2024-06-16,correios,71.23,4
4539,PED-83423,2026-01-16,2026-01-24,2026-01-29,correios,41.67,1
4540,PED-18025,2025-05-27,2025-06-08,2025-06-09,correios,50.23,3
4541,PED-23958,2024-12-10,2024-12-16,2024-12-18,correios,8.58,4
4542,PED-80145,2024-03-23,2024-03-28,2024-03-24,Total Express,24.51,1
4543,PED-39328,2025-06-03,2025-06-15,2025-06-18,correios,133.42,4
4544,PED-25198,2025-12-29,2026-01-07,2026-01-10,Correios,124.0,3
4545,PED-26812,2024-05-15,2024-05-19,2024-05-20,Total Express,94.13,4
4546,PED-88976,2024-10-27,2024-11-01,2024-10-28,Correios,9.14,1
4547,PED-16298,2024-03-14,2024-03-18,2024-03-15,correios,102.56,3
4548,PED-48692,2025-04-05,2025-04-09,2025-04-08,Jadlog,72.53,1
4549,PED-73363,2024-10-01,2024-10-08,2024-10-14,Total Express,138.08,1
4550,PED-25769,2024-05-26,2024-06-06,2024-06-08,Total Express,22.3,3
4551,PED-55857,2026-02-02,2026-02-13,2026-02-15,Total Express,61.15,4
4552,PED-15333,2024-11-22,2024-11-30,2024-11-30,Total Express,77.17,2
4553,PED-44867,2025-03-01,2025-03-06,2025-03-06,Correios,10.31,3
4554,PED-46903,2024-09-21,2024-09-25,2024-09-23,correios,138.21,4
4555,PED-35726,2025-04-02,2025-04-14,2025-04-15,Total Express,90.39,2
4556,PED-85950,2024-12-24,2024-12-28,2024-12-25,Correios,108.35,2
4557,PED-70116,2024-03-06,2024-03-17,2024-03-13,Correios,55.76,3
4558,PED-41882,2025-04-16,2025-04-25,2025-05-01,Total Express,14.61,1
4559,PED-93956,2025-10-14,2025-10-21,2025-10-24,Correios,18.91,3
4560,PED-15748,2025-07-28,2025-07-30,2025-07-27,Correios,60.4,2
4561,PED-14027,2025-01-02,2025-01-10,2025-01-06,Correios,25.76,3
4562,PED-37385,2024-09-27,2024-10-07,2024-10-12,Jadlog,119.5,3
4563,PED-82916,2024-06-03,2024-06-14,2024-06-17,correios,37.13,3
4564,PED-37134,2025-09-04,2025-09-14,2025-09-18,Jadlog,72.94,1
4565,PED-24129,2025-06-13,2025-06-24,2025-06-22,Jadlog,83.3,4
4566,PED-43049,2025-01-25,2025-02-05,2025-02-02,Total Express,40.01,4
4567,PED-47176,2024-05-23,2024-06-04,2024-06-06,correios,115.23,1
4568,PED-74861,2025-12-20,2025-12-25,2025-12-22,correios,115.88,4
4569,PED-29169,2025-12-14,2025-12-22,2025-12-23,correios,48.97,3
4570,PED-31816,2024-11-19,2024-11-25,2024-11-30,Total Express,96.41,3
4571,PED-14506,2024-08-13,2024-08-15,2024-08-11,correios,10.74,4
4572,PED-21319,2024-08-05,2024-08-17,2024-08-13,Jadlog,95.98,4
4573,PED-21274,2024-08-28,2024-08-30,2024-08-31,Correios,81.85,3
4574,PED-28774,2024-09-23,2024-09-29,2024-09-28,Total Express,123.82,4
4575,PED-17473,2025-04-23,2025-05-05,2025-05-04,correios,138.46,3
4576,PED-38451,2026-01-29,2026-02-06,2026-02-12,Total Express,86.97,2
4577,PED-17630,2025-07-17,2025-07-19,2025-07-16,Correios,103.35,1
4578,PED-87154,2024-06-12,2024-06-22,2024-06-27,correios,16.71,4
4579,PED-10465,2024-08-09,2024-08-19,2024-08-16,Jadlog,120.68,1
4580,PED-94370,2024-04-09,2024-04-13,2024-04-17,correios,52.34,3
4581,PED-81271,2025-04-28,2025-05-01,2025-05-02,correios,90.5,1
4582,PED-16470,2025-12-10,2025-12-21,2025-12-20,Jadlog,101.23,4
4583,PED-21602,2024-05-01,2024-05-09,2024-05-11,correios,109.68,4
4584,PED-94239,2024-03-13,2024-03-17,2024-03-21,Correios,75.56,1
4585,PED-98392,2024-04-17,2024-04-21,2024-04-19,Total Express,76.63,3
4586,PED-70144,2025-09-05,2025-09-16,2025-09-16,Jadlog,109.52,1
4587,PED-19653,2025-09-28,2025-10-05,2025-10-04,Correios,12.8,3
4588,PED-37799,2025-03-26,2025-04-07,2025-04-11,correios,9.1,4
4589,PED-89254,2024-03-01,2024-03-10,2024-03-09,Total Express,89.67,3
4590,PED-83098,2025-03-03,2025-03-07,2025-03-04,Correios,106.6,2
4591,PED-89482,2024-11-04,2024-11-16,2024-11-18,correios,70.62,4
4592,PED-13772,2024-03-20,2024-03-27,2024-04-02,Correios,61.53,4
4593,PED-22883,2024-03-04,2024-03-12,2024-03-15,Total Express,71.19,2
4594,PED-81131,2025-11-07,2025-11-19,2025-11-23,correios,62.01,2
4595,PED-78939,2025-10-30,2025-11-07,2025-11-11,Jadlog,11.24,4
4596,PED-70278,2024-09-21,2024-10-03,2024-10-01,Total Express,30.69,2
4597,PED-66656,2025-11-06,2025-11-10,2025-11-12,Total Express,66.59,1
4598,PED-68660,2025-11-07,2025-11-18,2025-11-17,Total Express,19.3,4
4599,PED-34544,2024-05-31,2024-06-07,2024-06-05,Correios,69.22,2
4600,PED-80183,2024-06-04,2024-06-11,2024-06-16,Correios,25.9,3
4601,PED-72950,2025-07-06,2025-07-17,2025-07-20,Total Express,28.1,3
4602,PED-59831,2024-04-06,2024-04-17,2024-04-20,Jadlog,11.29,2
4603,PED-79756,2024-06-05,2024-06-15,2024-06-16,Correios,49.86,1
4604,PED-67778,2025-12-22,2025-12-28,2025-12-25,Correios,125.74,4
4605,PED-82277,2025-04-19,2025-04-26,2025-04-29,correios,83.46,2
4606,PED-61967,2025-12-25,2026-01-05,2026-01-06,Jadlog,113.79,4
4607,PED-24961,2025-01-22,2025-01-25,2025-01-31,Jadlog,77.38,1
4608,PED-57324,2025-07-12,2025-07-14,2025-07-20,Correios,8.58,2
4609,PED-87904,2026-01-16,2026-01-22,2026-01-22,correios,77.02,4
4610,PED-55820,2025-12-29,2026-01-08,2026-01-11,Total Express,139.0,2
4611,PED-28519,2024-07-20,2024-08-01,2024-07-28,correios,10.38,1
4612,PED-93049,2025-07-13,2025-07-17,2025-07-18,Correios,16.42,4
4613,PED-74671,2026-01-09,2026-01-21,2026-01-17,Jadlog,30.56,1
4614,PED-94296,2024-08-01,2024-08-09,2024-08-15,Jadlog,27.7,2
4615,PED-34776,2025-03-10,2025-03-14,2025-03-13,Total Express,87.82,1
4616,PED-12054,2025-09-07,2025-09-19,2025-09-23,Total Express,30.2,1
4617,PED-93746,2025-03-17,2025-03-19,2025-03-22,correios,10.62,2
4618,PED-60448,2025-06-06,2025-06-12,2025-06-10,Total Express,26.33,4
4619,PED-71547,2025-11-17,2025-11-24,2025-11-23,Jadlog,139.23,3
4620,PED-94148,2025-01-21,2025-01-30,2025-01-27,Jadlog,48.27,3
4621,PED-75016,2024-12-10,2024-12-18,2024-12-24,Jadlog,14.56,4
4622,PED-37299,2025-04-09,2025-04-19,2025-04-22,Jadlog,93.26,3
4623,PED-43342,2024-08-01,2024-08-08,2024-08-07,Jadlog,103.64,3
4624,PED-66247,2026-01-14,2026-01-22,2026-01-28,Total Express,54.72,2
4625,PED-76411,2024-05-24,2024-06-05,2024-06-05,correios,111.82,2
4626,PED-95840,2024-08-19,2024-08-31,2024-09-01,Total Express,91.16,4
4627,PED-66908,2025-11-18,2025-11-27,2025-11-26,Total Express,117.54,3
4628,PED-13840,2024-07-02,2024-07-07,2024-07-05,Total Express,70.4,4
4629,PED-89816,2024-02-15,2024-02-17,2024-02-21,Jadlog,40.17,4
4630,PED-38631,2024-10-16,2024-10-27,2024-10-31,Jadlog,47.7,4
4631,PED-80198,2025-02-17,2025-02-28,2025-03-01,Correios,55.0,3
4632,PED-57340,2025-01-15,2025-01-22,2025-01-18,Correios,86.66,3
4633,PED-31651,2025-12-17,2025-12-25,2025-12-28,Correios,14.75,2
4634,PED-89103,2024-09-28,2024-10-04,2024-10-02,correios,82.86,4
4635,PED-74228,2024-05-17,2024-05-26,2024-05-25,correios,119.48,3
4636,PED-55266,2024-07-20,2024-07-26,2024-08-01,Correios,39.9,1
4637,PED-28049,2024-05-14,2024-05-17,2024-05-19,Jadlog,81.8,3
4638,PED-15039,2026-01-03,2026-01-06,2026-01-07,correios,98.96,1
4639,PED-13035,2024-02-04,2024-02-10,2024-02-11,correios,134.64,1
4640,PED-55012,2024-11-14,2024-11-20,2024-11-19,correios,124.78,2
4641,PED-44710,2024-05-25,2024-06-03,2024-06-08,correios,116.82,4
4642,PED-34653,2025-04-24,2025-05-05,2025-05-06,Correios,113.27,1
4643,PED-41326,2025-11-09,2025-11-12,2025-11-10,Jadlog,84.05,3
4644,PED-56919,2025-09-03,2025-09-07,2025-09-09,correios,124.81,3
4645,PED-66902,2025-07-09,2025-07-13,2025-07-17,Total Express,127.61,3
4646,PED-78625,2024-02-27,2024-03-01,2024-02-26,Jadlog,73.46,2
4647,PED-55887,2025-01-29,2025-02-08,2025-02-14,Jadlog,46.62,1
4648,PED-66543,2025-06-24,2025-06-30,2025-07-06,Correios,113.36,1
4649,PED-52490,2024-06-20,2024-07-01,2024-06-30,Correios,18.35,3
4650,PED-50981,2025-05-25,2025-06-01,2025-06-02,correios,98.9,1
4651,PED-72115,2025-12-19,2025-12-27,2025-12-25,correios,79.78,1
4652,PED-36187,2024-09-06,2024-09-14,2024-09-17,correios,66.38,4
4653,PED-21386,2024-12-07,2024-12-10,2024-12-08,Jadlog,117.62,3
4654,PED-65758,2024-09-16,2024-09-24,2024-09-22,Jadlog,124.55,2
4655,PED-77331,2026-01-20,2026-01-28,2026-01-24,Jadlog,77.39,4
4656,PED-11850,2025-03-11,2025-03-19,2025-03-17,Correios,63.95,2
4657,PED-66555,2024-04-14,2024-04-17,2024-04-22,correios,10.66,2
4658,PED-54043,2025-11-17,2025-11-28,2025-12-03,Correios,65.53,4
4659,PED-53986,2024-10-05,2024-10-07,2024-10-07,Correios,102.02,2
4660,PED-64889,2024-12-15,2024-12-19,2024-12-25,Total Express,38.04,1
4661,PED-46752,2025-05-21,2025-05-25,2025-05-24,correios,117.27,1
4662,PED-55109,2025-07-07,2025-07-13,2025-07-17,Correios,94.8,2
4663,PED-58404,2024-08-23,2024-08-25,2024-08-23,correios,60.9,3
4664,PED-28973,2025-10-01,2025-10-03,2025-10-09,correios,111.68,2
4665,PED-43469,2025-09-14,2025-09-17,2025-09-16,correios,70.22,3
4666,PED-71152,2025-11-18,2025-11-27,2025-11-29,correios,88.04,1
4667,PED-48378,2025-04-07,2025-04-10,2025-04-11,Correios,106.8,3
4668,PED-78332,2024-10-15,2024-10-20,2024-10-17,correios,93.39,2
4669,PED-58825,2025-09-22,2025-09-30,2025-10-05,correios,128.83,1
4670,PED-95612,2024-06-15,2024-06-17,2024-06-23,correios,95.71,4
4671,PED-98893,2025-04-29,2025-05-08,2025-05-05,Correios,50.33,4
4672,PED-86617,2026-02-03,2026-02-07,2026-02-13,Correios,133.23,4
4673,PED-61095,2024-02-26,2024-03-08,2024-03-06,Jadlog,114.77,4
4674,PED-76746,2025-04-03,2025-04-08,2025-04-06,Correios,119.12,2
4675,PED-20928,2024-06-25,2024-07-07,2024-07-12,Correios,104.51,4
4676,PED-30397,2024-04-27,2024-05-02,2024-05-07,correios,20.93,2
4677,PED-19898,2025-08-30,2025-09-07,2025-09-12,Jadlog,66.43,4
4678,PED-24930,2025-04-13,2025-04-21,2025-04-24,Correios,55.39,4
4679,PED-67943,2024-07-13,2024-07-22,2024-07-18,Jadlog,53.71,1
4680,PED-17402,2024-10-06,2024-10-13,2024-10-12,Jadlog,44.19,1
4681,PED-10770,2024-09-11,2024-09-13,2024-09-11,correios,110.45,4
4682,PED-83460,2024-10-19,2024-10-29,2024-10-28,Total Express,81.25,1
4683,PED-93617,2025-12-30,2026-01-04,2026-01-04,Jadlog,124.23,2
4684,PED-75929,2025-07-24,2025-08-04,2025-08-05,Total Express,67.74,4
4685,PED-95009,2025-02-12,2025-02-14,2025-02-13,Correios,43.93,2
4686,PED-99763,2024-07-28,2024-08-03,2024-08-05,Total Express,97.68,3
4687,PED-80316,2024-05-27,2024-06-08,2024-06-05,correios,39.69,4
4688,PED-22616,2024-03-23,2024-04-02,2024-04-06,Correios,17.97,2
4689,PED-27322,2024-04-14,2024-04-24,2024-04-30,Total Express,30.77,1
4690,PED-41940,2025-04-27,2025-05-04,2025-05-01,correios,45.07,1
4691,PED-50698,2024-02-11,2024-02-14,2024-02-18,correios,27.65,1
4692,PED-96184,2025-05-10,2025-05-15,2025-05-19,correios,55.74,2
4693,PED-82112,2025-07-07,2025-07-11,2025-07-07,correios,98.44,1
4694,PED-78546,2024-07-04,2024-07-16,2024-07-18,Correios,103.52,4
4695,PED-11184,2024-08-21,2024-08-26,2024-08-28,correios,78.95,1
4696,PED-42182,2024-02-19,2024-03-02,2024-03-05,Total Express,87.23,4
4697,PED-50141,2025-08-31,2025-09-10,2025-09-15,Total Express,64.55,2
4698,PED-13032,2024-04-16,2024-04-18,2024-04-14,Jadlog,25.08,3
4699,PED-72113,2025-12-17,2025-12-20,2025-12-16,Correios,68.29,4
4700,PED-83482,2025-10-14,2025-10-19,2025-10-19,Jadlog,123.02,1
4701,PED-79878,2024-03-30,2024-04-11,2024-04-17,Jadlog,21.75,2
4702,PED-79348,2024-08-28,2024-09-06,2024-09-02,Jadlog,18.68,1
4703,PED-91555,2024-12-19,2024-12-30,2024-12-27,Jadlog,113.41,3
4704,PED-57627,2024-07-25,2024-08-01,2024-08-01,Total Express,87.93,2
4705,PED-55104,2025-06-14,2025-06-25,2025-06-27,Jadlog,59.41,1
4706,PED-69443,2024-08-25,2024-09-05,2024-09-03,Total Express,73.8,2
4707,PED-99699,2024-04-06,2024-04-15,2024-04-18,Correios,98.83,4
4708,PED-41525,2024-06-24,2024-06-28,2024-06-30,Jadlog,60.9,2
4709,PED-67752,2025-11-10,2025-11-18,2025-11-20,correios,132.07,3
4710,PED-37193,2025-03-15,2025-03-22,2025-03-25,Total Express,20.99,4
4711,PED-31741,2024-10-26,2024-11-01,2024-10-28,correios,36.7,3
4712,PED-19023,2024-07-31,2024-08-12,2024-08-14,Jadlog,47.22,4
4713,PED-74780,2025-05-21,2025-05-29,2025-05-27,Total Express,35.03,2
4714,PED-99125,2025-09-24,2025-09-26,2025-09-26,Correios,17.45,4
4715,PED-99679,2025-06-21,2025-06-29,2025-06-26,Jadlog,30.98,1
4716,PED-48734,2026-01-15,2026-01-22,2026-01-20,correios,22.88,4
4717,PED-37159,2024-11-23,2024-12-03,2024-12-05,Total Express,42.58,1
4718,PED-51050,2024-04-25,2024-05-01,2024-05-03,Total Express,79.1,4
4719,PED-73312,2025-12-16,2025-12-27,2025-12-31,Correios,36.57,2
4720,PED-46477,2025-07-07,2025-07-09,2025-07-05,correios,72.21,2
4721,PED-20322,2025-07-17,2025-07-25,2025-07-24,Jadlog,84.12,2
4722,PED-24891,2024-08-25,2024-08-29,2024-09-03,correios,71.7,1
4723,PED-88421,2024-10-07,2024-10-15,2024-10-16,correios,44.98,1
4724,PED-59429,2025-02-16,2025-02-22,2025-02-18,correios,84.43,1
4725,PED-32326,2025-10-29,2025-11-08,2025-11-11,correios,75.79,3
4726,PED-77973,2025-03-03,2025-03-12,2025-03-09,correios,10.7,1
4727,PED-62491,2024-04-05,2024-04-14,2024-04-19,Correios,119.93,4
4728,PED-68746,2026-01-28,2026-02-04,2026-02-10,Jadlog,117.91,4
4729,PED-90517,2025-03-05,2025-03-11,2025-03-16,Total Express,90.41,1
4730,PED-27671,2025-05-01,2025-05-08,2025-05-06,Correios,72.72,1
4731,PED-63637,2025-09-16,2025-09-22,2025-09-26,Jadlog,138.4,3
4732,PED-82468,2025-07-05,2025-07-15,2025-07-12,Correios,139.33,1
4733,PED-74555,2025-07-04,2025-07-12,2025-07-09,correios,91.4,3
4734,PED-22414,2025-12-07,2025-12-15,2025-12-14,Total Express,34.42,1
4735,PED-70423,2025-11-09,2025-11-13,2025-11-18,Jadlog,117.93,4
4736,PED-23547,2024-08-05,2024-08-09,2024-08-11,Total Express,86.76,4
4737,PED-83472,2025-02-28,2025-03-05,2025-03-08,Correios,19.71,2
4738,PED-94970,2025-03-14,2025-03-24,2025-03-29,Correios,59.74,2
4739,PED-37155,2025-11-11,2025-11-13,2025-11-10,Correios,73.95,4
4740,PED-34710,2025-02-19,2025-02-28,2025-03-01,correios,23.17,2
4741,PED-25798,2024-05-24,2024-05-29,2024-05-31,correios,18.15,3
4742,PED-14801,2025-06-30,2025-07-06,2025-07-11,Correios,48.98,1
4743,PED-98153,2025-08-31,2025-09-05,2025-09-08,correios,87.38,3
4744,PED-53634,2025-11-29,2025-12-06,2025-12-10,correios,53.11,4
4745,PED-88341,2024-08-31,2024-09-05,2024-09-11,Correios,28.22,3
4746,PED-92852,2025-08-03,2025-08-08,2025-08-13,correios,27.21,3
4747,PED-67402,2025-01-15,2025-01-22,2025-01-19,Jadlog,17.21,2
4748,PED-18751,2025-07-28,2025-08-04,2025-08-08,Jadlog,117.83,4
4749,PED-33880,2025-11-05,2025-11-09,2025-11-06,correios,61.57,1
4750,PED-61795,2024-11-11,2024-11-14,2024-11-18,correios,83.43,3
4751,PED-22801,2025-04-21,2025-04-28,2025-04-28,correios,103.48,3
4752,PED-22296,2025-07-13,2025-07-20,2025-07-19,Jadlog,59.43,1
4753,PED-11137,2025-11-06,2025-11-17,2025-11-16,Total Express,86.91,3
4754,PED-95277,2024-05-26,2024-06-06,2024-06-02,Total Express,99.84,3
4755,PED-80566,2025-08-21,2025-08-28,2025-09-02,Total Express,25.9,3
4756,PED-90121,2024-04-11,2024-04-13,2024-04-17,correios,100.75,4
4757,PED-34665,2024-12-03,2024-12-12,2024-12-18,Jadlog,93.91,1
4758,PED-76613,2025-03-24,2025-04-01,2025-04-03,Correios,16.78,2
4759,PED-71665,2025-11-24,2025-11-29,2025-12-04,correios,131.33,4
4760,PED-27836,2025-04-25,2025-04-27,2025-04-30,Correios,71.2,2
4761,PED-33626,2025-04-05,2025-04-11,2025-04-07,Jadlog,25.5,2
4762,PED-45438,2024-11-02,2024-11-14,2024-11-12,Correios,98.86,2
4763,PED-98304,2024-11-30,2024-12-02,2024-12-04,correios,32.4,2
4764,PED-50441,2024-05-21,2024-05-29,2024-05-30,Correios,20.43,1
4765,PED-48035,2024-02-24,2024-03-07,2024-03-07,Jadlog,30.2,3
4766,PED-97576,2025-05-04,2025-05-08,2025-05-14,Correios,28.77,3
4767,PED-10959,2025-11-13,2025-11-18,2025-11-19,Jadlog,65.98,3
4768,PED-97596,2025-01-20,2025-01-23,2025-01-20,Total Express,94.77,3
4769,PED-11057,2025-06-25,2025-07-03,2025-07-03,Jadlog,21.6,4
4770,PED-91395,2024-05-01,2024-05-08,2024-05-07,Correios,126.44,4
4771,PED-50769,2025-01-01,2025-01-03,2025-01-04,correios,47.61,3
4772,PED-93025,2024-08-23,2024-08-26,2024-09-01,Correios,75.13,2
4773,PED-97477,2025-02-25,2025-03-05,2025-03-02,Correios,11.59,2
4774,PED-51880,2026-01-18,2026-01-25,2026-01-27,Jadlog,31.92,2
4775,PED-32872,2025-03-18,2025-03-20,2025-03-26,correios,71.4,4
4776,PED-97027,2024-04-05,2024-04-13,2024-04-18,Total Express,87.19,2
4777,PED-40635,2024-12-26,2025-01-06,2025-01-07,correios,78.92,1
4778,PED-22172,2025-05-25,2025-06-05,2025-06-05,Correios,90.51,2
4779,PED-12128,2024-04-27,2024-05-08,2024-05-14,correios,111.41,3
4780,PED-95682,2024-04-13,2024-04-17,2024-04-17,correios,46.82,4
4781,PED-33288,2025-03-01,2025-03-09,2025-03-15,correios,43.66,2
4782,PED-98414,2024-05-09,2024-05-14,2024-05-14,correios,133.7,3
4783,PED-58618,2025-05-14,2025-05-19,2025-05-22,Correios,131.96,4
4784,PED-43344,2025-11-08,2025-11-16,2025-11-21,Correios,75.02,3
4785,PED-47260,2025-10-06,2025-10-12,2025-10-10,correios,104.02,2
4786,PED-27504,2024-03-24,2024-04-01,2024-04-06,Jadlog,53.35,4
4787,PED-54567,2025-08-07,2025-08-13,2025-08-12,Correios,84.25,3
4788,PED-93047,2024-03-04,2024-03-08,2024-03-12,Jadlog,88.36,4
4789,PED-42602,2025-02-11,2025-02-23,2025-02-19,Total Express,114.48,4
4790,PED-37463,2026-02-01,2026-02-07,2026-02-08,Jadlog,87.32,4
4791,PED-15872,2024-09-05,2024-09-13,2024-09-14,Jadlog,68.44,2
4792,PED-87583,2024-06-11,2024-06-13,2024-06-09,Jadlog,44.16,4
4793,PED-47329,2025-10-22,2025-10-27,2025-10-27,Total Express,96.04,4
4794,PED-87207,2024-08-03,2024-08-11,2024-08-14,Jadlog,68.32,4
4795,PED-94210,2025-11-03,2025-11-06,2025-11-09,Correios,123.13,4
4796,PED-21141,2025-06-09,2025-06-20,2025-06-16,Jadlog,90.0,1
4797,PED-38166,2025-05-02,2025-05-05,2025-05-01,Jadlog,113.09,4
4798,PED-61404,2025-05-09,2025-05-12,2025-05-13,Total Express,117.46,4
4799,PED-10006,2024-08-07,2024-08-15,2024-08-16,Jadlog,18.11,4
4800,PED-22572,2025-04-05,2025-04-07,2025-04-13,Total Express,72.86,3
4801,PED-99534,2025-01-23,2025-01-29,2025-02-03,correios,34.98,2
4802,PED-93841,2025-04-17,2025-04-24,2025-04-29,Total Express,83.96,3
4803,PED-52494,2025-09-29,2025-10-01,2025-10-01,Correios,93.23,4
4804,PED-40058,2024-06-29,2024-07-07,2024-07-12,Total Express,53.3,1
4805,PED-33323,2024-09-20,2024-09-24,2024-09-24,Total Express,17.52,2
4806,PED-26301,2025-08-18,2025-08-25,2025-08-28,Jadlog,134.58,2
4807,PED-99455,2026-01-02,2026-01-09,2026-01-05,correios,79.14,4
4808,PED-59334,2025-07-10,2025-07-18,2025-07-16,Jadlog,75.87,1
4809,PED-42685,2025-08-05,2025-08-17,2025-08-19,Jadlog,83.63,4
4810,PED-97972,2025-02-09,2025-02-19,2025-02-15,Total Express,33.85,3
4811,PED-21086,2024-11-09,2024-11-14,2024-11-10,Correios,109.61,2
4812,PED-85773,2025-12-30,2026-01-08,2026-01-12,Total Express,87.34,1
4813,PED-37314,2024-04-15,2024-04-26,2024-05-02,Correios,108.2,3
4814,PED-70249,2024-09-08,2024-09-12,2024-09-15,Jadlog,77.19,4
4815,PED-60763,2024-12-06,2024-12-08,2024-12-07,Jadlog,62.77,1
4816,PED-38263,2024-09-19,2024-09-24,2024-09-26,Jadlog,48.13,3
4817,PED-88005,2025-05-09,2025-05-14,2025-05-20,Jadlog,61.19,4
4818,PED-23756,2024-06-08,2024-06-13,2024-06-12,Correios,97.0,2
4819,PED-58599,2024-08-03,2024-08-08,2024-08-07,Total Express,97.71,1
4820,PED-68784,2026-01-31,2026-02-09,2026-02-05,correios,118.64,4
4821,PED-56835,2025-01-09,2025-01-15,2025-01-15,Total Express,68.92,4
4822,PED-64195,2025-06-21,2025-06-25,2025-07-01,correios,59.23,4
4823,PED-51046,2024-04-28,2024-05-07,2024-05-11,Correios,75.25,4
4824,PED-74984,2025-04-03,2025-04-12,2025-04-12,Jadlog,88.95,3
4825,PED-47389,2025-09-05,2025-09-17,2025-09-16,Jadlog,26.26,3
4826,PED-70253,2025-09-17,2025-09-22,2025-09-25,Jadlog,123.92,1
4827,PED-61025,2025-01-30,2025-02-04,2025-02-07,Total Express,63.43,4
4828,PED-44752,2025-05-29,2025-06-04,2025-05-31,correios,10.97,4
4829,PED-56490,2025-01-05,2025-01-13,2025-01-16,Correios,48.67,4
4830,PED-49065,2025-04-09,2025-04-16,2025-04-15,Correios,18.04,4
4831,PED-37257,2024-07-01,2024-07-06,2024-07-12,Correios,90.1,1
4832,PED-16096,2024-10-17,2024-10-19,2024-10-25,Jadlog,105.48,4
4833,PED-56801,2024-10-26,2024-11-02,2024-11-04,correios,39.97,3
4834,PED-42003,2024-05-16,2024-05-22,2024-05-23,Jadlog,94.42,4
4835,PED-54820,2024-02-23,2024-03-01,2024-02-29,correios,128.62,2
4836,PED-14180,2025-03-28,2025-04-05,2025-04-07,Correios,121.74,1
4837,PED-13788,2025-07-09,2025-07-15,2025-07-18,Correios,17.26,2
4838,PED-97251,2024-12-17,2024-12-23,2024-12-28,Jadlog,116.83,1
4839,PED-88361,2025-11-11,2025-11-14,2025-11-19,Total Express,118.03,1
4840,PED-23343,2025-10-05,2025-10-08,2025-10-12,Jadlog,74.31,4
4841,PED-65887,2025-11-20,2025-11-26,2025-11-28,Correios,49.18,3
4842,PED-65712,2025-05-14,2025-05-23,2025-05-26,Correios,75.42,4
4843,PED-97677,2025-04-22,2025-05-02,2025-05-05,Correios,45.05,4
4844,PED-62415,2025-03-08,2025-03-19,2025-03-21,Total Express,80.28,2
4845,PED-58872,2024-10-27,2024-11-07,2024-11-03,correios,56.69,3
4846,PED-59142,2025-08-13,2025-08-24,2025-08-29,Correios,77.53,1
4847,PED-40496,2024-03-28,2024-04-03,2024-04-01,correios,8.48,2
4848,PED-75061,2024-05-07,2024-05-18,2024-05-16,Total Express,127.89,1
4849,PED-73069,2025-08-20,2025-08-27,2025-08-27,correios,90.25,4
4850,PED-18793,2024-06-17,2024-06-21,2024-06-19,Jadlog,15.23,1
4851,PED-79721,2025-02-24,2025-03-01,2025-02-26,Total Express,57.64,3
4852,PED-69122,2025-05-11,2025-05-20,2025-05-20,correios,36.14,1
4853,PED-75580,2025-10-13,2025-10-19,2025-10-22,Jadlog,30.13,4
4854,PED-26803,2025-05-14,2025-05-20,2025-05-20,Correios,32.81,3
4855,PED-12187,2025-06-07,2025-06-13,2025-06-10,correios,128.95,2
4856,PED-94559,2024-04-01,2024-04-11,2024-04-14,correios,118.66,1
4857,PED-63252,2025-12-25,2026-01-04,2026-01-10,Total Express,48.93,4
4858,PED-22518,2025-01-25,2025-02-03,2025-02-03,correios,19.9,2
4859,PED-76254,2025-12-06,2025-12-13,2025-12-10,correios,9.14,3
4860,PED-35637,2024-05-03,2024-05-13,2024-05-14,Jadlog,126.89,4
4861,PED-20293,2024-11-10,2024-11-17,2024-11-21,Jadlog,35.72,3
4862,PED-25588,2025-09-13,2025-09-25,2025-09-23,Total Express,80.65,3
4863,PED-91248,2025-02-08,2025-02-15,2025-02-20,Correios,114.77,3
4864,PED-32388,2026-02-01,2026-02-13,2026-02-10,Total Express,51.6,1
4865,PED-55241,2026-02-02,2026-02-10,2026-02-13,correios,36.4,2
4866,PED-38880,2025-09-14,2025-09-17,2025-09-22,Jadlog,78.29,1
4867,PED-17272,2025-06-11,2025-06-21,2025-06-17,correios,134.79,1
4868,PED-34782,2024-12-26,2025-01-01,2025-01-03,Jadlog,24.78,2
4869,PED-23473,2025-02-18,2025-02-24,2025-02-22,Jadlog,83.8,2
4870,PED-23317,2026-01-18,2026-01-20,2026-01-25,correios,16.36,3
4871,PED-35322,2026-01-24,2026-01-28,2026-01-31,Jadlog,19.97,1
4872,PED-21550,2025-08-03,2025-08-09,2025-08-11,correios,40.93,3
4873,PED-57506,2024-11-28,2024-12-10,2024-12-11,correios,120.06,1
4874,PED-15110,2025-10-22,2025-10-29,2025-10-28,correios,15.77,3
4875,PED-68953,2024-03-14,2024-03-20,2024-03-16,Total Express,78.33,1
4876,PED-63381,2024-02-29,2024-03-02,2024-03-07,Jadlog,89.04,3
4877,PED-51912,2025-12-18,2025-12-30,2025-12-31,Total Express,61.69,4
4878,PED-52668,2024-06-16,2024-06-21,2024-06-21,Jadlog,23.8,2
4879,PED-22881,2025-06-10,2025-06-21,2025-06-26,correios,61.67,3
4880,PED-17218,2025-12-29,2026-01-05,2026-01-03,Total Express,48.5,1
4881,PED-13002,2024-02-24,2024-03-06,2024-03-03,Total Express,136.26,4
4882,PED-90721,2025-05-16,2025-05-28,2025-05-30,Correios,10.28,2
4883,PED-42775,2025-06-08,2025-06-12,2025-06-18,correios,113.61,1
4884,PED-28532,2024-03-15,2024-03-23,2024-03-27,Total Express,116.8,2
4885,PED-20973,2024-12-22,2024-12-26,2025-01-01,Total Express,54.97,4
4886,PED-59942,2025-06-20,2025-06-24,2025-06-30,Total Express,134.01,1
4887,PED-92762,2025-07-21,2025-07-31,2025-07-30,Jadlog,73.55,1
4888,PED-55254,2025-01-14,2025-01-16,2025-01-12,correios,26.37,3
4889,PED-27389,2025-06-18,2025-06-27,2025-06-25,Total Express,14.49,2
4890,PED-13998,2025-01-04,2025-01-08,2025-01-06,Correios,134.74,4
4891,PED-54512,2024-12-05,2024-12-11,2024-12-15,Total Express,105.02,3
4892,PED-70696,2025-04-06,2025-04-11,2025-04-15,Correios,27.11,3
4893,PED-53866,2024-02-17,2024-02-20,2024-02-20,correios,126.93,1
4894,PED-77072,2024-10-06,2024-10-13,2024-10-19,Correios,101.26,2
4895,PED-62354,2025-10-04,2025-10-16,2025-10-20,Correios,114.39,1
4896,PED-13759,2024-10-07,2024-10-13,2024-10-17,correios,112.45,2
4897,PED-64854,2025-09-29,2025-10-05,2025-10-01,Jadlog,119.83,4
4898,PED-62315,2024-11-04,2024-11-10,2024-11-13,Jadlog,13.5,1
4899,PED-93173,2025-06-21,2025-06-27,2025-06-24,Jadlog,65.51,3
4900,PED-22290,2025-11-17,2025-11-22,2025-11-18,Total Express,51.46,3
4901,PED-38908,2024-09-29,2024-10-07,2024-10-05,Total Express,78.07,4
4902,PED-65780,2024-11-21,2024-11-29,2024-11-30,correios,17.78,4
4903,PED-64616,2025-04-13,2025-04-25,2025-04-21,correios,124.83,2
4904,PED-21558,2025-09-09,2025-09-20,2025-09-16,Correios,113.52,2
4905,PED-11195,2026-01-24,2026-02-03,2026-02-05,Jadlog,71.62,3
4906,PED-20438,2024-06-16,2024-06-28,2024-07-01,Correios,36.29,1
4907,PED-25892,2024-02-20,2024-02-25,2024-02-26,Jadlog,121.1,3
4908,PED-32084,2025-09-07,2025-09-12,2025-09-16,Jadlog,48.66,1
4909,PED-83840,2024-12-25,2024-12-31,2025-01-03,Correios,134.33,2
4910,PED-26796,2025-03-20,2025-03-26,2025-03-29,correios,85.69,1
4911,PED-38187,2025-12-11,2025-12-19,2025-12-22,Correios,116.25,3
4912,PED-96180,2024-02-11,2024-02-16,2024-02-14,Total Express,73.13,3
4913,PED-62954,2025-04-01,2025-04-11,2025-04-15,Total Express,118.18,3
4914,PED-29562,2025-05-01,2025-05-09,2025-05-15,correios,56.52,2
4915,PED-31594,2024-07-04,2024-07-08,2024-07-12,Correios,108.34,1
4916,PED-30219,2025-01-06,2025-01-16,2025-01-15,correios,57.3,1
4917,PED-77402,2024-03-30,2024-04-07,2024-04-11,Jadlog,64.38,3
4918,PED-73564,2024-03-28,2024-04-09,2024-04-11,Total Express,92.37,1
4919,PED-46509,2025-03-14,2025-03-25,2025-03-27,Jadlog,113.83,2
4920,PED-46795,2024-05-23,2024-06-01,2024-06-01,Jadlog,117.69,4
4921,PED-20400,2025-07-19,2025-07-26,2025-07-24,correios,55.18,2
4922,PED-52254,2025-09-18,2025-09-21,2025-09-24,Jadlog,98.25,3
4923,PED-30793,2025-10-04,2025-10-15,2025-10-21,Total Express,44.24,4
4924,PED-99893,2024-05-10,2024-05-16,2024-05-13,Correios,101.16,3
4925,PED-99640,2025-09-19,2025-09-29,2025-10-01,correios,64.57,3
4926,PED-25442,2025-02-23,2025-02-26,2025-03-04,Total Express,64.02,3
4927,PED-90363,2024-09-07,2024-09-12,2024-09-12,Total Express,54.94,3
4928,PED-94059,2024-11-26,2024-11-29,2024-11-30,Total Express,49.01,1
4929,PED-67750,2024-08-03,2024-08-14,2024-08-16,Total Express,39.36,1
4930,PED-37072,2024-12-10,2024-12-12,2024-12-17,Jadlog,105.2,2
4931,PED-61904,2025-05-25,2025-05-27,2025-05-24,correios,118.5,1
4932,PED-72311,2025-07-26,2025-08-02,2025-08-07,correios,30.78,3
4933,PED-78724,2025-02-21,2025-02-25,2025-02-23,Jadlog,108.23,2
4934,PED-88669,2024-10-13,2024-10-19,2024-10-25,correios,71.31,4
4935,PED-84412,2024-10-03,2024-10-13,2024-10-09,Jadlog,65.54,1
4936,PED-76342,2025-03-16,2025-03-19,2025-03-25,Correios,44.25,2
4937,PED-82554,2024-12-22,2024-12-27,2024-12-27,Correios,17.5,3
4938,PED-41720,2025-02-10,2025-02-15,2025-02-18,Jadlog,112.88,4
4939,PED-23674,2024-06-27,2024-07-05,2024-07-08,Jadlog,51.07,3
4940,PED-55226,2026-01-19,2026-01-27,2026-01-23,correios,85.32,4
4941,PED-67333,2025-01-26,2025-01-28,2025-02-02,Total Express,120.96,4
4942,PED-74981,2025-06-27,2025-07-09,2025-07-07,correios,14.35,3
4943,PED-49179,2024-10-27,2024-11-01,2024-11-03,Correios,22.14,2
4944,PED-63578,2024-12-10,2024-12-20,2024-12-21,Total Express,105.53,2
4945,PED-15580,2025-07-16,2025-07-26,2025-07-27,correios,137.51,3
4946,PED-96030,2025-08-01,2025-08-08,2025-08-14,correios,81.53,1
4947,PED-69505,2025-01-14,2025-01-26,2025-01-29,Jadlog,123.47,2
4948,PED-60630,2024-08-17,2024-08-20,2024-08-18,correios,63.02,2
4949,PED-62122,2025-03-15,2025-03-26,2025-03-27,Total Express,92.66,3
4950,PED-10331,2024-12-05,2024-12-11,2024-12-13,Total Express,82.08,1
4951,PED-20772,2025-07-02,2025-07-11,2025-07-12,Correios,88.14,1
4952,PED-59105,2024-03-26,2024-04-04,2024-04-07,Jadlog,17.04,3
4953,PED-50215,2024-11-28,2024-12-04,2024-12-01,correios,52.76,1
4954,PED-91253,2024-08-10,2024-08-18,2024-08-18,correios,76.64,2
4955,PED-54085,2025-08-26,2025-09-05,2025-09-11,Total Express,43.92,4
4956,PED-59707,2025-03-15,2025-03-23,2025-03-24,Jadlog,84.87,1
4957,PED-57401,2024-10-21,2024-10-30,2024-10-26,Jadlog,47.99,3
4958,PED-93708,2024-04-29,2024-05-11,2024-05-10,Jadlog,37.39,4
4959,PED-96146,2025-05-23,2025-06-02,2025-06-05,Total Express,21.44,4
4960,PED-28463,2025-01-13,2025-01-24,2025-01-22,Correios,117.57,3
4961,PED-73815,2025-10-01,2025-10-12,2025-10-08,Total Express,132.95,2
4962,PED-55321,2024-08-02,2024-08-08,2024-08-05,correios,55.51,4
4963,PED-16678,2026-01-19,2026-01-28,2026-01-25,Correios,22.49,3
4964,PED-70600,2025-04-15,2025-04-27,2025-04-27,Total Express,121.36,3
4965,PED-41508,2025-12-26,2026-01-06,2026-01-06,Correios,116.06,3
4966,PED-27497,2024-09-27,2024-10-07,2024-10-10,correios,54.52,3
4967,PED-54140,2024-10-20,2024-10-29,2024-11-02,Total Express,41.6,2
4968,PED-94955,2025-07-19,2025-07-26,2025-07-26,Total Express,48.79,4
4969,PED-95026,2024-10-06,2024-10-16,2024-10-17,Jadlog,69.72,3
4970,PED-28948,2025-07-20,2025-07-24,2025-07-23,Jadlog,135.61,3
4971,PED-98362,2025-05-09,2025-05-19,2025-05-15,Jadlog,72.15,3
4972,PED-75743,2025-06-09,2025-06-18,2025-06-19,Correios,94.28,4
4973,PED-79586,2025-11-07,2025-11-09,2025-11-07,Jadlog,90.91,1
4974,PED-31973,2025-10-16,2025-10-21,2025-10-23,correios,36.17,3
4975,PED-49398,2024-09-10,2024-09-19,2024-09-15,Correios,69.38,3
4976,PED-68273,2024-10-20,2024-10-28,2024-11-02,Correios,41.59,4
4977,PED-74112,2024-12-23,2025-01-04,2025-01-09,correios,136.59,1
4978,PED-51856,2024-03-06,2024-03-16,2024-03-17,Jadlog,139.3,2
4979,PED-58871,2025-03-24,2025-04-02,2025-04-02,Total Express,12.89,4
4980,PED-89755,2025-03-31,2025-04-02,2025-04-01,Total Express,21.3,1
4981,PED-90710,2024-09-07,2024-09-16,2024-09-17,Correios,95.0,1
4982,PED-14622,2024-12-21,2024-12-24,2024-12-27,Total Express,68.72,3
4983,PED-74078,2025-10-27,2025-11-07,2025-11-03,Total Express,100.5,2
4984,PED-51132,2025-09-14,2025-09-24,2025-09-25,Correios,60.52,2
4985,PED-85799,2025-09-29,2025-10-02,2025-10-03,correios,95.72,4
4986,PED-98716,2025-01-12,2025-01-21,2025-01-23,correios,54.59,2
4987,PED-41477,2025-01-07,2025-01-15,2025-01-18,Jadlog,124.05,3
4988,PED-63414,2024-06-11,2024-06-21,2024-06-26,Correios,72.55,4
4989,PED-79989,2025-10-27,2025-10-31,2025-10-29,correios,43.65,1
4990,PED-55273,2025-10-17,2025-10-22,2025-10-21,Correios,107.43,1
4991,PED-34846,2024-06-16,2024-06-19,2024-06-19,Correios,87.68,3
4992,PED-93263,2026-01-22,2026-01-26,2026-01-29,Jadlog,136.78,2
4993,PED-98129,2024-09-30,2024-10-08,2024-10-10,correios,49.4,4
4994,PED-45131,2025-12-15,2025-12-24,2025-12-21,Correios,33.87,1
4995,PED-69805,2025-09-17,2025-09-29,2025-09-25,correios,114.21,4
4996,PED-30102,2025-06-30,2025-07-07,2025-07-11,Total Express,116.82,2
4997,PED-97738,2024-07-30,2024-08-06,2024-08-04,Total Express,39.32,4
4998,PED-18953,2025-10-02,2025-10-13,2025-10-13,correios,125.0,4
4999,PED-23590,2024-12-19,2024-12-27,2025-01-01,Correios,114.95,2
5000,PED-19903,2025-09-19,2025-09-24,2025-09-22,Jadlog,90.71,2
