id_registro,data,id_campanha,impressoes,cliques,conversoes,custo
1,2025-07-27,8,3778,10526,4506,2241.78
2,2025-07-26,48,13934,2336,2233,828.1
3,2025-07-26,3,4405,6962,767,2006.81
4,2026-01-03,39,3978,8329,3257,6458.38
5,2025-03-11,35,55487,11540,3611,4070.42
6,2025-02-24,52,1351,4607,1307,6298.35
7,2025-04-25,18,20879,5624,1763,8617.06
8,2025-03-08,7,12656,5564,3112,915.61
9,2025-05-31,23,79631,13935,4333,7273.8
10,2026-01-12,30,70784,12005,2045,8759.39
11,2026-02-03,6,72857,6251,2401,7473.17
12,2026-01-15,57,47900,10183,9459,1770.98
13,2025-07-20,3,30371,1189,592,8867.73
14,2025-05-28,15,13738,14063,6227,2537.86
15,2025-04-25,54,48319,10465,2664,3363.12
16,2026-01-17,43,35493,3482,2874,8433.06
17,2025-09-05,5,22931,10667,8751,6575.68
18,2026-01-07,30,50235,2727,1105,8906.23
19,2025-04-24,45,73500,10535,3598,6177.3
20,2025-06-07,50,7831,13859,3752,7405.13
21,2025-10-02,21,53081,13239,4386,642.39
22,2025-06-17,57,41745,9342,3483,5916.18
23,2025-09-03,57,60642,6532,1170,2420.68
24,2025-12-11,48,74079,4090,2152,6735.77
25,2025-10-05,58,76984,7069,3271,3289.87
26,2025-08-14,33,65186,2316,372,6814.25
27,2025-07-05,8,20533,14158,10280,1481.84
28,2025-04-04,28,78672,11199,1040,3493.67
29,2025-11-07,30,69852,9813,4119,8741.15
30,2025-04-27,1,15514,14153,11169,7968.86
31,2025-02-11,18,45087,12352,1827,2676.83
32,2025-03-23,30,925,2641,1078,8748.4
33,2025-09-13,12,67042,12533,1743,7841.14
34,2025-12-23,54,67040,4939,1629,1417.91
35,2025-09-21,11,71197,12542,8689,8270.52
36,2025-10-09,21,64542,9863,319,1051.22
37,2025-05-13,57,40806,5997,1961,568.43
38,2025-05-04,37,10822,14435,1403,6600.57
39,2026-01-29,5,70322,13419,12547,1175.56
40,2025-06-11,31,72563,10859,2705,2422.26
41,2025-07-23,39,55961,14343,3470,8363.78
42,2025-12-20,47,26865,12424,11680,2839.86
43,2025-03-21,42,49444,11054,7177,8101.55
44,2025-05-02,8,32993,7447,1840,623.03
45,2025-11-28,38,73103,394,117,5316.54
46,2025-07-22,5,8216,167,58,653.23
47,2025-06-12,56,43809,564,72,4651.7
48,2025-08-06,43,64124,4612,1755,4876.14
49,2026-02-03,60,75347,11901,9440,4280.41
50,2025-06-04,31,53854,12905,3119,894.22
51,2025-03-13,28,46938,10846,6939,3729.37
52,2025-05-08,47,7600,14203,11032,5898.43
53,2026-01-03,7,8444,10637,6596,6567.51
54,2025-08-17,56,14822,13166,4073,1764.73
55,2026-01-16,29,18873,8836,6912,1692.22
56,2025-10-13,16,10380,7629,3630,7281.8
57,2025-08-11,36,13333,14074,828,5886.7
58,2025-10-01,54,2434,8906,1528,8340.98
59,2025-06-03,16,22298,13955,6658,4396.49
60,2025-10-21,56,53065,3552,240,1523.5
61,2025-02-25,25,35260,85,100,7076.91
62,2025-05-18,28,73345,4723,3986,1435.43
63,2025-05-25,14,8165,4911,4744,6634.85
64,2025-05-30,48,41604,1048,117,498.77
65,2025-07-04,33,70115,7861,1289,559.07
66,2025-06-13,6,24856,8370,1122,5375.56
67,2025-03-02,56,31328,11112,6615,1122.99
68,2025-10-13,37,32771,14636,9485,5370.95
69,2025-06-03,6,55448,10197,9562,5108.78
70,2025-10-24,60,34679,5233,1673,6044.05
71,2026-01-05,16,35314,5197,3242,1221.36
72,2026-01-19,20,60429,10625,5180,8364.71
73,2025-11-18,1,60568,1238,1153,8965.06
74,2026-01-26,35,28438,1250,1036,2423.54
75,2025-05-28,57,9516,5768,2001,3357.27
76,2026-01-16,29,71700,2634,1239,5524.52
77,2025-06-12,42,69829,13273,128,6027.38
78,2025-07-17,20,14077,9136,2200,2416.97
79,2025-06-03,7,73012,14627,2546,2487.52
80,2025-04-26,14,45442,9959,3335,6203.1
81,2026-01-29,17,66744,14024,8004,2297.54
82,2025-02-21,55,7158,14929,1512,5726.85
83,2025-12-17,18,6278,13638,58,3035.33
84,2025-05-06,41,34835,2193,661,6684.02
85,2025-11-30,46,56557,9088,158,1051.27
86,2025-02-11,45,20036,14518,8938,372.45
87,2025-03-19,38,72920,6099,1213,3896.59
88,2025-12-13,20,48295,735,40,8095.38
89,2025-12-11,44,33206,3491,2731,970.0
90,2025-06-26,36,53764,12831,10168,6757.82
91,2025-09-21,56,21799,3928,3276,7306.41
92,2025-05-14,27,3748,14491,2938,6642.25
93,2025-06-23,51,54464,5492,5487,7783.37
94,2025-05-24,16,35470,13333,2608,7097.0
95,2025-06-01,25,5575,1821,1758,4262.68
96,2025-05-02,53,60832,3319,1432,2781.46
97,2025-03-24,56,30331,13080,3652,261.8
98,2025-09-01,26,43525,3214,1141,7785.96
99,2025-10-07,18,46525,12720,10510,4609.18
100,2026-01-21,54,70782,11183,5425,8456.17
101,2025-09-04,57,34737,1939,365,5246.28
102,2026-01-27,3,14708,4399,3559,3143.9
103,2025-03-04,21,57699,12934,9932,8858.91
104,2025-10-27,25,76074,1944,389,2329.77
105,2025-11-13,28,721,11662,8518,8333.9
106,2025-06-04,44,26325,8871,5967,3910.11
107,2025-04-29,59,43779,10932,10209,2859.55
108,2025-09-22,8,39863,13943,8308,2818.1
109,2025-02-17,21,53243,6741,5711,2696.11
110,2026-01-26,13,55608,2135,1552,6112.0
111,2025-11-25,12,75093,14841,4930,3684.37
112,2025-02-15,1,40329,13709,4700,1931.14
113,2025-03-27,38,42737,12923,7618,4003.98
114,2025-03-05,14,67500,11119,7752,7153.93
115,2026-01-29,48,22741,13092,10794,808.92
116,2025-10-26,43,44433,8495,1530,7374.89
117,2025-12-24,16,41187,12356,3680,7268.74
118,2025-08-28,2,6557,2464,1002,8856.23
119,2026-01-03,55,10045,10065,7461,3759.25
120,2026-02-01,37,25985,10368,6291,4474.68
121,2025-08-19,10,1226,4047,3656,6771.13
122,2025-03-30,57,14470,12666,6965,2008.63
123,2025-08-23,45,68389,13224,7611,499.45
124,2025-12-12,59,16406,4132,3739,1243.38
125,2025-06-05,43,70116,7662,4578,5379.3
126,2025-11-04,58,58508,12424,10037,7344.31
127,2026-01-20,33,56433,14664,13608,8166.35
128,2025-04-16,58,21361,7355,6092,7760.38
129,2025-12-21,17,32906,7423,6880,5757.07
130,2025-02-04,50,68827,12597,7939,5659.4
131,2025-12-29,29,10655,4549,2340,2148.72
132,2025-09-11,21,71298,5552,660,1288.45
133,2025-11-28,25,20528,3838,2893,1964.88
134,2025-08-08,27,43869,6847,4445,4220.02
135,2025-07-11,14,55569,1070,797,8148.3
136,2026-01-24,45,3060,9619,9432,3454.41
137,2025-05-10,23,39639,146,99,7688.36
138,2025-02-13,27,71045,13742,12247,6624.97
139,2025-05-10,39,29406,13155,7999,2013.82
140,2025-03-18,32,4304,7190,3185,3058.36
141,2025-04-06,52,53494,11177,2704,7572.53
142,2025-03-08,40,70508,2141,110,8167.01
143,2025-11-30,37,4052,9747,1375,5802.61
144,2025-10-06,56,61015,2273,744,500.05
145,2025-04-10,21,28242,6261,3724,2975.27
146,2025-07-23,57,50192,12521,4558,6780.49
147,2025-11-10,27,33565,13680,13679,783.06
148,2025-02-11,48,71202,367,26,8999.18
149,2025-02-03,15,9493,5783,5339,410.31
150,2025-11-27,16,26630,558,20,5610.95
151,2025-05-11,9,62570,3958,2742,1073.79
152,2025-06-11,30,34086,3621,3141,3351.61
153,2025-06-11,39,15512,9976,2683,8684.25
154,2025-02-18,38,3865,1821,638,5203.38
155,2026-01-21,25,52490,14927,11714,1825.05
156,2025-08-16,45,32330,9750,1669,6289.88
157,2025-10-04,55,79197,4991,991,7176.23
158,2025-08-15,51,5883,9322,5688,4818.07
159,2025-12-05,24,9538,10888,8289,5845.51
160,2025-09-13,55,55557,257,250,994.57
161,2025-03-21,41,60758,5984,5794,1419.27
162,2025-07-05,47,68886,2935,2664,2467.24
163,2025-04-09,59,71039,13291,12691,4377.3
164,2025-05-26,53,78156,7186,2198,2934.63
165,2025-07-02,54,11859,4072,1142,7940.6
166,2025-06-02,49,61410,4045,2334,5512.47
167,2025-12-12,22,4261,6259,4049,7666.03
168,2025-02-23,32,28302,3029,1453,7190.6
169,2026-01-18,18,78639,5626,2263,5024.33
170,2025-02-23,13,11721,8514,3954,6494.67
171,2025-06-01,36,31999,8054,5657,4311.03
172,2025-08-12,32,59243,11712,282,882.83
173,2025-04-03,26,32390,3680,1254,5992.44
174,2025-09-24,31,73044,6096,4349,3126.63
175,2026-01-25,36,43857,12271,5764,6340.55
176,2025-02-16,20,33451,4488,1888,1129.87
177,2025-05-03,21,16170,3205,3042,4845.98
178,2025-02-18,45,24767,12537,3138,1986.64
179,2025-09-18,18,77778,7983,8000,6853.86
180,2025-11-21,19,13676,9827,3180,2701.41
181,2025-06-01,12,40118,5962,115,6386.77
182,2025-04-05,18,6465,2123,223,5002.56
183,2025-04-29,9,64840,11476,1680,7860.84
184,2025-08-26,19,62024,9455,7843,3992.2
185,2025-08-14,4,33592,3070,1956,1071.08
186,2025-11-12,26,64954,1120,151,5214.34
187,2025-07-14,4,20387,11296,2444,7309.72
188,2025-07-07,6,33030,5028,970,5044.75
189,2025-11-12,39,78635,6868,6477,5584.84
190,2025-12-15,34,50356,12758,7381,8181.11
191,2025-05-15,56,77639,4921,3512,2783.15
192,2025-09-19,4,13506,10224,3404,5648.36
193,2025-05-21,43,11141,4385,1286,2196.79
194,2025-05-18,5,21017,9093,43,3706.23
195,2025-10-24,39,62092,11344,4771,342.13
196,2026-01-26,46,37556,4770,3719,687.06
197,2025-10-04,60,35175,3874,3226,7131.67
198,2025-11-09,43,26428,9713,6965,1077.25
199,2025-09-25,42,20028,3733,3720,2427.41
200,2025-12-19,5,8316,2380,679,7144.03
201,2025-04-29,48,75107,9799,4728,3980.42
202,2025-10-30,45,40357,7729,5732,3652.45
203,2025-11-09,33,71276,4510,4045,3967.94
204,2025-02-15,3,57126,9848,5280,5453.24
205,2026-01-14,6,30505,473,492,6084.97
206,2025-05-29,37,77455,14148,339,8996.17
207,2025-08-01,53,35825,11064,9441,410.07
208,2025-07-18,12,62169,12440,8502,5881.01
209,2025-05-29,12,77220,4607,3570,5731.32
210,2025-06-22,6,62105,8106,2850,3704.72
211,2025-08-27,43,14210,5310,1317,3001.74
212,2025-12-08,32,38277,11415,10855,8509.48
213,2026-01-10,49,72602,13379,601,4120.69
214,2026-01-03,17,42872,5203,949,8733.15
215,2025-06-15,56,67949,6672,9,5936.06
216,2025-02-24,30,54665,8939,888,1728.86
217,2025-09-23,40,65838,5977,5123,4006.27
218,2025-05-21,14,35503,895,562,1222.57
219,2025-12-30,29,64032,4769,994,308.38
220,2025-03-03,39,31865,10372,2594,2831.21
221,2025-12-28,36,53976,274,47,2061.07
222,2025-03-26,59,15371,13835,7560,8526.19
223,2025-02-23,54,20681,10662,8165,8397.24
224,2025-06-12,33,36338,4831,3403,7520.78
225,2025-07-07,16,60371,7786,4515,1344.55
226,2025-09-17,59,79061,3172,2081,6729.32
227,2025-09-30,56,9650,2286,1131,6965.44
228,2025-11-05,27,45048,14048,12905,4594.25
229,2025-12-24,1,37572,13493,11895,2722.07
230,2025-10-04,38,64678,9666,2434,4046.6
231,2025-10-02,23,44073,7985,4521,6877.71
232,2025-09-29,30,42676,6230,1545,8827.93
233,2025-11-30,37,50696,3962,956,7711.32
234,2026-01-13,3,42204,6780,6100,4283.14
235,2025-02-11,25,51104,13344,10873,7141.92
236,2025-08-28,10,65423,10732,606,1179.9
237,2025-08-26,22,13654,9719,7213,942.42
238,2025-09-05,30,2511,14966,11836,1340.19
239,2025-03-26,42,20732,14319,1225,4251.94
240,2025-10-28,22,52598,4392,657,7673.3
241,2025-03-06,44,70442,14014,6226,8589.55
242,2025-12-27,46,64456,10319,8864,371.3
243,2025-11-16,16,38167,1171,465,6733.56
244,2025-06-11,7,13673,7160,3634,1538.96
245,2025-11-18,58,4294,4956,376,2953.15
246,2026-01-05,19,47484,969,383,3904.65
247,2025-03-28,34,54508,4050,2318,6152.11
248,2025-09-26,11,23446,3000,323,5504.95
249,2025-08-25,40,32066,6317,4076,8219.82
250,2025-12-11,15,60943,2394,1040,4163.16
251,2025-03-03,1,61481,10975,4712,6114.62
252,2025-10-10,5,58398,2638,1415,8889.48
253,2025-11-15,41,56115,4951,2048,4138.68
254,2025-06-01,13,50922,4999,3958,1004.55
255,2025-09-06,37,47549,6298,4708,2698.06
256,2025-07-25,19,3375,11506,10784,3592.46
257,2025-08-24,37,6928,182,155,6719.29
258,2025-05-23,58,38012,13695,12709,7199.8
259,2025-09-13,52,46679,9996,3588,5747.73
260,2025-03-26,17,18427,10222,1591,8135.46
261,2025-11-06,3,40992,10639,7222,348.61
262,2025-05-10,47,17724,6027,738,8191.17
263,2025-03-25,48,54960,5402,1438,1847.11
264,2025-07-04,35,48453,12936,8697,4541.06
265,2025-06-09,54,22067,4515,2105,8230.74
266,2025-06-06,52,39184,7944,6115,7840.05
267,2025-03-31,8,61885,13226,1233,1309.78
268,2025-06-26,56,52589,3746,3464,7251.06
269,2025-09-27,6,52217,6042,114,2416.9
270,2025-06-07,30,48811,2074,1073,5281.81
271,2025-08-28,41,49189,13524,1775,6089.79
272,2026-01-08,2,74084,7774,2687,8241.54
273,2025-11-20,42,8785,3676,2602,7423.51
274,2025-06-17,45,40108,14949,10637,3704.25
275,2025-11-30,3,5377,2340,1246,8963.55
276,2025-05-29,7,31275,1952,1817,4861.04
277,2025-04-14,30,49129,6417,5492,8546.96
278,2025-11-11,35,55435,11461,9622,6693.31
279,2026-01-09,57,54879,2581,405,7511.55
280,2025-08-09,27,37166,10136,536,6228.01
281,2025-03-11,29,58787,3609,967,7706.28
282,2025-09-25,44,48647,1677,1115,8120.18
283,2025-04-06,23,8436,10614,6523,2519.14
284,2025-04-23,55,60100,2051,375,5981.78
285,2025-09-28,41,78769,10563,349,502.68
286,2025-08-07,16,17005,5514,4625,1886.59
287,2025-03-07,49,73141,13645,3394,5298.13
288,2025-10-16,56,31039,13371,5383,6980.6
289,2025-12-24,58,78616,12971,46,2531.61
290,2026-01-19,9,71307,2420,1026,7196.7
291,2025-03-05,43,3879,1851,269,183.0
292,2025-07-06,51,31686,12993,9647,2947.75
293,2025-03-12,17,7368,2904,519,6688.38
294,2025-02-23,8,8830,8669,7802,4062.06
295,2025-05-19,33,78312,5981,893,4095.45
296,2025-12-20,40,6183,3679,2978,7059.88
297,2025-06-26,43,68847,14254,4941,4149.48
298,2025-02-14,4,63281,560,411,3865.15
299,2026-01-05,32,58638,1818,150,8098.44
300,2025-05-16,39,19942,5327,538,1179.41
301,2025-02-08,41,77224,10278,8984,6423.77
302,2025-05-05,39,70041,6290,2415,4110.75
303,2025-04-24,28,13499,9969,1874,7682.49
304,2025-06-17,57,72764,10714,3522,3899.13
305,2025-12-14,15,54739,14600,5553,7455.4
306,2026-01-13,27,12963,6582,2560,3869.54
307,2025-10-06,17,49560,10947,2500,6197.05
308,2025-08-14,5,12457,7820,6813,814.01
309,2025-09-07,7,49343,7125,6650,1214.53
310,2025-02-10,38,74108,1032,675,6046.62
311,2025-12-12,23,55935,6780,5906,510.44
312,2025-07-14,39,41453,4762,2880,977.23
313,2025-08-01,14,20780,8363,7900,2056.99
314,2025-08-27,23,73410,1823,752,1078.22
315,2025-12-20,37,30143,4614,3515,7614.14
316,2025-02-24,53,73472,12623,430,5500.5
317,2025-08-08,54,35554,10827,474,1664.72
318,2026-01-06,49,40999,11563,5567,3191.66
319,2025-07-27,56,19276,3022,2319,5933.23
320,2025-11-18,10,4518,1190,187,6727.7
321,2026-01-01,25,55528,3574,1858,3101.02
322,2025-02-12,20,43017,6112,4649,5386.2
323,2025-03-12,4,20892,14522,2579,6802.2
324,2025-10-18,44,11193,865,278,4015.86
325,2025-03-29,32,58439,6997,3392,2494.84
326,2025-04-13,33,15418,12418,5655,3897.73
327,2025-06-15,44,78243,4690,3986,4766.06
328,2025-10-11,3,29403,5103,3237,8860.79
329,2026-01-13,1,27294,947,308,8510.65
330,2025-02-20,9,33991,12622,4742,2986.7
331,2025-08-01,32,56946,176,44,1206.21
332,2025-12-26,46,30661,8775,8196,5050.58
333,2025-12-06,52,46921,10995,1180,3603.79
334,2025-07-15,3,57676,12207,307,4164.8
335,2025-09-12,56,41533,1325,1179,3892.09
336,2025-02-05,46,55247,6676,2371,1080.8
337,2025-12-03,21,23027,391,410,8531.15
338,2025-11-16,54,47928,7588,721,3958.57
339,2025-03-30,16,57604,1784,1206,3634.03
340,2025-05-17,26,41168,1338,695,2033.07
341,2025-06-30,11,10511,12815,8363,5717.36
342,2025-03-22,33,25915,8743,5724,3192.34
343,2025-05-15,42,19858,13467,3871,970.1
344,2025-02-05,13,23240,4243,1252,6853.93
345,2025-12-16,5,23718,10789,10288,4472.35
346,2025-09-10,37,76452,12410,7354,6146.14
347,2025-12-11,37,42863,14501,14159,8740.21
348,2025-08-31,10,58140,5229,559,4246.84
349,2025-06-13,20,36502,10394,9689,552.74
350,2025-12-01,5,41185,8362,7565,4094.63
351,2026-01-29,24,38127,982,78,5819.76
352,2025-12-02,6,78367,14063,8307,3491.12
353,2025-06-30,36,5876,9558,7368,8186.0
354,2025-05-04,42,25172,9416,5267,5464.8
355,2025-09-01,10,8609,8264,7381,976.34
356,2025-07-12,54,45515,14781,11703,804.75
357,2025-03-09,12,5630,10636,4059,6383.21
358,2025-10-05,34,69017,7249,4995,1470.78
359,2025-08-02,59,37579,6158,3173,3708.49
360,2025-11-29,44,78866,5593,428,7113.58
361,2025-11-27,22,9139,10655,5401,895.83
362,2025-02-11,25,37743,11164,4128,6527.42
363,2025-09-24,59,79497,10807,2463,3033.59
364,2025-07-22,43,19037,9597,5731,2826.57
365,2025-12-20,45,51874,10798,2112,5375.62
366,2025-09-01,20,73759,1438,771,5809.26
367,2025-07-12,53,17250,5431,4312,886.4
368,2025-12-05,28,67148,11034,5928,213.16
369,2025-04-06,12,28574,5110,2799,8531.63
370,2025-11-24,13,30193,8017,1126,1436.76
371,2025-02-05,55,13756,4896,4158,6949.33
372,2025-05-28,48,69513,13732,618,5974.27
373,2026-01-28,50,17676,14408,9785,3421.64
374,2025-08-14,12,22197,2708,1792,441.05
375,2025-09-16,44,31633,6018,3638,5514.83
376,2025-10-30,48,59341,12377,3833,4829.4
377,2025-11-26,52,61974,5120,1589,3342.18
378,2025-06-10,29,61013,9395,4616,7014.21
379,2025-09-15,34,55374,8289,2655,7361.18
380,2026-01-02,39,18640,13177,4096,517.01
381,2025-08-11,56,49155,7923,4542,8411.93
382,2025-04-12,55,68121,11705,2042,2601.31
383,2025-11-18,11,36255,12552,7361,8152.49
384,2025-10-22,54,57840,2464,375,8520.4
385,2025-12-28,53,59630,3687,3623,3178.79
386,2025-08-13,27,7480,486,202,4542.96
387,2025-10-23,25,11196,3912,1535,2059.62
388,2025-06-09,60,13487,5271,2746,7132.86
389,2025-12-08,3,38101,2304,1935,6279.84
390,2025-11-28,49,61987,2323,1837,5557.37
391,2025-12-22,6,2990,14891,4193,1980.11
392,2025-10-17,36,69676,2499,1733,1045.12
393,2025-11-18,16,39972,4770,998,477.36
394,2025-10-26,41,60414,6928,514,1042.18
395,2025-03-18,32,78715,14879,8782,197.1
396,2025-12-11,37,32211,8493,2352,2656.88
397,2025-10-21,40,46744,75,30,5157.44
398,2025-10-04,43,11721,3118,2144,8773.16
399,2025-11-23,34,71813,1158,1039,7088.39
400,2025-09-05,36,3165,8366,6397,7866.32
401,2025-11-24,41,51209,763,382,2320.17
402,2025-11-07,23,9355,316,176,2208.08
403,2026-01-17,41,14087,10815,9533,6629.92
404,2025-11-03,9,6311,5497,2886,4936.82
405,2025-12-18,42,23449,13378,12765,6177.91
406,2025-11-22,31,24391,11443,2209,614.75
407,2025-09-11,30,5347,12767,4807,1854.24
408,2025-12-19,13,5992,13011,5170,8403.67
409,2025-02-25,26,71676,8494,7756,2317.16
410,2025-03-29,42,25548,12391,4687,3244.92
411,2025-10-16,4,44006,12843,4476,1164.05
412,2025-06-09,28,52931,6079,6089,3985.64
413,2025-04-17,22,24986,6384,4064,6244.01
414,2025-05-16,60,68562,6068,2184,7220.28
415,2025-02-09,28,10845,11962,7055,5441.96
416,2025-02-10,12,71996,13523,4813,2924.84
417,2026-01-09,21,39250,1361,627,4040.95
418,2025-07-27,28,22342,11808,11301,4022.98
419,2026-01-31,3,46710,7375,5036,8983.45
420,2025-04-30,41,8018,4548,614,6057.1
421,2025-05-22,24,67751,6705,6562,6761.59
422,2025-10-03,2,19214,2671,2488,6118.9
423,2025-11-01,3,17045,7229,550,2162.16
424,2025-03-21,24,47967,10620,6272,8547.73
425,2025-12-09,39,20611,580,460,8541.97
426,2025-06-08,29,10577,6145,4701,1282.37
427,2025-09-28,26,41707,6062,5321,2544.27
428,2025-08-28,2,24885,1908,1022,4683.82
429,2025-06-14,8,34811,9252,4264,6351.14
430,2025-08-26,40,37931,3565,2842,8252.49
431,2025-08-02,13,16574,8097,1111,7682.8
432,2025-10-25,12,58841,7456,719,7304.09
433,2025-08-01,21,46037,13903,11625,631.2
434,2025-03-13,19,39815,8932,2580,6420.69
435,2025-02-18,41,23318,11522,5922,4603.36
436,2025-11-05,13,18702,2038,969,7123.84
437,2025-12-10,24,73116,480,293,3351.75
438,2025-04-10,36,17509,13217,10026,7964.01
439,2025-08-02,20,52687,1127,980,4754.98
440,2025-09-30,27,75853,12651,1208,1171.67
441,2026-01-09,42,10220,5244,3686,4219.21
442,2025-08-13,23,17321,8526,2981,6921.65
443,2025-12-26,28,66411,2164,226,7490.95
444,2025-04-10,10,40362,8538,2697,1499.6
445,2026-01-10,15,45853,11671,8501,8059.59
446,2025-06-19,6,33347,13909,3216,5733.76
447,2025-10-29,18,16906,9074,4961,5549.13
448,2025-10-11,33,22603,1580,1212,8477.38
449,2025-09-09,11,79816,2576,1382,7590.64
450,2025-09-10,3,4218,9284,1330,456.88
451,2025-06-06,50,76098,10559,4336,5877.61
452,2025-10-10,37,55102,12615,10127,5768.97
453,2025-05-18,57,72009,8209,4745,5795.07
454,2025-08-13,31,32596,4999,3326,2712.03
455,2026-01-08,45,8352,1245,323,3984.47
456,2025-02-27,30,27241,7983,2786,5479.61
457,2025-10-05,56,42353,5171,2829,8779.6
458,2026-01-05,49,49067,2192,2109,5076.78
459,2025-08-16,16,61641,5278,1003,2443.87
460,2025-12-15,10,13189,4111,414,2647.4
461,2026-01-26,56,55305,6343,2033,8666.04
462,2025-03-08,11,43417,14833,9464,6504.1
463,2025-04-15,49,21385,3160,2040,8963.93
464,2025-06-02,32,40941,7698,4074,257.43
465,2025-07-01,33,60430,6492,1972,1975.54
466,2025-10-10,4,7124,5831,2304,4479.3
467,2025-03-27,54,62180,14506,4681,4853.38
468,2025-08-21,7,56982,13930,2194,7947.98
469,2025-12-15,24,53355,11969,5995,454.92
470,2025-05-17,37,74138,888,199,3294.59
471,2025-08-24,5,51139,4778,4130,4080.67
472,2025-09-28,18,16072,9058,2108,8776.99
473,2025-06-23,24,44944,6503,4569,8453.59
474,2025-12-02,10,26590,12419,9870,4606.65
475,2025-07-07,3,6438,8243,637,1276.48
476,2025-03-08,52,62594,5506,4254,4140.05
477,2025-10-26,58,68068,9982,2290,2985.29
478,2025-02-24,21,21799,10094,6438,8916.01
479,2026-01-11,54,39721,12163,9727,3060.54
480,2025-10-18,33,70274,13620,8025,6393.22
481,2025-04-28,31,2680,4961,3017,3014.59
482,2025-06-09,27,77007,1845,630,7180.96
483,2025-08-11,56,3992,11933,9779,4297.58
484,2025-07-11,51,76321,10791,9463,2086.51
485,2025-04-07,38,63473,891,174,4741.88
486,2026-01-29,40,50332,11865,2421,7403.87
487,2025-03-28,3,75547,4018,3883,6319.66
488,2025-02-10,2,58307,3175,1284,3798.08
489,2025-10-12,45,27224,6815,3361,4541.28
490,2025-04-12,59,62314,10068,1020,6366.69
491,2025-06-22,14,74016,8548,5325,8983.2
492,2025-12-27,34,49891,7887,2570,8612.34
493,2026-01-01,59,70378,7581,2804,4939.15
494,2025-03-11,50,35150,11123,9995,4383.41
495,2025-05-31,18,73649,4088,2445,2062.56
496,2025-09-01,50,38380,4926,1698,6227.65
497,2025-04-19,21,63388,8061,2857,5066.36
498,2025-06-19,47,36342,13081,4715,1140.77
499,2025-12-06,35,50267,11135,6464,7374.48
500,2025-02-21,52,19698,12715,4758,426.5
501,2025-07-07,6,45898,11750,7247,5920.95
502,2025-12-17,31,28547,12294,3310,7460.17
503,2025-06-18,60,74164,4492,2225,1278.59
504,2025-03-11,48,77417,10137,3920,2220.0
505,2025-08-22,58,70104,11024,3697,5759.6
506,2025-10-13,7,54672,910,338,6470.35
507,2025-02-25,44,18518,1697,10,8682.44
508,2025-08-21,27,62850,2637,1955,5872.32
509,2025-04-07,19,42596,12434,4676,5830.79
510,2025-04-23,50,12225,14925,10687,5188.49
511,2025-03-30,48,5388,8817,2868,3790.07
512,2025-02-19,12,5263,13773,13700,3603.1
513,2026-01-10,12,38441,8166,7182,385.32
514,2025-08-08,37,79507,4938,879,8359.67
515,2025-05-14,19,60052,5539,5253,4912.54
516,2025-04-07,57,18089,8142,6971,4562.7
517,2025-08-24,13,15264,4520,2708,1504.32
518,2025-08-28,42,34220,7568,5886,1716.48
519,2025-08-25,22,39169,12118,9302,6085.89
520,2025-08-22,12,53648,3214,1751,4661.76
521,2025-06-04,26,13002,1471,378,8836.08
522,2025-07-21,21,33012,7872,55,2384.03
523,2026-01-25,29,35495,3908,3907,3000.15
524,2025-09-12,47,75588,9593,187,2390.9
525,2026-01-28,45,31472,5940,508,6026.69
526,2025-05-22,20,21434,7675,3321,6190.36
527,2025-08-12,57,41260,14715,11309,1100.87
528,2025-04-27,24,29447,4883,1795,8618.38
529,2025-05-10,10,60134,7884,6125,8900.1
530,2025-08-25,27,72489,6171,3857,6828.29
531,2026-01-03,43,29127,13189,12482,2264.82
532,2025-04-19,39,11230,12415,8609,4048.39
533,2025-07-21,24,10737,11580,9243,1054.27
534,2025-05-27,36,66755,13628,3312,5175.68
535,2025-03-03,11,43507,2505,2131,4004.47
536,2025-11-13,14,76934,11195,8008,863.93
537,2025-12-18,29,7792,8411,7429,1230.9
538,2025-11-07,30,74412,6856,472,5051.23
539,2025-07-24,52,40892,11072,356,3593.74
540,2025-06-02,1,29060,13426,9475,703.61
541,2025-11-25,23,8857,6991,4433,8947.41
542,2025-10-08,5,62375,14700,519,2619.46
543,2025-06-30,50,18250,2998,2627,8806.08
544,2025-06-29,27,49581,10632,6266,4064.41
545,2026-02-02,25,49736,14906,1314,6160.44
546,2025-04-26,56,71187,10892,2178,5899.13
547,2025-12-14,8,23892,5747,4401,3567.87
548,2025-12-11,47,29688,2136,14,6817.81
549,2025-02-25,30,71861,4938,3474,4810.81
550,2025-07-16,15,32941,13539,7546,3148.13
551,2025-10-14,13,15290,4566,263,7294.83
552,2026-01-04,40,2550,6918,1971,1894.43
553,2026-01-16,39,4900,1703,914,5400.17
554,2025-05-06,56,6880,11572,4009,6677.84
555,2025-11-13,29,31215,6640,4421,1994.56
556,2025-12-04,50,7898,14201,2295,4559.87
557,2025-12-20,15,76011,4789,2612,5218.4
558,2025-03-30,44,42530,12707,3881,2750.79
559,2025-06-25,43,68821,2397,905,3751.36
560,2025-03-04,4,73470,4558,1434,5652.64
561,2025-02-07,36,65462,7049,384,8752.0
562,2025-05-25,43,50458,10590,8592,2902.67
563,2025-09-30,27,20058,6871,2456,3419.32
564,2025-12-28,35,62565,12410,3948,7651.6
565,2025-04-08,55,19420,4977,3793,8236.93
566,2026-01-02,27,55092,9264,9130,4793.43
567,2025-07-23,16,33922,6413,1665,3005.85
568,2025-10-06,60,59454,1345,759,877.55
569,2025-11-04,54,25466,11921,844,2452.73
570,2025-12-19,39,79526,11087,647,7868.9
571,2025-07-17,52,77515,3132,2966,6059.48
572,2025-11-21,31,27879,3605,3561,8167.94
573,2026-01-21,59,2509,5017,1735,8437.58
574,2025-05-07,8,63273,12198,3974,6275.86
575,2026-01-06,14,52487,11580,3921,4991.11
576,2025-11-16,19,50394,12756,7639,4826.17
577,2025-06-20,20,34783,5936,2946,4639.71
578,2026-01-30,30,13424,8197,7692,6866.58
579,2025-10-06,59,27124,5296,3036,2850.65
580,2025-12-28,37,29502,799,759,1356.01
581,2025-03-25,36,77050,4322,3420,2691.97
582,2025-08-02,22,30649,3264,1555,5149.62
583,2025-06-04,32,72673,4076,2765,2353.07
584,2025-11-07,32,64803,13510,7550,1555.69
585,2025-09-26,23,22685,13074,2293,6496.81
586,2025-02-23,12,71558,8050,5257,8617.27
587,2025-04-09,3,10242,8634,794,6890.83
588,2025-05-03,9,30834,6806,556,6379.17
589,2025-03-13,14,66787,199,116,3390.15
590,2025-08-23,41,63834,10172,7993,190.8
591,2026-01-20,36,54414,8769,194,199.7
592,2025-10-23,18,70720,11882,4697,203.43
593,2025-09-13,45,56936,13372,13208,8460.42
594,2025-04-18,7,13124,2987,2147,1382.63
595,2025-10-25,40,69503,3194,1033,7346.17
596,2025-08-14,51,52522,4429,647,3388.81
597,2025-04-13,30,74555,6702,1992,8912.59
598,2025-07-06,20,11066,3750,2677,8925.49
599,2025-02-06,49,4652,10697,1531,3677.24
600,2025-04-29,36,62890,6229,459,5748.9
601,2025-12-04,11,11337,11565,8189,7615.7
602,2025-08-03,51,43920,10616,9270,8797.1
603,2025-06-29,58,69726,1612,87,2106.41
604,2025-03-08,56,74789,14816,7790,2476.3
605,2025-11-17,44,37249,1268,1112,5093.41
606,2025-04-30,12,41720,589,16,8655.15
607,2025-03-28,10,52705,9667,1260,2728.53
608,2025-10-03,16,74777,9289,6375,6109.46
609,2025-12-09,22,50811,8906,2292,7124.96
610,2025-08-12,47,10779,11343,8204,6721.84
611,2025-06-24,4,13303,5716,3580,2127.69
612,2026-01-07,22,79820,1295,1257,8595.98
613,2025-06-24,50,43278,6549,242,5725.4
614,2025-04-22,29,64804,12887,3737,3234.51
615,2025-11-09,28,24845,6200,5568,5293.58
616,2025-03-03,6,39215,6277,2018,6432.32
617,2025-02-24,18,20714,1394,778,6419.51
618,2025-06-07,10,51568,10435,5188,3278.27
619,2025-02-11,1,40905,1549,910,3271.26
620,2025-09-20,7,17867,4469,715,1727.16
621,2026-01-31,36,73210,7403,4197,3702.0
622,2025-10-27,6,46888,480,283,882.93
623,2025-05-09,51,43023,9848,6311,160.45
624,2025-11-19,25,11601,6829,5937,8115.17
625,2025-12-18,16,75467,14880,8537,1567.77
626,2025-02-19,11,18698,6287,2202,2745.12
627,2025-04-05,10,8792,8129,1369,3940.35
628,2025-08-01,20,63969,6949,6411,738.45
629,2025-05-20,16,65485,4173,1601,4147.86
630,2025-10-31,20,1387,2269,1620,3023.34
631,2025-11-14,25,43693,10211,7212,3045.89
632,2025-11-21,53,78408,13410,2230,2738.9
633,2025-05-24,45,26826,9933,7848,2861.94
634,2025-10-26,21,38700,6574,6020,6269.87
635,2025-09-10,37,32275,8094,2669,3415.69
636,2025-04-08,51,52002,13427,5980,1069.3
637,2025-11-30,13,78124,9288,8939,1660.35
638,2026-01-20,36,4027,12626,11914,4181.52
639,2026-01-28,14,57969,11655,4773,7489.97
640,2025-12-19,53,54127,1183,1022,1295.65
641,2025-05-17,16,33619,5011,1262,6451.37
642,2025-06-03,25,10194,12978,7357,8916.77
643,2025-02-17,38,53034,7901,4377,4584.18
644,2026-01-08,45,55327,14298,8907,379.05
645,2025-10-29,45,70873,5940,4864,5761.71
646,2025-07-26,7,33036,1442,1346,5999.01
647,2025-08-02,42,6306,2775,2306,8853.29
648,2025-08-04,42,52878,11149,5432,8693.17
649,2025-02-06,7,1882,7102,807,2365.71
650,2025-08-13,48,68499,8416,3621,4039.72
651,2025-08-06,30,77647,6458,5656,4529.17
652,2025-08-01,2,63777,5701,856,2694.12
653,2025-11-07,8,19069,1456,713,2841.42
654,2025-02-10,51,27614,7510,4268,4372.19
655,2025-07-17,7,57931,7851,5914,6286.03
656,2025-09-08,5,39856,5275,366,7301.16
657,2025-12-24,2,45467,1935,1327,1028.8
658,2025-05-03,11,32470,13158,8454,1611.36
659,2025-07-18,22,73880,2673,1746,8628.24
660,2025-02-06,52,53590,3848,2579,1700.84
661,2025-03-28,43,57140,10543,6481,311.27
662,2025-10-25,57,26363,10111,7365,5350.22
663,2025-06-07,1,28653,6420,1685,2541.19
664,2026-01-20,52,8700,11580,9459,960.68
665,2025-07-26,35,25005,14336,5993,2967.56
666,2025-09-05,8,34887,7546,5494,7770.6
667,2025-07-13,41,41578,8696,6367,5521.21
668,2025-06-05,8,46103,9667,5766,7617.38
669,2025-11-01,12,39486,10164,10067,5332.01
670,2025-07-13,9,41549,11061,1931,2185.23
671,2025-11-11,12,49429,1966,1420,1315.16
672,2025-06-18,27,78674,6414,1129,5194.51
673,2025-05-18,12,64288,6981,5206,4859.54
674,2025-04-06,60,23206,10621,9091,1543.45
675,2025-02-28,9,25023,4782,2577,7585.77
676,2025-03-16,4,47559,10198,157,4387.25
677,2025-08-08,53,50824,3246,2300,4573.67
678,2025-05-08,27,64951,8159,3404,6405.77
679,2025-02-25,32,22422,7322,677,5110.31
680,2025-08-14,49,29405,13089,4785,342.62
681,2025-06-08,35,38336,3733,688,7037.62
682,2025-06-27,48,65421,9317,9006,4621.71
683,2025-12-03,8,35612,9433,8898,7418.38
684,2025-06-01,35,5953,6060,5889,4000.23
685,2025-09-18,28,13923,3630,3014,7479.13
686,2025-08-18,16,39521,12360,528,4075.1
687,2025-08-31,56,11901,5761,3596,7794.35
688,2025-09-29,50,31556,1973,429,7305.79
689,2025-10-22,45,46457,9682,7015,1535.54
690,2025-10-26,51,27582,2331,847,7258.69
691,2025-08-27,23,70267,9390,4605,5391.88
692,2025-07-12,21,38856,2808,1185,5175.98
693,2025-05-21,33,12981,14107,2221,8666.81
694,2025-02-17,27,8270,12922,4543,7810.08
695,2025-05-07,45,17892,2128,1022,1358.88
696,2025-05-10,54,32947,5327,3217,4430.66
697,2025-08-23,41,35721,9510,6786,3407.79
698,2025-06-07,41,12702,1287,825,4664.74
699,2025-08-21,45,48874,4608,3724,8554.77
700,2025-12-02,38,824,5412,763,6591.84
701,2025-06-04,41,47452,7561,6964,616.81
702,2025-10-25,26,29051,8806,7039,7432.39
703,2025-04-29,18,42818,8155,6785,2588.16
704,2025-06-11,37,17617,9017,7951,7105.32
705,2025-11-05,44,6845,14699,752,941.19
706,2025-12-07,54,60738,12893,266,1161.92
707,2025-07-29,11,58340,14101,7479,56.05
708,2025-03-30,13,17790,7059,5324,2751.7
709,2026-02-01,60,36416,14376,1529,5908.56
710,2025-06-12,6,49238,4152,1355,513.5
711,2026-01-06,20,31189,10299,7032,5916.59
712,2025-05-10,7,642,11579,3496,4317.42
713,2025-03-01,38,30147,2224,2127,6135.85
714,2025-06-06,1,45532,202,209,1129.31
715,2025-08-10,28,17824,14145,7826,683.91
716,2025-08-16,6,13925,6326,845,2854.5
717,2025-07-07,20,18473,14484,6270,6972.47
718,2026-01-15,56,17951,12389,10511,8936.81
719,2025-11-29,5,70034,2390,2307,125.85
720,2025-10-04,11,58184,10699,5753,6515.77
721,2025-03-10,48,20340,10340,6745,5563.88
722,2025-03-01,56,28974,7298,710,8074.51
723,2025-07-23,49,16642,2343,1572,3196.24
724,2026-01-31,21,18827,7085,2029,2528.86
725,2025-10-09,16,73034,1430,1230,5420.07
726,2025-05-28,19,4015,10004,4942,1888.74
727,2026-01-26,33,25226,9993,6418,2695.1
728,2025-05-19,51,31870,944,506,3503.68
729,2025-08-31,32,78347,3999,290,4778.16
730,2025-04-17,24,41980,247,67,3512.2
731,2025-02-12,37,55663,13795,5986,4939.89
732,2025-10-06,49,62236,2880,298,199.37
733,2025-04-09,1,34865,1156,441,406.45
734,2025-07-13,51,52663,1040,1037,2614.07
735,2025-07-02,33,54951,11725,6939,6331.21
736,2025-10-16,41,70828,1400,1101,5563.62
737,2026-02-01,6,41120,4596,647,4626.18
738,2025-07-30,52,20865,3379,2197,2974.42
739,2025-09-25,41,9165,9658,5081,6303.15
740,2025-11-04,55,31778,12009,948,2238.09
741,2025-05-10,8,59924,7168,5015,5499.05
742,2025-03-14,43,23522,5117,978,163.35
743,2025-02-25,45,1987,2298,671,4492.9
744,2025-09-30,34,68293,5730,2123,1544.32
745,2025-07-12,48,35727,2129,483,6954.3
746,2025-04-08,22,56772,530,278,4738.5
747,2025-06-24,46,76082,4358,631,4490.52
748,2025-02-06,24,7766,8418,8185,7741.27
749,2025-11-08,24,21118,2784,1044,6971.29
750,2025-03-11,37,15617,14701,3742,6679.98
751,2025-07-11,3,2110,92,31,461.53
752,2025-02-23,25,20171,6013,1466,8383.88
753,2026-01-27,3,72965,14099,13158,8229.83
754,2025-07-01,42,55467,12185,3678,2930.13
755,2025-05-19,59,42434,6869,2222,7442.67
756,2025-03-09,24,16150,9414,8225,6076.27
757,2025-08-21,12,29753,912,823,4666.18
758,2025-12-10,26,9534,802,476,7800.99
759,2025-08-04,55,41223,12723,5362,823.15
760,2025-07-12,1,48854,7533,1643,2659.78
761,2025-05-29,20,32295,12903,7600,3346.05
762,2025-11-15,50,26114,8133,6000,8108.97
763,2025-11-04,51,32629,12509,2466,107.08
764,2025-05-09,2,31039,6768,4436,3150.49
765,2025-04-03,45,1757,13805,5488,63.09
766,2025-11-25,25,40806,10819,1703,1886.49
767,2026-02-01,27,64991,3952,3937,586.06
768,2025-09-16,46,37177,2382,381,442.91
769,2025-03-21,58,68625,3842,1691,6322.58
770,2025-07-11,30,11628,6152,4757,905.41
771,2025-07-27,41,52188,2237,306,5347.47
772,2025-11-22,28,17632,1070,484,2660.5
773,2025-11-28,21,52005,13991,11480,7495.5
774,2025-10-24,21,59843,5395,2227,2140.82
775,2025-11-18,9,77138,3371,446,1440.92
776,2025-12-09,29,61586,2743,1286,3688.29
777,2025-05-26,23,27715,8830,7404,2809.35
778,2025-05-27,55,16217,4391,740,1460.66
779,2025-02-28,20,79576,11290,660,1974.44
780,2025-09-26,21,19941,14084,1494,6414.86
781,2025-04-21,26,67800,5878,401,6110.79
782,2025-05-09,53,23289,4312,254,8571.26
783,2025-10-24,29,73369,14051,12256,4973.58
784,2025-05-05,30,13857,1601,286,1137.01
785,2025-04-12,54,29635,1060,267,1823.29
786,2025-12-23,24,11515,6613,4770,5295.76
787,2025-11-05,5,3357,13366,1056,1819.87
788,2025-11-07,29,17380,10633,1506,8150.45
789,2025-02-28,52,43956,13638,2007,432.13
790,2025-11-04,4,22518,7602,7570,5186.26
791,2025-07-02,47,52273,13512,8128,313.87
792,2025-09-07,28,23150,11243,5799,1971.71
793,2025-12-12,18,37181,3116,1826,7956.64
794,2025-02-03,40,32715,617,302,4515.08
795,2025-08-14,36,63287,14513,999,835.11
796,2025-05-27,9,55449,6325,1633,5801.74
797,2026-01-09,34,33156,13111,10334,8947.08
798,2025-04-01,51,3059,8957,6266,7048.15
799,2025-12-18,31,71871,5933,3970,3129.11
800,2025-12-18,33,42653,9317,6363,2470.4
801,2026-01-20,21,78765,477,112,312.27
802,2025-06-27,50,37322,13332,959,7287.45
803,2025-02-18,34,47349,7778,6281,5276.7
804,2026-01-04,11,13624,3863,1015,5928.94
805,2025-03-19,35,7828,4416,1797,5202.44
806,2025-03-25,25,47004,13114,2846,1626.1
807,2025-09-27,21,47526,9757,9692,302.45
808,2025-09-09,23,74903,11527,9234,1321.82
809,2025-06-06,54,65017,3134,2220,2816.02
810,2025-07-16,3,12330,8085,460,2131.98
811,2025-08-08,2,69502,3634,1957,56.12
812,2025-10-29,13,17603,10111,5582,6466.59
813,2025-02-26,55,42913,13196,975,246.12
814,2025-04-11,46,19066,9661,1817,7626.0
815,2025-05-14,24,10006,14151,6120,6355.62
816,2025-09-24,26,77310,10898,1655,3062.22
817,2025-11-13,9,21144,5335,3578,7136.99
818,2025-05-29,42,42086,8032,1427,6379.29
819,2025-08-22,45,47269,9257,3657,6006.51
820,2025-05-28,12,50095,13394,5026,6619.26
821,2025-05-23,9,23792,4875,14,8541.65
822,2025-10-31,26,74881,9435,530,1679.63
823,2025-05-09,59,29453,5263,5239,5111.67
824,2025-02-08,10,43906,8179,1274,2180.06
825,2025-05-24,11,12129,5284,5235,6577.11
826,2025-09-22,29,1993,5550,2172,1926.67
827,2025-07-30,5,46438,11406,4205,7093.83
828,2025-12-01,1,6810,11853,6323,3972.07
829,2025-02-03,11,54766,6925,4039,7941.85
830,2025-11-07,35,49697,5804,830,7467.82
831,2025-04-05,56,76266,12972,10665,6836.28
832,2025-07-03,11,59651,3745,301,7202.79
833,2025-12-22,19,3131,597,326,2387.09
834,2025-02-12,5,45301,1765,348,7996.98
835,2026-01-19,47,10330,2686,2240,8479.42
836,2025-02-27,22,78360,1575,1256,8044.37
837,2025-12-08,2,57034,11592,10709,1526.72
838,2025-11-23,28,21091,14627,877,956.26
839,2025-08-10,13,54145,3417,2855,5009.31
840,2025-04-19,35,35268,12009,10823,2569.63
841,2025-06-29,7,7005,3941,1609,5167.34
842,2025-10-24,32,20631,13810,893,3279.42
843,2025-07-16,6,39107,7055,6749,5975.08
844,2025-02-24,31,26671,9883,1589,280.33
845,2025-02-20,41,38748,2848,335,4288.46
846,2025-03-15,20,52596,1942,964,4427.42
847,2025-04-21,17,12445,10880,10516,4919.93
848,2025-02-16,24,50496,3079,1513,1719.92
849,2025-08-22,17,58137,781,476,2407.44
850,2025-02-04,18,74456,13764,1009,1402.62
851,2025-05-09,43,13175,11460,1404,6029.86
852,2025-11-12,35,54762,13291,12393,5328.05
853,2025-10-28,4,51238,9120,8561,3796.76
854,2025-07-24,44,62736,8823,3860,4312.55
855,2025-08-28,26,5051,1343,1028,5162.42
856,2025-07-20,52,75405,8517,2415,1126.52
857,2025-05-14,29,23159,12455,2738,8750.88
858,2025-09-10,13,17039,13295,699,3839.21
859,2025-09-11,28,26965,11242,10276,1373.51
860,2025-07-07,17,42410,9799,1097,828.9
861,2025-03-31,26,72858,9165,5343,7716.79
862,2025-11-10,30,2120,8564,8561,7046.09
863,2026-01-24,27,20113,1893,303,5121.02
864,2025-07-29,49,13633,9596,1730,5086.02
865,2025-03-22,51,37998,1704,1096,7927.22
866,2025-08-19,27,35120,14433,6275,5910.35
867,2025-09-06,39,62503,9422,613,1591.19
868,2025-12-16,10,53154,6652,317,3592.35
869,2025-03-17,22,31639,14450,807,6724.46
870,2025-09-12,58,49316,4450,165,3073.9
871,2025-06-15,20,41256,13053,4593,7593.48
872,2025-10-24,45,13373,14111,3734,1252.75
873,2025-04-02,29,42556,12235,4414,6572.75
874,2025-11-29,42,12203,9961,3079,4003.36
875,2025-05-01,27,63999,13549,12443,4672.69
876,2025-12-01,53,7867,6176,4221,7133.84
877,2025-12-30,20,66926,1125,826,1264.07
878,2025-10-10,34,75037,13997,474,1604.95
879,2025-03-30,54,26809,14388,13713,565.77
880,2026-01-06,30,7126,591,369,6356.47
881,2025-07-13,24,61346,4538,4137,3602.63
882,2025-06-09,44,4505,2079,990,3383.58
883,2025-10-13,29,23776,9782,7775,5302.58
884,2025-06-24,23,21932,5780,2118,6753.2
885,2025-03-05,6,37864,11336,449,3509.76
886,2025-02-15,55,75507,2719,877,7721.15
887,2025-07-02,15,27596,10656,4408,5881.71
888,2025-03-23,2,1666,8459,7767,8208.06
889,2025-08-20,12,79292,10656,138,2052.74
890,2025-09-23,52,40537,10017,4511,3843.07
891,2025-05-29,55,46206,6218,3760,2305.39
892,2025-10-09,20,68741,7696,6752,5631.27
893,2025-08-03,7,1463,9626,8380,8994.89
894,2025-04-20,54,49551,13866,9198,5843.71
895,2025-03-05,19,39621,10028,1771,4361.56
896,2026-01-24,18,43116,5559,2268,2387.26
897,2025-12-04,58,39663,11700,3086,1391.87
898,2025-09-27,16,7941,12591,9830,3666.68
899,2025-05-02,44,18840,5286,208,5915.84
900,2025-09-05,17,55362,4893,3314,3525.06
901,2025-08-19,38,75478,628,194,3121.35
902,2025-09-19,15,70575,11737,10458,7074.83
903,2025-02-19,43,47488,14902,8311,2736.74
904,2025-11-28,54,73670,2835,741,2679.37
905,2025-07-14,9,34402,7763,5940,7284.68
906,2025-06-27,59,24495,12549,11136,8101.34
907,2025-06-19,6,29631,10772,5820,2048.78
908,2025-05-10,20,55612,14327,12912,7987.25
909,2025-07-11,17,77251,6139,2408,4200.66
910,2025-09-07,31,7535,1979,1774,5727.85
911,2025-08-01,40,9834,9557,7736,8010.36
912,2025-11-02,8,50526,8249,4888,3747.31
913,2025-10-19,55,20262,14317,2250,8931.51
914,2025-12-11,27,75132,5664,3748,1331.86
915,2025-11-28,46,24139,14179,12762,773.26
916,2025-08-12,41,23676,5499,2567,5728.77
917,2025-04-29,29,36351,127,53,6862.68
918,2025-05-18,37,21266,2812,2005,7077.64
919,2025-09-11,6,17461,12825,10067,3931.72
920,2025-06-15,26,56733,7085,3910,3480.68
921,2025-09-29,35,26637,668,382,8553.11
922,2025-04-14,21,70103,14664,3122,210.35
923,2025-03-19,41,33113,117,57,6257.05
924,2026-01-29,20,17399,5691,841,3482.78
925,2025-02-11,20,22391,9694,1069,7423.4
926,2025-05-15,19,60259,4935,4262,5387.51
927,2025-10-11,28,18036,5585,2807,8965.44
928,2025-09-08,23,25197,8081,1350,8535.35
929,2025-02-26,26,3006,13353,3742,2057.68
930,2025-08-09,14,3372,2199,2066,1562.41
931,2026-01-23,46,5397,6056,3073,7895.07
932,2025-11-15,50,70588,4240,398,5365.62
933,2025-02-20,43,14670,835,669,7533.27
934,2025-03-04,45,15676,840,426,4026.61
935,2025-10-26,36,33626,2074,1943,6331.72
936,2025-03-26,45,1719,3416,1233,3816.8
937,2026-01-21,43,68697,1704,552,5624.04
938,2025-07-16,9,55396,11530,1718,4628.68
939,2025-03-13,8,37554,10170,1867,7073.6
940,2025-07-07,13,26681,8204,4308,7491.91
941,2025-05-07,23,54207,3354,1209,1485.34
942,2025-10-15,32,27722,9030,7875,3008.9
943,2025-06-28,1,12165,94,14,7525.33
944,2025-07-25,32,20048,11011,1475,7026.76
945,2025-02-04,47,13776,1279,524,5816.81
946,2026-01-24,19,35119,7533,3803,498.22
947,2025-02-17,12,5670,13373,4760,3273.92
948,2025-03-30,21,56336,11138,1898,900.24
949,2025-03-05,57,6514,12472,158,7675.39
950,2025-07-12,42,22849,10918,5384,3249.87
951,2025-10-22,40,35667,7221,7196,6610.96
952,2025-12-23,53,45421,6155,1498,1068.8
953,2025-11-06,30,36129,6607,3159,6224.63
954,2025-12-22,52,55778,7885,5315,7980.81
955,2025-12-26,8,17868,2782,240,8835.04
956,2025-08-18,11,14093,13883,6816,8205.48
957,2025-03-31,52,75072,7958,5557,3971.56
958,2026-01-01,25,47502,10065,10016,307.91
959,2025-04-13,57,17625,11264,7914,8287.56
960,2025-07-22,57,54407,1900,902,461.45
961,2025-10-30,42,41687,4336,101,6355.89
962,2026-02-01,34,76082,11157,9257,2054.67
963,2025-06-16,56,44841,11024,8504,4731.77
964,2025-09-04,40,12983,11528,7091,5972.33
965,2025-02-22,31,45818,4122,3152,1380.46
966,2025-07-21,36,7652,13590,190,5808.42
967,2025-05-27,33,62010,2621,2030,7831.27
968,2025-12-17,49,64941,1276,656,2205.98
969,2025-09-17,4,66944,4607,1824,4976.94
970,2026-01-19,26,31301,6253,645,4158.9
971,2025-02-20,37,59233,13177,1442,7716.47
972,2025-08-19,21,16059,7374,4074,6719.89
973,2025-07-24,7,53379,341,211,370.7
974,2025-06-08,1,12413,9046,4990,8016.49
975,2025-04-02,14,60296,9263,5584,3301.92
976,2025-03-11,53,29718,939,864,4117.42
977,2025-03-14,50,79136,9227,7751,6464.09
978,2025-10-13,46,59814,6002,934,922.06
979,2025-10-07,15,787,10845,5592,3228.49
980,2025-04-26,52,38770,10431,8973,4721.77
981,2025-04-16,7,6500,11553,2689,4457.18
982,2025-12-19,46,54136,13515,1752,2325.89
983,2025-04-15,13,16326,3259,1609,1979.53
984,2025-06-14,51,25479,13559,11743,3074.51
985,2025-02-27,27,6594,12455,10375,7545.32
986,2025-11-21,8,59548,9697,7493,5943.19
987,2025-09-07,9,65882,8310,71,4796.76
988,2025-03-20,36,57229,845,858,5286.83
989,2025-06-01,50,23726,8378,2845,6587.93
990,2025-11-01,7,51278,2153,1318,4561.79
991,2025-02-05,27,33037,6352,2241,3610.94
992,2025-06-28,19,59855,5667,1092,1286.71
993,2025-09-27,45,67647,9921,4897,7595.52
994,2025-07-05,56,41644,9025,3560,1847.96
995,2025-12-15,46,38586,10276,5657,8294.67
996,2025-05-27,46,23806,2223,2063,4905.3
997,2026-01-14,21,15626,10484,5771,5082.41
998,2025-09-03,37,55219,9598,8747,2609.06
999,2025-03-24,28,2173,13932,8564,1002.91
1000,2025-07-10,10,7455,6290,5490,556.61
1001,2025-12-06,49,21594,4424,2347,6166.34
1002,2025-06-08,54,8630,2449,1208,1875.81
1003,2025-08-01,3,47513,8916,7415,967.2
1004,2025-06-22,44,74147,14271,14169,2057.55
1005,2025-05-20,36,51472,10652,3892,4622.75
1006,2025-05-15,52,38201,13105,11353,5997.22
1007,2025-02-17,25,55100,6301,5612,2848.25
1008,2025-12-06,4,2199,9096,4117,1867.63
1009,2025-06-28,50,58573,14285,13598,2068.66
1010,2025-03-08,46,48700,10433,9640,4942.21
1011,2025-11-11,13,25862,9935,4819,4066.89
1012,2026-01-28,5,25007,11234,2847,6628.96
1013,2025-07-19,25,5826,2005,877,2548.05
1014,2026-01-13,9,21593,4379,2089,100.52
1015,2025-08-18,46,20790,7690,327,1425.65
1016,2025-04-19,39,7165,5335,5123,5559.7
1017,2025-04-10,20,64797,10894,9382,4973.93
1018,2025-02-11,51,42162,1244,1076,2018.66
1019,2025-07-24,34,9436,3062,2069,1476.37
1020,2025-12-23,35,53376,8947,1506,3177.16
1021,2025-07-28,14,44000,14523,5424,3279.14
1022,2025-10-23,49,70033,3629,1945,8969.85
1023,2025-12-03,49,1653,13545,1879,6037.0
1024,2025-05-12,16,32458,7351,326,6158.83
1025,2025-03-09,25,15360,5308,3161,2346.49
1026,2025-12-14,19,3738,11911,8468,7407.88
1027,2025-03-24,33,67180,6193,3650,4406.9
1028,2026-01-13,58,25732,4906,2624,4649.36
1029,2025-09-11,11,71013,1622,1092,115.61
1030,2025-03-22,14,28441,1122,868,7529.2
1031,2025-04-02,35,57547,3418,2648,7359.95
1032,2025-10-19,48,20652,1231,48,4160.07
1033,2025-04-12,3,11971,5484,600,535.7
1034,2025-08-15,17,73649,13062,1154,5195.91
1035,2026-01-24,59,34401,3779,1669,3522.89
1036,2025-04-17,26,57257,10375,5183,201.17
1037,2025-02-20,8,70601,11081,96,5790.73
1038,2025-05-27,5,77256,10181,745,6322.89
1039,2025-10-23,23,66407,1239,217,2644.04
1040,2025-07-11,20,11838,11287,4612,6899.2
1041,2026-01-28,25,52288,7220,6734,5963.47
1042,2025-10-10,11,70422,7815,1801,1270.61
1043,2025-03-03,51,72029,6456,2416,8643.2
1044,2025-09-21,20,49406,2410,45,5004.04
1045,2025-09-22,10,16652,9144,684,95.02
1046,2025-10-28,26,70905,9825,8970,8525.47
1047,2025-07-02,14,45569,5042,1734,3743.26
1048,2025-03-04,55,67681,10632,2333,1490.54
1049,2025-12-18,40,33627,3667,795,1075.87
1050,2025-03-14,52,74856,11043,891,7669.92
1051,2025-02-22,30,72545,9042,1198,2651.34
1052,2025-07-25,17,13371,1153,404,6544.02
1053,2025-11-12,22,47310,8032,1050,6058.1
1054,2025-07-12,7,37873,3892,2537,674.79
1055,2025-10-21,21,64182,3220,1845,2988.7
1056,2025-07-05,20,77068,10853,2496,5111.69
1057,2025-12-30,52,41962,6021,3508,1559.32
1058,2025-07-31,16,29535,5181,3572,2526.28
1059,2026-01-09,9,43958,5939,3931,4192.49
1060,2025-12-31,50,40538,5927,3989,4987.46
1061,2025-05-07,42,11244,2929,1149,7735.49
1062,2025-03-25,58,71097,2343,804,2405.95
1063,2026-01-02,41,10522,14571,11918,724.83
1064,2025-10-13,55,66976,355,323,329.19
1065,2025-11-21,38,53601,9583,3485,8161.42
1066,2025-05-09,17,71733,9087,8842,4275.33
1067,2025-09-07,10,48448,12750,6430,2048.59
1068,2025-02-05,38,38641,12700,2193,4209.08
1069,2025-07-27,6,52507,8412,5961,4544.4
1070,2025-03-09,16,22237,10907,8423,1306.32
1071,2025-05-28,12,74733,2658,2317,5951.75
1072,2025-04-20,48,63873,2445,1469,411.76
1073,2025-05-11,32,30875,12525,1029,2416.0
1074,2025-08-08,3,27602,3884,2121,8174.15
1075,2025-12-10,25,62061,5968,3724,7939.89
1076,2025-12-06,42,42976,703,105,6348.44
1077,2025-06-04,41,36347,8592,4314,5228.75
1078,2025-03-16,12,49869,9391,6201,3319.41
1079,2025-04-17,58,10702,10754,8465,2301.7
1080,2025-06-16,15,68181,14914,6649,3208.44
1081,2025-05-20,23,64313,14266,12986,4364.89
1082,2025-10-14,1,66276,9949,2276,3987.09
1083,2025-02-17,5,67941,3818,2635,2563.25
1084,2025-03-25,12,21125,2511,1483,5438.08
1085,2025-03-13,8,30691,13434,6793,7310.0
1086,2025-10-30,8,63613,11850,11062,4335.39
1087,2025-06-04,38,21634,3502,2651,7508.62
1088,2025-02-07,16,6155,417,65,5182.7
1089,2025-09-30,9,67693,2689,160,8022.64
1090,2025-07-28,4,22302,2456,1057,8305.9
1091,2026-01-11,26,79058,8514,305,7912.66
1092,2025-12-10,43,37652,11977,1404,1988.51
1093,2025-10-03,31,63633,9987,2794,2013.31
1094,2025-06-02,39,19205,6780,6509,5264.68
1095,2025-03-14,12,67452,12624,4333,1551.11
1096,2025-07-14,22,59937,11282,9773,5335.83
1097,2025-03-19,25,51023,3815,541,1021.7
1098,2025-10-30,34,66607,3365,2803,3807.17
1099,2025-04-25,39,13122,2500,726,4309.03
1100,2025-09-03,39,5616,10122,8706,4554.8
1101,2025-02-07,6,63708,1975,1350,1216.44
1102,2025-04-30,35,657,9937,7069,4722.3
1103,2025-05-10,56,6193,6118,5715,4791.86
1104,2025-08-06,52,63692,3809,3234,6929.61
1105,2025-03-18,38,76013,5792,800,3858.13
1106,2026-01-08,31,30975,4220,686,2585.24
1107,2025-07-01,35,54062,14414,4223,1741.74
1108,2025-03-25,48,1432,11668,9469,4726.74
1109,2025-04-28,1,49655,8565,3365,6205.51
1110,2025-12-17,27,47983,5225,873,1435.27
1111,2025-09-25,38,33744,10725,4281,7702.04
1112,2025-11-03,37,48425,6989,5012,2516.27
1113,2025-06-08,26,27198,11201,6770,4991.34
1114,2026-01-19,31,23925,9185,6065,5053.89
1115,2025-02-21,17,40693,7975,4732,3131.99
1116,2025-11-07,26,18596,11608,10801,1115.82
1117,2025-04-03,29,21706,3814,410,1969.4
1118,2025-09-04,51,44859,6612,6560,4977.66
1119,2026-01-11,44,7322,11470,2633,3532.48
1120,2025-06-10,1,12439,10468,2381,4271.43
1121,2025-03-12,28,12052,9884,1049,2404.67
1122,2025-12-11,6,5448,6125,5935,3489.72
1123,2025-07-10,40,68789,6614,2346,6418.87
1124,2025-05-12,4,23473,9838,8099,3978.8
1125,2025-05-26,55,68415,3354,1171,1792.98
1126,2025-05-13,39,67418,12894,8451,6301.13
1127,2025-10-09,11,5226,10129,5893,2191.35
1128,2025-02-03,11,11882,54,35,7028.07
1129,2025-12-14,43,52292,5835,3321,5295.42
1130,2025-11-06,1,9493,8532,1477,4968.85
1131,2025-11-06,54,73784,11947,9550,3165.45
1132,2025-11-15,18,30161,13411,9934,8669.36
1133,2025-07-20,60,53447,7500,4709,91.63
1134,2026-01-20,27,66853,2917,436,5049.74
1135,2025-02-18,19,45060,8293,1917,7236.33
1136,2025-03-22,57,71004,4272,2049,6263.02
1137,2025-05-20,37,63890,6228,1992,6829.39
1138,2026-01-21,30,60887,12757,9614,7765.11
1139,2025-10-03,8,34292,7946,553,3474.93
1140,2025-04-25,15,30637,12971,5172,3741.21
1141,2025-06-29,34,70708,5835,79,6322.33
1142,2025-05-04,16,38155,4364,761,3620.43
1143,2025-04-24,53,45325,12318,1245,5013.24
1144,2025-07-05,31,41639,2974,1448,2006.17
1145,2025-02-06,18,24457,9449,3115,4516.04
1146,2025-02-24,16,32226,3321,1087,1900.67
1147,2025-05-14,54,33228,3372,2533,3236.44
1148,2025-05-18,7,16212,12812,1285,6098.52
1149,2025-11-01,32,1368,10919,8871,8624.04
1150,2025-06-09,31,49153,13943,10169,2872.98
1151,2025-04-23,57,75803,14764,14233,2508.86
1152,2025-08-09,49,67495,3046,1147,3611.02
1153,2025-04-12,37,17309,12340,887,4755.33
1154,2025-07-26,31,71379,6983,266,4547.15
1155,2025-11-23,56,23411,6500,3745,8789.74
1156,2025-09-23,34,60802,11490,5171,6218.43
1157,2025-06-10,44,28123,243,194,5250.02
1158,2025-10-19,24,34539,5381,1533,4959.64
1159,2025-06-05,18,62280,3935,3926,5537.1
1160,2025-11-18,12,65874,6045,3472,1934.27
1161,2025-11-02,49,49299,11530,5981,7696.22
1162,2026-01-27,29,24078,4631,1074,8814.49
1163,2025-07-05,15,13590,11289,4422,7246.58
1164,2025-06-05,28,50423,9148,3212,1355.3
1165,2025-05-08,10,62495,12150,159,1630.64
1166,2025-09-21,9,68265,8235,5172,7078.73
1167,2026-01-28,17,74180,4965,4651,477.0
1168,2025-08-27,45,21909,1671,122,1978.43
1169,2025-11-12,31,13122,4216,3685,6714.11
1170,2025-05-24,24,47726,4306,2111,3130.06
1171,2026-01-19,8,46518,6796,5567,8669.89
1172,2025-10-31,37,75983,3309,2661,5859.72
1173,2026-01-10,50,37804,2909,1454,2959.56
1174,2026-01-22,32,59080,8413,1284,3460.59
1175,2025-05-10,30,19485,4744,1372,5783.2
1176,2025-07-19,27,75425,5577,3315,7647.66
1177,2025-04-27,6,21733,1218,703,2092.55
1178,2025-11-25,42,38688,5241,2191,5468.2
1179,2025-12-04,18,58813,6529,6397,7772.12
1180,2025-08-27,48,77428,6000,4267,8691.46
1181,2025-04-15,11,24602,6832,189,1169.11
1182,2025-05-14,43,33483,3894,3852,6707.68
1183,2025-10-08,6,28100,12333,2734,3603.56
1184,2025-10-13,5,62521,1615,1123,531.74
1185,2025-08-26,26,69179,12680,12533,8964.32
1186,2026-02-02,17,20852,1752,172,5910.75
1187,2025-12-24,25,41049,14557,3757,2264.2
1188,2025-09-20,29,17069,4705,1075,4764.34
1189,2025-07-08,2,5107,2845,2717,3243.73
1190,2026-01-25,56,62910,5378,3827,8776.08
1191,2025-10-13,60,36205,8906,7288,1259.28
1192,2025-08-17,35,23704,11479,9680,5398.38
1193,2025-03-14,48,74422,10389,7126,4734.97
1194,2025-09-07,35,41087,10528,5688,4360.78
1195,2025-02-24,52,12238,3771,1809,2805.42
1196,2025-06-02,17,20910,6803,2486,144.47
1197,2025-11-11,53,18365,8624,5634,2616.52
1198,2025-02-08,1,64978,8817,7816,2731.51
1199,2025-04-08,28,38893,12598,9781,2119.38
1200,2025-03-27,36,49474,168,48,3735.04
1201,2025-09-10,28,52240,9234,4094,1511.26
1202,2025-08-04,42,51581,12126,6199,2024.3
1203,2025-10-05,28,31899,1347,1058,6892.62
1204,2025-02-20,40,36133,14958,4664,5853.69
1205,2025-05-21,52,35735,8765,6765,1732.61
1206,2025-07-05,12,18407,1171,593,1037.69
1207,2025-07-17,40,59845,7510,2229,6319.23
1208,2025-09-09,13,42527,8110,158,1411.74
1209,2025-03-23,2,24871,8814,1675,2574.93
1210,2025-10-03,46,57964,2098,33,2133.65
1211,2025-04-07,1,65194,2518,889,3110.12
1212,2026-01-13,51,65825,5154,3042,4199.98
1213,2025-08-29,3,43786,13016,1314,7599.74
1214,2025-04-04,4,35431,2443,1607,688.89
1215,2026-01-16,12,25691,7752,7337,7581.78
1216,2025-08-12,25,2153,13439,1998,8772.66
1217,2025-11-09,16,50936,11759,7257,2262.1
1218,2026-01-20,13,60902,599,96,4714.2
1219,2025-08-13,31,51503,3465,2791,8652.86
1220,2025-10-10,11,6029,5343,4502,4712.29
1221,2025-12-17,31,39666,4200,1627,3275.82
1222,2025-02-05,56,29045,903,115,2161.89
1223,2025-09-06,21,2474,7163,1371,7159.79
1224,2025-02-21,8,52379,9629,3982,129.92
1225,2026-01-02,38,62794,738,704,5386.1
1226,2025-09-25,50,12228,6134,2037,1461.4
1227,2025-05-09,44,44857,1547,1555,5644.93
1228,2025-03-21,23,20674,1029,219,1176.16
1229,2025-07-13,21,73684,3862,3229,5819.58
1230,2025-07-08,52,58003,5740,1580,241.11
1231,2025-09-05,23,18159,6239,2053,8093.03
1232,2025-11-14,46,57844,8001,4579,2687.7
1233,2025-11-09,32,25374,11470,9284,1720.31
1234,2025-07-01,21,61893,5746,2255,7815.57
1235,2025-03-25,59,73182,9858,2627,666.45
1236,2025-10-11,29,39254,2589,1078,4897.37
1237,2025-07-26,1,66816,7489,3105,6616.24
1238,2025-12-24,2,48220,14515,12714,5600.77
1239,2025-04-14,47,8802,5304,4415,7380.5
1240,2025-06-02,34,65714,3160,3136,4985.64
1241,2025-09-11,19,42783,10094,6714,5786.09
1242,2026-01-08,7,69076,1859,1349,646.78
1243,2025-02-22,9,23914,13733,512,1858.61
1244,2025-08-15,13,13443,8002,260,5160.56
1245,2025-08-06,25,64713,13751,8615,5634.54
1246,2025-02-15,17,6933,9721,6002,2025.47
1247,2025-05-08,5,2215,11811,3419,5918.96
1248,2025-04-25,54,10980,14627,7668,7219.13
1249,2025-09-30,24,73640,1044,851,7407.14
1250,2025-08-09,46,8141,13062,10107,2429.05
1251,2025-07-14,47,9725,716,311,747.52
1252,2025-08-15,34,13229,3587,414,6540.29
1253,2025-08-12,25,25332,8760,3164,4759.42
1254,2025-07-27,37,23948,4125,3401,6727.67
1255,2025-03-20,41,76071,12604,5864,6086.71
1256,2025-07-13,43,56477,11560,1705,1542.94
1257,2025-08-31,36,53132,3005,2067,3070.74
1258,2025-11-26,35,79132,2641,1814,8405.0
1259,2025-11-05,21,72600,14836,5319,7611.44
1260,2026-02-03,49,56938,6805,6767,6546.52
1261,2025-02-24,16,74312,10018,8939,1964.66
1262,2026-01-04,36,33803,12595,5898,8656.78
1263,2026-01-10,26,525,7381,5949,360.23
1264,2025-05-21,39,2636,4710,4240,1259.02
1265,2025-12-01,20,1360,14637,4920,8860.33
1266,2025-06-25,55,41775,3569,88,6955.13
1267,2025-11-05,53,36670,11350,9071,4625.88
1268,2025-10-09,60,75422,9399,2534,893.87
1269,2025-07-03,23,20961,7592,1133,2421.64
1270,2026-01-13,38,33249,14625,3817,2343.38
1271,2025-06-10,6,75274,4970,3275,5143.13
1272,2025-12-29,47,10618,3612,2963,2955.99
1273,2025-06-14,12,64499,7955,6764,8096.27
1274,2025-04-30,37,12999,11565,9752,5798.18
1275,2025-12-29,47,76034,662,390,752.37
1276,2025-04-17,59,44329,966,356,7924.14
1277,2025-02-18,27,16299,7165,7125,6944.99
1278,2025-03-30,42,79444,12299,187,5723.29
1279,2025-12-17,25,7594,10407,4993,4743.23
1280,2025-09-15,35,74544,5281,1225,2975.14
1281,2026-01-03,15,20579,11482,827,6079.04
1282,2025-11-01,29,78505,6486,4712,4567.33
1283,2025-04-22,28,38482,3688,3220,3579.19
1284,2025-12-22,22,11319,2215,1949,5164.39
1285,2026-01-21,36,52822,857,268,811.46
1286,2025-04-10,28,17588,8271,2209,4354.26
1287,2025-02-12,32,52315,3295,2671,5163.41
1288,2025-11-25,40,69214,9244,4034,2218.72
1289,2025-04-05,50,56869,4412,2649,6178.4
1290,2025-09-23,6,15249,9487,6776,3840.69
1291,2025-12-10,13,42539,5756,2822,5365.2
1292,2025-08-07,50,40453,446,86,8889.48
1293,2025-06-08,53,58461,10146,2389,3992.15
1294,2025-06-03,15,26673,13454,11228,3395.7
1295,2025-10-21,47,11747,12464,1841,6669.26
1296,2025-02-04,40,19856,4032,3558,7500.38
1297,2025-07-03,1,45493,4763,911,2780.81
1298,2025-11-10,2,43999,7769,1712,6673.12
1299,2025-08-13,14,72120,3521,2143,6765.68
1300,2025-04-05,31,19026,9041,301,3420.63
1301,2025-10-03,43,69548,14894,712,2336.33
1302,2025-04-16,19,26805,1034,555,525.11
1303,2025-06-18,1,9229,10777,6367,5960.34
1304,2025-09-29,55,47714,10912,1767,220.75
1305,2025-07-18,57,51162,14261,3787,8819.15
1306,2025-09-01,46,13555,8381,5168,4387.73
1307,2026-01-25,35,12037,9832,3054,1829.93
1308,2025-09-05,36,3316,7553,325,2264.16
1309,2025-07-18,20,44221,8723,8027,3570.93
1310,2025-12-29,2,45953,2622,1441,3230.63
1311,2025-07-16,16,66200,5003,2259,7316.44
1312,2025-08-24,17,51247,10302,482,8500.02
1313,2025-05-28,15,20384,4640,2799,8079.72
1314,2025-12-29,9,12007,10813,6262,4710.42
1315,2025-05-21,40,30309,11158,6837,2201.23
1316,2025-02-23,28,41444,2552,2479,2997.1
1317,2025-03-02,9,27600,8933,2270,5250.22
1318,2025-08-31,52,27017,11257,2262,2815.54
1319,2025-04-23,58,69156,11602,2215,3899.08
1320,2025-02-25,50,19525,14943,10751,8400.62
1321,2025-06-01,21,9388,2639,2282,4820.01
1322,2026-01-12,8,24634,11837,5203,7563.73
1323,2025-06-23,47,4364,2434,1305,7927.18
1324,2025-06-25,27,40260,6833,3629,6723.21
1325,2025-05-03,58,36387,13512,2489,7023.02
1326,2025-07-12,9,24715,1799,53,6873.9
1327,2025-06-03,40,35478,10076,9922,5125.04
1328,2025-11-27,39,30932,3833,945,6202.03
1329,2025-11-15,6,62969,5936,1098,4545.81
1330,2025-12-28,31,49515,9957,3014,7676.56
1331,2025-12-05,31,18524,8101,1341,1779.68
1332,2025-06-24,27,2467,578,276,8554.27
1333,2025-04-10,48,27085,3696,3103,1880.83
1334,2025-12-13,60,58077,2951,2527,4434.99
1335,2025-03-17,56,60471,5373,2021,3876.62
1336,2025-07-11,3,50356,12767,11799,2850.43
1337,2025-10-12,48,75464,10068,9728,4848.63
1338,2025-10-03,57,5547,10558,8530,1028.38
1339,2025-05-24,53,6059,7535,7190,8962.74
1340,2025-02-26,35,52353,8548,643,5041.42
1341,2026-01-13,49,6961,8506,3110,2656.06
1342,2025-08-22,57,40418,6571,6337,7457.21
1343,2025-09-15,11,55872,7608,2411,5537.55
1344,2026-01-01,45,68260,943,925,1323.04
1345,2025-05-30,42,59704,13646,1481,6517.69
1346,2025-10-10,12,77235,1904,1920,8054.24
1347,2025-04-28,9,52020,9002,6775,2944.98
1348,2025-06-26,12,59964,458,302,8074.73
1349,2026-01-23,13,60096,14726,1477,2288.24
1350,2025-04-28,42,21995,11383,2024,866.16
1351,2026-01-11,29,48071,11620,1397,4738.16
1352,2025-08-05,47,67565,6342,5014,8550.3
1353,2026-01-20,36,50386,6254,359,6925.93
1354,2025-12-01,22,74620,14996,14275,5952.8
1355,2025-08-16,11,19453,2509,732,6933.95
1356,2025-07-18,27,40878,890,316,6584.95
1357,2025-08-07,19,24184,7361,963,8091.95
1358,2026-01-14,1,33675,3373,50,4154.85
1359,2025-04-08,32,71737,14065,13229,101.47
1360,2026-01-20,32,31679,14512,3553,5320.32
1361,2026-01-22,30,54259,7844,3619,760.67
1362,2025-07-24,1,32575,9882,8967,2539.11
1363,2025-03-31,36,27715,10349,801,1704.32
1364,2025-03-11,42,46246,952,37,1351.1
1365,2025-11-18,43,76271,581,305,3013.44
1366,2026-01-01,4,14772,1486,853,8943.93
1367,2025-04-05,44,37774,2693,2503,5965.28
1368,2025-02-15,39,75510,11516,9210,1637.9
1369,2025-09-22,48,76386,7510,2950,8386.74
1370,2026-02-03,50,39729,1575,661,3348.7
1371,2025-12-28,53,9369,6258,6213,3874.55
1372,2025-08-27,5,38882,9068,7713,1254.18
1373,2025-04-21,56,36468,11430,5393,4767.12
1374,2025-04-17,14,27900,8645,953,1028.25
1375,2025-04-22,41,69830,12005,1436,4378.78
1376,2025-03-08,39,38142,11332,6996,5499.16
1377,2026-01-22,17,69364,5235,4711,8955.47
1378,2025-07-18,60,17501,5847,5032,5085.58
1379,2026-01-31,47,65739,8564,8069,7281.42
1380,2026-01-30,40,31003,14527,11609,2649.87
1381,2025-11-16,1,15993,3221,98,4210.73
1382,2025-12-16,8,27675,13103,13100,5557.01
1383,2025-06-15,27,6462,6843,2734,3179.37
1384,2025-07-22,41,28331,13256,185,5783.53
1385,2025-03-13,19,33847,11355,1111,2804.56
1386,2025-04-19,36,42957,8351,100,1068.84
1387,2025-04-25,22,52410,5510,4660,5563.14
1388,2025-09-22,54,23520,527,198,3008.11
1389,2026-01-01,60,63297,5586,3887,7185.43
1390,2025-05-23,9,63610,10628,2545,5663.44
1391,2025-04-13,56,70881,14665,14678,3049.23
1392,2025-09-13,53,54757,12894,12166,551.4
1393,2025-05-27,20,74548,8587,5169,5018.84
1394,2025-04-22,14,76180,356,350,3018.89
1395,2025-08-11,51,46846,14599,1084,8728.04
1396,2025-07-19,54,4585,4645,2778,8853.39
1397,2025-03-15,35,22253,10314,9354,5470.92
1398,2025-03-24,39,15815,3120,3078,2809.12
1399,2025-11-23,21,4645,14104,4448,3754.13
1400,2025-05-02,57,31648,8193,6088,4094.56
1401,2025-12-02,14,69325,5008,2476,1616.36
1402,2025-09-21,51,5401,6181,1655,8224.52
1403,2025-08-31,33,3768,7320,6545,4369.84
1404,2025-04-30,10,25431,8242,5572,8316.55
1405,2025-04-08,56,69132,12050,5084,6991.02
1406,2026-01-26,50,13378,2397,2114,6106.62
1407,2025-03-08,14,5291,2224,1881,3518.91
1408,2025-03-04,34,15682,14219,67,2833.28
1409,2025-11-02,44,78394,771,89,3032.94
1410,2025-06-08,3,14013,14618,8529,6907.31
1411,2025-04-25,20,3446,12265,9462,6838.52
1412,2025-04-25,58,28004,10516,5257,1844.97
1413,2025-12-30,18,70266,4745,2614,6966.44
1414,2025-08-14,8,36237,11045,2446,1459.59
1415,2025-04-30,1,73851,1925,1052,966.26
1416,2026-01-19,23,72506,8938,5218,2475.92
1417,2025-08-29,52,37628,11590,9405,2241.18
1418,2025-03-28,20,44899,1217,1107,4020.65
1419,2025-12-11,2,62200,2181,206,998.05
1420,2025-09-27,6,56397,931,401,1651.9
1421,2025-08-25,58,78193,9816,7304,5566.02
1422,2025-12-15,22,26471,5169,4370,752.98
1423,2025-11-06,49,61539,12432,9302,1229.57
1424,2025-05-06,52,61877,13367,1593,4127.48
1425,2025-08-08,42,61500,11264,7709,2123.66
1426,2025-08-09,10,34323,3716,1488,3559.09
1427,2025-09-16,59,43796,11512,5320,4106.88
1428,2025-05-10,5,62803,545,115,3195.4
1429,2025-06-19,55,22887,7606,2312,6923.08
1430,2026-01-15,37,17197,9953,8322,971.24
1431,2025-03-26,46,14522,13444,5339,5027.54
1432,2025-07-07,51,40099,1212,1091,4175.72
1433,2025-08-29,27,31770,9725,3992,4954.14
1434,2025-09-11,25,9158,7953,2791,1913.73
1435,2025-04-16,38,57011,11421,7132,5126.54
1436,2026-01-04,35,31453,5656,1417,5980.38
1437,2025-06-04,48,75760,1326,996,1073.19
1438,2026-01-29,30,43147,9816,9094,924.0
1439,2025-11-30,12,40874,7344,3324,672.99
1440,2025-09-02,44,78672,1831,1579,7387.8
1441,2025-11-28,32,8558,5414,741,1997.63
1442,2025-08-08,57,76622,2326,0,6825.85
1443,2025-07-20,10,59872,10877,8704,2658.95
1444,2025-04-04,37,59110,10135,3205,1890.67
1445,2025-11-28,21,39786,14425,9343,7159.4
1446,2025-08-30,20,57480,11183,5640,8913.09
1447,2025-02-20,1,67402,9597,6622,7636.35
1448,2025-07-13,19,8680,14017,6049,8114.63
1449,2025-11-26,1,73904,920,840,8809.33
1450,2025-11-19,56,37489,1847,1772,329.1
1451,2025-03-24,45,77853,7123,3229,5645.67
1452,2025-10-25,25,53719,11711,6251,3944.95
1453,2025-12-21,43,23229,3510,1945,1294.67
1454,2025-07-22,25,47723,9150,6835,1430.69
1455,2025-11-29,43,16955,14348,2200,153.84
1456,2025-07-05,2,19373,10673,7974,5938.44
1457,2025-10-09,6,18485,2274,1703,7748.37
1458,2025-10-10,51,79723,14690,6974,5628.07
1459,2026-01-10,33,56090,7494,4522,7389.64
1460,2025-05-25,23,30088,6353,1522,3851.71
1461,2025-12-22,37,65794,171,187,2168.91
1462,2025-08-05,18,54349,8270,6012,349.48
1463,2025-12-15,37,63842,670,377,1062.82
1464,2025-02-03,45,10994,7939,1163,6585.16
1465,2025-02-09,55,37124,8674,7617,4676.7
1466,2025-11-25,57,12092,8624,4017,4278.44
1467,2025-12-17,43,10734,12201,11207,5721.5
1468,2025-07-05,38,41459,13126,10044,522.33
1469,2025-11-20,35,1913,5678,3840,4113.61
1470,2025-10-07,31,75730,14894,12022,3017.05
1471,2025-05-15,52,39116,5832,2369,1549.2
1472,2025-12-03,60,78833,11437,4981,6556.4
1473,2025-07-16,17,8550,9285,7752,5224.36
1474,2025-09-24,4,38740,9435,447,2617.0
1475,2025-11-02,9,66769,1401,157,7670.44
1476,2025-07-04,17,17872,4602,2301,2513.19
1477,2025-05-29,1,15121,4259,1430,8195.68
1478,2025-06-25,10,59043,12157,6058,7280.17
1479,2025-04-17,51,31458,4330,3972,1668.24
1480,2025-03-23,56,4837,8690,5617,8857.44
1481,2025-09-06,39,20704,2426,2031,6787.21
1482,2025-08-28,50,50722,6815,1949,5962.97
1483,2025-08-06,41,22426,11944,3454,5220.93
1484,2025-10-31,23,7620,13842,10522,2416.34
1485,2025-09-15,8,7384,13477,2745,4202.93
1486,2025-05-01,20,62925,7852,6112,8536.85
1487,2025-10-24,15,50281,8774,6390,4297.58
1488,2025-11-10,34,57481,2428,48,2634.69
1489,2025-05-21,29,50570,13113,11116,2875.41
1490,2025-07-05,44,5876,8737,1595,8263.52
1491,2025-05-12,23,57095,10493,10002,8266.48
1492,2025-05-06,18,44404,14113,4429,2440.44
1493,2025-03-29,17,77069,1660,801,4176.92
1494,2025-02-26,48,32192,11113,11008,5319.08
1495,2025-12-14,34,44724,3243,2775,6227.99
1496,2025-03-12,21,72276,2997,43,6071.58
1497,2025-08-07,5,2067,13676,6737,924.4
1498,2025-06-23,44,58950,1752,719,2013.78
1499,2026-02-03,17,25807,4691,278,262.12
1500,2025-03-23,4,78374,1556,1344,8051.0
1501,2025-09-23,39,16463,3602,2900,8622.27
1502,2025-02-09,55,79757,1465,266,3414.83
1503,2025-11-06,58,74695,12565,3027,8069.21
1504,2025-10-13,12,33705,11447,4826,4229.25
1505,2025-06-01,41,59933,1290,566,6935.76
1506,2025-12-13,58,42889,11391,4216,1499.6
1507,2025-11-11,18,8677,1262,783,3527.88
1508,2025-09-19,17,35190,1034,364,3993.14
1509,2025-04-12,60,26802,8106,4999,3564.08
1510,2025-12-19,32,14712,10625,2357,4888.66
1511,2025-02-25,14,14426,7115,3617,6452.83
1512,2025-11-30,3,10057,1742,144,5163.53
1513,2026-01-26,50,58942,4155,153,8073.79
1514,2026-01-22,42,613,2488,154,5998.22
1515,2025-09-22,10,43731,4415,3205,5193.03
1516,2025-08-27,46,64814,8494,7833,3952.72
1517,2025-09-29,47,9688,13878,8849,2071.33
1518,2025-08-09,45,63685,6348,992,5126.83
1519,2025-03-28,22,40192,5930,3281,543.99
1520,2025-07-06,6,48387,10651,8759,7687.41
1521,2025-10-15,6,60745,5621,2375,5847.74
1522,2025-03-29,36,5655,2943,1573,5963.57
1523,2025-12-29,45,51631,4946,874,5694.02
1524,2025-08-19,32,11623,5936,5183,3969.95
1525,2025-12-14,9,5179,3154,790,277.01
1526,2025-11-20,16,64624,9764,6369,613.78
1527,2025-04-10,42,40834,8906,8186,4828.76
1528,2025-08-16,52,59391,13718,268,381.53
1529,2025-02-11,22,6111,968,415,1107.77
1530,2025-08-06,42,69066,13273,7509,8463.8
1531,2025-02-26,56,70828,14307,2440,6682.41
1532,2025-11-09,60,9941,3867,151,6632.36
1533,2025-11-26,42,2998,8060,3860,8169.25
1534,2025-03-20,3,32308,10181,2138,178.57
1535,2025-10-07,4,40783,10415,1594,4132.85
1536,2025-07-21,54,77969,2846,261,7369.31
1537,2025-11-04,8,65661,1792,1218,7202.62
1538,2026-01-14,5,27060,3663,1745,3069.22
1539,2025-04-27,48,53192,13745,5312,1131.18
1540,2025-02-09,37,72050,11258,2250,2928.23
1541,2025-08-11,14,6475,13044,9717,1602.36
1542,2025-08-10,8,36399,1085,289,6830.07
1543,2025-04-16,45,48987,2803,2266,1526.8
1544,2026-01-24,60,76782,4041,166,1243.67
1545,2025-12-17,55,49800,13010,12741,1461.9
1546,2025-09-14,32,11080,14461,104,114.65
1547,2025-04-07,46,78321,1510,581,3775.19
1548,2025-05-30,51,62891,13278,11343,1185.69
1549,2025-08-27,41,36013,2394,2142,4081.25
1550,2025-03-12,12,5431,3969,2442,1661.0
1551,2025-11-17,40,12037,8240,4934,3163.29
1552,2025-02-13,36,31385,124,49,1101.7
1553,2025-02-20,7,47935,8736,8315,2012.52
1554,2026-01-29,41,27777,12671,4528,524.97
1555,2025-08-28,51,20058,1896,1403,7601.85
1556,2025-07-28,31,65710,14983,2888,1479.85
1557,2025-07-02,4,48235,756,291,1925.83
1558,2025-11-10,22,59894,4168,354,984.57
1559,2025-09-20,60,70932,909,180,1464.51
1560,2025-10-01,32,67989,526,118,684.19
1561,2025-12-02,47,58803,3905,2427,5238.87
1562,2026-01-18,13,43188,6915,1884,7021.83
1563,2025-11-10,15,13353,5393,1942,6652.84
1564,2025-02-15,13,49721,14302,3615,708.09
1565,2025-04-23,32,7622,9636,7141,1347.22
1566,2025-02-03,30,23838,10034,6346,3392.69
1567,2025-12-07,47,25948,7549,5177,3259.38
1568,2025-12-10,13,44525,4468,1042,337.25
1569,2025-12-08,4,37279,9367,2236,1044.43
1570,2025-06-04,30,55317,7677,1402,6855.04
1571,2025-09-23,57,39187,3652,2472,1453.25
1572,2025-09-10,41,22773,13068,9471,8732.72
1573,2025-06-09,15,11834,14058,6745,7719.92
1574,2025-07-12,56,28869,8065,4846,4287.73
1575,2025-02-09,18,2401,7631,5980,3881.59
1576,2025-03-28,16,32983,14346,5362,3936.53
1577,2026-01-11,58,78064,3693,610,8228.1
1578,2025-06-23,1,55258,14766,724,408.53
1579,2025-02-06,47,66588,7761,275,3859.99
1580,2025-06-08,31,13344,6510,3706,4482.8
1581,2025-10-02,36,2128,1411,1419,6599.49
1582,2025-05-12,9,47476,3621,1211,2189.61
1583,2025-10-10,2,63386,1536,1370,2778.29
1584,2025-10-21,30,75260,11572,9562,268.5
1585,2025-09-03,30,18669,7502,7161,6343.06
1586,2025-09-09,51,49051,3080,2567,4205.45
1587,2025-04-19,1,9766,10427,6305,8046.24
1588,2025-12-23,34,4787,5504,2429,3861.83
1589,2025-03-18,45,71598,4470,1696,7099.84
1590,2025-10-21,40,44500,1376,112,4656.89
1591,2025-12-18,44,48208,14959,14548,511.49
1592,2025-07-19,24,61494,6324,5071,415.83
1593,2025-04-30,12,73741,6053,5774,649.7
1594,2025-06-20,50,27332,11671,2267,8832.2
1595,2026-01-11,35,15384,3959,2658,4332.52
1596,2025-07-26,38,27998,12375,12339,6717.9
1597,2025-08-27,21,46730,3743,3677,2442.85
1598,2025-04-12,28,36825,11194,892,617.15
1599,2025-07-18,29,64230,5706,4107,4763.81
1600,2025-07-29,31,70217,2060,1197,4095.21
1601,2025-05-01,52,9101,6081,1542,8032.53
1602,2025-10-19,6,11008,7551,3200,8086.62
1603,2025-05-31,5,14834,4774,1349,2519.69
1604,2025-05-27,10,65554,11470,2465,7881.19
1605,2025-12-26,41,3474,8580,4803,3778.0
1606,2025-08-15,35,17805,11230,7764,3152.97
1607,2025-03-14,48,3315,7322,2388,1742.09
1608,2025-11-02,56,30951,411,427,8529.67
1609,2025-04-08,22,54461,10612,9481,3117.99
1610,2025-05-22,51,43269,10634,7965,5360.55
1611,2025-10-19,34,72388,11467,7295,4149.16
1612,2025-10-14,9,40672,9343,2813,7113.95
1613,2025-11-09,31,49245,3765,1180,6939.26
1614,2026-01-25,10,46784,825,291,4130.54
1615,2026-02-01,40,21575,2775,2192,2602.96
1616,2025-02-27,54,20617,2923,660,2179.25
1617,2025-12-01,21,75804,724,129,3995.95
1618,2026-01-23,12,27390,6106,4607,6378.85
1619,2025-07-25,21,45568,10954,2423,3387.59
1620,2025-06-25,11,70445,8895,4940,1137.34
1621,2025-02-24,26,65959,458,393,1351.19
1622,2025-10-02,60,42471,7554,1278,88.43
1623,2026-01-27,35,67007,12149,5427,5842.83
1624,2025-06-30,31,38488,4892,4699,6018.65
1625,2025-12-27,37,58447,13150,5549,6217.87
1626,2025-08-16,31,5753,12037,2284,6118.17
1627,2025-06-11,20,3750,1964,822,5576.82
1628,2025-02-20,29,47344,3660,378,2970.98
1629,2025-08-31,42,26078,10013,9558,4761.58
1630,2025-05-06,60,36928,12850,3206,251.81
1631,2025-09-27,55,58887,8871,1431,8783.76
1632,2025-09-06,13,64786,6512,2603,5448.39
1633,2025-02-06,4,47825,8431,6513,1374.12
1634,2025-08-08,28,48948,14038,6326,3386.84
1635,2025-09-30,23,46552,4713,2523,8798.84
1636,2025-11-05,36,11981,14374,3533,6564.29
1637,2025-08-12,48,54974,7328,6583,4010.41
1638,2025-05-18,52,56052,2733,1696,1299.13
1639,2025-11-18,39,11782,9670,2353,1909.66
1640,2026-01-20,56,69352,7826,2747,641.74
1641,2025-03-29,49,49753,9727,1449,109.24
1642,2025-04-27,59,36325,10516,6791,1615.29
1643,2025-05-11,46,74937,7621,6186,8238.11
1644,2025-04-03,12,50539,3314,1185,5007.11
1645,2025-02-10,53,40082,741,599,2770.03
1646,2025-02-17,48,61245,9213,3678,290.22
1647,2025-10-25,10,34929,90,38,8606.44
1648,2025-08-06,41,62436,13718,2034,5901.63
1649,2025-05-31,19,55177,14675,2938,4452.38
1650,2025-10-31,42,32579,11319,466,1118.22
1651,2025-10-20,32,9245,4591,2963,5250.54
1652,2025-08-17,28,34304,9316,7799,8769.62
1653,2025-07-01,8,49416,13456,8397,6609.97
1654,2025-08-22,55,34518,337,83,5255.81
1655,2025-09-14,21,60929,2444,554,3248.6
1656,2025-02-22,18,47838,916,429,5744.41
1657,2025-08-21,4,38492,5882,2389,4790.03
1658,2025-02-11,33,25903,1308,1286,1690.07
1659,2025-05-12,39,22406,1598,1113,2937.33
1660,2025-08-17,53,39962,5230,2223,6184.72
1661,2025-08-27,24,13061,11327,8755,5241.42
1662,2025-11-25,10,2190,13539,2243,4687.63
1663,2025-03-19,50,64056,6161,3375,3095.8
1664,2025-08-13,11,13924,14972,3569,1433.27
1665,2025-03-27,54,25196,3672,3256,8078.66
1666,2025-09-27,45,69398,10100,8717,6427.3
1667,2025-11-04,49,15437,11555,6837,4171.4
1668,2025-12-16,8,17700,1301,35,4341.69
1669,2025-06-09,45,48022,5154,1138,7362.5
1670,2025-03-13,39,69066,14627,12510,8732.5
1671,2025-12-08,46,40435,2871,117,6712.92
1672,2025-12-02,15,17370,1993,1754,6263.49
1673,2025-11-17,15,40795,11322,2053,1928.08
1674,2025-07-25,28,15143,1337,159,218.32
1675,2025-06-27,49,57024,7984,348,1807.34
1676,2025-06-02,51,67802,587,607,580.42
1677,2025-02-07,59,33662,1998,88,642.91
1678,2025-09-19,1,13148,10987,2028,8284.88
1679,2025-04-01,38,26717,3415,756,6051.88
1680,2025-09-29,6,19578,529,284,8541.68
1681,2025-06-17,23,21544,5748,4101,7038.18
1682,2025-08-18,16,66679,10092,9342,661.62
1683,2025-03-02,38,2332,13478,8664,1992.13
1684,2025-08-23,19,23014,3188,3088,4857.28
1685,2025-08-21,7,28551,11934,8260,7669.11
1686,2025-09-04,24,77751,7827,1516,3985.01
1687,2025-04-12,12,47007,1808,777,3845.62
1688,2025-08-21,15,53922,8475,1848,6864.61
1689,2025-09-24,8,61566,5199,903,4701.56
1690,2025-04-03,49,47849,8173,4723,5036.33
1691,2026-01-03,6,43506,715,505,1085.72
1692,2025-11-13,30,79194,4696,2555,6199.07
1693,2025-12-27,29,30105,13830,9075,3695.18
1694,2025-11-12,28,25244,14064,14037,673.0
1695,2025-03-09,52,62847,13829,11126,3338.6
1696,2025-11-06,44,64941,259,53,3597.51
1697,2025-06-13,43,11641,8613,1953,1333.14
1698,2025-11-24,45,77905,6613,833,6685.82
1699,2025-08-18,11,8981,14671,5959,8778.11
1700,2025-04-01,13,78482,5598,3311,1148.72
1701,2025-05-26,28,65919,13781,4563,6895.11
1702,2025-12-17,38,78310,12599,4472,6818.91
1703,2025-10-21,42,52959,13173,5834,4308.65
1704,2025-03-11,26,64008,9932,8379,2546.07
1705,2025-05-01,30,14660,12632,2001,2293.67
1706,2025-03-10,15,18143,8197,486,941.45
1707,2026-01-19,54,9442,915,510,6119.06
1708,2025-09-07,25,79744,2984,2782,2976.26
1709,2025-08-18,40,13126,5010,626,5966.67
1710,2025-09-14,50,65012,8568,7635,1857.29
1711,2025-03-06,32,64758,10897,8270,2391.9
1712,2025-04-21,52,71348,5679,4477,208.15
1713,2025-06-22,3,56914,12566,1951,3483.49
1714,2025-07-04,55,49827,5203,3625,4163.92
1715,2025-08-13,12,73463,588,310,7968.07
1716,2025-06-19,32,56950,2739,550,2846.51
1717,2025-06-14,32,14836,6424,4660,6091.47
1718,2025-05-20,36,71199,10864,9375,4254.87
1719,2025-05-07,55,20987,9261,8301,548.85
1720,2026-01-27,32,77969,4365,3094,5571.61
1721,2026-01-14,50,37781,5829,2625,599.74
1722,2025-11-15,3,17303,9724,6003,3172.45
1723,2025-12-01,38,4025,12207,10242,3104.25
1724,2025-11-18,28,45738,1644,731,3736.77
1725,2025-05-21,43,32511,974,253,2149.87
1726,2025-02-23,38,11633,5163,536,7827.01
1727,2025-11-04,22,22753,1925,40,4868.83
1728,2025-09-07,30,55874,662,581,4657.1
1729,2025-08-16,18,3174,6950,5701,4253.81
1730,2025-05-31,21,50010,414,292,3543.19
1731,2025-07-31,7,64510,9430,1639,6233.23
1732,2025-08-22,22,65607,3423,2059,7312.54
1733,2025-11-27,22,22340,10984,10073,2730.71
1734,2025-05-09,13,65636,7193,5205,7633.64
1735,2025-09-02,5,70732,12946,3507,2621.83
1736,2025-12-14,20,75672,828,411,7251.2
1737,2025-05-08,48,12553,10282,9473,897.87
1738,2025-03-07,18,9317,5568,4640,7220.61
1739,2025-05-14,28,27990,7836,2845,7171.08
1740,2025-02-09,53,40063,10724,8268,7246.93
1741,2025-05-03,43,71272,7142,2566,1840.69
1742,2025-08-07,17,68050,6641,3712,6060.46
1743,2025-03-27,12,2938,9021,8457,7771.25
1744,2025-10-30,32,28412,9501,7656,2448.03
1745,2025-08-02,35,57349,10501,9275,6553.2
1746,2025-04-21,34,26799,1031,746,4189.26
1747,2025-09-19,10,39857,3988,3457,3946.73
1748,2025-02-20,56,8944,5270,5193,1871.84
1749,2025-09-14,18,38123,6807,5292,1487.23
1750,2025-10-23,39,31450,11303,6649,2184.43
1751,2025-09-17,13,4131,2506,1005,7183.55
1752,2025-07-11,30,64120,5137,4586,8922.07
1753,2025-03-20,42,5350,6964,1654,1476.26
1754,2025-05-10,2,34368,2285,1137,5945.1
1755,2025-06-05,42,6035,2933,1990,7050.99
1756,2025-07-14,56,11500,956,321,5434.32
1757,2025-03-11,5,53847,14257,5954,6061.47
1758,2025-04-29,6,52521,14561,13759,6531.9
1759,2025-11-22,16,15171,2352,2338,6623.6
1760,2025-03-16,34,76576,2026,1944,6987.29
1761,2025-08-21,17,65570,8655,1478,2180.79
1762,2025-06-19,50,41579,2053,1348,7499.39
1763,2025-02-19,25,31424,12128,6928,2001.18
1764,2025-04-16,12,28563,1800,562,3983.3
1765,2025-05-19,56,77764,4216,458,4438.71
1766,2025-11-11,45,15306,6189,2592,4934.42
1767,2025-06-04,44,32789,7830,2275,7920.93
1768,2025-06-23,24,62788,2424,1506,7401.22
1769,2025-10-22,42,79905,395,17,7581.18
1770,2025-09-29,52,7666,10899,3926,2314.2
1771,2025-06-01,20,48060,6352,5613,1142.38
1772,2025-07-06,16,58486,14254,6364,120.4
1773,2025-03-25,60,33993,6488,2464,857.74
1774,2025-06-12,49,31362,13529,4872,1932.96
1775,2025-09-09,11,58020,14635,10344,2888.8
1776,2025-04-12,50,53753,13357,12932,353.24
1777,2025-03-29,6,64947,14245,7718,6645.63
1778,2025-11-06,22,55860,13831,13438,948.54
1779,2025-11-07,45,34705,2677,2073,643.99
1780,2025-10-29,39,72291,6945,6043,2974.58
1781,2025-09-10,2,7328,11440,10508,5792.25
1782,2025-07-23,29,18337,10374,50,3635.92
1783,2025-02-23,20,41620,10344,9434,785.98
1784,2025-06-20,16,68181,2635,532,7630.3
1785,2026-01-13,27,42364,11285,7397,4331.37
1786,2025-08-12,9,34667,12095,2842,6202.83
1787,2025-02-20,21,37435,13595,3254,805.37
1788,2025-12-19,12,52076,6072,3091,8505.58
1789,2025-08-08,37,29923,14539,339,8535.58
1790,2025-12-12,42,30477,9200,1457,8768.44
1791,2025-11-30,17,22619,3298,203,3639.26
1792,2025-02-20,39,34599,7077,1222,847.1
1793,2025-04-17,11,74849,6078,961,176.33
1794,2025-08-16,28,59968,8665,8096,1110.69
1795,2025-08-06,14,25475,11741,4361,2627.26
1796,2025-03-27,25,17565,8146,3533,7714.22
1797,2025-02-04,14,37589,9881,3102,3794.06
1798,2025-05-08,51,19629,6743,235,2647.23
1799,2026-01-16,16,59610,4339,2034,3358.26
1800,2025-07-23,42,60552,11261,1404,142.37
1801,2025-12-26,56,42868,2232,1628,6197.33
1802,2025-11-25,25,55981,11737,9784,2343.22
1803,2025-09-27,36,8200,1611,106,3029.12
1804,2025-10-28,31,46939,3897,2483,8456.93
1805,2026-01-15,39,6465,13194,87,2320.23
1806,2025-11-22,25,40150,10202,6466,6057.8
1807,2025-03-26,58,73842,2216,168,5245.36
1808,2025-12-20,11,66527,4314,4037,8376.43
1809,2025-02-08,30,17790,14433,1468,2889.99
1810,2025-08-30,28,19085,8740,4266,1095.74
1811,2026-01-16,9,65932,773,287,6743.02
1812,2025-10-23,19,35000,7096,5021,7474.82
1813,2025-04-21,34,41526,4371,3569,8039.41
1814,2025-03-30,48,64892,5219,1239,5023.29
1815,2026-01-25,41,58170,10821,871,1740.83
1816,2025-05-23,15,24504,944,36,4258.72
1817,2025-07-18,46,61728,2729,1787,1088.42
1818,2025-03-14,60,65368,14716,668,4001.6
1819,2025-05-24,36,64096,11666,7499,4462.25
1820,2025-02-16,47,19905,13908,2025,3178.96
1821,2025-08-13,56,37739,3387,739,7522.84
1822,2025-07-05,33,36255,12336,9228,8023.51
1823,2025-08-31,14,76986,9645,67,4757.84
1824,2025-12-26,12,55080,9401,1258,2253.11
1825,2026-01-17,44,12860,8211,5384,282.36
1826,2026-01-07,44,16489,11212,6458,3393.35
1827,2025-08-04,54,42906,1787,314,308.43
1828,2025-03-23,54,63395,7590,3719,5673.79
1829,2025-11-22,39,1260,4462,2698,8729.45
1830,2025-11-01,40,59888,10800,5323,8529.39
1831,2025-03-04,59,75100,12081,2118,1941.73
1832,2025-09-17,52,37587,847,330,7193.42
1833,2025-05-15,5,72216,12236,9867,3463.45
1834,2025-12-24,17,23832,6584,1966,8687.19
1835,2025-11-20,26,12190,14230,336,7678.5
1836,2025-11-23,25,53242,2719,1167,5842.15
1837,2025-05-16,10,16307,10766,4891,4443.06
1838,2025-02-10,48,41145,7133,5611,5451.45
1839,2025-02-23,43,13097,5932,3010,4638.25
1840,2025-04-04,29,51367,8071,3902,2452.89
1841,2026-01-11,28,12325,9885,6922,7308.4
1842,2025-10-10,12,57399,10107,6979,881.88
1843,2025-08-21,22,61255,8460,3673,5846.12
1844,2025-04-23,10,65422,11742,8638,5684.56
1845,2025-07-21,6,38603,8646,7671,3964.33
1846,2025-09-05,52,63101,14913,4921,1380.03
1847,2026-01-29,44,39875,2143,1018,4731.67
1848,2025-04-04,37,6755,4891,4513,734.97
1849,2025-02-16,33,14607,788,522,3852.98
1850,2026-01-23,30,75011,1598,518,3231.35
1851,2025-09-23,6,66487,9643,266,1069.72
1852,2025-12-17,30,24034,10889,2985,7594.04
1853,2025-07-05,6,55058,791,721,2713.95
1854,2026-01-23,47,60137,9670,7371,5633.1
1855,2025-11-13,22,25035,4392,1729,1706.53
1856,2025-02-26,39,34489,12289,11033,1001.66
1857,2025-09-14,2,1266,8805,6470,1094.27
1858,2025-08-27,42,63037,2863,1884,6241.67
1859,2025-09-30,43,79390,14284,11893,4406.17
1860,2025-04-27,53,47781,10183,6471,7251.53
1861,2025-02-05,9,18209,1485,28,1757.68
1862,2025-09-02,2,25170,13418,439,1922.6
1863,2025-12-05,10,32190,10677,7139,7586.7
1864,2025-03-07,51,71093,14110,3127,820.54
1865,2025-09-27,30,19920,12661,7765,3825.82
1866,2025-04-10,11,20478,1958,1513,6338.25
1867,2025-04-16,31,3072,7997,7043,4073.17
1868,2025-09-11,13,39144,4025,2332,7473.58
1869,2025-09-06,4,44258,6468,64,968.84
1870,2025-07-03,46,57095,13937,6810,7645.12
1871,2025-02-28,38,78597,12126,11977,5011.03
1872,2025-05-09,3,64397,4814,3274,4400.6
1873,2025-02-24,47,64450,9733,3799,6442.9
1874,2025-08-19,2,55812,8705,5174,5001.64
1875,2025-12-22,58,55175,4438,3877,1096.62
1876,2025-08-28,42,45951,10252,7345,6292.75
1877,2025-10-22,11,38250,390,371,1770.2
1878,2025-03-10,29,30922,5683,4158,2016.34
1879,2025-03-01,44,44953,14944,9864,7688.41
1880,2025-03-16,43,61902,11767,2148,7954.4
1881,2025-04-27,46,51666,11895,6829,7506.07
1882,2025-03-27,42,47719,11078,7738,7207.81
1883,2025-03-27,11,27659,13886,4627,6231.74
1884,2025-11-22,43,63793,1462,264,1600.96
1885,2025-08-02,39,65011,2611,413,7151.67
1886,2025-12-17,20,31265,8139,1715,5033.63
1887,2025-11-30,23,34684,347,182,6108.5
1888,2026-01-21,53,66491,2912,130,7271.0
1889,2025-05-24,28,15438,5583,5059,2078.88
1890,2025-06-04,15,64248,9257,4224,8943.28
1891,2025-12-08,23,6617,12909,12617,7905.54
1892,2025-02-09,58,20315,4432,4222,5458.39
1893,2025-04-12,46,7108,1756,896,7200.93
1894,2025-12-15,49,15039,13838,1734,7045.79
1895,2025-11-24,51,13852,10038,9215,425.63
1896,2025-12-03,11,15974,1777,1783,1888.21
1897,2026-01-04,11,38789,5975,5801,4001.59
1898,2025-07-19,32,13514,8338,2527,5841.48
1899,2025-04-24,53,18558,5532,1007,7644.93
1900,2025-03-12,27,1363,7244,2009,7521.58
1901,2026-01-15,22,38085,7810,4137,1582.79
1902,2026-01-10,24,54896,4408,2954,5683.49
1903,2025-10-18,10,69922,4071,1727,7095.58
1904,2025-12-18,52,56706,2310,1693,8266.28
1905,2025-03-15,30,68153,14763,13018,6155.68
1906,2025-09-29,29,19582,537,10,6472.75
1907,2025-09-07,5,11612,8526,5542,2867.5
1908,2025-11-21,11,57394,12704,1007,3569.73
1909,2026-01-05,43,20285,657,588,567.4
1910,2025-07-26,46,68628,10398,4845,3802.78
1911,2025-02-03,44,73062,14562,14312,2773.69
1912,2025-09-25,21,45609,12218,129,7451.68
1913,2025-07-25,34,19749,14799,11473,3665.25
1914,2025-07-15,14,71858,10599,10229,7105.66
1915,2025-03-20,29,45752,10732,10629,3670.33
1916,2025-03-26,57,40022,3282,345,380.88
1917,2025-02-09,25,17015,5530,4263,8927.72
1918,2025-12-17,14,12666,4701,4191,4988.48
1919,2025-10-23,22,21475,8591,383,299.63
1920,2025-08-20,35,78160,13101,4238,2209.99
1921,2025-02-03,20,55910,12733,8278,1038.46
1922,2025-03-09,54,49387,1032,531,5661.56
1923,2025-06-04,8,6756,5857,5332,8475.02
1924,2025-05-17,20,75530,7402,6036,96.66
1925,2025-02-13,16,76730,5603,4633,6446.09
1926,2025-03-11,43,70399,10334,9757,2142.85
1927,2025-05-16,19,75573,4952,1146,6443.44
1928,2025-05-06,48,32957,8564,1724,2984.23
1929,2025-07-11,13,47852,9591,7443,926.99
1930,2025-09-16,28,54508,11709,1342,875.63
1931,2025-11-15,57,17547,7011,3901,1972.32
1932,2025-08-10,24,69477,1329,824,5314.74
1933,2025-06-27,50,52244,8552,4320,5279.52
1934,2025-12-22,28,58182,10477,8020,6598.87
1935,2025-04-04,53,21844,6880,1182,4576.78
1936,2025-04-12,46,60493,7992,1059,8713.88
1937,2025-02-23,56,69855,8458,1934,6265.51
1938,2025-10-03,31,4773,7511,6115,1453.72
1939,2025-02-15,24,16066,9209,6694,1037.51
1940,2025-06-11,37,38457,6105,329,4728.86
1941,2025-08-12,24,40467,1979,766,2764.18
1942,2025-06-09,2,19226,8011,1164,7064.94
1943,2025-10-22,4,40498,6960,2322,1979.45
1944,2025-09-07,48,64567,13470,34,1144.83
1945,2025-03-11,5,6356,5762,3420,4356.53
1946,2025-04-11,37,59793,5124,2767,7043.08
1947,2025-03-13,54,79891,7836,1087,6869.46
1948,2026-02-02,41,60915,8320,7371,6021.63
1949,2026-01-12,56,43126,2490,365,7208.31
1950,2025-09-30,40,54190,10937,6344,2133.76
1951,2025-06-02,22,71409,6528,375,8624.81
1952,2025-07-16,29,36856,14632,10582,842.34
1953,2025-08-29,46,3751,2763,2342,5689.48
1954,2026-01-10,46,40981,12691,9192,5824.18
1955,2025-06-27,36,11661,10599,3152,8598.76
1956,2025-06-02,37,7430,8927,8548,1745.09
1957,2025-02-25,33,2946,7846,985,5941.38
1958,2025-09-01,12,2986,8763,4504,7091.48
1959,2025-04-16,54,76463,4068,1819,807.6
1960,2025-12-11,39,42499,8791,6583,5320.59
1961,2025-05-11,56,3549,8102,2784,3961.31
1962,2025-04-22,2,69693,6848,2599,3469.0
1963,2025-10-06,8,13519,1541,1109,1555.0
1964,2025-12-05,12,33996,2409,367,1430.33
1965,2025-05-06,44,22676,6722,482,5549.56
1966,2025-08-22,12,4061,5379,479,2717.32
1967,2025-04-25,21,19172,1667,845,8042.45
1968,2025-02-11,25,16355,4275,424,1862.91
1969,2025-09-09,39,77312,12372,3874,4462.17
1970,2025-12-02,33,50969,12377,1885,2460.12
1971,2025-07-16,30,72998,5265,3334,635.85
1972,2025-10-21,27,31136,523,19,2458.98
1973,2025-11-25,44,13805,9653,4035,6878.66
1974,2025-08-30,51,16958,10725,4990,5135.8
1975,2025-02-20,6,66092,7356,1666,7056.79
1976,2025-10-08,24,71336,2382,688,7049.11
1977,2025-08-26,28,73264,8856,7401,424.04
1978,2025-12-18,30,38412,13364,10699,8750.13
1979,2025-09-08,4,63701,58,34,5400.92
1980,2025-06-29,44,50327,13804,5757,7589.83
1981,2025-09-12,38,67389,3535,1152,457.09
1982,2026-01-11,35,74304,12160,1145,2740.71
1983,2025-06-21,45,16618,6526,1144,6539.41
1984,2025-04-19,57,57118,4628,1727,5513.49
1985,2025-07-17,21,45409,13190,10406,2389.18
1986,2025-10-08,46,59838,12382,4473,2251.06
1987,2025-12-23,22,28106,5319,3766,8632.98
1988,2025-05-29,2,18027,5431,5295,8304.21
1989,2025-09-17,31,1060,10024,156,6070.72
1990,2025-03-02,36,64591,6819,6246,3565.48
1991,2025-10-21,51,10661,1379,1103,326.98
1992,2025-05-24,53,58850,13682,11014,1154.57
1993,2025-03-27,25,79315,13366,5864,3511.42
1994,2025-12-16,50,1605,13798,2044,4191.1
1995,2025-10-04,29,1727,3211,907,6701.14
1996,2025-09-21,18,47400,12475,3137,855.2
1997,2025-09-26,41,40238,10100,3623,2146.61
1998,2025-05-12,24,5322,8140,2299,4460.9
1999,2025-08-28,46,79933,11585,3425,113.86
2000,2025-08-04,41,52415,13503,1817,7835.75
2001,2025-09-25,33,65251,9374,2793,4988.48
2002,2025-03-30,48,74648,10860,9879,5108.01
2003,2026-01-30,38,17309,1120,133,1190.51
2004,2026-01-01,55,30379,9387,8570,6573.64
2005,2025-03-29,13,3530,4544,4365,5549.39
2006,2025-12-22,36,59997,11202,32,8444.12
2007,2025-11-17,44,7297,10551,5292,3921.31
2008,2025-10-21,18,16453,6716,5571,4688.74
2009,2025-09-25,24,68297,8169,6217,439.01
2010,2025-09-26,15,6655,11866,4553,8269.6
2011,2025-06-18,29,41950,8773,84,3557.14
2012,2025-10-12,6,75449,5533,207,8912.87
2013,2025-03-10,45,56050,3746,304,8257.11
2014,2025-07-21,11,43652,3275,1273,612.45
2015,2025-05-04,7,4153,10294,7863,3915.94
2016,2025-05-07,38,44317,443,430,2291.16
2017,2025-09-10,31,31742,1816,697,7501.03
2018,2025-12-16,22,68614,13511,13010,2168.86
2019,2025-10-29,50,79138,1244,898,6888.68
2020,2025-03-02,29,76382,10295,2045,815.54
2021,2025-10-25,59,4870,1044,772,2853.85
2022,2025-05-25,45,9023,13938,12822,1191.45
2023,2025-11-30,29,7681,13196,4939,5516.11
2024,2025-09-15,5,13846,7125,5550,549.32
2025,2025-09-09,19,50498,905,411,907.68
2026,2026-01-26,27,31054,12370,9823,7097.9
2027,2025-08-18,1,59929,10273,6290,4204.67
2028,2025-03-29,57,13774,7064,2782,5875.75
2029,2026-01-05,51,3904,11121,7439,4679.06
2030,2025-12-23,13,14656,9680,1682,159.98
2031,2025-08-24,5,78210,11736,3172,8144.11
2032,2025-03-26,41,67202,2114,1049,3230.75
2033,2025-11-25,47,58777,7937,1523,2226.21
2034,2025-02-13,3,8428,13108,2091,2839.42
2035,2025-07-01,33,47390,7190,2549,5273.81
2036,2025-09-10,50,19587,8916,2415,4252.24
2037,2026-01-02,22,38650,9934,6042,8733.93
2038,2025-08-29,38,19453,8531,939,2174.62
2039,2025-08-31,54,73828,13471,894,3827.45
2040,2025-12-23,13,26879,3251,3216,662.21
2041,2025-03-31,43,62854,3152,2845,6241.98
2042,2025-08-05,39,43903,7707,6979,5226.78
2043,2025-08-06,40,39773,5549,3429,2991.14
2044,2025-05-20,30,6030,1767,1015,2013.68
2045,2025-05-24,41,29732,110,58,4225.5
2046,2025-10-15,16,63512,3542,3008,6926.72
2047,2025-09-16,22,49771,13397,3363,3632.8
2048,2025-10-04,1,48055,13584,162,709.89
2049,2025-12-08,36,15598,541,145,2650.66
2050,2025-07-03,41,77267,3235,3135,3271.19
2051,2025-03-24,13,26429,536,290,1608.61
2052,2025-02-23,17,23343,14556,5567,7635.43
2053,2026-01-10,12,26188,4079,176,1625.89
2054,2025-03-03,59,13763,4339,171,7491.44
2055,2025-04-04,25,15044,2298,1386,8428.22
2056,2025-04-23,30,31976,5048,3028,7294.92
2057,2025-10-06,11,69565,10878,10210,7940.89
2058,2025-04-18,46,9069,14441,1941,1342.67
2059,2025-05-14,51,25356,2192,785,4816.36
2060,2025-07-19,24,42174,11426,9823,3894.38
2061,2025-10-31,16,6554,10472,10093,5306.57
2062,2025-06-18,35,39059,14049,12936,1379.67
2063,2025-05-04,4,37209,4099,1035,7670.95
2064,2025-03-15,57,64592,9619,3428,6559.32
2065,2025-03-09,31,9003,12905,2743,4602.09
2066,2025-08-05,57,67236,12359,6131,4512.36
2067,2025-02-14,12,42682,7656,5836,3396.21
2068,2025-07-22,31,65353,11428,7762,2451.6
2069,2026-01-26,41,77043,6619,5322,377.61
2070,2025-03-15,58,27107,3646,1851,7775.36
2071,2025-09-23,14,40607,6536,3481,8003.94
2072,2025-09-09,11,49534,9411,4170,4977.44
2073,2025-02-14,49,11513,2250,1208,4028.32
2074,2025-07-30,15,77041,5810,337,4214.02
2075,2025-04-19,22,56350,10226,7391,4234.58
2076,2025-04-19,24,65713,6750,2597,2493.52
2077,2025-08-20,12,58392,454,119,2427.34
2078,2025-12-22,23,11302,1293,603,7591.3
2079,2025-12-01,35,10744,8451,4528,8343.12
2080,2025-05-15,8,9851,1662,737,392.62
2081,2025-11-20,22,26274,3331,2765,2996.71
2082,2025-04-24,48,36474,5009,1561,6365.5
2083,2025-04-15,55,71688,2308,1069,126.38
2084,2025-12-21,19,45933,4956,3308,8515.04
2085,2025-10-19,38,2058,13515,7733,5904.11
2086,2025-03-19,10,52601,12520,3728,2080.99
2087,2025-06-03,14,62685,12323,3829,4666.64
2088,2025-08-24,36,61938,12927,11837,7338.86
2089,2025-06-11,51,11755,5631,2564,7619.92
2090,2025-03-18,50,55247,7075,1716,3976.19
2091,2025-11-05,36,4445,14024,6139,1293.6
2092,2025-10-13,9,40551,14365,12088,136.65
2093,2025-05-01,43,46986,13327,5567,2068.14
2094,2025-05-03,44,53370,7024,6249,7018.86
2095,2025-02-24,20,43239,8858,380,5129.82
2096,2025-07-03,60,18736,577,157,8796.33
2097,2025-12-15,37,79536,5460,4979,5186.21
2098,2025-02-21,25,27265,6454,3200,620.2
2099,2025-08-12,13,62730,6381,889,2993.13
2100,2025-08-19,41,40430,7447,763,1584.24
2101,2025-08-26,36,23783,11107,525,7446.95
2102,2025-08-03,32,4017,9935,3058,1831.04
2103,2025-11-25,25,37700,14981,3373,2135.7
2104,2025-08-25,34,9672,10856,7449,564.21
2105,2025-08-23,1,23021,8545,5353,7744.38
2106,2025-02-22,26,21082,6781,907,1205.78
2107,2025-06-15,31,9512,6905,3186,8598.12
2108,2025-10-02,14,17530,14233,3369,2822.33
2109,2025-10-10,46,62730,13450,2601,5453.2
2110,2026-01-14,38,27104,5134,4116,6465.11
2111,2025-12-05,18,26937,7569,60,8920.21
2112,2026-01-26,5,52828,7352,4954,7277.71
2113,2025-03-10,22,75109,8665,8043,4168.83
2114,2025-07-20,3,12441,9489,4717,5834.38
2115,2025-03-30,23,39487,7526,3203,5536.6
2116,2025-10-08,55,23454,13320,6800,2279.76
2117,2025-09-25,40,57133,14795,7501,3492.75
2118,2026-01-02,12,75029,10848,1565,3572.28
2119,2025-04-09,16,21200,765,280,7948.87
2120,2025-08-27,19,9248,8860,3559,8183.19
2121,2025-10-06,49,72959,6788,993,8958.08
2122,2025-12-15,49,14291,1303,1033,6910.52
2123,2025-10-09,27,59605,5391,1350,2312.26
2124,2026-01-13,3,61077,8341,437,705.1
2125,2025-12-02,44,61042,11428,6244,3125.74
2126,2025-03-12,55,25980,6592,3249,388.08
2127,2026-01-13,8,18388,4155,2679,6049.15
2128,2025-04-26,32,60970,7656,558,788.81
2129,2025-04-27,16,57873,10814,2297,4263.55
2130,2025-12-04,54,21650,4623,1397,7554.54
2131,2025-11-03,7,23730,9994,4819,1161.15
2132,2025-11-16,26,22579,12197,1271,6058.96
2133,2025-07-10,44,36315,233,39,3993.89
2134,2025-06-29,14,5014,2965,2764,4814.07
2135,2025-06-28,45,6759,7292,6852,5731.37
2136,2026-01-23,42,13973,8616,6399,6228.6
2137,2025-02-06,4,78907,7324,38,485.55
2138,2025-02-14,50,26942,6233,2045,3403.07
2139,2025-07-02,13,12478,3958,65,3824.06
2140,2025-05-17,22,25685,288,32,2024.08
2141,2025-06-26,7,22504,14505,11862,1545.07
2142,2025-08-19,33,14614,6860,6681,2977.92
2143,2026-02-01,41,25344,9258,3393,8412.23
2144,2025-02-19,28,16334,6522,1903,1963.33
2145,2025-12-02,21,23256,5892,122,3649.15
2146,2025-10-22,1,51511,5231,1742,4156.04
2147,2025-09-24,43,36997,1131,755,443.25
2148,2025-11-18,14,54383,14557,4940,6919.53
2149,2025-05-05,7,70778,8235,2809,2304.86
2150,2025-04-29,39,43013,1602,1292,6282.02
2151,2025-08-25,60,17923,11156,5440,1619.21
2152,2026-01-11,57,42176,12529,10917,4365.07
2153,2025-05-13,2,77181,5540,3677,3472.22
2154,2025-02-14,48,30964,10545,8248,5307.84
2155,2025-06-28,15,3280,267,63,2814.2
2156,2025-07-22,28,32422,12139,10154,760.54
2157,2025-11-25,24,65869,2303,1214,1858.01
2158,2025-03-30,14,5468,6206,1950,8314.51
2159,2025-03-16,29,43582,9848,2199,2539.23
2160,2026-02-02,51,5691,10594,8533,7136.43
2161,2025-08-06,42,38308,6847,6148,262.06
2162,2025-08-15,47,43920,13926,5615,2218.13
2163,2025-05-30,4,33050,8886,3644,5492.17
2164,2025-05-15,34,42657,6300,1503,4009.13
2165,2025-10-12,5,64940,149,17,8585.27
2166,2025-10-19,41,19050,903,209,1173.77
2167,2025-10-26,38,72438,2895,837,2164.98
2168,2025-09-18,28,61720,1330,637,1519.22
2169,2025-07-02,16,56076,3286,722,5472.37
2170,2025-09-21,19,76052,5016,3672,8711.15
2171,2025-05-02,18,63568,3349,327,8561.57
2172,2025-10-19,26,50008,5941,1374,4262.89
2173,2025-03-12,33,57310,6975,6228,1445.11
2174,2025-02-18,31,3096,13051,12483,3463.7
2175,2025-03-11,6,39851,14042,9751,4857.92
2176,2025-03-03,47,23529,9107,4215,3455.03
2177,2025-04-23,30,37622,5061,3073,5081.17
2178,2025-08-24,5,44177,7928,1119,6448.03
2179,2025-04-03,10,25354,3256,17,164.87
2180,2025-12-24,47,49554,8253,8051,3670.77
2181,2026-02-03,26,49408,6862,3146,4431.48
2182,2025-06-27,38,9836,10552,6697,7970.75
2183,2025-05-12,25,74635,2089,665,1788.34
2184,2025-09-30,17,46188,7198,4174,6396.7
2185,2025-03-06,45,48758,10453,945,5875.61
2186,2025-11-17,48,32847,6997,1985,4325.64
2187,2025-06-11,24,4203,13372,11427,6007.8
2188,2026-01-07,17,79855,2472,1865,8501.17
2189,2026-01-16,17,32929,2464,2466,5226.16
2190,2025-09-14,54,21658,10906,202,1094.74
2191,2025-03-29,42,50877,1562,814,6369.32
2192,2025-03-15,6,68465,14811,3093,7890.26
2193,2026-01-12,54,56450,2766,1035,6241.94
2194,2026-01-20,35,50672,8252,5045,6618.7
2195,2025-05-19,57,12148,12378,1790,5743.81
2196,2025-03-09,52,45640,12775,2338,2457.74
2197,2026-01-19,60,52662,3482,2863,2807.5
2198,2025-03-05,53,64951,2809,6,916.99
2199,2025-09-16,45,55267,12727,8600,3780.74
2200,2025-08-23,47,56985,4774,1397,1628.79
2201,2025-10-01,46,18107,3103,811,4403.92
2202,2025-11-05,8,59569,8284,3482,1711.46
2203,2025-07-21,48,24450,1016,392,2371.2
2204,2025-06-27,56,54081,14832,7220,5660.19
2205,2026-01-05,7,22274,10280,1307,2673.47
2206,2025-11-16,8,36775,6238,526,3112.26
2207,2025-03-02,16,63138,9645,7949,6071.6
2208,2025-07-11,1,8502,1701,544,6778.6
2209,2025-07-01,43,76842,168,10,916.73
2210,2025-02-09,51,1451,8607,6154,5446.71
2211,2025-10-12,18,64191,12524,7753,6824.36
2212,2025-04-13,28,44612,9952,6074,6152.65
2213,2025-02-05,21,31904,5670,2959,6002.45
2214,2025-02-11,40,8002,6250,2916,7864.04
2215,2025-10-30,7,904,13259,7486,7841.35
2216,2025-06-12,47,18701,6633,210,5437.09
2217,2025-12-31,34,37130,14287,11456,6775.39
2218,2025-07-31,24,59733,4122,3892,4658.48
2219,2025-07-04,13,910,10867,10454,8620.05
2220,2025-05-21,21,2679,13363,10383,3273.84
2221,2025-02-11,52,43167,799,694,4026.54
2222,2026-01-25,32,52950,9991,1333,3167.59
2223,2026-01-15,43,13666,7850,6015,3494.48
2224,2025-03-07,13,19264,9997,8520,7892.29
2225,2025-03-31,55,66643,12909,520,1194.36
2226,2025-09-19,6,39998,13105,11027,8966.93
2227,2026-01-19,30,22527,14382,7311,8597.71
2228,2025-05-30,43,71366,7949,1973,2228.04
2229,2025-02-07,49,12222,2842,432,3942.3
2230,2025-09-13,2,21502,11777,5349,8128.7
2231,2026-01-17,18,29385,12605,11782,2355.78
2232,2025-07-21,58,16634,7853,5451,1265.02
2233,2025-11-06,41,64982,8807,1481,7170.09
2234,2025-09-08,56,29834,5502,4718,6908.72
2235,2025-10-06,5,45487,9891,6176,8196.0
2236,2025-09-10,48,50523,12222,10713,5796.81
2237,2025-12-05,55,57773,9256,3823,2050.78
2238,2025-02-23,19,11992,1945,228,847.8
2239,2025-08-03,38,25162,12183,12199,8480.97
2240,2025-04-14,24,17200,9435,5134,8588.91
2241,2025-06-09,48,720,9502,5092,603.87
2242,2025-07-18,13,51375,8825,6941,2910.8
2243,2025-02-23,52,17055,6030,4257,5990.5
2244,2025-02-13,15,14470,9729,6476,132.24
2245,2026-01-04,30,41909,14015,2370,7354.52
2246,2025-05-15,54,29192,4913,4094,6135.83
2247,2025-07-10,39,37644,2465,597,6736.19
2248,2025-02-20,52,5001,13962,9812,2915.25
2249,2025-09-29,45,16682,8280,4480,8971.8
2250,2026-01-05,37,63189,11625,10339,7466.75
2251,2025-10-02,19,49875,8160,481,8831.23
2252,2025-12-27,10,28105,5508,1843,6318.65
2253,2025-09-22,60,23964,911,877,4413.17
2254,2025-07-01,20,21365,6469,176,4954.09
2255,2025-03-28,28,62552,5578,2853,6831.54
2256,2025-08-16,5,69685,6457,5953,2583.21
2257,2025-04-22,60,26071,11459,8978,3574.26
2258,2026-01-23,21,76572,2194,221,7655.8
2259,2025-09-25,20,60469,11675,10725,1515.07
2260,2025-10-06,29,63734,2303,1192,8080.1
2261,2025-02-15,14,26144,3486,3011,5878.58
2262,2026-01-19,47,75955,5984,835,6120.94
2263,2025-09-30,10,49855,14114,6997,6131.04
2264,2025-08-17,60,7883,2806,393,3232.48
2265,2025-06-15,12,7377,7813,961,8823.48
2266,2025-12-27,22,78277,10701,7107,8729.06
2267,2026-01-13,47,53452,10322,4014,354.24
2268,2025-07-08,26,64545,3996,1239,6207.46
2269,2026-01-04,42,49700,2876,2833,8920.92
2270,2025-08-26,43,12245,11039,7596,7790.82
2271,2025-04-12,25,36573,10704,10360,5896.1
2272,2025-11-24,1,16228,6068,955,789.6
2273,2025-08-12,42,67313,8065,1842,256.09
2274,2025-03-03,37,63348,9437,4484,6258.85
2275,2025-11-15,51,78209,1599,370,3486.44
2276,2025-11-05,45,57340,10611,4888,5164.24
2277,2025-02-11,21,8822,1679,1461,8184.48
2278,2026-01-20,35,24733,13078,6640,7325.17
2279,2025-09-16,26,73383,373,274,7062.1
2280,2025-08-14,32,8879,8734,8501,7542.44
2281,2025-09-01,46,16764,8880,3399,8692.85
2282,2025-02-20,8,24180,14756,14123,5411.97
2283,2026-01-30,1,73208,2998,1831,7214.59
2284,2025-02-03,3,17384,2065,844,5891.13
2285,2025-07-26,36,34154,1488,71,807.26
2286,2025-12-29,33,39635,2093,1489,8698.17
2287,2025-03-24,28,511,2861,1017,2740.37
2288,2025-07-13,58,38956,8560,7289,1301.7
2289,2025-09-14,45,41517,8085,4281,8201.51
2290,2025-03-15,39,71044,5819,4182,1928.06
2291,2025-04-26,43,6363,1672,485,378.77
2292,2025-04-19,20,28708,2371,549,5439.19
2293,2025-10-17,38,47563,3589,1136,1200.0
2294,2025-04-27,28,10246,10245,9008,2331.96
2295,2025-02-24,42,21906,6305,3277,4131.81
2296,2025-07-20,44,56250,4214,1173,4846.34
2297,2025-11-02,41,35810,1206,394,6444.28
2298,2025-08-18,43,67533,9284,2687,3806.19
2299,2025-08-17,21,57336,2564,1552,281.89
2300,2025-04-08,16,10661,9939,4425,1165.36
2301,2025-12-21,44,72375,1852,833,640.34
2302,2025-03-21,6,48055,10538,5464,7013.74
2303,2025-08-17,56,30091,2447,1120,138.28
2304,2025-11-04,15,50128,6229,860,7055.47
2305,2025-08-17,12,69506,2073,1255,5320.0
2306,2025-09-27,32,13022,13268,8666,3172.66
2307,2025-10-26,56,37461,9424,9036,2475.93
2308,2025-04-30,58,6786,1673,349,2896.07
2309,2025-03-20,25,24181,12368,5655,7264.46
2310,2025-10-28,51,70188,11155,9038,5371.82
2311,2025-05-15,26,63003,13970,9704,1191.77
2312,2025-04-18,44,67814,205,182,1441.65
2313,2025-08-17,10,50150,2120,1095,523.14
2314,2025-12-14,41,49016,11935,11591,7008.88
2315,2025-05-10,39,55320,11161,7500,1688.79
2316,2026-01-31,52,61928,5849,4114,2617.04
2317,2025-06-04,34,30484,7058,2500,5738.94
2318,2025-06-25,20,53782,1474,640,7614.95
2319,2025-09-12,6,10552,10448,3932,8506.56
2320,2025-02-06,37,8025,2755,346,6703.51
2321,2025-11-02,60,65098,9129,175,8661.39
2322,2025-08-26,44,67174,6996,5986,1271.03
2323,2026-01-31,33,70283,8206,2042,3678.97
2324,2026-01-21,13,1455,10147,6962,6338.2
2325,2025-06-02,23,32511,12332,12107,5967.51
2326,2025-11-23,57,69720,13539,11207,5502.28
2327,2025-05-16,29,22589,10001,8577,8139.0
2328,2025-11-02,5,48610,2914,546,4647.48
2329,2025-02-22,28,65447,884,388,1575.83
2330,2025-07-08,22,33237,1905,1703,4875.12
2331,2025-10-27,55,15948,12606,4752,2727.64
2332,2025-05-02,17,28426,4859,18,6655.33
2333,2026-01-14,26,29003,9369,4994,8365.53
2334,2025-07-18,33,5143,10584,7586,8037.82
2335,2025-08-02,32,8036,13949,5828,102.73
2336,2026-01-19,22,39605,7592,2899,1009.12
2337,2026-02-02,57,24900,5779,3293,3223.06
2338,2025-03-19,28,64993,1710,404,808.46
2339,2025-11-05,58,20647,8476,6729,1158.39
2340,2025-09-03,1,20898,8035,6303,5926.87
2341,2025-08-12,31,52320,3754,1533,2728.6
2342,2025-10-19,58,24378,7067,4394,7313.32
2343,2025-12-20,29,58087,1830,331,1301.88
2344,2025-12-20,28,1261,12290,5885,7958.01
2345,2025-10-12,13,15005,11669,3105,2599.85
2346,2025-03-25,26,55688,2240,1356,8113.93
2347,2025-07-08,43,26582,2676,1963,8639.3
2348,2025-12-13,8,55693,4404,4006,4973.61
2349,2025-07-22,44,17203,13154,5322,6772.25
2350,2025-07-03,57,52912,12835,8222,6547.65
2351,2025-03-14,54,51467,12205,2153,1032.11
2352,2025-07-18,51,3272,1817,258,1442.1
2353,2025-11-15,1,31499,8242,852,6120.88
2354,2025-11-08,28,78761,5655,65,3937.24
2355,2025-03-05,19,64191,4792,676,6860.05
2356,2025-02-09,40,20487,4109,1530,2282.73
2357,2026-02-03,8,35041,12612,11484,2263.82
2358,2025-12-23,28,26506,13494,7764,6372.83
2359,2025-12-16,7,66341,13320,10012,1671.63
2360,2025-06-20,38,19993,14056,3758,1128.13
2361,2025-07-25,3,36395,6624,1574,8365.43
2362,2025-12-27,2,26667,7034,744,7785.93
2363,2025-03-17,27,69309,6281,2510,6316.42
2364,2025-02-08,15,44563,3841,1745,4338.8
2365,2025-08-21,28,7270,8403,4985,1034.99
2366,2025-07-15,18,46509,6006,5829,3791.76
2367,2025-11-20,58,6733,5290,1488,415.96
2368,2025-08-20,43,42657,904,217,2603.59
2369,2025-11-18,59,79998,4640,825,3906.62
2370,2026-01-19,32,48155,4183,2738,2773.99
2371,2025-09-04,43,2290,1637,1398,4988.33
2372,2025-12-13,9,43912,14172,5907,6684.56
2373,2025-10-26,48,77689,5970,4332,5462.19
2374,2025-03-15,42,36668,3953,860,5279.73
2375,2025-03-03,57,14441,1479,267,5684.55
2376,2025-12-25,8,5879,9910,9610,8716.56
2377,2025-08-07,42,25460,14534,3160,6356.71
2378,2025-10-10,5,72141,1666,1267,3118.94
2379,2025-12-05,31,26976,11934,8741,6500.89
2380,2025-08-19,9,25627,767,428,4976.94
2381,2025-04-03,58,73945,4187,2845,8059.47
2382,2025-05-24,41,15891,7397,3572,655.99
2383,2025-05-08,34,66543,6914,6478,245.78
2384,2025-03-11,18,17399,9866,4745,456.73
2385,2025-08-08,4,25428,9326,6512,4480.48
2386,2025-07-08,56,67803,8773,1228,1531.39
2387,2025-07-22,33,50851,12349,9215,7025.38
2388,2025-10-31,39,36085,6617,1695,1697.39
2389,2025-08-28,37,29048,2671,2425,6285.66
2390,2025-07-10,60,67713,14454,7461,4559.17
2391,2025-06-28,34,34425,11855,4971,7679.65
2392,2025-03-26,46,35694,4905,4523,1115.98
2393,2025-05-13,3,70435,3718,975,2662.0
2394,2025-08-06,10,36906,10529,2178,2470.39
2395,2025-11-24,4,33137,13003,3440,4834.62
2396,2026-01-12,42,46042,72,80,5466.18
2397,2025-06-29,21,11411,6097,5779,7961.68
2398,2025-05-07,47,18012,4376,3345,8090.11
2399,2026-01-18,21,8005,4881,85,7424.19
2400,2025-11-15,47,37159,3642,723,2341.09
2401,2025-09-29,35,76949,306,54,6517.29
2402,2026-02-02,25,34230,11324,10260,5727.03
2403,2025-03-26,14,58458,9075,3614,2952.15
2404,2025-07-02,38,52334,3391,637,4042.2
2405,2025-09-08,47,57372,12007,6039,1377.59
2406,2026-01-03,6,65506,7898,1486,4161.54
2407,2025-11-04,56,23583,13412,3094,5148.44
2408,2026-01-12,12,37468,12001,344,2825.93
2409,2025-08-08,12,52168,14553,11261,5490.01
2410,2025-12-27,10,9943,1187,873,2245.02
2411,2025-10-03,42,53257,14945,1642,6532.55
2412,2025-05-03,47,2045,2299,408,3431.98
2413,2025-02-17,8,2276,389,390,7483.13
2414,2025-09-01,9,33050,766,85,2445.53
2415,2025-08-05,39,2269,10329,153,8620.68
2416,2025-12-22,35,44853,1792,1746,6381.73
2417,2025-06-03,9,63470,3364,3111,5087.52
2418,2026-01-21,53,21883,7329,2518,3019.22
2419,2025-04-29,16,7823,2581,2226,6243.77
2420,2025-04-21,35,16631,10330,347,7433.08
2421,2025-04-15,35,39394,1734,210,4628.3
2422,2025-08-07,27,19090,13754,19,8213.89
2423,2025-02-12,15,56485,443,197,1369.02
2424,2025-07-27,19,30107,10787,6303,6196.56
2425,2025-04-26,53,15233,11762,8057,1567.55
2426,2025-12-12,15,13834,1854,577,3247.91
2427,2025-08-28,22,16012,10137,5906,8313.71
2428,2025-02-21,58,6181,1439,1238,1402.37
2429,2025-10-14,34,44388,7072,4912,1673.22
2430,2025-03-17,10,40026,7017,5118,7367.18
2431,2025-06-18,57,14121,5757,2220,8250.3
2432,2025-05-26,24,35286,10891,1251,7110.26
2433,2025-02-10,60,19982,14168,12743,5919.89
2434,2026-01-08,10,51696,5297,3659,6506.02
2435,2025-10-22,31,9322,12920,1854,5221.69
2436,2025-08-07,18,19461,11956,1481,2941.33
2437,2025-12-26,12,50965,2139,1444,2907.88
2438,2025-07-26,31,54756,6994,4929,7151.84
2439,2025-11-18,9,32731,5513,3139,3797.0
2440,2026-01-22,35,70462,8194,8070,4815.65
2441,2025-07-14,15,50913,13507,1369,5249.63
2442,2025-07-30,34,76243,6961,6361,6256.82
2443,2025-12-15,15,11936,12309,3853,3287.3
2444,2026-01-21,55,2748,3380,1484,5047.45
2445,2025-08-16,59,14938,2238,244,8206.69
2446,2025-04-13,55,18764,5962,2414,4170.48
2447,2025-03-28,55,72786,13734,6898,2220.35
2448,2025-09-30,15,7822,13613,12238,1283.32
2449,2025-02-15,46,19253,11449,6184,6611.08
2450,2025-07-07,28,49217,11455,886,6327.55
2451,2025-02-06,38,10169,10908,7812,7545.06
2452,2025-05-10,11,4456,14311,2406,3318.94
2453,2025-08-24,16,10601,1344,25,5144.19
2454,2025-05-22,27,20123,13381,12540,1682.7
2455,2025-11-29,9,69633,12232,11445,8541.45
2456,2025-11-12,27,44715,7753,3637,7043.5
2457,2025-12-03,1,38087,11440,1822,1445.19
2458,2025-02-26,42,4709,14486,9898,6772.64
2459,2025-07-04,11,1924,8295,6494,7502.49
2460,2025-08-29,57,60045,11189,9079,6417.09
2461,2025-05-13,59,75481,4277,4111,2789.0
2462,2025-09-14,28,21052,3774,1113,8759.44
2463,2025-03-29,25,16901,8594,3471,3633.6
2464,2025-06-27,15,51918,967,188,7411.42
2465,2025-11-24,39,10619,9213,7674,4322.88
2466,2025-11-07,42,53597,10743,6233,1525.18
2467,2025-10-13,24,56103,13211,3190,2465.78
2468,2025-09-28,5,48040,1760,1235,7020.24
2469,2025-05-01,2,31895,5546,2311,1506.71
2470,2025-09-06,5,28275,1794,1222,148.24
2471,2025-09-24,20,25107,14954,9038,1855.45
2472,2025-04-05,16,35780,580,87,8791.14
2473,2025-08-14,3,74390,9303,7926,458.84
2474,2025-03-13,6,40949,5204,69,8825.85
2475,2025-07-03,19,52684,12365,8195,1794.21
2476,2026-01-27,26,47140,12368,2122,6338.78
2477,2025-04-29,22,53883,1645,1518,4557.03
2478,2025-07-02,52,20185,8277,388,5305.22
2479,2025-03-20,31,77355,6310,306,2646.57
2480,2025-03-02,44,61200,2532,322,7972.57
2481,2025-10-14,46,30852,1578,441,7276.91
2482,2025-03-27,10,21608,10768,8218,4670.89
2483,2025-11-30,39,69088,11989,5593,4054.95
2484,2025-12-24,22,38621,2199,1475,5630.06
2485,2025-12-27,3,51307,7109,1958,1918.94
2486,2025-10-22,39,10330,10050,2496,5123.76
2487,2025-07-18,7,2458,8201,2336,6908.54
2488,2025-04-05,36,11925,5121,4087,892.32
2489,2025-04-11,11,39245,5189,1322,660.05
2490,2026-01-23,24,46816,9495,1461,686.65
2491,2025-03-14,50,60890,11693,4226,8875.98
2492,2026-01-18,49,58439,4244,1150,8461.47
2493,2026-02-03,32,5689,9368,5955,7738.08
2494,2025-08-17,27,17406,6618,3611,3332.25
2495,2026-01-17,40,41610,13891,6122,797.24
2496,2025-03-26,33,59494,6819,2153,7902.81
2497,2025-04-04,3,7978,11232,4011,6312.72
2498,2026-01-07,1,20758,9238,1725,2651.41
2499,2025-06-28,37,52834,2642,298,2046.31
2500,2025-11-13,30,12755,14372,5716,4219.6
