id_venda,id_pedido,data_venda,data_envio,id_cliente,nome_cliente,email_cliente,cidade_cliente,estado_cliente,categoria_produto,produto,marca,quantidade,valor_unitario,valor_venda,desconto,frete,canal,forma_pagamento,parcelas,status_pagamento,transportadora,status_entrega
1,PED-93810,2025-07-31,2024-10-30,229,Nathan Fonseca,das-nevesjose-miguel@example.org,Camargo dos Dourados,SE,Eletrônicos,Excepturi,Genérica,3,894.88,531.41,0,81.2,app,Crédito,3,Pendente,Correios,Entregue
2,PED-22280,2024-10-06,2025-12-01,448,Dra. Bella Freitas,esousa@example.com,Macedo,TO,eletronicos,Ab,Adidas,5,141.55,735.99,30,84.16,Aplicativo,Débito,2,Recusado,Correios,Entregue
3,PED-65392,2025-08-10,2025-03-10,697,Pietro Moreira,anthony-gabriel60@example.org,Alves,BA,Roupas,Exercitationem,Apple,2,3352.39,1211.25,0,45.59,App,Pix,3,Recusado,Correios,Atrasado
4,PED-70217,2025-03-23,2025-08-20,1099,Enzo Nogueira,ycassiano@example.net,Ribeiro,CE,Eletrônicos,Aspernatur,Nike,1,1954.54,2911.45,20,106.25,App,Débito,6,Aprovado,Correios,Atrasado
5,PED-39871,2024-02-24,2024-11-19,593,Rael Castro,luiza67@example.net,da Mota de Nunes,RR,Eletrônicos,Maiores,Apple,1,1361.44,1614.27,0,19.52,App,Débito,6,Recusado,Total Express,Atrasado
6,PED-94939,2024-10-14,2025-09-16,147,Yasmin Oliveira,da-costamurilo@example.net,Melo de da Conceição,SC,Beleza,Laboriosam,Genérica,2,1892.78,894.6,10,45.53,app,Débito,6,Recusado,Correios,Entregue
7,PED-14207,2025-03-21,2024-11-10,647,Rebeca Duarte,melissagomes@example.net,da Cunha,MS,Casa,Unde,LG,1,777.89,3303.04,30,37.76,Aplicativo,Boleto,6,Pendente,Correios,Em trânsito
8,PED-28301,2024-11-16,2025-03-28,506,Maria Cecília Borges,alexandregomes@example.org,Rezende Verde,PE,Beleza,Similique,Adidas,3,2627.2,1528.1,20,47.93,SITE,Débito,3,Pendente,Correios,Entregue
9,PED-24371,2025-08-19,2024-10-15,314,Dom Montenegro,ida-costa@example.org,Sampaio de Azevedo,PR,eletronicos,Fugit,Genérica,4,2107.61,1377.45,20,119.53,app,Pix,3,Aprovado,Total Express,Atrasado
10,PED-25014,2024-05-30,2024-11-19,1100,Sra. Ana Julia da Luz,xmendes@example.org,Campos,RR,Roupas,Itaque,Genérica,3,434.85,1549.94,10,0.39,App,Débito,3,Aprovado,Total Express,Em trânsito
11,PED-93748,2025-06-21,2024-11-14,1040,Ana Porto,ulima@example.org,Barbosa,RS,Beleza,Officiis,Apple,2,1340.0,607.34,20,110.22,app,Pix,2,Aprovado,Correios,Em trânsito
12,PED-50306,2025-11-16,2025-07-11,491,Nicole Rezende,gpinto@example.org,Moraes,RO,Eletrônicos,Voluptatem,Apple,5,3316.98,345.5,10,97.92,app,Débito,1,Pendente,Total Express,Entregue
13,PED-44741,2024-12-27,2025-07-28,1081,Helena da Conceição,ryanviana@example.com,da Rocha da Praia,MT,Beleza,Sequi,Nike,2,3254.75,2655.66,30,24.14,App,Boleto,6,Recusado,Jadlog,Atrasado
14,PED-69177,2024-06-19,2026-01-11,248,Maria Cecília Gomes,andrademirella@example.net,Pereira do Amparo,PR,eletronicos,Tenetur,Apple,1,1216.4,2079.67,0,70.61,Site,Crédito,6,Aprovado,Correios,Entregue
15,PED-14117,2024-05-13,2024-02-19,677,Ana Clara Freitas,hellenapereira@example.com,Fogaça,SC,Eletrônicos,Maxime,Adidas,2,1010.75,1724.68,20,15.88,app,Boleto,1,Pendente,Jadlog,Entregue
16,PED-22363,2025-10-24,2024-07-17,199,André Sousa,camargobenjamim@example.org,Cavalcante,PB,Casa,Molestias,LG,4,1468.3,3030.24,0,80.8,Site,Crédito,2,Recusado,Correios,Entregue
17,PED-35112,2025-12-03,2025-08-25,390,Sr. Davi Lucca Pimenta,ejesus@example.org,da Rosa,PB,Beleza,Eius,Nike,2,1505.49,1010.98,0,104.94,Site,Boleto,12,Aprovado,Correios,Atrasado
18,PED-80855,2025-01-05,2025-09-17,31,Elisa Moraes,maria-juliaazevedo@example.org,Moraes do Campo,TO,Eletrônicos,Dolore,Apple,2,1452.13,1710.69,10,108.29,SITE,Boleto,1,Pendente,Jadlog,Em trânsito
19,PED-47388,2025-05-03,2024-08-31,867,Gael Costa,esther59@example.com,da Luz da Prata,MG,Beleza,Ratione,Genérica,4,584.05,1073.64,0,69.5,app,Crédito,6,Recusado,Correios,Entregue
20,PED-86569,2024-11-11,2026-01-26,977,Dra. Luara Fogaça,maria-fernanda94@example.net,Borges das Pedras,AC,Beleza,Itaque,Adidas,2,246.23,1802.01,0,8.22,Site,Débito,2,Aprovado,Total Express,Entregue
21,PED-85880,2025-02-05,2024-04-19,82,Benjamin da Conceição,arthur53@example.net,Albuquerque,ES,Beleza,Vero,Samsung,4,2317.94,2000.03,0,112.16,SITE,Pix,1,Recusado,Jadlog,Entregue
22,PED-98039,2024-06-08,2024-11-13,615,Maria Júlia Duarte,arthur-gabrielmarques@example.com,Silva,RR,Casa,Dignissimos,LG,1,82.14,2193.0,20,119.53,Site,Débito,3,Recusado,Correios,Em trânsito
23,PED-19016,2024-06-23,2025-04-11,501,José Miguel da Rocha,correiamaria-julia@example.com,Aparecida de Pinto,MS,Roupas,Sapiente,LG,2,1561.74,1924.1,0,73.4,app,Crédito,6,Recusado,Total Express,Entregue
24,PED-27601,2025-04-03,2024-06-26,542,João Gabriel da Rocha,rebeca54@example.com,das Neves,RN,Eletrônicos,Numquam,Samsung,5,586.3,1022.06,0,86.11,SITE,Pix,3,Pendente,Jadlog,Entregue
25,PED-22097,2024-03-13,2024-12-10,868,Maria Luiza Vasconcelos,teixeiramaria-liz@example.net,Fernandes,DF,Roupas,Eaque,Samsung,1,1200.77,501.33,0,19.39,Aplicativo,Boleto,3,Aprovado,Correios,Entregue
26,PED-29536,2025-12-10,2025-12-25,1118,Ester Borges,sampaioalice@example.com,Machado de Pinto,PA,Eletrônicos,Voluptate,LG,5,1956.21,1532.76,0,36.99,Site,Pix,1,aprovado,Total Express,Entregue
27,PED-56357,2025-08-06,2024-12-18,1147,Breno Camargo,luiz-gustavo31@example.net,Novaes Verde,MG,Casa,Fugiat,Adidas,2,3243.89,866.74,0,117.14,SITE,Boleto,1,aprovado,Total Express,Em trânsito
28,PED-63964,2026-01-06,2024-12-21,509,Srta. Lorena Vieira,emilly50@example.org,Vargas do Norte,PE,Roupas,Deleniti,Apple,1,1369.77,183.6,10,26.69,Aplicativo,Pix,1,aprovado,Correios,Entregue
29,PED-96511,2024-08-17,2025-03-23,396,Esther Abreu,joao-gabrieljesus@example.net,Souza do Campo,PR,Casa,Pariatur,LG,3,3032.02,3385.77,0,42.14,app,Boleto,6,Recusado,Correios,Entregue
30,PED-44237,2024-07-19,2024-06-06,366,João Guilherme Macedo,xcirino@example.com,Lopes do Amparo,PB,Beleza,Voluptas,LG,1,423.99,1549.24,30,94.37,Aplicativo,Crédito,2,aprovado,Jadlog,Entregue
31,PED-67154,2025-03-31,2024-04-07,4,Helena Camargo,gabriellymendonca@example.net,Viana,SC,Beleza,Provident,Adidas,2,1306.56,291.41,30,110.49,app,Pix,6,Aprovado,Total Express,Em trânsito
32,PED-76469,2025-05-22,2025-03-03,634,José Miguel Cavalcanti,castrootto@example.org,da Rocha Paulista,PI,Casa,Earum,LG,4,2455.37,1962.72,0,50.45,Aplicativo,Débito,3,Recusado,Jadlog,Atrasado
33,PED-10053,2025-02-26,2025-03-25,623,Sofia Melo,cavalcantizoe@example.net,Santos,MT,Roupas,Officiis,Apple,4,2760.87,2142.98,0,55.8,Aplicativo,Débito,3,Pendente,Total Express,Entregue
34,PED-96356,2025-04-06,2025-02-04,174,Rhavi Oliveira,souzamiguel@example.com,Sousa,PR,Roupas,Quisquam,Adidas,5,1206.4,2873.56,0,80.74,SITE,Débito,1,Aprovado,Correios,Entregue
35,PED-72277,2024-11-11,2024-09-10,150,Luara Oliveira,silveiradante@example.com,Pimenta do Norte,PE,Casa,Beatae,Nike,5,720.8,2452.42,10,47.96,SITE,Crédito,12,Aprovado,Jadlog,Entregue
36,PED-33053,2025-10-25,2024-10-03,1061,Lucca da Conceição,luanacaldeira@example.org,Campos,RS,Casa,Hic,Samsung,5,909.73,2976.76,10,16.0,Aplicativo,Pix,12,Pendente,Total Express,Atrasado
37,PED-76162,2024-04-14,2025-02-08,874,Bella Araújo,fcassiano@example.com,das Neves Paulista,SE,Beleza,Eum,Nike,2,2615.61,1687.63,0,90.21,App,Boleto,6,aprovado,Jadlog,Em trânsito
38,PED-20155,2025-09-13,2025-07-24,586,Arthur Gabriel Castro,henriquecavalcante@example.com,Farias Alegre,AM,eletronicos,Unde,LG,3,1153.0,1913.53,0,18.1,Aplicativo,Débito,6,aprovado,Correios,Em trânsito
39,PED-63424,2025-01-01,2025-09-20,678,Emanuella Barbosa,luan81@example.net,Vieira de Cavalcanti,PA,Beleza,Autem,Nike,4,264.82,2923.47,10,108.58,app,Crédito,12,Pendente,Jadlog,Entregue
40,PED-56105,2024-07-08,2025-04-24,612,Sabrina da Luz,piresnatalia@example.com,da Costa de Melo,TO,Casa,Veritatis,Nike,5,2628.93,1934.16,20,107.74,Aplicativo,Débito,1,Pendente,Jadlog,Entregue
41,PED-60968,2025-09-08,2025-11-20,689,Juliana da Rocha,gael91@example.net,Cirino,DF,Casa,Rem,Genérica,2,2949.74,3222.42,20,64.09,Aplicativo,Crédito,1,Pendente,Correios,Em trânsito
42,PED-33819,2025-10-14,2025-04-29,103,Giovanna Carvalho,kaique76@example.org,Camargo,MA,Roupas,Labore,Nike,3,780.23,1177.62,10,33.39,Aplicativo,Pix,12,Aprovado,Jadlog,Entregue
43,PED-80702,2024-10-24,2024-03-29,107,Danilo Pires,maria-fernanda70@example.com,Jesus,RN,Roupas,Iusto,Apple,1,2745.25,2298.55,0,113.95,SITE,Crédito,3,aprovado,Correios,Entregue
44,PED-72070,2025-04-22,2025-12-14,235,Dr. Enzo da Luz,stephanyalves@example.net,da Cruz de Souza,MT,Beleza,Necessitatibus,Apple,4,2463.15,2695.8,0,72.71,Site,Débito,1,Aprovado,Total Express,Entregue
45,PED-50888,2024-12-10,2025-11-13,1180,Ana Sophia Cassiano,kmelo@example.net,da Luz da Mata,MA,Casa,Sit,Nike,2,312.19,2432.62,30,29.14,App,Crédito,12,Aprovado,Jadlog,Atrasado
46,PED-66148,2025-08-24,2025-07-14,759,Benicio Alves,kaique31@example.com,Cassiano,MT,Eletrônicos,Delectus,Adidas,3,93.65,1499.2,10,12.66,App,Boleto,6,aprovado,Jadlog,Entregue
47,PED-78386,2024-10-01,2025-09-09,554,Vinicius Leão,maria-vitoria90@example.com,Barros,RS,Beleza,Modi,Adidas,4,1653.81,2898.78,20,32.21,SITE,Crédito,1,Pendente,Correios,Em trânsito
48,PED-84691,2024-11-03,2025-05-01,777,Maya Guerra,freitasbernardo@example.net,Oliveira,TO,Roupas,Ex,Samsung,4,2985.79,677.35,0,42.58,App,Pix,1,Recusado,Total Express,Entregue
49,PED-77715,2025-04-13,2025-02-24,392,Sra. Júlia Monteiro,lmoraes@example.net,Pacheco dos Dourados,GO,Eletrônicos,A,Apple,4,1735.59,2665.67,30,57.13,Aplicativo,Boleto,12,Aprovado,Correios,Em trânsito
50,PED-39045,2025-11-30,2025-09-05,829,Mariana Andrade,nicole71@example.net,Albuquerque da Serra,SC,eletronicos,Hic,LG,5,1323.12,1959.48,0,51.06,app,Pix,1,Pendente,Jadlog,Em trânsito
51,PED-42951,2024-10-17,2025-03-18,473,Eloah da Cruz,laviniacunha@example.com,Siqueira,AM,Eletrônicos,Veritatis,Genérica,2,1138.64,2612.94,30,22.22,SITE,Boleto,1,Recusado,Correios,Entregue
52,PED-48829,2025-05-03,2024-04-01,466,Igor Costa,rochalaura@example.com,das Neves,MT,Roupas,Fugit,Apple,3,98.81,1892.77,0,5.46,Site,Pix,6,aprovado,Total Express,Em trânsito
53,PED-23446,2025-04-18,2024-04-26,26,João Guilherme Vieira,otavio82@example.org,Mendonça,SC,Beleza,Dolore,LG,4,1701.56,1225.44,0,30.3,Aplicativo,Crédito,12,Aprovado,Jadlog,Em trânsito
54,PED-19710,2025-11-09,2024-08-17,1182,Sabrina Porto,luiz-fernando36@example.org,Oliveira do Amparo,AC,Eletrônicos,Consectetur,Apple,2,2848.44,3324.48,0,119.27,Site,Boleto,3,aprovado,Total Express,Em trânsito
55,PED-69049,2024-03-03,2024-09-02,907,Antônio Oliveira,zcamargo@example.org,Melo do Campo,AL,Roupas,Impedit,Adidas,4,1103.56,2192.54,20,115.21,Site,Débito,6,aprovado,Jadlog,Atrasado
56,PED-20641,2024-10-08,2024-07-21,322,Julia Macedo,maria-julia10@example.com,Barros da Mata,SC,eletronicos,Modi,Apple,5,308.97,59.23,10,82.72,Aplicativo,Pix,1,aprovado,Jadlog,Atrasado
57,PED-47056,2024-09-28,2025-08-23,930,Maria Cecília Novais,davinovais@example.org,Ferreira de Siqueira,PE,Eletrônicos,Quidem,Genérica,2,3237.49,2768.01,30,70.77,SITE,Boleto,1,aprovado,Total Express,Entregue
58,PED-44816,2024-02-29,2024-10-30,292,Gustavo Freitas,vsampaio@example.com,Peixoto,AC,Eletrônicos,Dolore,Samsung,2,2784.57,2102.9,20,110.54,Aplicativo,Crédito,2,Recusado,Total Express,Em trânsito
59,PED-45683,2024-11-10,2025-03-28,1025,João Guilherme Andrade,siqueiraotto@example.com,Dias,DF,Beleza,Officia,Nike,4,327.52,187.52,10,88.14,app,Pix,1,Aprovado,Correios,Atrasado
60,PED-85392,2025-01-31,2024-04-27,43,Pedro Lucas Sampaio,dfogaca@example.org,Teixeira,SC,Roupas,Dicta,Adidas,1,2682.73,654.41,20,78.18,App,Débito,3,Pendente,Total Express,Em trânsito
61,PED-21959,2024-04-21,2025-03-06,963,Camila Cavalcanti,fda-mota@example.net,Aragão das Flores,BA,Roupas,Cupiditate,Nike,3,1157.65,410.87,0,39.58,Aplicativo,Pix,6,Pendente,Total Express,Entregue
62,PED-69614,2024-07-03,2025-04-05,181,Bruna Oliveira,jcasa-grande@example.net,Duarte,RR,Roupas,Eum,LG,3,449.93,2715.29,20,98.99,Site,Boleto,2,Aprovado,Correios,Atrasado
63,PED-57419,2025-10-27,2025-01-08,1021,Sr. Davi da Costa,bda-mota@example.com,Silveira,AM,Casa,Molestias,Samsung,2,971.34,502.0,0,52.57,Aplicativo,Crédito,1,aprovado,Total Express,Entregue
64,PED-50730,2025-05-09,2025-12-13,1129,Ana Luiza Araújo,wmelo@example.com,Marques de Goiás,DF,Eletrônicos,Praesentium,Adidas,4,371.57,3473.29,0,55.37,Site,Débito,2,Recusado,Total Express,Atrasado
65,PED-45838,2025-11-04,2024-10-06,851,Augusto Costa,diegomontenegro@example.org,Viana Paulista,AL,Casa,Doloremque,Nike,2,1625.91,549.01,0,110.62,app,Débito,12,Aprovado,Jadlog,Em trânsito
66,PED-54548,2025-04-01,2024-10-05,1040,Yasmin Vasconcelos,guilhermecardoso@example.com,Pinto da Praia,RR,Roupas,Aliquam,Samsung,3,2554.88,2939.29,20,119.87,Aplicativo,Débito,2,Pendente,Jadlog,Em trânsito
67,PED-82340,2024-08-13,2025-11-25,1113,Bryan da Cunha,da-mataravi@example.com,Ferreira da Praia,SP,Casa,Sint,Nike,3,3050.13,3433.67,0,68.62,SITE,Boleto,1,Recusado,Total Express,Em trânsito
68,PED-59968,2025-11-24,2025-07-18,791,Luana Siqueira,valentim31@example.com,Mendes,BA,eletronicos,Numquam,Nike,1,485.55,3380.47,0,104.36,Aplicativo,Crédito,3,Pendente,Correios,Atrasado
69,PED-28894,2024-12-30,2025-09-28,840,Leandro Costa,davi-miguelnovais@example.org,Cirino de da Luz,MG,eletronicos,Consectetur,Samsung,4,2746.26,964.33,20,83.12,Site,Pix,12,Pendente,Jadlog,Atrasado
70,PED-73956,2024-08-08,2025-08-01,1109,Valentim Araújo,silveiraaylla@example.com,Moura de Minas,MS,Eletrônicos,Similique,Adidas,1,859.96,2411.18,0,119.69,Site,Boleto,1,Aprovado,Jadlog,Entregue
71,PED-49251,2025-11-24,2025-12-08,60,Srta. Alana Aparecida,fnunes@example.org,Pereira do Norte,BA,Eletrônicos,Possimus,LG,1,1062.12,1343.2,0,29.3,Aplicativo,Débito,1,aprovado,Correios,Atrasado
72,PED-60140,2024-11-25,2025-01-18,494,Dra. Juliana Duarte,maria-flor06@example.net,Correia dos Dourados,RS,Casa,Amet,Adidas,2,851.05,2250.77,10,30.64,Site,Boleto,1,aprovado,Correios,Em trânsito
73,PED-55293,2025-07-04,2024-10-14,613,Bárbara Fernandes,piresrael@example.net,Fernandes Grande,ES,Casa,Ex,Genérica,3,1626.08,1092.32,10,102.4,Site,Débito,2,Recusado,Total Express,Em trânsito
74,PED-48696,2024-07-02,2024-10-04,45,Heloísa Pereira,samuelfonseca@example.net,Rezende das Flores,DF,Casa,Iure,LG,1,2002.46,2416.01,30,116.83,app,Boleto,12,Recusado,Correios,Atrasado
75,PED-56179,2024-03-20,2025-03-22,449,Rodrigo Rezende,azevedomelissa@example.org,Gomes,PA,eletronicos,Quos,Adidas,3,2388.29,2537.2,30,81.7,SITE,Crédito,6,Aprovado,Jadlog,Em trânsito
76,PED-14373,2025-01-27,2025-04-25,1187,Giovanna Borges,valentim36@example.net,da Cruz,AL,Roupas,Excepturi,Genérica,2,360.96,1068.13,30,49.86,SITE,Débito,12,Recusado,Total Express,Atrasado
77,PED-45720,2024-02-21,2025-08-13,337,Mariane Caldeira,naparecida@example.com,Gomes,SP,Roupas,Deleniti,Nike,3,2625.63,1218.57,0,56.2,Site,Débito,12,aprovado,Total Express,Atrasado
78,PED-98395,2024-03-28,2024-09-29,814,Pedro Silva,maria-fernandacamargo@example.com,Jesus,RN,Beleza,Nulla,LG,1,2777.85,98.02,20,14.83,App,Pix,3,Pendente,Total Express,Em trânsito
79,PED-24201,2024-02-23,2024-09-06,479,Melissa Silveira,ida-costa@example.net,Mendonça do Sul,RR,Casa,Consequuntur,Samsung,5,3100.61,1986.86,20,26.56,Site,Boleto,6,Recusado,Total Express,Em trânsito
80,PED-25292,2024-05-28,2025-10-12,287,Bárbara Gomes,vda-luz@example.net,Vargas de Ferreira,AC,Eletrônicos,Tempora,Samsung,3,3485.95,450.62,0,106.47,SITE,Boleto,2,Recusado,Total Express,Atrasado
81,PED-80804,2025-12-04,2024-12-16,859,João Pedro Macedo,lucas-gabrielcarvalho@example.com,Silveira das Pedras,ES,Beleza,Officia,Genérica,2,3104.68,2309.48,10,73.88,App,Crédito,6,Recusado,Correios,Em trânsito
82,PED-68287,2024-09-28,2025-07-04,484,Ana Vitória Teixeira,liz38@example.org,Ferreira,TO,Roupas,Non,Samsung,3,1928.41,3423.56,0,7.27,App,Débito,1,Pendente,Correios,Atrasado
83,PED-37801,2025-07-19,2024-06-15,44,Hadassa Moreira,luisacasa-grande@example.org,Rodrigues de Câmara,RR,Eletrônicos,Amet,LG,2,3461.43,2765.07,0,8.23,app,Débito,3,aprovado,Correios,Em trânsito
84,PED-29340,2024-02-28,2024-06-23,6,Maria Eduarda Fonseca,anamarques@example.org,da Mota Alegre,SE,Roupas,Voluptatibus,Apple,2,1913.74,2804.87,0,79.33,Site,Débito,1,Recusado,Correios,Atrasado
85,PED-52437,2025-11-26,2026-02-02,33,Dr. Fernando Montenegro,jsouza@example.com,Campos,PE,eletronicos,Error,LG,1,487.32,1502.31,0,89.48,Aplicativo,Boleto,12,Recusado,Total Express,Atrasado
86,PED-24293,2025-10-11,2025-06-25,926,Matteo Sampaio,ana-luizacosta@example.com,Carvalho,AL,Beleza,Ab,Apple,5,199.61,2752.13,30,62.57,Aplicativo,Crédito,1,Pendente,Jadlog,Em trânsito
87,PED-99928,2024-05-14,2024-08-31,222,Yago Gomes,isabella78@example.net,Souza,DF,Casa,Cupiditate,Genérica,4,303.54,328.73,20,17.8,SITE,Pix,3,Recusado,Jadlog,Atrasado
88,PED-79541,2025-05-16,2024-09-04,604,Ana Cecília Vieira,fcaldeira@example.com,Porto do Galho,RJ,Casa,Vel,Adidas,5,1534.19,2786.18,0,102.34,app,Débito,2,Pendente,Correios,Em trânsito
89,PED-54424,2024-04-04,2025-04-18,929,Caleb Novaes,da-cunharebeca@example.org,Lopes,AL,Casa,Eaque,Nike,1,1128.29,1128.21,0,44.92,SITE,Boleto,1,Aprovado,Correios,Entregue
90,PED-66606,2024-12-20,2025-08-01,198,Kamilly Câmara,enzo-gabrieloliveira@example.org,Correia,RJ,Roupas,At,Apple,5,256.93,3350.35,20,39.56,Site,Boleto,1,Pendente,Total Express,Entregue
91,PED-47700,2024-02-29,2024-03-18,640,Dra. Kamilly Machado,ecassiano@example.org,Rios do Campo,SP,Roupas,Dolore,Samsung,5,1800.57,583.82,10,26.91,Site,Pix,12,Recusado,Correios,Em trânsito
92,PED-85248,2024-08-30,2025-10-02,464,Ísis Machado,ayllamacedo@example.net,Vasconcelos do Sul,AM,Casa,Quae,Adidas,5,2166.83,2267.31,0,73.08,App,Crédito,1,Recusado,Total Express,Em trânsito
93,PED-54541,2024-02-03,2024-12-24,719,Luiz Gustavo Porto,mateusborges@example.org,Cavalcante Verde,RJ,Eletrônicos,Dolorum,Apple,2,2003.81,1432.71,0,88.92,Site,Crédito,6,aprovado,Jadlog,Em trânsito
94,PED-69460,2024-02-11,2025-06-07,699,Cecilia Garcia,xda-cunha@example.com,Moreira do Sul,RJ,eletronicos,Ut,LG,3,2539.51,2730.08,20,71.55,Site,Débito,1,Aprovado,Total Express,Entregue
95,PED-45665,2025-02-07,2025-05-28,908,Maria Laura Mendes,garciahenry-gabriel@example.net,Dias,RS,Casa,Illo,Nike,5,1575.05,992.43,20,13.66,Aplicativo,Crédito,1,Pendente,Total Express,Atrasado
96,PED-50425,2024-09-11,2024-09-03,94,Sabrina Sá,ribeiropedro-henrique@example.net,Campos do Oeste,AL,eletronicos,Perspiciatis,Nike,5,239.0,755.26,0,92.08,App,Pix,1,Aprovado,Correios,Em trânsito
97,PED-66446,2024-07-01,2024-10-21,360,Nicole Machado,arthur-gabriel58@example.org,Mendes de Goiás,SC,eletronicos,Consequuntur,Nike,5,2477.67,1775.91,30,96.74,Site,Boleto,12,Aprovado,Jadlog,Entregue
98,PED-70260,2024-04-02,2025-08-31,160,Sr. Caleb Silva,maysa99@example.net,Carvalho,RR,Roupas,Error,Adidas,4,2028.23,2497.77,10,34.74,Aplicativo,Crédito,1,aprovado,Total Express,Em trânsito
99,PED-57428,2024-05-02,2025-09-24,181,José Pedro Souza,silvaisabella@example.org,Melo de da Costa,PA,Casa,Labore,Samsung,2,1553.08,1431.55,0,47.49,App,Pix,1,Recusado,Correios,Entregue
100,PED-76910,2024-11-09,2025-01-29,234,Sra. Ana Lívia Vieira,sarabrito@example.org,Ferreira,ES,Beleza,In,Adidas,2,3175.43,1255.34,30,114.99,SITE,Débito,1,aprovado,Jadlog,Entregue
101,PED-32740,2025-10-24,2024-09-09,314,Luna Azevedo,ydas-neves@example.net,Nascimento,BA,Eletrônicos,Quaerat,Apple,4,1650.64,1994.89,20,53.87,app,Pix,12,Recusado,Correios,Em trânsito
102,PED-18950,2024-03-23,2024-09-14,961,Allana Melo,mariane52@example.com,Vasconcelos,MG,Casa,Ipsum,Genérica,3,2797.34,2090.4,0,60.88,App,Boleto,2,Aprovado,Correios,Em trânsito
103,PED-47627,2024-10-09,2024-12-11,158,Melissa da Rocha,jose-pedronovaes@example.net,Sousa,TO,Eletrônicos,Eaque,Adidas,5,1799.38,1646.36,20,114.51,Site,Boleto,12,aprovado,Jadlog,Atrasado
104,PED-72341,2024-10-20,2026-01-17,1027,Pedro Henrique da Costa,vitorpacheco@example.net,Fogaça do Oeste,MS,eletronicos,Aliquam,Samsung,4,407.08,3151.99,0,117.89,Site,Débito,1,aprovado,Total Express,Em trânsito
105,PED-67595,2024-05-12,2024-10-28,1074,Leandro Correia,rodriguesmaite@example.org,Vargas,AC,Beleza,Molestiae,Adidas,2,1305.45,3216.88,10,49.05,App,Crédito,12,Recusado,Correios,Em trânsito
106,PED-22387,2025-04-22,2025-01-02,1143,Fernanda Martins,evelyn52@example.com,Fernandes Grande,RO,Casa,Eveniet,LG,3,2546.88,2315.15,20,104.79,App,Crédito,3,aprovado,Jadlog,Em trânsito
107,PED-95990,2024-11-25,2024-02-25,803,Dra. Olivia Rezende,dmoraes@example.org,Macedo,RR,eletronicos,Enim,Adidas,1,1118.06,1349.54,0,97.58,app,Crédito,6,Pendente,Total Express,Em trânsito
108,PED-12389,2025-08-13,2025-03-26,743,Maria Alice Farias,da-rosamarina@example.net,Fogaça do Amparo,SE,Roupas,Laudantium,Apple,2,1228.98,2693.24,0,27.19,SITE,Débito,1,Recusado,Correios,Atrasado
109,PED-80748,2024-10-17,2025-11-16,1079,Nina Nogueira,aylada-luz@example.com,Teixeira,RJ,Eletrônicos,Veritatis,Genérica,3,3073.56,2182.21,20,45.21,SITE,Débito,12,aprovado,Total Express,Em trânsito
110,PED-15726,2025-04-08,2025-06-05,842,Maria Julia Brito,eleao@example.net,Nunes da Prata,MA,Roupas,Exercitationem,Genérica,2,3395.08,2156.55,30,94.06,SITE,Débito,1,Pendente,Correios,Em trânsito
111,PED-98907,2025-10-08,2024-06-14,1169,Sr. João Pedro Farias,marquesmaria-julia@example.com,Silveira das Pedras,SE,Casa,Iusto,Nike,3,2734.53,1785.03,10,115.95,SITE,Débito,12,Recusado,Correios,Atrasado
112,PED-72991,2025-09-19,2025-06-07,761,Enzo Novais,yagocamara@example.org,Fonseca Verde,SC,Beleza,At,Samsung,5,2986.52,1033.47,0,32.73,app,Débito,12,Pendente,Correios,Entregue
113,PED-69130,2025-07-15,2025-03-04,716,Gabriel Cardoso,lfreitas@example.org,Campos,CE,Eletrônicos,Illo,Nike,1,1417.77,1340.17,10,119.34,App,Débito,1,Recusado,Correios,Atrasado
114,PED-95191,2026-01-01,2025-01-05,687,Emanuella Rodrigues,da-luzmaite@example.com,Brito de Minas,BA,eletronicos,Ut,Apple,1,1039.73,2912.68,30,99.73,Aplicativo,Boleto,3,Aprovado,Correios,Entregue
115,PED-43544,2024-06-24,2025-12-27,442,Brayan Almeida,lizviana@example.org,Moraes,SC,eletronicos,Quibusdam,Adidas,5,1870.81,433.59,0,28.52,Site,Crédito,1,Pendente,Total Express,Atrasado
116,PED-69914,2024-09-29,2025-03-19,129,Gustavo Vargas,sophia12@example.org,Nogueira,AC,Eletrônicos,Ipsa,Nike,5,1899.39,2230.24,20,29.03,SITE,Pix,2,Aprovado,Total Express,Em trânsito
117,PED-41531,2025-08-07,2025-03-29,1169,Maria Eduarda Sousa,salesgustavo@example.com,Ferreira,AL,Casa,Sint,Apple,1,1856.02,1294.08,20,65.29,app,Crédito,2,Pendente,Correios,Atrasado
118,PED-60709,2025-12-22,2025-11-13,765,Jade Cassiano,ayllafreitas@example.com,das Neves das Flores,MA,Roupas,Dicta,Genérica,1,1281.97,283.08,0,87.95,Site,Pix,1,Aprovado,Jadlog,Atrasado
119,PED-54374,2024-08-28,2024-07-18,359,Juliana Garcia,montenegroeloa@example.com,Ramos,RO,Casa,Itaque,Genérica,4,2229.49,2849.67,0,85.93,Aplicativo,Crédito,1,aprovado,Correios,Entregue
120,PED-15492,2025-01-08,2024-06-02,647,Luiz Miguel Cavalcanti,idas-neves@example.com,Barros,RO,Roupas,Blanditiis,Adidas,4,3462.47,1923.46,0,4.39,SITE,Pix,1,Aprovado,Total Express,Em trânsito
121,PED-45811,2024-11-30,2025-09-02,255,Rael Marques,andreda-conceicao@example.org,Rezende,TO,Roupas,Ab,Nike,4,2614.41,3136.5,10,40.68,SITE,Boleto,6,Pendente,Jadlog,Atrasado
122,PED-44959,2025-01-17,2024-08-14,170,Luiz Gustavo Ribeiro,ester19@example.net,Câmara de da Rosa,AM,Casa,Distinctio,Samsung,4,2128.46,2887.08,20,35.25,Site,Crédito,1,Recusado,Jadlog,Em trânsito
123,PED-88986,2024-12-16,2025-07-22,873,Benicio Rocha,teixeiraluiz-henrique@example.net,Peixoto Verde,AL,eletronicos,Magnam,Genérica,4,1262.84,196.13,0,73.78,Aplicativo,Pix,6,Aprovado,Correios,Atrasado
124,PED-93560,2024-02-07,2025-10-09,832,Sr. Ravi Costa,leticia80@example.com,Pimenta de da Cruz,MS,Roupas,Tenetur,Adidas,2,3337.12,542.59,20,81.37,Aplicativo,Crédito,1,Aprovado,Correios,Atrasado
125,PED-58015,2024-09-30,2024-07-12,742,Kaique Cavalcante,lunadas-neves@example.com,Pereira Paulista,ES,Casa,Soluta,Adidas,1,2137.58,2392.76,0,44.64,Site,Débito,3,Recusado,Jadlog,Em trânsito
126,PED-95139,2025-12-30,2024-03-15,571,Isabel Santos,marcos-viniciusda-mota@example.com,Mendonça,PR,eletronicos,Vitae,Samsung,1,2588.08,1771.7,10,109.63,Site,Pix,12,Recusado,Total Express,Em trânsito
127,PED-38124,2025-07-02,2025-01-28,585,Rodrigo Costa,valentim88@example.com,Sousa,TO,Casa,Similique,Apple,1,518.26,305.48,0,107.84,Aplicativo,Crédito,12,Recusado,Total Express,Em trânsito
128,PED-18511,2025-06-03,2025-04-15,1127,Camila Cavalcanti,marcos-viniciuscunha@example.com,Farias das Pedras,MT,Beleza,Laborum,LG,3,2987.2,2505.74,30,76.52,App,Débito,1,aprovado,Correios,Entregue
129,PED-74752,2024-08-02,2025-12-29,54,Milena Cavalcanti,joaosa@example.org,Cirino de Borges,PR,Roupas,Quasi,Adidas,5,1322.74,2822.63,20,15.57,Site,Crédito,1,Pendente,Total Express,Atrasado
130,PED-72739,2024-07-28,2025-08-27,1077,Dr. Gael da Mata,rioscarlos-eduardo@example.net,Porto,GO,Casa,Error,Nike,5,304.44,3404.71,30,8.9,Aplicativo,Pix,1,aprovado,Correios,Em trânsito
131,PED-75911,2025-09-17,2025-12-28,114,João Pedro Costela,da-rochamathias@example.net,Pires de da Paz,AM,Eletrônicos,Velit,Adidas,2,1099.23,608.79,30,27.06,app,Pix,12,Aprovado,Jadlog,Entregue
132,PED-93238,2024-08-24,2025-01-15,1129,Alana Moura,franciscocavalcanti@example.net,Borges,RR,Roupas,Repellendus,Apple,3,2169.78,372.33,30,20.24,app,Débito,1,Recusado,Total Express,Entregue
133,PED-13718,2026-01-11,2025-05-19,167,Dr. Apollo Moreira,jade01@example.com,Sá da Mata,AL,Eletrônicos,Nemo,Genérica,5,963.06,777.29,20,49.99,Site,Boleto,6,Recusado,Total Express,Em trânsito
134,PED-73300,2024-05-11,2026-01-28,502,Ana Luiza Sampaio,luna82@example.com,Andrade da Praia,SE,Casa,Nisi,LG,4,301.76,256.7,10,49.87,Aplicativo,Débito,1,aprovado,Jadlog,Atrasado
135,PED-51853,2024-06-27,2025-12-08,708,Dr. Lucca Novais,clara24@example.net,Azevedo de Teixeira,RO,Casa,Maxime,Apple,3,1826.68,416.33,0,55.98,App,Boleto,1,aprovado,Correios,Entregue
136,PED-48038,2025-10-09,2024-08-30,787,Ana Júlia Aragão,ottorezende@example.com,Azevedo da Prata,RR,Beleza,Omnis,Nike,2,3371.27,3162.97,0,112.05,App,Débito,12,aprovado,Jadlog,Atrasado
137,PED-71186,2024-07-17,2025-01-29,1022,Gustavo Fogaça,gustavo-henriqueda-mata@example.org,Castro,RN,Roupas,Ullam,Nike,1,360.67,1406.69,10,116.0,SITE,Pix,1,Aprovado,Jadlog,Em trânsito
138,PED-88317,2024-12-09,2024-03-21,964,Thiago Peixoto,naragao@example.com,da Mota,MT,Roupas,Quam,Adidas,1,2972.74,1536.7,0,87.3,Aplicativo,Pix,1,Pendente,Correios,Atrasado
139,PED-83638,2024-09-17,2025-11-09,399,Srta. Julia Brito,pereiraemanuel@example.org,Cardoso,PI,Roupas,Cum,Adidas,3,303.68,1789.68,20,33.57,app,Crédito,1,Aprovado,Jadlog,Em trânsito
140,PED-54444,2024-02-08,2024-04-28,1143,Gustavo Cavalcante,vabreu@example.com,Sales,AM,Roupas,Occaecati,Apple,2,2128.5,1434.79,0,5.44,SITE,Pix,12,Pendente,Total Express,Em trânsito
141,PED-29521,2024-05-24,2026-01-29,1056,Lucca Gomes,davi-luiz35@example.org,Santos Grande,AM,eletronicos,Unde,LG,5,1148.93,1405.69,20,88.72,App,Pix,3,Pendente,Total Express,Atrasado
142,PED-49294,2024-06-23,2025-01-26,973,Stella Farias,correialorena@example.org,da Rosa,SP,Eletrônicos,Non,LG,3,2374.63,3430.65,20,36.92,Site,Boleto,1,aprovado,Total Express,Entregue
143,PED-86483,2024-10-29,2024-05-06,984,Benjamin Cavalcante,noah06@example.net,Pereira da Praia,PB,eletronicos,Eum,Adidas,5,2722.39,1361.66,30,29.06,app,Crédito,1,Aprovado,Jadlog,Em trânsito
144,PED-64890,2024-07-23,2025-07-02,311,Olívia Dias,gael-henriqueda-costa@example.com,Guerra de Gonçalves,AM,Casa,Consequatur,Genérica,2,1465.8,2723.65,10,104.74,Site,Débito,3,aprovado,Total Express,Em trânsito
145,PED-96799,2025-05-26,2025-07-28,980,Guilherme Santos,haraujo@example.org,Porto,AL,Beleza,Iure,Nike,3,3350.56,1635.84,20,41.08,App,Pix,3,Pendente,Correios,Entregue
146,PED-46569,2024-04-13,2025-05-01,1143,Srta. Alice Câmara,alexiacasa-grande@example.org,Farias de Minas,RR,Roupas,Natus,Apple,3,2710.55,2481.91,30,84.6,App,Boleto,1,Recusado,Jadlog,Entregue
147,PED-85166,2025-03-01,2024-08-22,1113,Amanda Lima,ester33@example.com,Nascimento,MS,Casa,Laudantium,Nike,3,3343.4,2825.92,0,5.05,Site,Pix,2,Recusado,Total Express,Em trânsito
148,PED-38047,2025-07-01,2026-01-24,414,Dr. Lucas Gabriel Santos,jporto@example.com,Correia,BA,Beleza,Molestiae,LG,5,2451.79,523.59,20,88.91,SITE,Débito,1,aprovado,Total Express,Entregue
149,PED-16880,2025-07-21,2024-03-22,206,Caroline da Mota,ojesus@example.com,Castro do Oeste,RO,Casa,Iste,LG,4,396.88,2709.14,0,115.74,SITE,Boleto,6,Pendente,Jadlog,Atrasado
150,PED-36143,2025-08-25,2025-01-04,589,Dr. João Miguel Macedo,lorenamarques@example.org,da Conceição de Pacheco,AM,Roupas,Cum,LG,1,3182.38,358.64,20,27.87,Site,Débito,2,aprovado,Correios,Em trânsito
151,PED-74930,2025-03-09,2024-08-11,382,Guilherme da Rocha,livia34@example.com,da Mota,ES,Roupas,Voluptas,Samsung,1,1079.45,2129.6,0,34.15,app,Boleto,1,Pendente,Jadlog,Entregue
152,PED-24764,2025-07-23,2025-03-04,678,Arthur Gabriel Santos,ravi57@example.com,da Paz,BA,eletronicos,Ipsam,Genérica,4,2286.58,2529.16,0,88.39,App,Débito,1,Pendente,Jadlog,Atrasado
153,PED-52982,2026-01-25,2024-05-17,178,Luiz Miguel Dias,lmelo@example.com,da Rocha das Pedras,PB,Casa,Maiores,Genérica,1,687.5,535.11,0,112.3,Site,Pix,2,aprovado,Jadlog,Em trânsito
154,PED-53204,2025-10-05,2024-06-12,619,Srta. Maria Cecília Barbosa,camaramariane@example.com,Rocha das Pedras,RO,Beleza,Occaecati,Genérica,5,89.45,2305.21,30,28.36,Site,Boleto,1,aprovado,Jadlog,Atrasado
155,PED-75866,2024-04-10,2025-09-22,637,Maria Fernanda Viana,hda-paz@example.com,Nogueira,MT,Eletrônicos,Velit,Genérica,3,1318.03,811.93,0,57.38,Aplicativo,Pix,2,Pendente,Total Express,Atrasado
156,PED-38627,2025-08-12,2024-05-04,507,João Felipe Vargas,isabeldas-neves@example.com,Albuquerque,ES,Beleza,Cum,Samsung,5,1591.28,2477.99,0,110.07,Site,Crédito,12,aprovado,Total Express,Atrasado
157,PED-29641,2025-05-22,2025-05-02,337,Isaac Siqueira,silveiradavi-lucas@example.org,Sá do Norte,PB,Roupas,Nulla,Adidas,4,451.03,758.64,20,58.66,app,Boleto,12,Aprovado,Jadlog,Entregue
158,PED-77272,2025-04-22,2025-11-21,851,Maria Vitória da Rocha,pedro-henrique38@example.org,Lima da Prata,ES,Casa,Necessitatibus,Adidas,1,1977.85,2371.05,0,86.79,Aplicativo,Pix,12,Aprovado,Total Express,Entregue
159,PED-85800,2025-03-23,2024-03-26,150,Yasmin Sampaio,paparecida@example.com,Sousa da Mata,MA,Eletrônicos,Vel,Nike,3,2466.33,1917.01,0,112.15,Site,Boleto,1,Recusado,Jadlog,Entregue
160,PED-27750,2025-07-07,2024-02-29,861,Dra. Cecilia Moraes,yrios@example.org,da Luz,MG,Roupas,Illum,Nike,4,3050.19,3178.35,10,9.63,app,Débito,6,Recusado,Correios,Entregue
161,PED-80419,2024-11-20,2024-05-24,805,Dra. Hadassa Pastor,lorenzosouza@example.org,Pereira de Cavalcante,PI,Beleza,Eius,Apple,2,2930.13,2658.82,0,55.56,app,Boleto,3,Pendente,Correios,Entregue
162,PED-70375,2025-03-12,2024-10-30,709,Arthur Rezende,peixotoana-julia@example.net,Aparecida,MS,eletronicos,Dicta,LG,2,3284.07,2551.33,0,3.87,Aplicativo,Crédito,1,aprovado,Correios,Entregue
163,PED-87849,2025-12-18,2025-05-07,69,Isabel Campos,aurora50@example.net,Martins do Sul,PI,Casa,Nesciunt,Adidas,1,894.33,202.62,10,28.12,SITE,Crédito,1,Recusado,Correios,Atrasado
164,PED-85511,2025-01-10,2025-09-26,654,Clara Sousa,leonovais@example.com,da Paz Verde,MS,Beleza,Occaecati,Adidas,3,867.32,3073.09,30,62.55,Aplicativo,Pix,1,Aprovado,Total Express,Atrasado
165,PED-32955,2024-12-19,2025-09-21,875,Gustavo Henrique Lopes,rodriguessarah@example.com,Pacheco,RN,Beleza,Inventore,Nike,1,3404.4,3298.47,30,45.74,app,Pix,6,Pendente,Jadlog,Entregue
166,PED-49306,2024-04-19,2024-10-18,771,Agatha Leão,bruna70@example.com,Almeida,RS,eletronicos,Iure,Adidas,4,881.34,827.44,30,17.32,Aplicativo,Crédito,3,Pendente,Jadlog,Atrasado
167,PED-79467,2024-04-23,2024-12-16,275,Júlia Borges,liam23@example.net,da Cunha,RO,Casa,Error,Apple,3,751.51,2281.14,10,101.66,Site,Débito,1,Recusado,Jadlog,Atrasado
168,PED-89294,2025-11-08,2024-07-05,81,Sr. Lorenzo Teixeira,rochaesther@example.org,Siqueira,MT,Eletrônicos,Fugiat,Apple,5,2548.85,1978.03,10,25.07,App,Pix,1,aprovado,Correios,Atrasado
169,PED-25376,2024-03-12,2024-07-17,981,Leandro da Rosa,tsilveira@example.com,Montenegro,SE,eletronicos,Aut,Genérica,5,2478.0,1418.38,0,66.25,App,Boleto,2,Recusado,Jadlog,Em trânsito
170,PED-57139,2025-05-25,2025-09-18,1051,Ravi Souza,davi-lucca61@example.org,Castro,GO,Casa,Ullam,Nike,1,2819.72,2542.33,0,109.72,App,Pix,2,Aprovado,Total Express,Entregue
171,PED-29126,2025-02-11,2025-11-17,34,Melina Martins,vfernandes@example.com,Nunes de Mendonça,TO,Roupas,Veniam,Adidas,5,2048.04,1490.64,0,23.54,SITE,Boleto,3,aprovado,Jadlog,Atrasado
172,PED-95800,2025-06-10,2024-03-23,692,Sra. Marcela Silveira,mouraevelyn@example.net,Pastor,SE,Roupas,Doloremque,Nike,4,1639.86,2578.06,0,20.31,app,Boleto,1,Aprovado,Total Express,Entregue
173,PED-19742,2024-07-11,2025-09-04,100,Dra. Bárbara da Mata,jnovaes@example.net,Fernandes de Minas,PE,Eletrônicos,Quo,Nike,2,2956.78,848.45,30,18.12,SITE,Boleto,1,Aprovado,Total Express,Atrasado
174,PED-97392,2024-12-23,2025-04-30,990,Bryan da Mata,silveirahenry-gabriel@example.com,Câmara Paulista,CE,Casa,Quidem,Samsung,1,1886.13,1469.12,0,63.53,App,Pix,1,Pendente,Correios,Entregue
175,PED-22624,2024-03-16,2024-04-30,1074,Laura da Luz,levi93@example.org,Montenegro do Campo,SP,eletronicos,Corrupti,Apple,2,2188.24,920.84,0,32.08,Aplicativo,Crédito,1,Pendente,Jadlog,Atrasado
176,PED-41877,2025-04-08,2024-10-19,463,Maysa Duarte,carolineda-cruz@example.net,Vasconcelos,RN,Roupas,Eum,Genérica,1,2305.39,3010.86,0,11.22,Aplicativo,Boleto,3,Pendente,Correios,Atrasado
177,PED-11238,2025-02-27,2024-09-21,351,Júlia Aragão,vitoriacunha@example.com,Macedo,BA,Eletrônicos,Tenetur,Nike,4,2274.93,1192.88,0,107.37,Site,Débito,1,Pendente,Jadlog,Entregue
178,PED-19744,2025-04-30,2024-02-29,575,Dra. Maria Helena Cardoso,nsales@example.com,Duarte das Pedras,DF,Beleza,Voluptatum,Adidas,1,668.77,2983.98,0,115.38,app,Débito,12,Pendente,Correios,Em trânsito
179,PED-31292,2025-03-30,2025-04-26,1155,Srta. Vitória Cavalcante,vasconcelosheloisa@example.net,Caldeira,PE,eletronicos,Tenetur,Adidas,4,2385.77,1914.94,10,90.67,SITE,Crédito,3,Recusado,Correios,Entregue
180,PED-67290,2024-03-30,2024-11-21,476,Apollo Silveira,thomasabreu@example.net,Vargas de Pacheco,AC,Eletrônicos,Harum,LG,5,2703.07,3344.26,10,116.27,App,Crédito,6,Recusado,Jadlog,Em trânsito
181,PED-39902,2025-12-29,2024-04-10,729,Murilo Cavalcanti,brodrigues@example.com,Novaes,MT,Beleza,Ullam,Nike,4,690.8,2071.27,10,10.28,app,Pix,12,aprovado,Total Express,Entregue
182,PED-20752,2024-12-08,2024-08-07,549,Yago da Cunha,ioliveira@example.com,Novais do Norte,MT,eletronicos,Dolore,Nike,2,2601.81,1142.54,0,10.98,App,Boleto,1,Recusado,Correios,Entregue
183,PED-21442,2024-10-01,2025-07-17,384,Mariana Cirino,cardosopedro-lucas@example.net,Moreira de Minas,PB,Casa,Sit,Nike,5,1963.85,1457.75,0,10.75,app,Crédito,3,Recusado,Jadlog,Entregue
184,PED-48253,2024-09-26,2024-04-14,848,Sr. Léo Vargas,isis20@example.com,Peixoto de Rodrigues,AL,Casa,Ullam,Samsung,5,3172.97,3424.7,20,62.53,Aplicativo,Débito,1,Recusado,Jadlog,Em trânsito
185,PED-74634,2025-01-11,2024-05-09,299,Gabriel da Cruz,dda-mota@example.org,Fernandes de Monteiro,RO,Eletrônicos,Quam,Apple,4,1002.07,1084.15,0,43.33,SITE,Boleto,3,aprovado,Jadlog,Entregue
186,PED-27758,2024-04-14,2024-04-01,624,Dr. Dom Pires,joao29@example.org,Nunes de Garcia,PR,Eletrônicos,Asperiores,Nike,3,2953.57,1360.62,0,52.83,Aplicativo,Débito,1,Recusado,Total Express,Atrasado
187,PED-36326,2024-07-07,2024-10-20,982,Beatriz Rocha,jesusisabela@example.net,Montenegro,PE,Roupas,Reprehenderit,Apple,4,3392.1,1055.5,30,75.95,app,Débito,1,Pendente,Jadlog,Em trânsito
188,PED-57843,2025-03-26,2025-11-05,234,Murilo Mendes,milena59@example.com,da Conceição de Minas,RO,Beleza,Amet,Apple,5,3490.56,670.75,20,3.23,Aplicativo,Débito,2,Recusado,Total Express,Entregue
189,PED-63627,2024-09-05,2024-07-29,1023,Kevin da Luz,igorsa@example.net,Nascimento,DF,eletronicos,Voluptatem,Genérica,3,884.97,2322.39,30,50.78,Aplicativo,Crédito,2,Pendente,Total Express,Em trânsito
190,PED-80040,2025-01-16,2025-03-17,1038,Ravi Correia,sophie80@example.org,Costa Verde,PR,Casa,Unde,Adidas,1,2777.99,1290.38,20,71.26,Site,Crédito,12,aprovado,Total Express,Atrasado
191,PED-56531,2024-08-11,2024-07-20,341,Dom Caldeira,hporto@example.com,da Rosa,MG,Beleza,Suscipit,Samsung,5,3443.45,2387.28,10,116.02,App,Boleto,1,Aprovado,Correios,Em trânsito
192,PED-39098,2025-01-09,2024-03-14,1046,Benjamin Teixeira,ana-vitoriafogaca@example.com,Novaes,RN,Beleza,Ipsa,Adidas,5,2422.44,812.56,0,46.94,app,Débito,1,Aprovado,Jadlog,Entregue
193,PED-48722,2025-01-09,2025-04-21,852,Sra. Esther Moura,sazevedo@example.com,da Paz,CE,Eletrônicos,Maxime,Samsung,2,1251.73,1233.58,0,62.53,App,Boleto,1,Pendente,Total Express,Atrasado
194,PED-69303,2025-10-19,2025-08-23,654,Apollo Andrade,diasapollo@example.org,Guerra,RN,Eletrônicos,Asperiores,LG,1,2845.14,447.04,0,77.76,SITE,Débito,3,aprovado,Total Express,Entregue
195,PED-53383,2025-06-14,2024-08-28,1147,Dr. Alexandre Freitas,larabarbosa@example.net,Monteiro,DF,Casa,Ipsa,Nike,2,2802.26,2222.67,0,76.86,Aplicativo,Boleto,1,aprovado,Jadlog,Atrasado
196,PED-66302,2024-11-02,2025-11-13,797,Benjamin da Costa,sousahenry@example.org,Fonseca de Albuquerque,PI,Eletrônicos,Fugit,Genérica,2,759.96,2645.52,0,69.28,app,Débito,1,Recusado,Correios,Em trânsito
197,PED-24936,2024-07-12,2025-08-09,538,Heloísa Pimenta,eloaramos@example.com,Sá de Abreu,MS,Casa,Delectus,Adidas,3,2109.55,2159.01,20,13.71,App,Boleto,3,aprovado,Total Express,Atrasado
198,PED-48986,2024-02-15,2025-03-08,174,Agatha Garcia,isabellaoliveira@example.org,Rocha,DF,eletronicos,Eaque,LG,1,873.08,453.47,0,83.21,app,Boleto,2,aprovado,Total Express,Em trânsito
199,PED-65448,2024-07-11,2025-08-13,381,Hellena Caldeira,ana-julia92@example.com,Santos do Galho,PA,Casa,Molestias,Genérica,5,2442.34,2276.15,0,66.59,Aplicativo,Pix,1,aprovado,Jadlog,Em trânsito
200,PED-91187,2024-07-17,2025-01-03,110,Catarina Ferreira,mcavalcante@example.net,Ribeiro dos Dourados,AM,Roupas,Nulla,Samsung,4,521.04,2862.49,20,60.65,Aplicativo,Boleto,6,Pendente,Jadlog,Atrasado
201,PED-68176,2024-11-05,2024-11-11,1001,Henry Gabriel Mendes,ygomes@example.com,Moura do Amparo,SE,eletronicos,Error,Samsung,5,156.47,2675.65,0,3.92,SITE,Pix,1,Pendente,Total Express,Atrasado
202,PED-74921,2024-03-28,2025-01-28,1126,Bernardo Dias,siqueirahellena@example.org,Peixoto de Minas,DF,Beleza,Doloremque,Samsung,5,444.01,2724.14,0,65.05,Site,Boleto,3,aprovado,Jadlog,Entregue
203,PED-95678,2025-12-21,2025-05-03,507,Heitor Moreira,pedro-miguellima@example.net,Almeida,ES,Roupas,Cupiditate,Samsung,4,956.71,3024.59,0,52.69,Site,Débito,1,Recusado,Total Express,Atrasado
204,PED-92938,2024-05-29,2025-06-07,877,Daniel Novaes,yandas-neves@example.com,Viana,MA,eletronicos,Nobis,Adidas,2,2757.73,2856.68,0,68.41,app,Pix,3,aprovado,Jadlog,Atrasado
205,PED-48356,2025-12-10,2025-01-08,593,Noah Azevedo,felipeporto@example.org,Brito de Minas,AP,Beleza,Maiores,LG,5,3449.93,2393.58,0,16.27,Aplicativo,Crédito,1,aprovado,Total Express,Entregue
206,PED-42725,2025-03-12,2025-06-26,300,Luna Azevedo,renancamara@example.net,da Paz de Cavalcante,AL,Roupas,Facilis,Apple,4,1738.63,2042.12,0,75.34,Aplicativo,Boleto,1,Aprovado,Jadlog,Atrasado
207,PED-46467,2025-02-03,2025-06-30,756,Melina da Mota,goncalvesantonella@example.org,da Costa,GO,Casa,Quis,Nike,3,2057.75,3047.73,30,11.18,Aplicativo,Pix,12,Aprovado,Total Express,Em trânsito
208,PED-38551,2024-03-14,2024-05-12,880,Dr. Rael Farias,vpereira@example.org,Vargas,DF,eletronicos,Laborum,Nike,3,1163.88,1028.4,20,69.35,app,Boleto,12,Recusado,Total Express,Entregue
209,PED-16021,2025-10-05,2025-03-19,204,Sabrina Borges,pedro09@example.org,da Mota das Pedras,DF,Casa,Deleniti,Samsung,1,3256.54,595.04,10,0.08,Aplicativo,Débito,6,aprovado,Total Express,Em trânsito
210,PED-30837,2024-12-23,2024-11-28,562,Dr. Pedro Miguel da Costa,oliveirajoao-pedro@example.org,Ferreira,CE,Eletrônicos,Vel,Genérica,3,913.84,1332.86,30,19.86,Aplicativo,Pix,6,aprovado,Jadlog,Atrasado
211,PED-21953,2026-01-09,2025-11-26,195,Vinicius Almeida,falves@example.org,Albuquerque,RN,Eletrônicos,Beatae,Apple,4,318.89,2098.19,20,81.6,Site,Crédito,6,Recusado,Correios,Em trânsito
212,PED-27324,2024-05-12,2025-08-11,979,Bella Mendonça,machadoarthur@example.com,Barros,AM,Eletrônicos,Fuga,Apple,4,358.19,2830.55,0,37.6,App,Débito,2,aprovado,Total Express,Atrasado
213,PED-28724,2024-11-20,2025-10-23,141,Maysa Oliveira,kevin27@example.com,Ramos das Flores,PA,Beleza,Quidem,Adidas,1,2155.6,616.2,0,86.69,SITE,Boleto,3,Pendente,Correios,Entregue
214,PED-23168,2025-04-04,2024-05-01,287,Mirella Almeida,da-rosaana-vitoria@example.net,Teixeira do Norte,ES,Eletrônicos,Officia,Adidas,4,1262.8,1531.39,0,29.73,Site,Débito,3,Recusado,Total Express,Entregue
215,PED-96298,2024-12-23,2024-03-16,618,José Miguel Santos,scasa-grande@example.com,Cirino de Goiás,SP,eletronicos,Eum,Adidas,5,1807.85,2630.06,0,77.54,SITE,Boleto,2,Aprovado,Correios,Em trânsito
216,PED-93634,2024-08-20,2025-03-16,146,Helena Fernandes,brayan63@example.com,Costa,DF,Beleza,Eos,Samsung,3,3272.04,505.34,20,50.5,app,Débito,12,Pendente,Correios,Entregue
217,PED-86986,2024-09-03,2025-10-29,139,Dra. Melina Correia,diogo15@example.com,da Cruz,PR,Eletrônicos,Reprehenderit,LG,2,187.4,258.62,10,60.79,app,Boleto,2,Pendente,Correios,Atrasado
218,PED-80328,2024-05-05,2025-01-05,1102,Heloisa Leão,mviana@example.net,Jesus dos Dourados,AP,Beleza,Accusamus,Apple,3,338.41,322.62,0,116.92,SITE,Pix,2,Aprovado,Jadlog,Atrasado
219,PED-67342,2024-05-05,2025-10-17,489,João Vitor Melo,britonoah@example.org,Lima,PI,Eletrônicos,Quaerat,Apple,1,3239.97,450.15,20,73.06,App,Débito,1,Aprovado,Total Express,Entregue
220,PED-11487,2024-09-28,2024-06-04,336,Gabriela da Rosa,lsilveira@example.net,Gomes,SC,Casa,Laudantium,LG,5,1834.42,2887.65,0,20.04,SITE,Pix,6,Aprovado,Correios,Em trânsito
221,PED-66272,2024-03-14,2025-04-26,558,Fernando Camargo,cauaferreira@example.net,Jesus,AM,Beleza,Quasi,Samsung,3,2507.52,2039.45,0,59.54,app,Pix,1,Pendente,Total Express,Entregue
222,PED-58193,2024-12-06,2025-09-06,323,Clarice Alves,ksa@example.org,Moreira,SC,Roupas,Architecto,Samsung,5,2375.72,447.9,30,61.06,Site,Crédito,1,Aprovado,Jadlog,Em trânsito
223,PED-60197,2024-04-03,2025-06-02,308,Mariah Aragão,fernanda26@example.org,Vargas,AL,eletronicos,Labore,Samsung,5,2820.75,2513.37,30,50.32,App,Débito,2,Recusado,Jadlog,Entregue
224,PED-84912,2025-09-24,2026-01-30,764,Maria Eduarda Cassiano,mendoncatheo@example.com,Moreira,MT,Eletrônicos,Quibusdam,Adidas,1,668.74,2824.97,0,114.49,Site,Boleto,12,Recusado,Jadlog,Em trânsito
225,PED-21322,2024-05-31,2025-10-15,1133,Sra. Maria Eduarda Pacheco,otaviomachado@example.net,Marques de Minas,MT,Casa,Omnis,Samsung,3,742.32,1995.13,0,88.75,SITE,Boleto,1,Pendente,Correios,Atrasado
226,PED-81638,2024-12-31,2025-10-23,503,Raquel Macedo,beatriz26@example.com,Pastor,TO,eletronicos,Aliquam,Samsung,4,132.49,1918.33,30,100.75,Site,Pix,1,Pendente,Total Express,Atrasado
227,PED-50306,2024-09-19,2024-04-19,213,Bryan Caldeira,apollobarros@example.com,Gonçalves de Guerra,PI,eletronicos,Minus,Adidas,2,1498.36,3366.09,0,85.4,Site,Crédito,1,Pendente,Total Express,Em trânsito
228,PED-70091,2025-09-26,2024-08-29,174,Larissa Silva,apires@example.org,Garcia,AP,Beleza,Voluptas,Samsung,5,510.62,2878.87,0,71.03,Site,Boleto,6,aprovado,Correios,Em trânsito
229,PED-44208,2024-11-16,2025-04-10,646,Mariana Moura,da-cruzana-livia@example.net,Vargas,RN,Casa,Laboriosam,Genérica,3,1147.3,988.25,0,113.23,SITE,Crédito,1,Aprovado,Correios,Em trânsito
230,PED-71086,2025-02-04,2024-03-23,644,Ana Pimenta,lviana@example.org,Fonseca,SE,Casa,Libero,Samsung,5,1286.09,2707.66,10,37.0,App,Crédito,1,aprovado,Total Express,Em trânsito
231,PED-89076,2025-03-12,2025-11-04,83,Manuela Pimenta,lucascosta@example.com,Lopes,RS,eletronicos,Voluptatum,LG,2,364.68,906.35,0,47.55,Site,Pix,1,aprovado,Correios,Em trânsito
232,PED-69270,2025-07-14,2025-11-19,1139,Luiz Otávio Costa,uda-rosa@example.com,Pinto da Mata,PI,Beleza,Expedita,Apple,1,1644.05,2823.44,0,14.57,Site,Débito,1,aprovado,Jadlog,Em trânsito
233,PED-99952,2024-08-27,2025-04-29,173,Gael Henrique Barbosa,freitasesther@example.net,Porto,AL,Beleza,Quam,Adidas,3,3215.13,308.71,0,23.73,Aplicativo,Débito,1,Recusado,Correios,Entregue
234,PED-70423,2024-11-29,2024-09-21,104,Maria Clara da Costa,diogoda-rocha@example.net,Mendes,PA,eletronicos,Nihil,Adidas,4,2884.81,1412.75,0,45.93,Aplicativo,Débito,1,aprovado,Correios,Em trânsito
235,PED-46681,2024-03-14,2024-12-22,914,Srta. Maitê Costela,qgomes@example.com,Gonçalves Alegre,PR,eletronicos,Omnis,Samsung,5,2186.16,897.96,0,59.87,app,Boleto,1,Aprovado,Jadlog,Em trânsito
236,PED-27987,2024-09-15,2025-09-04,859,Gustavo Souza,fcaldeira@example.net,Martins,AL,eletronicos,Voluptatem,Genérica,5,909.56,3479.6,20,95.38,Aplicativo,Pix,2,Pendente,Jadlog,Atrasado
237,PED-75849,2025-03-23,2024-04-04,659,Sophie Nunes,isaacgomes@example.com,Cavalcanti do Galho,RN,Casa,Quaerat,LG,2,139.92,2110.05,0,107.49,App,Crédito,12,Pendente,Total Express,Em trânsito
238,PED-86544,2025-11-18,2025-12-15,477,Ana Carolina da Cruz,ana-sophiacarvalho@example.net,Caldeira,AC,eletronicos,Quos,Samsung,2,2316.18,969.52,30,6.71,SITE,Boleto,1,aprovado,Correios,Entregue
239,PED-87662,2025-10-29,2026-01-23,652,Esther da Mota,maya64@example.com,Silva de Farias,RN,Roupas,Beatae,Adidas,1,2476.91,1263.3,20,67.63,app,Débito,12,Pendente,Total Express,Em trânsito
240,PED-33010,2025-08-10,2024-08-06,1005,Clara Novais,ana-carolinavasconcelos@example.net,Almeida de Minas,AP,Eletrônicos,Dolores,Samsung,1,852.55,804.89,20,57.36,App,Débito,12,aprovado,Jadlog,Atrasado
241,PED-33260,2025-04-08,2024-04-25,663,Maya Sampaio,antonella76@example.net,Martins,SP,Eletrônicos,Alias,Samsung,2,2073.8,3214.42,0,101.58,App,Crédito,1,Pendente,Total Express,Entregue
242,PED-54113,2025-05-16,2024-09-02,619,Ana Julia Costa,joao-miguelviana@example.org,Macedo de Ramos,TO,Roupas,Quis,Apple,2,2576.61,1557.2,30,115.28,App,Débito,6,Recusado,Correios,Atrasado
243,PED-87194,2024-02-29,2024-12-12,360,Lucca Santos,ceciliamarques@example.com,Gonçalves,ES,Casa,Aspernatur,LG,3,489.35,2564.47,30,113.84,Aplicativo,Crédito,1,Recusado,Total Express,Entregue
244,PED-93839,2025-03-10,2025-05-07,1159,Luiz Otávio Andrade,ribeiroguilherme@example.org,Moraes do Norte,PI,Eletrônicos,Cum,Nike,2,1192.53,318.43,0,117.89,SITE,Crédito,12,Recusado,Jadlog,Entregue
245,PED-44761,2025-07-19,2025-10-23,430,Ana Sophia Oliveira,maria-sophiapinto@example.com,Gonçalves de Silveira,ES,eletronicos,Assumenda,Genérica,1,1259.16,2765.22,30,0.15,Aplicativo,Boleto,6,Pendente,Correios,Em trânsito
246,PED-74629,2024-06-09,2025-06-19,776,Daniel Ribeiro,nda-rosa@example.com,Moraes,GO,Roupas,Quisquam,Adidas,4,399.93,1704.24,20,78.12,SITE,Débito,2,Aprovado,Correios,Em trânsito
247,PED-12631,2024-06-01,2024-09-14,653,Aylla Câmara,hsilva@example.com,Moraes do Galho,CE,Roupas,Occaecati,Samsung,1,1229.24,3113.36,0,87.84,app,Crédito,1,Pendente,Total Express,Entregue
248,PED-66534,2024-05-27,2025-08-25,338,Eloah Almeida,sampaiosophia@example.com,Teixeira Grande,CE,Beleza,Facilis,Nike,2,234.77,1192.28,0,49.11,app,Pix,6,Recusado,Jadlog,Entregue
249,PED-22571,2025-05-20,2024-09-14,102,André Pacheco,pimentayuri@example.com,Ribeiro,MT,Casa,Hic,Adidas,5,2947.5,579.89,0,0.46,Site,Pix,12,Pendente,Correios,Entregue
250,PED-13373,2024-12-27,2025-09-09,424,Apollo Lopes,nogueiranina@example.com,Dias da Mata,MG,eletronicos,Natus,Genérica,3,3420.85,1683.82,0,37.0,Aplicativo,Boleto,2,Recusado,Correios,Atrasado
251,PED-81319,2024-08-02,2025-03-06,794,Antony Marques,garciacalebe@example.com,Vieira,CE,eletronicos,Odio,LG,4,1324.44,1587.92,0,52.77,App,Débito,12,Recusado,Total Express,Entregue
252,PED-29808,2024-07-14,2025-04-20,199,Calebe Martins,ana-julia33@example.com,Leão do Galho,AM,Eletrônicos,At,Genérica,3,2838.22,1478.25,20,27.3,Site,Boleto,12,Pendente,Total Express,Atrasado
253,PED-72236,2025-08-20,2025-12-02,1173,Vitor Gabriel Mendonça,montenegromaria-clara@example.net,Mendonça de Campos,AP,eletronicos,Laudantium,Nike,3,322.39,3164.58,30,4.17,app,Débito,1,Pendente,Correios,Entregue
254,PED-37772,2024-03-27,2025-03-20,395,Maria Flor Sampaio,ana-clarafogaca@example.net,Pires das Pedras,MT,eletronicos,Aut,Samsung,4,320.37,2406.78,0,119.67,SITE,Pix,1,Aprovado,Correios,Em trânsito
255,PED-82923,2024-12-25,2025-06-20,814,Srta. Ágatha Fonseca,hpimenta@example.net,da Conceição de Barbosa,MT,Beleza,Consequatur,LG,3,1842.92,3214.21,0,94.39,app,Boleto,1,Pendente,Correios,Entregue
256,PED-84264,2025-09-14,2024-06-27,1194,Ana Cecília Cirino,ravi40@example.org,Cunha Grande,CE,Eletrônicos,Numquam,Samsung,5,2739.43,2760.82,20,105.62,Aplicativo,Pix,2,Pendente,Total Express,Atrasado
257,PED-72003,2025-11-04,2024-02-04,77,Cecilia da Luz,silvafelipe@example.org,Ramos do Oeste,AP,eletronicos,Autem,LG,4,546.29,2149.86,30,48.21,Aplicativo,Pix,6,aprovado,Correios,Atrasado
258,PED-72287,2024-02-18,2025-10-04,551,Lívia Moraes,almeidafernanda@example.org,Montenegro de Minas,SP,Roupas,Occaecati,Samsung,3,2869.98,1095.54,0,101.14,Site,Débito,1,Recusado,Total Express,Em trânsito
259,PED-52056,2025-10-04,2025-10-25,552,Sophie Abreu,sousamaria-liz@example.org,Porto,MA,Casa,Voluptatum,Adidas,1,698.38,779.3,10,88.91,app,Pix,12,Aprovado,Total Express,Entregue
260,PED-18600,2024-09-03,2024-08-18,638,João da Cruz,monteiroluigi@example.net,Albuquerque,AP,Beleza,Adipisci,Nike,2,2742.78,1858.79,20,3.47,SITE,Débito,12,Aprovado,Correios,Entregue
261,PED-69827,2025-09-14,2024-05-09,104,Mirella Guerra,pnascimento@example.com,Silveira de Goiás,SC,Roupas,Commodi,Genérica,2,995.22,2891.1,20,47.63,Site,Crédito,1,Recusado,Jadlog,Atrasado
262,PED-68471,2025-03-29,2026-01-14,364,Laura Pereira,cavalcantealexandre@example.com,Castro,BA,Casa,Quas,Adidas,5,1256.67,614.12,0,89.88,Site,Pix,1,Pendente,Correios,Entregue
263,PED-85007,2024-02-28,2025-11-16,439,Dom Silva,estercorreia@example.org,Martins,MG,eletronicos,Eligendi,Genérica,2,2388.05,978.34,10,61.59,Site,Boleto,1,aprovado,Total Express,Entregue
264,PED-39329,2026-01-28,2025-01-15,517,Ana Sophia Silva,ana-cecilia95@example.net,Moreira,MG,Beleza,Ab,LG,3,1512.13,1348.84,0,55.08,SITE,Boleto,1,Pendente,Total Express,Entregue
265,PED-10963,2025-09-29,2024-03-14,1048,Maria Liz Pires,maria-alicesouza@example.net,Sales,RS,Roupas,Rem,Adidas,5,2151.22,1079.74,0,57.81,App,Pix,6,Recusado,Jadlog,Em trânsito
266,PED-95998,2025-07-12,2026-01-03,612,Ana Costela,ana-vitoria28@example.org,Gonçalves,MG,eletronicos,Fuga,Apple,5,2690.89,3153.92,20,48.49,App,Débito,6,Aprovado,Total Express,Em trânsito
267,PED-48745,2025-07-07,2025-07-17,532,Ian Montenegro,rochaana-vitoria@example.com,Santos,ES,Casa,Nisi,Nike,4,2591.73,2061.43,20,97.92,App,Débito,6,Pendente,Total Express,Em trânsito
268,PED-76494,2024-06-13,2024-02-26,615,Heitor Costa,krios@example.org,Siqueira,BA,eletronicos,Quaerat,Genérica,5,674.92,386.73,0,88.91,app,Débito,6,Recusado,Total Express,Entregue
269,PED-39131,2025-03-02,2025-06-10,728,Dr. João Miguel Albuquerque,souzaaylla@example.com,Viana de Monteiro,CE,eletronicos,Ullam,Genérica,3,1500.63,3109.61,0,31.27,App,Boleto,12,Aprovado,Jadlog,Entregue
270,PED-93151,2025-02-26,2024-05-21,1196,Yan Borges,caldeiramariane@example.net,Campos,SP,Beleza,Distinctio,Adidas,1,1679.16,721.18,0,104.1,Aplicativo,Pix,2,Aprovado,Correios,Entregue
271,PED-36253,2025-07-03,2024-04-03,702,João Miguel Moura,amanda48@example.net,Martins,MG,Casa,Fugiat,Adidas,4,544.12,3025.26,0,93.47,Aplicativo,Pix,6,aprovado,Jadlog,Atrasado
272,PED-17603,2025-10-10,2024-08-21,10,Dr. Asafe Cavalcante,scardoso@example.com,Ramos,GO,Casa,Placeat,LG,2,2676.12,631.69,0,58.75,Site,Débito,3,Pendente,Total Express,Em trânsito
273,PED-62873,2024-06-09,2024-03-30,879,Bruno Castro,joana76@example.net,Lima do Galho,BA,Casa,Illum,Nike,1,180.15,737.98,0,114.01,App,Débito,1,Aprovado,Total Express,Atrasado
274,PED-42613,2025-01-31,2025-12-30,464,Dra. Vitória Monteiro,scampos@example.org,Ribeiro,SP,Roupas,Et,LG,2,404.34,1786.51,0,20.04,Site,Pix,1,Pendente,Total Express,Atrasado
275,PED-88167,2025-01-08,2025-12-18,1074,Mariane Sá,josue98@example.org,Guerra,ES,Roupas,Laboriosam,Nike,2,1232.43,3159.77,0,90.01,SITE,Boleto,1,aprovado,Correios,Atrasado
276,PED-27197,2025-03-11,2024-03-15,433,Sophia Vieira,alexia11@example.com,Santos,MA,Eletrônicos,Asperiores,Adidas,5,633.0,1314.74,30,95.06,Aplicativo,Pix,12,Aprovado,Total Express,Entregue
277,PED-96765,2025-05-29,2025-05-31,222,Raul Duarte,ana-sophia88@example.com,Moraes da Prata,AL,Eletrônicos,Ab,Samsung,1,1487.88,1361.88,20,30.33,SITE,Débito,6,Aprovado,Jadlog,Em trânsito
278,PED-96725,2024-03-31,2024-02-26,207,Luara Casa Grande,antony88@example.org,Cavalcanti,CE,Beleza,Sunt,LG,5,2139.44,523.21,0,61.39,app,Crédito,1,Aprovado,Correios,Em trânsito
279,PED-36037,2024-07-09,2025-09-17,410,Dr. Benício Vieira,mbarros@example.com,Viana do Campo,AM,Roupas,Amet,Adidas,2,1284.83,1463.66,0,4.73,Aplicativo,Débito,6,Pendente,Jadlog,Entregue
280,PED-10358,2025-08-17,2025-02-06,27,Enzo Castro,davi-luiz30@example.net,Aragão das Flores,RR,Eletrônicos,Laborum,Samsung,5,2358.13,564.55,0,93.54,Site,Crédito,1,aprovado,Jadlog,Em trânsito
281,PED-44619,2025-02-22,2025-09-30,951,Matheus Carvalho,wguerra@example.org,da Mata de Gonçalves,MS,Eletrônicos,Accusamus,Samsung,2,3065.78,2990.26,0,96.19,App,Boleto,6,Aprovado,Correios,Entregue
282,PED-11267,2025-08-16,2024-10-23,284,Benjamim Cunha,gaelcunha@example.net,Novaes da Prata,PI,eletronicos,Ad,LG,3,3136.12,3345.06,0,105.42,Site,Pix,12,Recusado,Correios,Entregue
283,PED-62530,2024-06-18,2025-12-03,820,Stephany Monteiro,lborges@example.net,Gomes,MT,Casa,Consectetur,LG,4,2430.16,1699.95,10,77.86,SITE,Crédito,1,Aprovado,Correios,Entregue
284,PED-64529,2024-11-08,2025-11-12,989,Vinicius Campos,pimentacaio@example.com,Cunha,BA,Beleza,Id,Genérica,4,675.35,1360.14,0,73.36,SITE,Boleto,2,Aprovado,Jadlog,Em trânsito
285,PED-16025,2024-08-11,2024-04-18,130,Ester Caldeira,arthur-miguel99@example.net,Cavalcanti,SE,Roupas,Delectus,Genérica,3,92.64,3045.75,20,92.1,app,Débito,6,Recusado,Total Express,Atrasado
286,PED-91033,2025-03-16,2024-02-29,196,Thomas Santos,silvalara@example.net,Albuquerque do Norte,AC,Casa,Ipsam,Genérica,2,1712.66,2339.8,30,46.19,app,Crédito,1,aprovado,Total Express,Em trânsito
287,PED-74990,2024-12-28,2024-02-19,339,Ana Pinto,mateus46@example.com,Costela,RR,Eletrônicos,Minus,Nike,3,881.08,3397.0,0,60.83,app,Boleto,2,aprovado,Correios,Em trânsito
288,PED-68220,2024-04-24,2025-05-26,1174,Emanuelly Vargas,nunesclarice@example.net,Abreu das Pedras,SC,Casa,Quia,Samsung,4,1592.39,459.54,10,89.43,Site,Crédito,2,Pendente,Correios,Atrasado
289,PED-81971,2024-04-28,2024-11-07,1,Srta. Joana Alves,rafaelanunes@example.org,Camargo de Rocha,AL,Eletrônicos,At,Adidas,5,2249.51,3120.88,20,24.82,Aplicativo,Pix,1,Aprovado,Correios,Em trânsito
290,PED-53512,2025-12-15,2024-09-16,1148,Luiz Fernando Lima,juliana75@example.org,Andrade,CE,Beleza,Odit,Adidas,4,2522.47,1303.37,10,13.68,SITE,Crédito,1,Recusado,Total Express,Em trânsito
291,PED-81786,2024-11-06,2024-09-23,1070,Davi Lucas Sales,luiz-gustavocarvalho@example.org,Freitas,GO,Roupas,Possimus,Genérica,1,207.93,616.34,0,98.62,Aplicativo,Crédito,1,aprovado,Correios,Entregue
292,PED-61497,2024-08-26,2025-04-27,442,Emanuella da Mota,isisnunes@example.org,Barros,PE,Casa,Itaque,Apple,3,421.79,1479.92,30,100.5,app,Crédito,12,Pendente,Jadlog,Atrasado
293,PED-87242,2025-06-20,2025-04-16,1033,Laís Nogueira,carlos-eduardo47@example.com,Lima,MA,eletronicos,Exercitationem,Nike,1,1879.76,217.57,10,100.66,Aplicativo,Débito,6,aprovado,Total Express,Entregue
294,PED-23573,2024-04-30,2024-07-22,794,Dra. Agatha Pires,benjamim41@example.org,Abreu,PA,Beleza,Porro,Adidas,3,1789.18,1377.09,20,109.91,SITE,Pix,2,Recusado,Jadlog,Em trânsito
295,PED-27481,2024-03-12,2024-10-29,283,Gael Henrique Freitas,ana-clara61@example.org,da Paz,PE,Casa,Consectetur,Adidas,5,1081.25,2470.16,0,85.42,app,Débito,1,aprovado,Total Express,Atrasado
296,PED-48086,2025-11-24,2024-09-17,708,Giovanna Pimenta,zoeandrade@example.org,Pacheco de Macedo,RS,eletronicos,Nihil,Genérica,2,1788.43,2445.38,0,85.24,App,Boleto,3,Pendente,Total Express,Atrasado
297,PED-79979,2024-11-13,2024-06-15,586,Sr. Isaac Monteiro,vasconcelosisabel@example.com,Sales Alegre,RO,Casa,Incidunt,Samsung,5,417.32,1364.0,0,80.43,SITE,Pix,12,aprovado,Jadlog,Atrasado
298,PED-42841,2024-02-09,2024-11-16,300,Dom Sá,nogueiragabrielly@example.net,Souza,AM,Eletrônicos,Laboriosam,Genérica,3,753.8,1917.04,0,97.68,Site,Débito,6,Pendente,Correios,Atrasado
299,PED-47701,2024-02-08,2025-12-02,97,Pedro Pimenta,araujoraul@example.net,Nunes do Sul,SP,Casa,Accusamus,Nike,4,3350.62,3416.59,0,115.9,Site,Crédito,6,Recusado,Correios,Atrasado
300,PED-68073,2025-08-03,2025-12-17,462,Luiz Felipe Martins,camilacorreia@example.org,Carvalho,AP,Roupas,Natus,Adidas,5,2597.65,727.82,30,115.71,App,Boleto,1,Aprovado,Correios,Entregue
301,PED-77350,2024-09-08,2024-02-28,245,João Guilherme Martins,antonio79@example.org,Pacheco de Souza,SE,Casa,Accusamus,Samsung,4,1012.94,961.63,0,70.08,App,Crédito,1,Pendente,Total Express,Entregue
302,PED-15235,2025-03-12,2024-02-05,315,Luiz Miguel da Paz,anthony02@example.net,da Paz,MT,Roupas,Ipsam,Adidas,1,2719.13,2207.51,30,36.14,app,Pix,1,Recusado,Total Express,Entregue
303,PED-34100,2026-01-07,2025-02-02,1067,Rodrigo Barbosa,azevedonicole@example.org,da Rocha de Moraes,RR,Eletrônicos,Vitae,Adidas,2,1484.96,1902.77,0,41.93,SITE,Pix,1,Recusado,Jadlog,Entregue
304,PED-91039,2024-09-29,2025-12-29,1087,Luiz Henrique Teixeira,josue01@example.org,Barbosa,PR,Casa,Repellat,Adidas,1,445.79,1243.73,0,108.54,app,Débito,1,Recusado,Jadlog,Entregue
305,PED-60577,2025-10-31,2024-02-17,526,Larissa Silveira,larissacasa-grande@example.com,Duarte,AL,Beleza,Illum,Genérica,3,135.23,1833.19,0,61.72,app,Boleto,2,Aprovado,Jadlog,Atrasado
306,PED-35232,2024-03-04,2025-07-10,657,Fernanda Araújo,pedro-miguel45@example.net,Carvalho,RR,Beleza,Commodi,Samsung,1,627.51,3349.15,20,63.98,Site,Débito,6,aprovado,Total Express,Em trânsito
307,PED-23621,2025-09-15,2025-10-28,422,Maitê Pastor,pedro-lucasda-conceicao@example.net,Moreira,PB,Beleza,Dolorum,Genérica,4,2280.64,3292.14,30,82.33,Site,Boleto,6,Recusado,Correios,Entregue
308,PED-19600,2025-09-20,2024-05-27,112,Sr. Apollo Garcia,cassianolivia@example.org,Aragão,CE,eletronicos,Non,LG,5,293.03,2884.59,0,48.92,Aplicativo,Boleto,2,Recusado,Correios,Em trânsito
309,PED-98250,2024-10-21,2025-07-18,243,Gael Abreu,gpires@example.org,Dias do Sul,AP,Beleza,Delectus,Samsung,5,268.17,2623.53,0,84.11,Site,Pix,3,Aprovado,Jadlog,Atrasado
310,PED-49498,2025-04-15,2025-11-12,178,Dr. Cauã Melo,vianaigor@example.com,Silveira,PE,Roupas,Distinctio,Nike,4,1413.14,2329.49,10,18.76,SITE,Débito,6,Pendente,Total Express,Em trânsito
311,PED-93105,2024-10-07,2024-11-28,296,Emanuel Lima,gustavoazevedo@example.com,Moreira de Viana,PR,Roupas,Eum,Genérica,3,3353.0,88.47,20,16.96,Site,Crédito,3,Pendente,Total Express,Atrasado
312,PED-21157,2025-11-07,2025-02-23,625,Milena Castro,nunesmaria-julia@example.com,Campos Paulista,PE,eletronicos,Sequi,Genérica,3,780.49,3174.42,20,17.09,SITE,Débito,3,Recusado,Correios,Entregue
313,PED-33770,2024-04-19,2025-03-01,1162,Dr. Benicio Sousa,valentina55@example.org,da Conceição de Rodrigues,BA,Eletrônicos,Laborum,Adidas,4,2274.13,302.35,30,8.08,Site,Débito,6,Pendente,Jadlog,Em trânsito
314,PED-26805,2025-12-30,2025-08-10,481,Daniela Montenegro,vicentefernandes@example.com,Costela da Prata,TO,Eletrônicos,Quam,LG,5,290.84,717.57,10,54.08,app,Pix,6,aprovado,Total Express,Atrasado
315,PED-57774,2025-10-07,2025-10-06,648,Bruna Cassiano,leaodom@example.com,Costela de Ramos,AM,Casa,Eligendi,Apple,1,1130.59,2760.53,30,88.78,Aplicativo,Pix,12,Recusado,Correios,Atrasado
316,PED-53458,2026-01-07,2025-12-14,983,José Miguel Moraes,clarada-rocha@example.org,das Neves de Ferreira,MA,Casa,Iusto,Nike,3,2722.95,1730.05,0,21.09,app,Crédito,12,Recusado,Correios,Atrasado
317,PED-35746,2024-11-10,2024-08-07,540,Sra. Maria Luiza Teixeira,ycostela@example.net,Fernandes,RN,Eletrônicos,Laboriosam,Genérica,1,3127.76,2981.08,30,3.74,app,Boleto,12,aprovado,Correios,Atrasado
318,PED-44159,2025-04-21,2026-01-11,1114,Murilo da Mota,bpacheco@example.org,Costela do Campo,TO,Beleza,Deserunt,Nike,2,1312.07,820.41,20,87.99,App,Débito,2,Aprovado,Jadlog,Em trânsito
319,PED-75820,2025-04-09,2024-06-06,22,Sr. Arthur Miguel Cirino,tpimenta@example.net,Pires do Norte,AL,eletronicos,Eligendi,Adidas,2,2662.36,534.28,0,21.5,app,Débito,6,Pendente,Jadlog,Entregue
320,PED-38681,2025-06-02,2024-06-25,999,Henry Silva,ana-lizazevedo@example.com,Moraes,SE,eletronicos,Eaque,Samsung,3,1324.55,197.69,0,62.15,App,Boleto,2,Pendente,Correios,Entregue
321,PED-95003,2025-12-22,2025-11-02,664,Sr. Eduardo Oliveira,britoenzo-gabriel@example.org,Rocha de Guerra,CE,Eletrônicos,Expedita,Genérica,5,2235.81,993.56,30,31.6,app,Débito,2,Pendente,Jadlog,Atrasado
322,PED-95634,2024-08-08,2026-01-06,160,Pedro Miguel Fogaça,lais39@example.net,Jesus de Lopes,ES,Beleza,Natus,LG,4,3405.73,819.0,10,42.35,App,Boleto,12,Pendente,Total Express,Entregue
323,PED-75776,2024-03-30,2024-07-16,285,Miguel Mendes,qsampaio@example.org,Martins,RN,Casa,Accusantium,Apple,2,315.95,2270.0,0,18.03,SITE,Pix,3,Aprovado,Total Express,Entregue
324,PED-64344,2024-09-25,2024-09-21,677,Raquel da Cruz,acostela@example.com,Fonseca,SP,Eletrônicos,Minus,Nike,4,1702.62,2088.23,30,100.0,Site,Débito,1,aprovado,Total Express,Atrasado
325,PED-31119,2024-08-07,2024-05-15,276,Maysa da Rosa,rezendeeduardo@example.net,Sampaio,PR,Beleza,Magni,Samsung,5,556.68,623.88,0,62.0,Aplicativo,Crédito,6,Recusado,Correios,Entregue
326,PED-68877,2025-08-27,2024-12-06,966,Alana Melo,xcavalcante@example.org,Fonseca Grande,PI,Casa,Quis,Apple,2,2914.75,2122.89,20,98.45,SITE,Pix,1,Recusado,Jadlog,Atrasado
327,PED-87410,2024-08-17,2026-01-23,141,Gustavo da Paz,hlima@example.org,Martins,RS,eletronicos,Ipsum,Nike,4,506.14,107.14,20,103.15,app,Boleto,12,aprovado,Total Express,Entregue
328,PED-33255,2024-12-27,2024-08-26,975,Dom Ribeiro,mcaldeira@example.com,Siqueira,MS,Beleza,Delectus,Adidas,1,3078.25,1883.43,0,11.18,SITE,Crédito,12,Pendente,Total Express,Em trânsito
329,PED-58546,2025-11-21,2025-05-16,89,Dr. Nathan Pimenta,rferreira@example.org,Mendonça de Pacheco,PE,Beleza,Magnam,Nike,2,3287.55,1713.33,10,42.06,app,Crédito,2,aprovado,Jadlog,Em trânsito
330,PED-40475,2025-05-10,2025-12-29,172,Ísis da Rosa,kamillyda-paz@example.net,Azevedo,MT,Roupas,Hic,Adidas,5,1459.83,702.12,30,89.24,Site,Crédito,3,Aprovado,Jadlog,Atrasado
331,PED-36924,2024-06-01,2024-11-15,647,Leonardo Mendonça,fda-rosa@example.net,Jesus,PI,Casa,Fugiat,LG,1,583.99,2297.94,0,31.36,app,Boleto,3,Recusado,Total Express,Em trânsito
332,PED-99208,2024-04-03,2026-01-28,814,Kamilly Silveira,mathias07@example.net,Cavalcanti,RO,eletronicos,Dolorem,Nike,5,2754.07,1714.51,0,67.09,Aplicativo,Pix,1,Recusado,Total Express,Em trânsito
333,PED-28096,2024-07-26,2024-06-14,244,Gabriela da Cunha,nathan78@example.net,Machado das Pedras,RO,eletronicos,Ex,Nike,2,395.96,1803.79,0,96.1,app,Crédito,1,Pendente,Total Express,Entregue
334,PED-21939,2024-12-20,2025-06-13,298,Gabriela Novais,nteixeira@example.com,Barros,TO,Casa,Quia,Adidas,4,354.09,957.67,0,9.6,Site,Boleto,2,Recusado,Total Express,Atrasado
335,PED-17531,2025-11-29,2025-12-23,359,Elisa Sá,camaragustavo-henrique@example.net,Oliveira da Praia,SP,Casa,Reiciendis,Nike,1,745.89,2316.25,20,34.32,Site,Débito,3,aprovado,Total Express,Entregue
336,PED-57151,2025-12-24,2024-05-30,490,Liz Souza,luiz-felipesantos@example.org,Correia,BA,Eletrônicos,Perspiciatis,Apple,1,3489.02,2739.87,0,80.36,Aplicativo,Débito,3,Aprovado,Total Express,Atrasado
337,PED-18993,2024-08-05,2024-06-29,185,Ísis Oliveira,diegoda-rosa@example.com,Mendes,AP,Beleza,Eum,LG,5,3206.78,1250.93,0,27.16,SITE,Boleto,2,Aprovado,Jadlog,Entregue
338,PED-63363,2025-08-11,2025-01-27,1037,Maria Fernanda da Costa,emillynovais@example.org,Novais,PA,Eletrônicos,Ipsa,Adidas,1,1785.93,1222.88,0,96.35,App,Pix,6,Pendente,Jadlog,Atrasado
339,PED-73390,2024-04-29,2025-04-15,499,Srta. Sophia da Conceição,ferreirahellena@example.net,Silveira das Flores,MT,Roupas,Odit,Nike,4,3143.01,3023.98,10,13.95,Site,Boleto,6,aprovado,Total Express,Atrasado
340,PED-40137,2024-11-27,2025-06-27,647,Gael Henrique Vasconcelos,rochamatteo@example.org,Aragão,SE,Casa,Maxime,LG,5,1898.0,2467.82,0,29.79,Site,Boleto,6,Recusado,Correios,Atrasado
341,PED-33394,2024-07-07,2024-06-01,976,Dr. Enzo Gabriel Fonseca,vitoriada-cruz@example.com,Teixeira,RO,Roupas,Quas,LG,2,3135.39,978.31,30,81.97,SITE,Boleto,6,aprovado,Correios,Atrasado
342,PED-41726,2024-09-20,2025-03-16,544,João Ferreira,henryda-luz@example.com,da Paz de Minas,GO,eletronicos,Tempore,Apple,2,2930.54,2935.35,0,18.72,Site,Crédito,1,Pendente,Total Express,Entregue
343,PED-80972,2025-10-07,2025-11-15,87,Ana Liz Silva,isisalbuquerque@example.org,Oliveira,MS,Casa,Facilis,LG,5,1138.19,3148.52,20,104.25,Aplicativo,Débito,12,Recusado,Jadlog,Entregue
344,PED-85584,2025-07-10,2024-06-20,263,Ana Cecília Moreira,ryancavalcante@example.net,Rodrigues,MS,Eletrônicos,Blanditiis,Adidas,4,1700.2,1915.65,20,41.67,SITE,Boleto,1,Pendente,Jadlog,Atrasado
345,PED-11103,2025-06-20,2024-06-21,25,Sr. Dom Silva,machadonicole@example.org,Cirino,PE,eletronicos,Nesciunt,Nike,5,397.58,1297.53,0,22.46,App,Débito,1,Pendente,Total Express,Em trânsito
346,PED-57962,2025-03-03,2024-07-27,377,Stella Costela,lorenaazevedo@example.net,Nascimento,CE,Casa,Nam,Nike,2,1495.87,2645.08,0,102.52,App,Boleto,1,aprovado,Total Express,Atrasado
347,PED-39958,2024-09-15,2025-12-29,205,Sra. Beatriz Ferreira,caueda-mota@example.com,da Luz Verde,ES,Roupas,Nostrum,Apple,5,1541.15,1364.05,0,96.0,SITE,Boleto,12,Aprovado,Correios,Em trânsito
348,PED-75483,2024-10-21,2024-02-25,276,Camila Machado,benicio76@example.org,Rocha de Cavalcante,SC,Beleza,Provident,Adidas,3,2759.4,1085.12,20,103.02,Site,Boleto,1,aprovado,Correios,Entregue
349,PED-43330,2024-02-14,2024-07-27,976,Dra. Catarina Moreira,santossamuel@example.org,Freitas de Lima,PA,Eletrônicos,Fugit,Nike,3,946.2,1293.06,20,111.82,App,Pix,1,Pendente,Correios,Em trânsito
350,PED-99074,2025-12-04,2025-02-01,408,Pedro Miguel da Mota,andrepinto@example.org,Novaes,MG,Beleza,Explicabo,Adidas,5,652.16,2742.07,0,39.01,app,Boleto,12,Pendente,Correios,Em trânsito
351,PED-90434,2024-04-02,2025-07-26,587,Sra. Isabella Cavalcante,isadoracavalcante@example.org,Ferreira do Campo,MS,Casa,Suscipit,Genérica,2,3045.49,2260.0,0,50.62,app,Boleto,12,Aprovado,Correios,Entregue
352,PED-55039,2025-03-03,2025-09-30,468,Samuel Gonçalves,leaorenan@example.com,Mendes,MG,Roupas,Pariatur,LG,3,2501.0,2138.58,10,32.55,Aplicativo,Pix,6,Pendente,Jadlog,Entregue
353,PED-34102,2026-01-31,2024-10-24,48,Thales Peixoto,pdias@example.com,Oliveira Verde,MS,eletronicos,Tempore,Genérica,2,2333.98,3294.51,30,89.97,SITE,Débito,2,Aprovado,Correios,Entregue
354,PED-72021,2025-07-01,2025-07-10,1124,Heitor Caldeira,ester55@example.org,das Neves,SE,Eletrônicos,Culpa,Samsung,4,1857.74,3486.25,0,31.49,SITE,Crédito,6,Pendente,Jadlog,Entregue
355,PED-42426,2025-06-12,2025-08-12,582,Dra. Ágatha Albuquerque,gael99@example.com,Ribeiro de Goiás,MT,Casa,Labore,Genérica,2,502.91,2942.89,0,4.22,App,Pix,12,Pendente,Jadlog,Atrasado
356,PED-45705,2025-07-11,2026-01-12,1124,Vinícius Barros,nunesmaria-alice@example.org,da Mata,SP,Casa,Nihil,Apple,5,660.78,2111.67,30,89.87,app,Boleto,3,Recusado,Jadlog,Em trânsito
357,PED-80735,2024-11-14,2025-02-25,466,Luana Rios,eloahda-rosa@example.net,Dias do Sul,RJ,Eletrônicos,Earum,Nike,3,1311.95,946.33,0,1.27,app,Débito,1,Recusado,Jadlog,Atrasado
358,PED-11090,2024-10-03,2024-09-22,1008,Apollo Moraes,juliana71@example.com,da Rosa,MT,Casa,Labore,LG,1,2692.25,2802.98,20,27.75,Site,Pix,1,Pendente,Total Express,Em trânsito
359,PED-61740,2025-07-27,2024-04-30,512,Gabriel Nogueira,costaleonardo@example.net,Cirino,AM,eletronicos,Ex,Genérica,4,2908.07,811.04,0,50.67,SITE,Pix,1,Recusado,Jadlog,Entregue
360,PED-18973,2025-04-16,2025-12-24,374,Isaque Oliveira,bborges@example.com,Viana,MS,eletronicos,Doloribus,LG,1,2247.28,2181.17,0,84.06,Aplicativo,Débito,1,Aprovado,Correios,Entregue
361,PED-80119,2025-06-06,2026-01-21,46,Emilly Pires,osilva@example.net,Jesus,RJ,eletronicos,Omnis,Samsung,3,978.72,2517.43,30,0.98,Site,Débito,1,Pendente,Correios,Em trânsito
362,PED-65082,2025-07-28,2024-08-20,639,Calebe Leão,diaspedro@example.org,Almeida,SP,Casa,Perferendis,LG,4,2454.43,159.49,0,101.23,SITE,Crédito,1,Pendente,Correios,Atrasado
363,PED-71623,2024-09-24,2026-01-02,372,Cauê Cavalcanti,thalescostela@example.com,Vasconcelos dos Dourados,MS,eletronicos,Eum,LG,4,2907.47,470.77,30,29.88,Aplicativo,Débito,6,Aprovado,Correios,Em trânsito
364,PED-22315,2024-02-21,2025-11-28,1068,Pedro Marques,felipeda-cunha@example.com,Lima de Moura,RJ,eletronicos,Harum,Nike,4,2400.98,1126.78,0,19.03,Site,Crédito,1,Pendente,Total Express,Em trânsito
365,PED-36047,2024-08-24,2024-11-07,739,Amanda Santos,rnovaes@example.net,Casa Grande das Pedras,PR,Eletrônicos,Totam,Genérica,2,3407.8,864.08,10,38.94,SITE,Pix,3,Aprovado,Jadlog,Entregue
366,PED-11170,2024-11-30,2025-06-17,87,Sra. Stella Jesus,garciayan@example.net,Fernandes do Galho,MA,Beleza,Illo,Genérica,4,2425.0,584.72,0,29.85,Aplicativo,Crédito,6,Recusado,Total Express,Entregue
367,PED-17834,2024-03-15,2024-10-21,729,Melina Fogaça,fernandesheitor@example.org,da Mota do Campo,RJ,eletronicos,Rerum,Genérica,5,2780.56,484.1,0,38.01,app,Pix,12,Pendente,Total Express,Entregue
368,PED-12798,2024-05-25,2024-04-20,774,João Miguel Costela,maysa02@example.org,Lima,RS,Roupas,Blanditiis,Genérica,2,914.9,186.24,30,52.5,App,Boleto,1,aprovado,Total Express,Em trânsito
369,PED-52425,2025-11-18,2025-08-15,960,Srta. Marina Nogueira,eloa35@example.net,Sampaio,AL,Roupas,Voluptatem,Adidas,5,603.18,1882.42,10,35.48,App,Pix,2,Aprovado,Total Express,Atrasado
370,PED-59681,2024-10-01,2025-09-23,380,Luara Cassiano,joaquim98@example.net,Fonseca,GO,Eletrônicos,Ex,Adidas,3,2727.26,873.81,30,7.6,app,Boleto,1,Pendente,Total Express,Entregue
371,PED-90352,2024-12-11,2025-06-04,580,Dr. Leonardo Macedo,rafaela30@example.org,Alves,TO,Roupas,Voluptate,Nike,3,431.1,1855.04,0,5.25,SITE,Débito,12,Aprovado,Correios,Entregue
372,PED-73618,2025-07-11,2024-03-04,393,Maria Liz Silva,joao-pedro55@example.com,Vasconcelos das Flores,RN,Eletrônicos,Veniam,Samsung,5,2264.04,1390.67,10,63.1,app,Pix,1,Recusado,Correios,Atrasado
373,PED-19289,2025-10-08,2024-04-07,27,Vicente Câmara,da-motayasmin@example.net,Nogueira do Sul,MG,eletronicos,Soluta,Genérica,4,3252.99,2920.67,10,96.12,Site,Pix,3,Pendente,Jadlog,Atrasado
374,PED-17641,2025-09-03,2024-04-10,545,Pietro Viana,monteiroana-julia@example.net,Azevedo das Pedras,RR,Beleza,Placeat,Samsung,1,2928.87,318.88,0,115.27,Site,Crédito,6,aprovado,Total Express,Em trânsito
375,PED-34832,2026-01-05,2024-02-23,396,Aurora Duarte,pedro-henrique52@example.net,Aragão,CE,Beleza,Excepturi,Genérica,2,2016.6,3318.89,20,89.9,Aplicativo,Crédito,12,Recusado,Total Express,Em trânsito
376,PED-97194,2025-07-29,2024-05-01,875,Sr. João Felipe Casa Grande,yagofreitas@example.org,Porto da Praia,RJ,Eletrônicos,Esse,Apple,2,1947.38,1791.19,30,18.98,app,Boleto,1,Recusado,Total Express,Em trânsito
377,PED-58722,2025-02-16,2025-07-18,845,Eduardo Teixeira,stellalopes@example.net,da Cunha da Serra,RR,Casa,Veritatis,Genérica,3,2149.03,1992.85,0,45.01,app,Pix,1,Pendente,Jadlog,Em trânsito
378,PED-10025,2026-01-30,2024-05-27,71,Carolina Porto,henry62@example.com,Cunha de Porto,SC,Roupas,Totam,Adidas,1,1835.75,3477.27,0,0.79,SITE,Débito,12,Recusado,Correios,Atrasado
379,PED-46170,2025-03-20,2025-04-25,1134,Dr. Anthony Gabriel Moura,tmonteiro@example.com,Rezende da Serra,MS,Beleza,Voluptatem,Adidas,5,3244.43,583.77,0,55.24,SITE,Débito,1,Recusado,Total Express,Entregue
380,PED-40539,2025-11-04,2024-03-08,525,Srta. Daniela Caldeira,yuri06@example.com,Viana de Lima,AM,Roupas,Suscipit,Samsung,5,1429.3,3216.69,30,9.26,App,Boleto,1,Pendente,Total Express,Atrasado
381,PED-85527,2024-10-26,2025-01-13,196,Vicente Araújo,barbara27@example.net,Monteiro dos Dourados,TO,Beleza,Maxime,Genérica,3,178.93,2838.78,10,9.42,Site,Pix,1,Pendente,Jadlog,Entregue
382,PED-39716,2025-01-05,2024-09-26,24,Benjamim Freitas,liviagarcia@example.net,Pimenta,PI,Casa,Alias,Samsung,3,1859.12,1151.64,20,17.95,app,Débito,1,Aprovado,Total Express,Atrasado
383,PED-61495,2025-06-28,2026-01-13,913,Olivia Gonçalves,samuelgoncalves@example.com,Farias,PI,Beleza,Natus,Adidas,5,360.79,1540.18,10,17.76,App,Crédito,2,Aprovado,Total Express,Em trânsito
384,PED-44413,2025-08-02,2025-07-09,175,Bruna Porto,rafaela19@example.com,da Rosa da Prata,RO,Casa,Quia,Adidas,4,2719.7,499.79,0,57.71,SITE,Boleto,2,aprovado,Total Express,Atrasado
385,PED-78714,2024-10-06,2025-02-14,505,Davi Andrade,da-motaapollo@example.com,Pereira do Amparo,RN,eletronicos,Natus,Samsung,3,2729.86,1165.77,20,10.75,Aplicativo,Boleto,1,Recusado,Correios,Em trânsito
386,PED-55157,2024-05-29,2025-06-24,50,Mateus Caldeira,erick50@example.org,Aparecida do Norte,GO,Roupas,Exercitationem,Apple,3,2175.96,3466.05,10,74.78,Aplicativo,Crédito,12,aprovado,Correios,Atrasado
387,PED-58997,2024-09-20,2025-11-27,320,Vitor Gabriel Casa Grande,bcardoso@example.com,Silveira,SP,Eletrônicos,Quia,Samsung,1,888.52,2192.46,0,104.25,App,Crédito,1,Aprovado,Jadlog,Em trânsito
388,PED-71759,2024-03-12,2024-06-14,47,Miguel Correia,dbarros@example.net,Campos de da Luz,DF,Roupas,Natus,Apple,5,780.97,1935.16,0,65.86,app,Débito,6,Aprovado,Jadlog,Atrasado
389,PED-96969,2025-01-18,2024-06-10,1079,Otávio Mendonça,gael-henriqueleao@example.com,Farias,AL,Eletrônicos,Quia,LG,2,257.38,742.4,30,74.16,Site,Boleto,6,Aprovado,Correios,Em trânsito
390,PED-96556,2024-07-03,2024-12-11,556,Lucas Sá,idias@example.com,Cavalcante,CE,Roupas,Perspiciatis,Samsung,1,1059.11,3097.74,10,27.74,Aplicativo,Crédito,1,Pendente,Total Express,Atrasado
391,PED-21537,2025-05-20,2025-02-08,382,Nicolas Gomes,rbrito@example.com,da Rosa da Praia,MS,eletronicos,Nulla,Adidas,4,1984.37,2508.02,0,29.69,app,Pix,1,Pendente,Jadlog,Atrasado
392,PED-30578,2024-06-17,2025-10-13,38,Elisa Silveira,camaramiguel@example.org,Cassiano,CE,Roupas,Natus,Genérica,3,1276.05,1093.03,20,33.11,Site,Pix,2,Aprovado,Total Express,Em trânsito
393,PED-39567,2025-03-16,2024-04-25,311,João Guilherme Fogaça,salesana-luiza@example.org,Macedo das Flores,RO,Roupas,Iure,Nike,2,352.89,1368.61,30,73.49,SITE,Boleto,1,aprovado,Jadlog,Em trânsito
394,PED-89346,2024-09-29,2025-11-25,675,Sophie Montenegro,alicerezende@example.com,da Cruz do Sul,DF,Casa,Dolore,Adidas,2,763.31,528.09,20,82.09,SITE,Débito,1,aprovado,Jadlog,Entregue
395,PED-96013,2026-02-02,2024-11-14,1157,Daniela Cassiano,vitoriaalmeida@example.org,Lima das Flores,PE,eletronicos,Minus,LG,1,1972.82,3322.68,0,22.1,SITE,Crédito,12,Recusado,Jadlog,Em trânsito
396,PED-49760,2024-11-29,2024-09-17,908,Clarice Sampaio,cunhajose-pedro@example.com,Pimenta,RJ,Roupas,Praesentium,Apple,2,418.36,687.38,20,74.03,app,Débito,3,aprovado,Correios,Atrasado
397,PED-13418,2024-03-27,2024-04-29,736,Srta. Maria Costa,hteixeira@example.net,Cavalcante,PA,Eletrônicos,Accusamus,Genérica,4,512.6,2969.18,10,85.44,App,Débito,12,Pendente,Jadlog,Em trânsito
398,PED-28024,2024-09-13,2025-11-04,336,Liam Cassiano,iazevedo@example.org,Pimenta Verde,MA,eletronicos,Vel,Apple,1,1459.63,3392.41,0,114.02,SITE,Débito,12,aprovado,Correios,Entregue
399,PED-67577,2024-09-17,2024-03-21,1004,Otto Campos,jrodrigues@example.org,Moreira das Pedras,MG,Roupas,Nobis,Nike,2,1525.07,2727.94,20,88.24,Aplicativo,Pix,2,Aprovado,Total Express,Entregue
400,PED-69193,2025-04-17,2025-12-17,936,Maria Fernanda Cunha,daniela62@example.com,das Neves,RS,Eletrônicos,Facere,Apple,5,1905.65,3444.22,0,66.92,app,Crédito,1,Recusado,Jadlog,Em trânsito
401,PED-49918,2025-10-12,2025-04-27,586,Noah Campos,orocha@example.org,Moraes do Oeste,PE,Casa,Alias,Apple,4,1065.75,3220.66,30,62.04,SITE,Boleto,12,Pendente,Correios,Atrasado
402,PED-75622,2025-09-27,2025-01-22,232,Laís Mendes,maria57@example.com,Santos,GO,eletronicos,Vitae,Adidas,5,516.81,1476.78,10,2.99,Aplicativo,Débito,2,Aprovado,Jadlog,Em trânsito
403,PED-95010,2025-10-28,2025-10-29,336,Thales Cunha,pcosta@example.org,Camargo,MT,Eletrônicos,Totam,Samsung,1,2486.48,2237.55,0,62.86,Aplicativo,Débito,2,Pendente,Correios,Entregue
404,PED-53934,2025-11-03,2025-05-14,1159,Eloah da Conceição,luccada-conceicao@example.org,Souza de Nogueira,PA,eletronicos,Fugiat,Apple,2,667.09,2506.56,10,36.97,Aplicativo,Pix,6,aprovado,Correios,Entregue
405,PED-36588,2025-08-01,2024-10-21,8,Davi Lucas da Costa,danielda-rocha@example.net,Garcia de Montenegro,RN,Beleza,Voluptatum,LG,1,1632.32,3001.17,20,96.89,app,Boleto,1,aprovado,Total Express,Atrasado
406,PED-72352,2024-02-25,2025-10-02,930,Heitor Abreu,nogueiratheodoro@example.net,Nunes,SP,Casa,Accusamus,Nike,1,2124.2,72.68,20,33.37,app,Débito,1,aprovado,Correios,Entregue
407,PED-95626,2024-05-07,2024-04-13,715,Lara Fernandes,maria-alice06@example.com,Castro de Goiás,AL,Eletrônicos,Eum,Apple,1,2351.14,2941.15,0,39.73,Site,Crédito,1,Pendente,Correios,Entregue
408,PED-98092,2024-08-05,2024-12-09,583,José Pedro Novais,cunhaanthony@example.com,Rezende do Campo,RO,Beleza,Occaecati,Genérica,5,2024.37,1989.51,10,89.92,App,Crédito,1,Recusado,Jadlog,Em trânsito
409,PED-59668,2024-07-10,2024-10-18,139,Helena da Rosa,da-luzluan@example.net,Nunes de Oliveira,PR,Casa,Ducimus,Adidas,1,1060.27,514.18,30,103.13,App,Boleto,3,aprovado,Total Express,Entregue
410,PED-90223,2024-02-11,2025-05-26,120,Sr. Carlos Eduardo Almeida,aparecidaluigi@example.org,Novaes das Pedras,SE,Eletrônicos,Vel,Adidas,5,3455.8,1718.64,30,72.57,App,Boleto,3,Recusado,Jadlog,Atrasado
411,PED-85385,2026-01-06,2025-04-17,725,Raquel das Neves,fonsecasofia@example.com,Macedo da Prata,AC,eletronicos,Voluptas,Adidas,5,1762.57,2565.69,10,59.1,SITE,Débito,6,Recusado,Correios,Entregue
412,PED-25493,2025-05-18,2026-01-30,50,Otávio Pacheco,heloisanovaes@example.org,Dias de Siqueira,RR,Casa,Harum,Genérica,1,2594.27,765.29,20,119.88,Aplicativo,Crédito,1,Recusado,Total Express,Atrasado
413,PED-37831,2025-02-07,2024-04-24,24,Lucas Gabriel Almeida,abreufernando@example.com,Garcia de Nunes,AP,eletronicos,Molestiae,Genérica,3,927.74,284.03,0,60.8,App,Crédito,1,Recusado,Jadlog,Em trânsito
414,PED-84569,2025-04-09,2025-09-15,60,Isaac Mendonça,moreirasarah@example.org,Santos do Galho,AL,eletronicos,Excepturi,Apple,3,2926.7,3231.87,10,109.94,Site,Débito,2,aprovado,Total Express,Em trânsito
415,PED-80381,2024-06-17,2025-01-05,687,Emanuel Aragão,albuquerqueolivia@example.org,Ribeiro do Norte,RO,Casa,Doloremque,Nike,1,2931.11,1082.74,30,81.38,app,Crédito,1,Recusado,Jadlog,Entregue
416,PED-29569,2025-05-10,2025-11-07,575,Arthur Miguel Silveira,daniela49@example.net,Marques,AL,Eletrônicos,Culpa,LG,4,2211.46,2956.3,20,72.68,SITE,Crédito,12,Recusado,Total Express,Em trânsito
417,PED-14145,2025-10-19,2024-12-20,557,Dr. Josué Souza,emanuelladas-neves@example.org,da Paz da Praia,AL,Casa,Aspernatur,Samsung,4,3075.82,1331.96,0,25.94,App,Débito,1,Recusado,Correios,Entregue
418,PED-22137,2024-12-15,2025-02-19,909,Marcos Vinicius Fonseca,pedro-henriquerodrigues@example.org,Pinto,DF,Beleza,Vitae,Samsung,4,3172.1,581.57,0,110.84,app,Pix,12,Recusado,Correios,Entregue
419,PED-77652,2024-03-29,2025-09-02,272,Maria Vitória Almeida,liambarbosa@example.net,Moura,PB,eletronicos,Ab,Genérica,1,1634.82,2512.19,20,13.9,App,Crédito,6,Aprovado,Jadlog,Em trânsito
420,PED-16047,2025-09-17,2024-04-01,212,Maysa Abreu,davi-lucca15@example.com,Nascimento do Galho,PR,Beleza,Harum,Genérica,3,127.56,2666.8,30,107.06,App,Débito,1,Recusado,Jadlog,Atrasado
421,PED-51831,2024-04-17,2025-07-19,904,Davi Luiz Câmara,kevinazevedo@example.net,da Mota Paulista,RN,Eletrônicos,Ipsam,LG,2,593.36,444.89,20,67.16,Site,Débito,3,Recusado,Total Express,Em trânsito
422,PED-45527,2024-10-27,2024-07-04,290,Stella Ferreira,kaique64@example.net,Sá,BA,Roupas,Natus,Adidas,2,640.9,1124.25,0,64.87,Site,Débito,1,Pendente,Total Express,Entregue
423,PED-23884,2024-12-25,2024-07-20,786,Lucca Ribeiro,teixeirabenjamin@example.net,Macedo de Goiás,GO,Eletrônicos,Deleniti,Samsung,4,1402.11,2481.14,20,75.54,Aplicativo,Pix,1,Recusado,Correios,Atrasado
424,PED-97932,2024-04-02,2025-12-29,1093,Kamilly Novais,ana-laura66@example.org,Duarte,RJ,Eletrônicos,Velit,Nike,5,504.69,2854.34,30,56.19,Aplicativo,Pix,6,Pendente,Jadlog,Entregue
425,PED-39333,2024-03-16,2024-07-06,295,Letícia Barros,vieiraerick@example.org,Cirino de Albuquerque,GO,Beleza,Sit,LG,3,1402.67,2463.67,30,39.64,App,Boleto,2,Aprovado,Correios,Em trânsito
426,PED-24796,2025-04-20,2024-12-21,720,Ana Lívia Costela,marinavargas@example.com,Silveira da Mata,DF,Casa,Eveniet,Nike,2,1023.79,1252.72,20,15.29,Site,Boleto,12,Aprovado,Jadlog,Atrasado
427,PED-95124,2024-05-16,2025-03-09,146,Isabela Teixeira,raul87@example.net,Oliveira do Sul,MS,Roupas,Dolores,Adidas,4,1432.82,1476.37,20,29.24,SITE,Boleto,2,Aprovado,Jadlog,Entregue
428,PED-87459,2024-04-15,2024-04-21,883,Emanuella Sales,antonellaaraujo@example.org,Azevedo,DF,Casa,Aliquam,Adidas,3,1928.62,864.73,30,80.35,app,Boleto,1,Pendente,Jadlog,Atrasado
429,PED-22799,2024-04-27,2024-09-10,912,Sra. Mariah da Mata,cassianojose@example.net,Cardoso,RN,eletronicos,Deleniti,LG,4,290.15,425.17,20,92.56,Aplicativo,Pix,2,Aprovado,Correios,Entregue
430,PED-28208,2025-10-10,2024-06-16,1190,Dra. Melissa Costela,pbarbosa@example.org,das Neves dos Dourados,SE,Eletrônicos,Amet,Apple,2,1612.76,1055.69,20,69.35,SITE,Débito,6,Recusado,Jadlog,Atrasado
431,PED-99071,2025-09-25,2024-12-02,624,Milena Santos,costacaroline@example.org,Sá,RJ,Casa,Consectetur,Genérica,3,3466.5,2060.41,20,118.37,Aplicativo,Débito,12,Recusado,Correios,Em trânsito
432,PED-81943,2024-05-13,2025-07-13,109,Murilo Moraes,novaisleonardo@example.net,Dias dos Dourados,MS,Eletrônicos,Doloribus,Genérica,5,2881.6,1289.39,0,103.88,SITE,Boleto,6,Pendente,Total Express,Em trânsito
433,PED-60173,2024-03-28,2024-03-12,832,Carolina da Cunha,maria77@example.net,Moraes da Praia,CE,Casa,Fugit,Nike,5,778.7,648.26,0,22.59,Aplicativo,Pix,12,Pendente,Correios,Em trânsito
434,PED-97826,2026-01-27,2025-10-26,258,Luiz Miguel Dias,luiza55@example.net,Melo,PA,eletronicos,Ullam,Samsung,1,2286.94,546.79,10,78.95,SITE,Crédito,1,Pendente,Jadlog,Atrasado
435,PED-89223,2024-03-18,2025-05-17,872,Dra. Emilly Cardoso,laravieira@example.org,Pacheco das Pedras,MS,Beleza,Magni,Apple,4,1807.48,1954.57,10,46.17,SITE,Débito,2,Aprovado,Total Express,Em trânsito
436,PED-41031,2025-10-05,2025-07-11,1028,Lívia Brito,marcelalima@example.com,Oliveira,PR,Roupas,Quisquam,Nike,5,2038.42,165.44,0,68.18,App,Crédito,3,Pendente,Total Express,Entregue
437,PED-28623,2025-07-23,2024-09-14,1079,Elisa Ribeiro,da-pazlunna@example.org,Pereira Grande,PE,Roupas,Beatae,Nike,5,319.91,3120.21,0,29.43,Site,Pix,3,Aprovado,Jadlog,Atrasado
438,PED-11413,2026-02-02,2024-07-23,961,Cauê Lopes,lvargas@example.com,Cassiano,SE,Casa,Animi,Adidas,4,2030.18,1193.72,0,115.27,App,Pix,1,Aprovado,Total Express,Atrasado
439,PED-49855,2024-05-19,2025-03-15,1155,Sra. Maria Sophia Fernandes,gabriel30@example.com,Souza,SP,Roupas,Ex,Samsung,4,2044.59,2026.37,30,118.84,app,Crédito,1,Pendente,Correios,Entregue
440,PED-76269,2025-05-14,2025-05-04,158,Allana Gonçalves,qbrito@example.com,da Paz,GO,Roupas,Id,LG,2,2174.5,999.5,0,1.7,Site,Débito,3,aprovado,Total Express,Em trânsito
441,PED-58466,2026-01-29,2025-01-10,360,Enzo Gabriel Guerra,joao-pedroda-rosa@example.com,Garcia Paulista,PB,Roupas,Est,Genérica,2,1722.97,2807.83,0,41.14,Site,Débito,3,aprovado,Jadlog,Em trânsito
442,PED-60222,2025-08-06,2025-09-24,488,Sr. Lucas Cunha,pimentajoao-miguel@example.net,Guerra,AP,Casa,Eligendi,Genérica,2,777.46,2583.55,0,6.52,App,Crédito,1,aprovado,Jadlog,Em trânsito
443,PED-72420,2025-07-17,2025-05-09,618,Igor Martins,jesusravi@example.com,da Rosa do Campo,RO,Casa,Debitis,Genérica,5,856.13,2408.11,10,56.95,SITE,Boleto,1,Recusado,Jadlog,Em trânsito
444,PED-98931,2026-01-26,2025-11-19,647,Dra. Maria Luísa Fonseca,benjaminsousa@example.com,Rocha da Prata,MT,Beleza,Perferendis,Genérica,1,385.91,1882.96,0,114.74,Aplicativo,Pix,1,Recusado,Jadlog,Entregue
445,PED-43468,2025-10-14,2024-12-11,1197,Mariah Moreira,azevedogael-henrique@example.com,Moura,ES,Casa,Repudiandae,Nike,2,2583.38,2081.1,0,62.39,SITE,Pix,3,Aprovado,Total Express,Entregue
446,PED-18906,2024-03-12,2024-06-18,25,Davi Porto,yago39@example.org,Lopes de Minas,MG,Casa,Laborum,Samsung,5,408.48,1588.5,0,87.03,App,Débito,1,Aprovado,Total Express,Entregue
447,PED-17455,2024-07-09,2024-10-10,445,Alícia Novais,fernandesbenicio@example.net,Souza de Goiás,MG,Beleza,Vitae,Genérica,1,2492.86,463.92,20,15.59,app,Débito,1,aprovado,Jadlog,Em trânsito
448,PED-71204,2024-11-14,2024-06-23,156,Clarice Pastor,novaiscecilia@example.com,Nogueira de Camargo,RS,Casa,Id,LG,4,2438.16,2353.15,0,30.88,Site,Pix,12,Aprovado,Jadlog,Em trânsito
449,PED-53601,2025-03-18,2024-05-07,124,Arthur da Cunha,evelyn17@example.com,Caldeira Verde,AP,Roupas,Fuga,LG,2,1569.98,1746.44,0,73.24,SITE,Boleto,1,aprovado,Total Express,Em trânsito
450,PED-38624,2025-07-22,2024-05-18,218,Sra. Julia Barros,pedro-lucas65@example.com,Castro das Flores,RJ,Casa,Aliquid,Genérica,3,406.34,301.57,20,87.31,Aplicativo,Crédito,2,aprovado,Total Express,Atrasado
451,PED-10113,2025-05-26,2024-10-22,78,Stella Freitas,pereiralucas@example.org,Rodrigues,PA,Casa,Rerum,LG,2,2465.19,3170.93,20,0.44,Aplicativo,Boleto,2,Pendente,Total Express,Entregue
452,PED-80795,2025-11-20,2024-06-08,463,Sra. Luana Costa,almeidadaniela@example.org,Correia,DF,Eletrônicos,Expedita,Nike,4,468.15,1896.8,0,40.01,App,Boleto,1,Aprovado,Jadlog,Atrasado
453,PED-54572,2025-10-29,2025-10-24,165,Luigi Vargas,qrocha@example.com,da Cunha,RJ,Casa,Id,LG,2,659.33,185.69,10,79.29,App,Boleto,1,Recusado,Jadlog,Entregue
454,PED-92941,2024-11-24,2025-05-15,897,Dra. Ana Carolina Fogaça,upeixoto@example.org,Costa,SC,eletronicos,Debitis,Apple,1,716.17,2533.1,20,28.62,Aplicativo,Crédito,12,Recusado,Jadlog,Atrasado
455,PED-68891,2025-02-19,2025-11-30,34,Sr. Marcelo Rezende,leticia57@example.net,Moreira do Oeste,RJ,Eletrônicos,Illo,LG,1,1215.13,2537.49,10,14.18,app,Boleto,6,aprovado,Total Express,Atrasado
456,PED-40537,2024-07-06,2025-12-18,148,Sr. Rael Vieira,davi-miguellima@example.com,Campos,SC,Eletrônicos,Iste,Genérica,2,1736.69,115.77,20,5.5,SITE,Crédito,1,Aprovado,Jadlog,Entregue
457,PED-69793,2024-07-26,2025-06-03,350,Heloisa da Luz,vieiradiogo@example.com,Moreira,PR,Beleza,Sed,Samsung,1,443.92,2102.67,20,26.47,SITE,Boleto,1,Pendente,Jadlog,Entregue
458,PED-99664,2024-05-11,2025-07-18,1180,Lorenzo Casa Grande,pastorenrico@example.net,Sampaio,PI,Beleza,Eius,Apple,3,2935.67,2786.2,0,71.17,App,Crédito,1,Recusado,Correios,Em trânsito
459,PED-32026,2025-11-20,2024-07-29,758,Dr. Ian Melo,montenegrojosue@example.org,Machado,PA,Beleza,Nesciunt,Apple,4,890.57,2057.85,0,12.0,app,Boleto,12,aprovado,Correios,Em trânsito
460,PED-20580,2024-03-12,2026-01-27,14,Laís Moreira,dvieira@example.org,Novaes,PI,Eletrônicos,Facere,Apple,1,2488.26,2098.37,0,49.95,Aplicativo,Débito,1,aprovado,Total Express,Em trânsito
461,PED-78562,2025-11-24,2024-05-26,923,Sr. Levi Nogueira,albuquerquemaria-julia@example.org,Silva das Flores,AM,Casa,In,Apple,2,2156.36,179.79,0,86.06,app,Crédito,6,Recusado,Jadlog,Em trânsito
462,PED-10599,2024-12-21,2024-04-14,1143,Cauã Silva,maria-juliacavalcante@example.org,Almeida de Gomes,BA,eletronicos,Quos,Apple,1,3453.78,3419.93,20,43.43,app,Débito,2,aprovado,Jadlog,Entregue
463,PED-35391,2025-11-14,2025-06-25,231,Maria Luísa Barbosa,ravi-luccabrito@example.net,Vieira,GO,eletronicos,Illo,Genérica,4,1766.43,601.17,0,6.48,App,Pix,1,Pendente,Jadlog,Em trânsito
464,PED-90847,2024-03-20,2025-05-11,929,Oliver Barbosa,luiz-henrique12@example.com,Farias de Minas,AP,Eletrônicos,Dolor,Samsung,1,3240.77,656.81,0,58.21,Site,Crédito,1,Pendente,Total Express,Atrasado
465,PED-52725,2024-08-02,2024-12-16,859,Sr. Theodoro Campos,da-matadavi-luiz@example.com,Campos de Brito,SP,eletronicos,Nihil,Genérica,3,843.72,429.96,0,11.77,Aplicativo,Débito,2,aprovado,Correios,Em trânsito
466,PED-86689,2024-07-26,2025-05-13,993,Laura Freitas,da-cunhamariane@example.com,Nogueira,PI,Eletrônicos,Distinctio,Nike,2,795.77,2152.55,0,46.48,SITE,Boleto,6,aprovado,Total Express,Em trânsito
467,PED-45349,2025-05-05,2024-02-17,415,Gabriela Azevedo,maria-lizcamara@example.com,Sales do Amparo,SP,Roupas,Sed,Apple,1,2438.13,255.8,0,13.33,Aplicativo,Boleto,2,aprovado,Jadlog,Entregue
468,PED-48687,2024-03-13,2024-10-27,322,Srta. Júlia Mendonça,matteorocha@example.com,Pires Verde,RJ,Beleza,Fuga,Apple,5,3396.97,2999.76,0,49.4,app,Boleto,12,aprovado,Total Express,Em trânsito
469,PED-70655,2025-09-28,2024-10-24,572,André Peixoto,qalmeida@example.net,Garcia Paulista,RJ,Eletrônicos,Quo,Genérica,4,2589.82,900.96,0,52.11,SITE,Débito,3,Aprovado,Jadlog,Entregue
470,PED-15250,2024-07-19,2025-06-04,964,Isis Moreira,ymelo@example.com,Farias Verde,SE,Beleza,Et,Samsung,4,1882.37,1703.48,30,98.55,Aplicativo,Boleto,1,Aprovado,Total Express,Entregue
471,PED-63296,2024-02-20,2024-10-06,447,Camila Albuquerque,beniciosampaio@example.com,Gomes Paulista,RN,eletronicos,Exercitationem,LG,3,874.77,3496.38,0,57.57,App,Débito,6,Pendente,Total Express,Atrasado
472,PED-86501,2025-02-21,2024-02-12,50,Luísa Santos,bcassiano@example.com,das Neves,PA,Casa,Laudantium,Nike,2,3065.99,1448.49,0,75.22,Site,Crédito,2,Recusado,Total Express,Entregue
473,PED-48874,2025-01-28,2025-10-27,873,Ana Sophia Sales,davi-lucas96@example.org,Cassiano,ES,Roupas,Veritatis,Genérica,5,1921.4,2790.95,30,9.72,App,Crédito,3,Recusado,Correios,Entregue
474,PED-60194,2024-05-20,2025-06-01,749,Renan Nogueira,maria-alice36@example.net,Siqueira,RR,Casa,Est,Adidas,1,1311.22,654.67,20,84.58,app,Débito,1,Recusado,Correios,Atrasado
475,PED-24884,2025-06-05,2024-05-06,980,Fernanda Macedo,csilva@example.com,da Rosa,MT,Beleza,Dolores,Genérica,2,2648.45,2675.06,0,42.33,App,Boleto,1,Aprovado,Correios,Em trânsito
476,PED-55249,2025-11-04,2024-07-16,927,Ester Porto,cavalcantestella@example.com,Barros das Pedras,PI,Casa,Maxime,Adidas,5,2911.98,1672.07,20,81.4,app,Pix,2,Recusado,Total Express,Atrasado
477,PED-18601,2025-05-29,2025-12-08,386,Anthony Macedo,da-rochabella@example.net,da Rocha das Pedras,SP,Casa,Atque,Samsung,1,1397.85,666.9,0,13.12,App,Crédito,6,aprovado,Jadlog,Entregue
478,PED-36772,2025-01-15,2025-03-17,1067,Rodrigo Farias,marcos-viniciuscavalcanti@example.net,Brito de Minas,RN,Eletrônicos,Voluptate,LG,4,3395.03,1917.95,0,56.87,Aplicativo,Boleto,6,Aprovado,Jadlog,Entregue
479,PED-18250,2024-04-16,2024-06-05,46,Ana Julia Moreira,bcarvalho@example.org,Novais,TO,eletronicos,Hic,Adidas,3,1470.34,1232.63,30,94.42,Aplicativo,Boleto,2,Recusado,Total Express,Entregue
480,PED-50172,2024-03-09,2024-04-14,352,Larissa Gomes,maria-liz87@example.net,Barros de Carvalho,RN,Roupas,Aut,Apple,4,1333.06,1044.1,0,17.8,App,Boleto,1,aprovado,Total Express,Atrasado
481,PED-47387,2024-12-02,2025-09-26,374,Yasmin Nogueira,kfonseca@example.org,da Cruz dos Dourados,PB,eletronicos,Quisquam,Genérica,2,606.33,453.36,0,68.94,Aplicativo,Pix,1,aprovado,Correios,Atrasado
482,PED-14546,2024-12-06,2024-09-30,650,Maria Vitória da Paz,leaojosue@example.com,da Rosa,RN,Roupas,Dignissimos,Apple,3,1597.08,3415.36,20,36.19,Site,Boleto,2,aprovado,Jadlog,Em trânsito
483,PED-30454,2025-11-01,2024-12-29,9,Dra. Daniela Fonseca,hnunes@example.net,das Neves do Norte,RS,Beleza,Quia,Adidas,3,2282.99,1069.67,0,116.35,app,Débito,12,Pendente,Jadlog,Atrasado
484,PED-24721,2025-02-26,2025-09-12,981,Dr. José Pedro Fernandes,rcorreia@example.org,Aragão de Siqueira,PR,Eletrônicos,Dolorum,Apple,5,453.22,135.54,20,100.91,Aplicativo,Pix,1,Recusado,Correios,Atrasado
485,PED-94058,2024-04-27,2024-07-17,400,Rhavi Novais,riosana-luiza@example.org,Moura,PA,Beleza,Et,Adidas,2,2745.43,2696.48,0,2.71,app,Boleto,6,Aprovado,Total Express,Em trânsito
486,PED-35486,2025-09-17,2025-04-11,1005,Kaique Duarte,casa-grandeagatha@example.net,Novais de Lopes,AL,Roupas,Modi,Adidas,5,1814.87,243.36,30,43.33,SITE,Boleto,1,Pendente,Jadlog,Entregue
487,PED-47309,2025-07-18,2025-12-05,707,Rafael Barros,rguerra@example.net,Ferreira,RS,Roupas,Maiores,LG,4,3066.34,352.22,30,106.54,Aplicativo,Boleto,1,aprovado,Total Express,Em trânsito
488,PED-64289,2024-05-05,2024-12-26,286,Elisa Borges,ferreirabryan@example.com,da Costa,PR,Beleza,Ut,Adidas,1,545.56,1096.15,20,118.4,Site,Boleto,1,Aprovado,Jadlog,Atrasado
489,PED-45825,2025-09-21,2025-12-13,849,Sr. Breno Santos,enzo51@example.org,Leão de Jesus,MG,eletronicos,Sit,Adidas,4,2500.35,2655.59,0,23.91,Aplicativo,Pix,3,Pendente,Correios,Em trânsito
490,PED-86704,2025-02-11,2024-05-16,623,Isis Sá,ida-rosa@example.net,Peixoto,ES,Casa,Blanditiis,Adidas,4,824.59,2779.71,0,31.52,Aplicativo,Crédito,6,Recusado,Jadlog,Entregue
491,PED-74472,2025-05-16,2025-04-25,502,Bryan Peixoto,catarinamoraes@example.net,Azevedo Grande,SP,Eletrônicos,Nam,Samsung,3,1751.02,3398.66,20,89.47,app,Boleto,3,Pendente,Jadlog,Atrasado
492,PED-99903,2025-06-08,2025-03-08,975,Clarice Rios,costajade@example.org,da Costa,RN,Eletrônicos,Fugiat,LG,5,2578.7,110.53,0,19.54,Site,Débito,1,Pendente,Total Express,Entregue
493,PED-56843,2025-03-30,2025-05-10,335,Luiz Fernando da Conceição,giovanna14@example.org,Barros,AL,Eletrônicos,Atque,LG,3,1497.32,3196.76,0,5.85,App,Crédito,3,aprovado,Total Express,Entregue
494,PED-22387,2024-12-04,2024-07-28,343,Yuri Guerra,aurora23@example.com,Vieira da Praia,RS,Beleza,Voluptates,LG,3,2902.54,2413.14,0,32.58,App,Crédito,3,Recusado,Correios,Entregue
495,PED-27950,2025-04-13,2024-06-03,1062,Giovanna Rodrigues,milenamontenegro@example.org,Sá,BA,Roupas,At,LG,4,1471.38,3227.13,0,12.29,SITE,Débito,12,aprovado,Total Express,Atrasado
496,PED-78898,2025-12-19,2025-12-12,1090,Levi Costa,da-conceicaoheitor@example.net,Novais,RO,Beleza,Error,Genérica,1,1489.84,3210.31,0,98.26,Site,Boleto,1,Recusado,Total Express,Em trânsito
497,PED-28220,2026-01-31,2025-07-28,906,Anthony Duarte,henryaragao@example.net,Fogaça,SP,Beleza,Nihil,Adidas,3,644.11,1101.16,30,97.75,SITE,Débito,12,aprovado,Total Express,Entregue
498,PED-50295,2024-02-29,2025-04-28,257,Lara Sá,dgomes@example.org,Guerra de Ramos,AL,eletronicos,Nesciunt,Apple,1,1515.58,2682.43,0,9.33,Aplicativo,Boleto,1,aprovado,Correios,Entregue
499,PED-96479,2024-02-14,2024-10-03,1052,Ravi Lucca Macedo,vianaravy@example.org,Macedo de Almeida,RR,Beleza,Corrupti,Samsung,4,460.28,922.89,0,36.2,Site,Crédito,12,Aprovado,Total Express,Entregue
500,PED-87018,2025-02-04,2024-06-27,410,Maria Laura Dias,liviasa@example.net,Costa,RR,eletronicos,Laudantium,Genérica,3,150.94,552.17,30,113.02,app,Pix,1,aprovado,Total Express,Atrasado
501,PED-90341,2025-01-09,2025-03-18,496,Manuela Camargo,pimentaarthur@example.net,da Cruz,CE,Beleza,Ipsa,Adidas,1,391.91,2044.56,0,63.46,SITE,Pix,1,Aprovado,Total Express,Entregue
502,PED-38051,2024-08-18,2025-07-06,1033,Marcela Nogueira,mbarros@example.com,Vasconcelos,RS,Casa,Possimus,LG,5,688.68,2373.66,0,21.7,App,Boleto,2,aprovado,Total Express,Entregue
503,PED-63422,2025-04-23,2025-12-20,232,Josué Cassiano,pedro87@example.net,Fonseca de Câmara,MS,Roupas,Temporibus,Samsung,4,430.59,518.9,0,84.57,app,Crédito,1,Recusado,Jadlog,Entregue
504,PED-60434,2024-12-21,2024-11-23,581,Dr. Rafael Melo,stella07@example.org,Farias da Serra,RS,Casa,Incidunt,Adidas,3,2420.31,2951.76,0,66.47,App,Boleto,1,Aprovado,Jadlog,Atrasado
505,PED-58161,2024-11-16,2024-09-13,368,Maria Fernanda da Cruz,eduarda98@example.net,Nunes das Flores,PR,Eletrônicos,Quasi,Genérica,4,2368.73,1417.48,20,79.03,Site,Crédito,1,Pendente,Jadlog,Atrasado
506,PED-87405,2025-08-14,2025-03-17,209,Maria Luiza Jesus,ravi00@example.org,da Luz do Amparo,AM,eletronicos,Vel,Samsung,3,3414.47,1218.28,20,101.28,Aplicativo,Crédito,1,Pendente,Total Express,Em trânsito
507,PED-46505,2025-07-09,2024-12-14,1192,Isabela Souza,leandro82@example.org,Aparecida Alegre,RJ,Beleza,Molestias,LG,4,1278.54,2350.04,10,118.5,app,Pix,1,Pendente,Correios,Entregue
508,PED-42858,2025-05-13,2024-10-09,1003,Nina Viana,da-rosaemanuelly@example.org,Melo,RJ,Casa,Dignissimos,Apple,2,152.55,2595.4,0,59.78,Site,Débito,2,Recusado,Correios,Em trânsito
509,PED-91522,2025-08-25,2025-01-01,198,Léo Carvalho,rodrigoda-cunha@example.org,Souza,PR,Eletrônicos,Doloribus,Genérica,5,2698.12,2784.92,0,35.23,Aplicativo,Boleto,3,Recusado,Total Express,Em trânsito
510,PED-80848,2024-07-27,2025-03-30,1120,Igor Pastor,goncalvessophia@example.com,Silva Alegre,MS,Eletrônicos,Veritatis,Samsung,4,3086.43,461.01,10,37.75,Aplicativo,Boleto,2,Aprovado,Correios,Entregue
511,PED-82963,2025-02-14,2024-10-03,621,Dr. Luiz Fernando Nascimento,rezendealexia@example.net,Guerra da Praia,AP,eletronicos,Nemo,Nike,4,513.98,2519.25,10,91.68,app,Boleto,6,Pendente,Jadlog,Atrasado
512,PED-30487,2025-04-24,2024-08-04,1038,Sr. Raul Correia,rael12@example.org,Moraes de Borges,PI,Eletrônicos,Repudiandae,Nike,3,1756.68,3399.5,20,81.18,App,Pix,1,Aprovado,Total Express,Entregue
513,PED-26803,2025-08-27,2025-07-16,751,Julia Jesus,alice54@example.com,Pires do Galho,MT,Roupas,Quasi,Genérica,5,142.8,3125.13,0,45.67,Aplicativo,Pix,1,Pendente,Jadlog,Entregue
514,PED-96670,2024-09-28,2024-06-23,501,Pedro Castro,natalia97@example.org,da Conceição de Minas,GO,eletronicos,Quidem,Apple,3,2094.23,3190.84,0,104.27,Site,Pix,1,Aprovado,Total Express,Em trânsito
515,PED-14899,2024-08-03,2025-03-03,944,João Pedro Freitas,mathiascamara@example.net,Pastor,PA,Casa,At,Adidas,5,3159.86,969.84,30,56.36,Site,Pix,2,Pendente,Jadlog,Atrasado
516,PED-22809,2024-02-25,2025-08-02,1001,Bianca Caldeira,yan24@example.net,Pastor dos Dourados,AL,Eletrônicos,Odio,Genérica,2,1209.09,1784.55,30,40.74,app,Pix,1,Pendente,Correios,Em trânsito
517,PED-93288,2025-01-21,2025-08-20,155,Davi Miguel Sampaio,mariadias@example.org,Cirino da Praia,PA,Beleza,Sint,Apple,3,964.79,1075.75,20,48.24,SITE,Crédito,6,Aprovado,Total Express,Em trânsito
518,PED-45830,2024-08-30,2025-02-11,138,Clara Rios,benicio02@example.com,Guerra de Moreira,SC,Beleza,Eum,Adidas,4,1523.52,1248.24,0,78.18,App,Pix,2,Recusado,Correios,Em trânsito
519,PED-62730,2025-02-24,2025-11-28,515,Danilo Carvalho,frodrigues@example.net,Gonçalves Grande,AL,Beleza,Nam,Adidas,4,2366.88,1939.09,0,75.34,app,Débito,3,Pendente,Correios,Atrasado
520,PED-71249,2025-01-04,2025-05-10,549,Dr. Antônio Nogueira,orezende@example.net,Barbosa do Oeste,BA,Beleza,In,Adidas,4,3274.49,2556.82,0,62.67,App,Boleto,1,aprovado,Correios,Atrasado
521,PED-99824,2024-12-16,2025-10-04,615,Alice Fonseca,nina07@example.org,Albuquerque,RO,Casa,Vitae,Nike,3,3017.64,3193.43,30,24.43,Aplicativo,Pix,12,Recusado,Total Express,Entregue
522,PED-43612,2024-10-26,2024-12-09,484,João Gabriel Brito,heloisacardoso@example.net,Cavalcante do Oeste,SC,Casa,Nesciunt,Apple,1,567.37,145.58,0,55.7,app,Boleto,2,Aprovado,Correios,Entregue
523,PED-45744,2025-03-11,2025-09-02,280,João Albuquerque,rebecamoraes@example.com,Guerra dos Dourados,AC,Eletrônicos,Atque,LG,3,2322.41,657.15,0,115.65,Aplicativo,Crédito,1,Aprovado,Jadlog,Atrasado
524,PED-49056,2025-09-06,2024-11-21,131,Dr. Rodrigo Duarte,maria-cecilia51@example.org,Albuquerque,MG,Casa,Amet,LG,1,1419.29,2947.35,0,28.32,app,Crédito,3,Recusado,Jadlog,Entregue
525,PED-41205,2025-07-05,2025-05-06,251,Cauê Albuquerque,elisa62@example.net,Mendonça do Norte,PE,Roupas,Doloremque,LG,5,2593.47,2830.15,30,28.31,Aplicativo,Débito,1,Aprovado,Correios,Entregue
526,PED-45985,2026-01-18,2024-06-22,901,Henrique Azevedo,vicenteda-mota@example.com,Fonseca,BA,Casa,Reiciendis,LG,5,242.94,1890.47,30,113.85,App,Boleto,2,aprovado,Jadlog,Entregue
527,PED-57578,2025-01-24,2024-11-28,974,Laís Moreira,maria-helenafreitas@example.org,Pastor,GO,Roupas,Perspiciatis,LG,1,2276.62,3173.04,0,100.98,Site,Débito,1,Pendente,Jadlog,Atrasado
528,PED-57560,2026-02-02,2025-10-05,250,Vitor Hugo Martins,diegocastro@example.net,Fernandes das Flores,RS,Beleza,Dignissimos,Apple,4,1390.23,3188.77,10,111.3,App,Pix,1,aprovado,Jadlog,Entregue
529,PED-31001,2025-06-17,2024-08-05,899,Arthur Miguel Gonçalves,ribeirocaroline@example.net,Nogueira,PI,Roupas,Dolorem,Genérica,4,2773.15,995.43,0,98.78,Aplicativo,Boleto,6,Pendente,Jadlog,Atrasado
530,PED-65360,2025-07-25,2024-06-04,206,Olívia Cardoso,sabrina79@example.com,Cirino de Minas,MS,eletronicos,Id,Genérica,3,1796.85,1263.9,20,87.51,app,Pix,2,Aprovado,Correios,Atrasado
531,PED-94094,2025-11-06,2025-04-02,377,Raul Alves,maya83@example.com,Freitas de Machado,PB,Casa,Beatae,Genérica,2,60.61,740.26,0,37.65,Site,Crédito,1,aprovado,Total Express,Atrasado
532,PED-95089,2024-06-11,2025-12-21,267,Hadassa Macedo,anna-lizpinto@example.org,Novais,AL,Beleza,Necessitatibus,Genérica,4,2784.62,1151.93,10,104.82,SITE,Pix,1,Recusado,Jadlog,Entregue
533,PED-21062,2024-03-29,2024-12-19,849,Ana Laura Novais,pietropastor@example.net,Mendonça do Galho,AP,Roupas,Ut,Apple,4,3073.55,3309.41,20,26.94,Site,Débito,1,Pendente,Correios,Em trânsito
534,PED-32119,2024-11-13,2024-02-27,102,Srta. Sophia Sampaio,gabriellyfernandes@example.net,Pimenta,PR,Casa,Id,Adidas,4,2121.35,564.92,0,20.41,app,Crédito,1,Pendente,Jadlog,Atrasado
535,PED-74769,2024-02-15,2024-11-09,243,Srta. Isadora da Conceição,kvargas@example.com,Rios,MS,eletronicos,Itaque,Genérica,2,707.38,3023.68,0,34.56,Aplicativo,Boleto,1,Pendente,Correios,Atrasado
536,PED-38254,2025-03-05,2024-11-26,580,Isadora Borges,xvargas@example.org,Pastor,MA,eletronicos,Reprehenderit,Nike,2,1459.41,553.5,0,117.14,SITE,Boleto,1,Recusado,Total Express,Atrasado
537,PED-94834,2024-03-23,2024-08-27,939,Rafael Alves,augusto19@example.org,Dias das Flores,RO,Eletrônicos,Accusantium,Samsung,4,509.56,1165.2,30,47.71,SITE,Boleto,6,Pendente,Total Express,Atrasado
538,PED-43584,2025-04-26,2024-07-30,150,Mirella Pimenta,xda-mota@example.com,Rodrigues,RJ,Eletrônicos,Maxime,Adidas,1,229.79,3262.17,10,108.99,app,Crédito,1,Recusado,Total Express,Atrasado
539,PED-59930,2025-04-14,2025-08-09,620,Gabriel Viana,maria-lizalbuquerque@example.org,Cassiano,AL,Casa,Ea,Genérica,3,506.22,3128.18,0,69.66,App,Débito,3,Pendente,Jadlog,Em trânsito
540,PED-27290,2025-06-07,2025-08-26,184,Vinícius Moura,carolina61@example.org,Cirino do Norte,GO,Roupas,Quisquam,Genérica,5,1543.61,948.4,0,5.3,SITE,Boleto,12,Recusado,Total Express,Em trânsito
541,PED-66372,2025-07-22,2025-02-08,580,João Felipe Vargas,arthur-gabrielcasa-grande@example.net,Cavalcanti,MA,Roupas,Error,Adidas,3,1833.56,1553.43,0,37.87,Aplicativo,Débito,3,Pendente,Correios,Entregue
542,PED-29480,2026-01-27,2024-09-02,112,Sra. Luara Casa Grande,machadocalebe@example.org,Novaes do Amparo,ES,eletronicos,Provident,Apple,1,1672.35,614.26,10,52.37,Aplicativo,Crédito,2,Recusado,Total Express,Atrasado
543,PED-73596,2025-07-06,2024-07-08,938,Francisco Novaes,ualbuquerque@example.net,Aparecida do Sul,ES,Casa,Fugiat,Samsung,2,476.61,372.84,0,21.68,SITE,Pix,3,aprovado,Total Express,Entregue
544,PED-78945,2025-06-18,2024-06-19,1169,Cecília Farias,brunocaldeira@example.com,Monteiro,RJ,eletronicos,Ut,Nike,1,899.24,1768.48,0,106.48,Site,Pix,6,Aprovado,Jadlog,Em trânsito
545,PED-87376,2025-04-14,2025-01-05,218,Davi Luiz Cardoso,isaaccosta@example.net,Sá,AM,Roupas,Nam,Apple,1,329.67,2915.91,30,57.58,App,Crédito,1,Aprovado,Total Express,Atrasado
546,PED-69388,2025-11-02,2024-06-09,666,Vitória Lopes,pastornoah@example.net,Freitas de da Costa,RN,Beleza,Eveniet,Apple,2,3028.31,2815.37,0,38.78,Site,Crédito,3,Pendente,Correios,Em trânsito
547,PED-43444,2025-05-31,2025-06-29,365,Pietro Guerra,agatha49@example.org,Rocha,RO,eletronicos,Beatae,Nike,1,120.77,768.37,10,93.54,App,Débito,1,Recusado,Jadlog,Em trânsito
548,PED-50645,2024-09-16,2025-05-22,269,Dra. Ana Carolina Rios,riosthales@example.com,da Mota da Serra,ES,Roupas,Cumque,Genérica,1,2920.58,1818.65,10,53.45,Aplicativo,Boleto,1,Pendente,Correios,Em trânsito
549,PED-58265,2025-08-23,2024-08-10,382,Sra. Maitê Marques,yago78@example.net,Freitas,SP,Casa,Recusandae,Genérica,4,370.67,1821.03,10,81.17,SITE,Boleto,3,Aprovado,Jadlog,Em trânsito
550,PED-67325,2024-06-18,2025-07-03,163,Luiz Otávio Costela,igornovais@example.com,Sá,MT,Casa,Excepturi,LG,2,3445.44,2410.88,0,100.98,app,Boleto,1,Aprovado,Total Express,Entregue
551,PED-15910,2024-08-25,2025-08-03,1052,Sr. João Farias,hcosta@example.com,Pacheco de Farias,MG,Eletrônicos,Fuga,Adidas,4,1474.92,1653.06,30,68.22,App,Pix,1,Aprovado,Total Express,Entregue
552,PED-24933,2024-11-12,2025-12-16,948,Dr. Emanuel Costa,augusto85@example.com,Fogaça,PE,eletronicos,Laborum,Apple,4,206.14,1486.07,30,35.72,app,Boleto,12,Pendente,Total Express,Em trânsito
553,PED-54739,2025-06-03,2025-11-22,384,Luan Câmara,macedomelissa@example.net,Vargas,MS,eletronicos,Voluptatem,Apple,1,2627.25,2133.98,30,12.76,app,Crédito,1,Pendente,Correios,Entregue
554,PED-32509,2024-03-13,2024-09-16,978,Dr. Henrique Martins,ana-sophia47@example.com,Peixoto Grande,MG,Casa,Perspiciatis,Genérica,4,3047.29,3382.02,20,87.11,App,Pix,6,Pendente,Jadlog,Entregue
555,PED-26395,2026-01-05,2025-02-03,277,Srta. Melissa Garcia,ana-vitoria50@example.net,Ribeiro,SE,Eletrônicos,Beatae,Apple,1,2865.09,2451.31,0,103.08,SITE,Boleto,6,aprovado,Total Express,Entregue
556,PED-67119,2024-09-17,2026-01-31,1104,Dra. Ana Rios,miguel81@example.com,Barbosa,MT,eletronicos,Veritatis,Samsung,3,2705.54,561.17,10,2.62,SITE,Débito,6,Pendente,Jadlog,Em trânsito
557,PED-12572,2024-04-24,2024-04-05,921,Fernando Siqueira,msousa@example.org,da Rosa,AL,Beleza,Officiis,Apple,2,1067.17,2911.61,10,6.11,Site,Crédito,6,Pendente,Jadlog,Em trânsito
558,PED-85846,2025-06-30,2025-09-12,1136,Ana Beatriz da Rocha,ayla80@example.net,Borges,AM,Roupas,Sit,Samsung,4,1428.9,1821.08,30,73.38,Aplicativo,Débito,6,Aprovado,Total Express,Entregue
559,PED-65312,2025-08-01,2024-08-12,1181,Melissa Costela,maria-julianovaes@example.com,Pinto dos Dourados,SE,Roupas,Nisi,Adidas,1,974.08,2286.64,10,14.03,app,Pix,2,Pendente,Correios,Entregue
560,PED-47750,2025-06-02,2024-10-18,394,Alexandre Siqueira,fpereira@example.com,Costa,MS,Casa,Optio,LG,4,850.76,807.97,30,40.7,app,Boleto,1,Recusado,Total Express,Atrasado
561,PED-61166,2024-03-21,2025-05-16,854,Marina Ribeiro,luiz-otaviobrito@example.net,Pereira do Galho,PI,Roupas,Libero,Nike,2,2195.36,1024.48,30,10.34,Aplicativo,Débito,1,aprovado,Correios,Atrasado
562,PED-74511,2025-08-06,2024-08-01,207,Alana Gomes,maria-julia47@example.net,Aragão das Pedras,RJ,Casa,Molestias,Nike,3,859.78,1971.07,0,43.05,App,Pix,6,aprovado,Correios,Atrasado
563,PED-14190,2025-09-09,2024-03-08,131,Ravy Ferreira,psales@example.org,Machado,MS,Roupas,Placeat,Nike,1,2180.59,466.37,0,58.36,App,Pix,12,Aprovado,Total Express,Em trânsito
564,PED-29815,2024-05-20,2024-04-01,1056,Luna Fonseca,enzocaldeira@example.com,da Cruz de Pimenta,AM,Beleza,Id,Genérica,1,2487.1,3246.88,10,95.88,Site,Crédito,12,Aprovado,Total Express,Entregue
565,PED-76493,2024-05-25,2025-03-26,216,Alana Vargas,fsales@example.org,Oliveira da Prata,RO,eletronicos,Nostrum,Genérica,1,3054.5,3192.9,0,87.4,Aplicativo,Boleto,6,Aprovado,Correios,Atrasado
566,PED-57675,2024-06-08,2025-06-22,686,Brayan Borges,da-motalucca@example.net,Martins do Sul,SC,eletronicos,Distinctio,Samsung,2,1564.92,1484.34,0,29.44,Aplicativo,Pix,1,aprovado,Correios,Em trânsito
567,PED-58815,2026-02-01,2025-12-19,850,Srta. Lavínia da Cruz,joao-pedro94@example.com,Novais,MT,Roupas,Facere,Genérica,2,573.06,2649.6,10,94.47,SITE,Boleto,2,Pendente,Jadlog,Atrasado
568,PED-99417,2024-10-20,2024-09-19,741,Marcelo Ribeiro,vgomes@example.net,Almeida das Pedras,GO,Eletrônicos,Culpa,Nike,2,2707.02,2525.81,20,113.24,Site,Pix,1,Pendente,Correios,Em trânsito
569,PED-18056,2025-05-23,2025-01-16,806,Srta. Brenda Duarte,davigomes@example.org,Santos de Goiás,MS,Eletrônicos,Recusandae,Genérica,2,3163.66,249.44,30,117.61,app,Pix,2,Pendente,Total Express,Atrasado
570,PED-82562,2025-10-30,2025-04-05,624,Ana Clara Pastor,iancosta@example.com,Pereira,RN,Roupas,Sequi,LG,1,2903.16,3155.72,20,110.45,Aplicativo,Boleto,6,aprovado,Total Express,Atrasado
571,PED-91027,2024-03-18,2025-02-28,906,Kevin Pereira,earagao@example.net,Rezende das Flores,MA,Roupas,Corporis,Genérica,4,2725.13,3089.36,0,4.44,App,Boleto,6,aprovado,Total Express,Atrasado
572,PED-47214,2025-09-11,2024-03-08,438,Daniela Souza,emoura@example.org,Moreira Grande,PR,Eletrônicos,Maxime,Adidas,5,1127.27,1225.45,30,19.2,Site,Pix,1,Recusado,Total Express,Em trânsito
573,PED-76227,2024-10-12,2026-01-04,227,Enzo Mendes,anthony-gabriel18@example.com,Barbosa,RS,Eletrônicos,Quam,LG,3,2213.11,1272.93,0,90.79,Site,Boleto,1,Aprovado,Jadlog,Em trânsito
574,PED-40945,2024-02-26,2024-02-14,1192,Natália da Paz,raul78@example.org,Montenegro da Serra,PI,Beleza,Tempora,Genérica,5,2963.51,856.74,0,34.14,app,Débito,6,Pendente,Total Express,Atrasado
575,PED-42457,2024-12-17,2025-12-26,216,Henrique Cavalcante,raul41@example.org,Farias do Galho,RJ,Roupas,Omnis,Adidas,5,714.32,2736.0,10,11.76,Aplicativo,Boleto,1,Aprovado,Correios,Em trânsito
576,PED-27047,2024-11-05,2025-11-22,976,Arthur Gabriel Lima,barrosluiz-fernando@example.com,Carvalho Paulista,RR,eletronicos,Dolore,Nike,1,1324.07,1865.58,20,67.08,Aplicativo,Pix,3,Pendente,Total Express,Em trânsito
577,PED-67682,2024-10-22,2024-12-14,1003,Murilo Garcia,rfreitas@example.net,Albuquerque,RO,Casa,Corrupti,Apple,2,1794.96,1722.44,10,15.53,app,Crédito,6,aprovado,Jadlog,Em trânsito
578,PED-14273,2024-05-08,2024-10-07,322,Srta. Bella Souza,pedro-miguel74@example.net,Fogaça de da Rosa,AM,Beleza,Quo,LG,1,2125.52,1459.74,0,44.35,App,Crédito,3,aprovado,Correios,Em trânsito
579,PED-49967,2024-06-23,2025-10-19,767,Matteo Vieira,natalia54@example.net,Cirino,SC,Roupas,Mollitia,LG,4,146.52,542.9,20,50.61,App,Pix,1,aprovado,Total Express,Em trânsito
580,PED-10273,2024-06-10,2024-11-04,251,Eduarda da Luz,da-costanatalia@example.org,da Mota,TO,Beleza,Explicabo,LG,1,3052.97,1490.63,20,37.16,Aplicativo,Pix,12,Pendente,Jadlog,Atrasado
581,PED-89391,2024-09-09,2025-03-27,272,Diego Peixoto,almeidagabriel@example.org,Andrade do Sul,CE,eletronicos,Expedita,Adidas,4,2677.79,2351.91,0,103.96,App,Crédito,12,Pendente,Jadlog,Entregue
582,PED-61825,2024-09-18,2025-07-23,695,Catarina Sá,joao01@example.com,da Mota,RN,Beleza,Vero,Samsung,4,2588.9,2278.41,0,84.87,app,Pix,3,Aprovado,Total Express,Atrasado
583,PED-21161,2025-07-29,2025-04-26,395,Rael Silveira,ybarros@example.net,Alves,AP,Beleza,Harum,Adidas,5,2663.77,3352.66,20,22.73,Aplicativo,Crédito,1,aprovado,Correios,Em trânsito
584,PED-36975,2024-11-30,2025-03-27,503,Daniela Leão,joana60@example.net,Rocha,DF,Beleza,Vero,Nike,1,2833.88,2143.65,10,70.67,Aplicativo,Crédito,1,Pendente,Correios,Em trânsito
585,PED-13153,2025-06-08,2025-05-19,1082,Maria Cecília da Costa,enzo-gabriel24@example.org,Moura da Mata,PB,Roupas,A,Nike,3,364.04,3430.26,20,20.18,SITE,Débito,1,Aprovado,Correios,Em trânsito
586,PED-63382,2025-05-08,2024-03-22,347,Giovanna Macedo,andrefonseca@example.org,Ferreira de Pinto,SC,Eletrônicos,Repellendus,Adidas,3,676.03,2510.89,0,46.79,App,Débito,2,Recusado,Jadlog,Em trânsito
587,PED-25855,2024-02-09,2024-05-20,107,Maria Sophia Câmara,clarice22@example.org,Lima de Porto,GO,eletronicos,Quas,Apple,5,2071.8,1750.78,20,46.21,Site,Pix,1,Recusado,Jadlog,Atrasado
588,PED-63356,2025-08-25,2025-10-13,135,Eloá Aparecida,xcorreia@example.org,Siqueira de Araújo,ES,Casa,Sequi,Samsung,4,2235.72,3202.39,0,32.3,app,Crédito,1,aprovado,Jadlog,Atrasado
589,PED-63313,2025-11-17,2024-10-10,914,Samuel Peixoto,kpereira@example.net,Barbosa,RN,Eletrônicos,Excepturi,Genérica,5,751.93,3389.29,0,64.85,SITE,Débito,3,Pendente,Total Express,Em trânsito
590,PED-15477,2024-03-05,2025-08-19,3,Renan Nascimento,ggarcia@example.org,da Cunha Alegre,CE,Casa,Provident,Adidas,3,2303.05,627.47,0,112.02,Aplicativo,Pix,3,Recusado,Total Express,Em trânsito
591,PED-56061,2024-06-09,2024-11-14,436,Benicio Marques,wnovaes@example.net,Ribeiro da Prata,SC,Beleza,Sunt,Adidas,3,206.92,2600.18,20,8.39,Site,Boleto,6,Aprovado,Correios,Atrasado
592,PED-82938,2024-05-28,2024-06-30,573,Olivia Rocha,jda-luz@example.org,da Cruz dos Dourados,PR,Casa,Hic,Apple,5,1791.63,2817.1,30,113.45,App,Boleto,1,aprovado,Total Express,Em trânsito
593,PED-54778,2024-12-17,2025-10-05,432,Dante da Mata,vcaldeira@example.org,Camargo,PE,Casa,Deserunt,Adidas,3,104.77,2436.87,30,110.67,app,Boleto,1,Aprovado,Total Express,Entregue
594,PED-64154,2024-12-18,2024-06-29,1139,Dr. Breno Viana,sampaioenrico@example.com,Sampaio de Monteiro,AM,Casa,Nemo,Nike,5,329.96,3074.69,30,9.3,Site,Boleto,6,Aprovado,Jadlog,Em trânsito
595,PED-88815,2024-06-20,2026-01-15,734,Luiz Gustavo Fonseca,qsouza@example.net,da Mota,PI,Casa,A,Apple,1,480.44,1328.16,0,53.35,SITE,Crédito,12,Recusado,Total Express,Atrasado
596,PED-56900,2024-04-12,2024-07-16,393,Sra. Maria Alice Teixeira,otaviosousa@example.net,da Mota da Praia,RO,Eletrônicos,Adipisci,Adidas,3,2839.03,812.96,10,116.08,Site,Pix,2,aprovado,Correios,Entregue
597,PED-93681,2024-09-24,2024-06-16,812,Dra. Heloisa Moreira,lucas61@example.net,Moreira,PE,Eletrônicos,Et,LG,5,1776.12,638.15,0,79.18,app,Débito,1,aprovado,Total Express,Entregue
598,PED-26702,2025-12-26,2025-07-15,532,Eloá Gonçalves,nrocha@example.org,Borges,ES,Beleza,At,Apple,5,2564.7,996.43,30,2.77,app,Pix,6,Pendente,Correios,Em trânsito
599,PED-94012,2025-01-17,2024-08-26,107,Maya Mendes,borgesmaya@example.org,da Conceição do Oeste,PR,Roupas,Iusto,Nike,4,995.42,2396.6,10,59.47,app,Crédito,6,aprovado,Correios,Em trânsito
600,PED-65058,2025-12-30,2024-09-09,1091,Rebeca Leão,marquesdiogo@example.com,Dias,RJ,Casa,Laudantium,LG,1,1401.91,1204.74,20,96.92,SITE,Boleto,1,aprovado,Correios,Entregue
601,PED-53152,2025-10-24,2024-04-17,637,Renan Marques,maria-claracampos@example.net,Cassiano Grande,GO,Eletrônicos,Libero,Genérica,1,146.16,1540.22,0,71.1,App,Pix,1,Aprovado,Jadlog,Entregue
602,PED-54669,2024-09-14,2025-11-09,112,José Pedro Rodrigues,eloacardoso@example.com,Novaes,MS,Roupas,Aliquam,Adidas,2,3305.24,2726.34,20,52.62,Site,Boleto,3,Aprovado,Correios,Entregue
603,PED-14370,2025-11-29,2024-04-15,773,Carlos Eduardo Nascimento,hadassafogaca@example.net,Castro,RJ,Roupas,Dolores,Genérica,1,2750.13,263.91,10,6.57,app,Boleto,1,Aprovado,Total Express,Entregue
604,PED-83303,2024-10-09,2024-05-28,107,Sr. Mathias Vasconcelos,nribeiro@example.net,Monteiro do Amparo,RN,Roupas,Sapiente,Nike,4,380.61,2644.27,0,103.75,app,Crédito,2,Pendente,Jadlog,Em trânsito
605,PED-91292,2024-07-20,2026-01-12,208,Luna Melo,luiz-gustavo00@example.net,da Mota de Novaes,SE,Roupas,Expedita,Genérica,1,1616.56,1182.27,0,12.96,Site,Crédito,3,aprovado,Total Express,Entregue
606,PED-93540,2024-04-01,2024-08-02,1043,Heloísa Cunha,elisaguerra@example.com,Novais,DF,Roupas,Deleniti,LG,4,1710.83,2191.94,0,29.18,Site,Crédito,1,Recusado,Total Express,Em trânsito
607,PED-77256,2025-05-03,2025-08-09,733,Dra. Isabel Peixoto,mariagomes@example.net,Costela da Serra,ES,Roupas,Quos,Adidas,5,2725.46,558.56,0,72.4,App,Pix,1,aprovado,Correios,Entregue
608,PED-76467,2026-01-08,2024-07-18,1146,Ayla Correia,ecostela@example.net,Rezende,PI,Eletrônicos,Cum,Nike,3,724.15,741.28,0,94.23,App,Débito,6,Pendente,Total Express,Atrasado
609,PED-71263,2025-09-27,2025-08-06,679,Cecilia Viana,amandacasa-grande@example.org,Souza do Sul,RR,Beleza,Earum,Adidas,3,2175.56,1494.5,0,12.58,Site,Boleto,1,Aprovado,Total Express,Entregue
610,PED-40182,2025-12-10,2025-01-19,956,Dr. Dom Cassiano,ccardoso@example.org,Vargas da Mata,AC,Beleza,Magni,Apple,2,1708.57,2700.8,0,96.87,Aplicativo,Débito,2,aprovado,Correios,Em trânsito
611,PED-11296,2024-12-20,2024-09-29,152,Catarina Lopes,esouza@example.com,Carvalho da Serra,CE,Roupas,Quia,Samsung,5,447.4,1052.49,0,75.76,App,Crédito,1,aprovado,Correios,Em trânsito
612,PED-32825,2024-07-13,2025-07-22,449,Bruna da Mata,joao-vitormendes@example.org,Freitas,AL,Roupas,Nobis,Genérica,2,1222.37,1963.04,0,23.52,SITE,Pix,1,Aprovado,Total Express,Entregue
613,PED-59666,2024-03-03,2024-02-10,228,Joana Pacheco,nunesmarcelo@example.net,da Luz,MT,Roupas,Sed,Apple,3,1623.9,1325.26,0,79.31,app,Boleto,6,Aprovado,Correios,Entregue
614,PED-27143,2025-03-15,2024-02-18,389,Dra. Juliana Fernandes,allanamendonca@example.org,Moreira,RS,eletronicos,Ea,Adidas,4,2445.52,1146.93,10,117.24,SITE,Crédito,12,aprovado,Total Express,Em trânsito
615,PED-29472,2024-09-05,2025-04-01,672,João Vitor Cavalcante,rhavi32@example.net,Vargas,AL,eletronicos,Ullam,Samsung,3,3061.34,2987.68,20,106.3,SITE,Crédito,12,Pendente,Total Express,Atrasado
616,PED-18503,2024-10-20,2024-12-22,343,Caleb Lopes,maysapeixoto@example.com,Nunes Alegre,BA,Beleza,Nisi,Nike,5,1341.22,1840.18,0,38.62,App,Boleto,6,Pendente,Jadlog,Em trânsito
617,PED-86177,2024-10-31,2024-09-15,822,Bárbara Araújo,souzazoe@example.net,Aparecida da Prata,AM,Beleza,At,Genérica,1,764.84,3137.35,10,103.58,Aplicativo,Débito,1,Pendente,Jadlog,Atrasado
618,PED-30605,2024-08-10,2024-08-05,767,Lucas Gabriel Farias,da-rosamaria-helena@example.org,Ramos,MG,Roupas,Minus,Adidas,1,513.44,339.9,10,62.26,SITE,Crédito,2,Recusado,Jadlog,Em trânsito
619,PED-71282,2024-02-13,2024-12-14,886,Bruna Teixeira,henry-gabriel78@example.net,Nascimento,RR,Casa,Totam,LG,4,1143.72,1369.18,0,53.0,App,Crédito,1,Aprovado,Jadlog,Atrasado
620,PED-77212,2026-01-22,2025-11-19,1120,Srta. Joana Duarte,antonio24@example.com,da Mata do Sul,CE,Eletrônicos,Veniam,LG,2,389.51,296.15,0,65.52,App,Débito,6,Recusado,Jadlog,Em trânsito
621,PED-99592,2024-08-03,2024-02-06,563,Kamilly Vargas,kamillysousa@example.com,Aragão,AL,eletronicos,Recusandae,Genérica,5,3493.09,3494.5,30,88.78,App,Crédito,12,Recusado,Jadlog,Em trânsito
622,PED-62928,2024-03-21,2025-02-24,831,Larissa Carvalho,augusto44@example.net,Correia do Amparo,CE,Beleza,At,Genérica,1,1678.41,1818.63,0,103.86,SITE,Débito,6,aprovado,Jadlog,Entregue
623,PED-77610,2024-07-19,2025-10-13,1132,Maria Luiza Castro,njesus@example.org,Aragão de Gomes,RO,Casa,Similique,Genérica,4,1225.28,346.27,0,51.46,Aplicativo,Débito,2,Pendente,Total Express,Entregue
624,PED-59112,2025-10-05,2025-11-09,285,Luísa Albuquerque,catarinaguerra@example.org,Pinto,PR,Beleza,Ipsum,Apple,3,3304.57,83.4,30,100.12,App,Débito,2,Pendente,Total Express,Em trânsito
625,PED-80464,2024-05-06,2025-05-12,614,Gustavo Leão,zoedas-neves@example.net,Cirino,PE,Roupas,Odio,Adidas,1,2008.14,161.12,0,18.44,App,Boleto,2,aprovado,Jadlog,Entregue
626,PED-80056,2025-11-01,2025-08-08,792,Bruno Silveira,samuelferreira@example.net,Pires,GO,eletronicos,Optio,Nike,1,1184.5,3368.69,30,107.37,Site,Débito,1,aprovado,Correios,Atrasado
627,PED-89084,2024-07-24,2025-10-13,1001,Srta. Esther Farias,maysa52@example.org,Sousa,PA,Eletrônicos,Aut,Apple,2,289.74,3372.33,0,24.71,App,Crédito,2,Aprovado,Jadlog,Atrasado
628,PED-11447,2025-05-23,2025-08-27,352,Dr. Renan Aparecida,isabelda-mota@example.com,Andrade do Sul,AC,Roupas,Molestias,Nike,4,591.77,432.07,20,50.21,Site,Boleto,12,aprovado,Correios,Entregue
629,PED-50600,2025-10-10,2024-09-08,886,Cauã Moreira,waparecida@example.org,Pimenta,PI,Casa,Possimus,Apple,5,2034.07,1120.58,0,60.3,Aplicativo,Pix,1,Aprovado,Correios,Em trânsito
630,PED-18384,2025-09-18,2025-06-14,818,Anna Liz da Conceição,ana-vitoria69@example.com,Castro do Norte,AL,Beleza,Iure,Apple,5,1184.68,2013.84,10,55.22,app,Crédito,6,Aprovado,Jadlog,Atrasado
631,PED-69809,2024-10-01,2024-05-15,711,Srta. Olívia Pires,enzocardoso@example.net,Pereira Grande,PE,Roupas,Iusto,Nike,5,2890.83,2981.96,10,29.9,app,Boleto,2,Pendente,Total Express,Entregue
632,PED-84529,2025-02-10,2025-01-25,196,Vicente Sousa,benjamim50@example.org,Andrade das Pedras,BA,Casa,Officia,Genérica,1,876.95,3053.36,0,105.91,app,Pix,6,Aprovado,Total Express,Atrasado
633,PED-38476,2025-01-28,2025-10-15,1011,Henry Gabriel Aragão,pietraviana@example.org,Cirino,CE,Casa,Esse,Adidas,1,3483.84,314.04,0,60.53,App,Boleto,2,aprovado,Jadlog,Entregue
634,PED-76330,2024-06-17,2024-05-15,92,Lorena Oliveira,alvesmaria-isis@example.org,Câmara da Serra,MA,Casa,Fuga,Samsung,1,2254.09,2380.9,10,45.74,Aplicativo,Débito,2,Aprovado,Correios,Em trânsito
635,PED-25031,2025-07-13,2025-03-05,280,Hadassa Correia,barrosalana@example.com,Novais do Campo,MA,Roupas,Facilis,Genérica,4,1722.42,285.42,20,78.84,Aplicativo,Débito,2,Recusado,Correios,Entregue
636,PED-12367,2026-01-28,2024-08-23,206,Srta. Laura Monteiro,gpastor@example.net,da Cruz,GO,eletronicos,Mollitia,LG,1,1894.56,1398.43,0,80.57,Site,Pix,1,Pendente,Jadlog,Entregue
637,PED-38399,2025-09-30,2025-10-31,71,Caleb das Neves,casa-grandecarolina@example.org,Oliveira de Dias,PE,Beleza,Odit,Apple,4,2453.76,2935.93,20,76.92,Site,Boleto,6,Recusado,Jadlog,Entregue
638,PED-88407,2024-05-01,2024-04-26,10,Dr. José Miguel Barros,larissa79@example.net,Barbosa de Marques,AP,Eletrônicos,At,Nike,2,3254.43,1342.52,0,24.0,Site,Boleto,1,Aprovado,Jadlog,Entregue
639,PED-99123,2024-08-16,2025-04-25,130,Yasmin Mendes,da-rochanicolas@example.net,Carvalho da Serra,SP,eletronicos,Dignissimos,Samsung,2,2547.84,201.84,20,12.92,App,Pix,3,aprovado,Total Express,Entregue
640,PED-81002,2024-10-24,2025-06-07,810,Bella Fonseca,jose-pedro86@example.org,Sampaio Paulista,AM,Casa,Aspernatur,Samsung,2,787.54,1280.19,0,1.8,App,Crédito,2,aprovado,Jadlog,Entregue
641,PED-18652,2025-07-26,2025-05-01,571,Maria Isis Dias,novaesgabriel@example.com,Moura de Siqueira,ES,Beleza,Qui,LG,1,282.29,804.03,0,92.11,Aplicativo,Crédito,6,aprovado,Jadlog,Entregue
642,PED-88625,2025-12-10,2024-07-26,665,Dr. Liam Pacheco,fernandapastor@example.net,Rios,RO,Casa,Aliquid,Genérica,2,1195.56,2241.97,30,38.16,Aplicativo,Crédito,1,Aprovado,Total Express,Atrasado
643,PED-68839,2024-04-16,2024-12-07,784,Matheus Macedo,uviana@example.org,Sousa de Fogaça,AP,Beleza,Eligendi,Genérica,2,1786.8,2480.97,0,27.91,app,Crédito,1,aprovado,Total Express,Em trânsito
644,PED-41922,2025-02-14,2025-01-27,163,Anthony Marques,dsa@example.com,Nogueira Grande,RR,Eletrônicos,Illo,Apple,3,1770.61,746.94,10,24.53,Site,Débito,6,Pendente,Total Express,Em trânsito
645,PED-27598,2024-09-17,2025-10-18,570,Sr. Gabriel Barros,camposmaria-liz@example.com,Lima da Prata,SC,Roupas,Odit,Genérica,1,1847.01,3422.61,30,97.53,Site,Débito,12,Recusado,Jadlog,Entregue
646,PED-36976,2024-05-22,2024-07-10,1105,Théo Carvalho,lais69@example.com,Santos Verde,RN,Eletrônicos,Adipisci,Genérica,2,2815.01,2452.16,0,72.97,Aplicativo,Pix,1,Pendente,Total Express,Entregue
647,PED-18469,2024-08-13,2025-02-14,1007,Dra. Maria Alice Novais,dom36@example.org,Jesus,AM,Eletrônicos,Ab,Apple,1,2238.57,538.29,0,15.07,SITE,Débito,1,Aprovado,Jadlog,Atrasado
648,PED-71220,2025-01-17,2025-12-15,638,Nicolas Ferreira,fonsecagabriel@example.com,Castro,AM,eletronicos,Autem,Genérica,2,894.99,658.7,0,36.37,app,Boleto,6,aprovado,Jadlog,Em trânsito
649,PED-20487,2025-05-17,2025-05-14,737,Luiz Henrique da Mata,nicolasmacedo@example.com,Moraes,PE,Casa,Odit,Nike,2,1673.96,1508.31,20,88.19,SITE,Boleto,1,Pendente,Jadlog,Entregue
650,PED-49351,2024-04-11,2025-03-01,1101,Enzo Carvalho,beatrizcarvalho@example.com,Santos,BA,eletronicos,Molestiae,Adidas,2,937.66,1649.6,10,33.99,app,Boleto,1,Recusado,Correios,Atrasado
651,PED-71506,2025-01-30,2025-11-11,401,Maria Isis Teixeira,jduarte@example.com,Mendonça,CE,eletronicos,Autem,Apple,1,94.28,1777.41,30,44.91,Aplicativo,Boleto,2,Recusado,Jadlog,Em trânsito
652,PED-50345,2024-02-21,2024-05-30,146,Henry Gabriel da Rosa,novaeskaique@example.org,Silveira,AC,Casa,Exercitationem,Samsung,1,1377.65,2001.35,0,91.55,App,Pix,3,Pendente,Total Express,Atrasado
653,PED-58258,2024-08-25,2024-10-25,119,Yasmin Lima,apollomelo@example.org,Lopes,RJ,Casa,Repellat,Nike,2,886.12,169.05,0,75.71,Site,Débito,1,Pendente,Total Express,Entregue
654,PED-43330,2024-10-26,2024-04-23,507,Heloísa Lopes,siqueirarafael@example.com,Sales,SP,Beleza,Aperiam,Adidas,2,92.56,2709.85,30,85.39,Aplicativo,Boleto,6,Aprovado,Total Express,Entregue
655,PED-65436,2026-01-17,2026-01-21,340,Sra. Ana Guerra,danilojesus@example.com,Macedo,SP,Casa,Iste,LG,3,1777.23,1889.54,10,70.33,Aplicativo,Crédito,1,Recusado,Correios,Em trânsito
656,PED-37462,2025-11-05,2025-10-29,816,Cecília Moura,rafaelaalves@example.com,Sampaio,MS,Roupas,Provident,Samsung,2,2866.54,55.45,0,92.85,Aplicativo,Boleto,6,Recusado,Total Express,Em trânsito
657,PED-32365,2024-03-27,2025-01-09,362,Ana Beatriz da Cruz,enzoda-rosa@example.net,Farias,AM,Roupas,Adipisci,Apple,2,733.17,677.85,0,54.08,SITE,Débito,1,Aprovado,Total Express,Entregue
658,PED-35150,2024-09-13,2025-12-27,532,Luigi Guerra,ayllaporto@example.net,Correia,TO,Casa,Numquam,Nike,5,426.72,2245.7,0,35.18,Aplicativo,Crédito,1,Aprovado,Jadlog,Entregue
659,PED-86761,2024-08-02,2024-11-14,481,Evelyn Jesus,iandas-neves@example.org,Borges do Amparo,AP,Casa,Debitis,Nike,1,82.8,967.98,0,79.84,Site,Crédito,1,Aprovado,Jadlog,Atrasado
660,PED-78167,2024-04-11,2024-08-12,545,Luísa Abreu,liam50@example.org,Rocha,BA,Casa,Veritatis,Nike,3,2135.08,1211.1,30,106.82,App,Débito,1,Pendente,Jadlog,Atrasado
661,PED-17502,2024-03-04,2024-06-09,730,Emanuelly Ribeiro,qaragao@example.net,Cavalcanti,AP,Roupas,Quos,Samsung,1,1626.37,2459.16,30,100.25,SITE,Crédito,3,Aprovado,Total Express,Em trânsito
662,PED-42576,2025-03-05,2024-04-16,755,Augusto Casa Grande,yuripimenta@example.net,Silva,AP,Casa,Deleniti,Adidas,4,1826.45,2327.79,0,118.34,App,Crédito,6,Recusado,Correios,Atrasado
663,PED-52667,2025-03-22,2025-07-29,910,Lucas Gabriel Aragão,enzoda-cruz@example.com,da Cruz,PI,eletronicos,Possimus,Adidas,4,1430.57,2163.44,0,41.8,Aplicativo,Crédito,6,Pendente,Jadlog,Atrasado
664,PED-35569,2024-04-12,2024-04-25,294,Davi Farias,vcamara@example.net,Andrade,BA,Beleza,Quibusdam,Adidas,5,159.52,1767.84,0,36.16,app,Boleto,1,Pendente,Correios,Em trânsito
665,PED-96853,2025-01-25,2025-08-30,1108,João Gabriel Aparecida,rezendeaylla@example.org,das Neves,DF,eletronicos,Exercitationem,Apple,2,637.99,3307.52,30,10.73,Aplicativo,Crédito,1,Recusado,Jadlog,Em trânsito
666,PED-38885,2025-11-29,2024-09-15,528,Felipe Oliveira,elopes@example.com,Dias,AP,Casa,Id,Genérica,1,2345.89,3233.44,30,87.05,Site,Pix,12,aprovado,Total Express,Atrasado
667,PED-18476,2024-08-25,2024-12-07,703,Laura Borges,esther04@example.com,Fogaça de Gonçalves,MG,Casa,Praesentium,Genérica,4,2306.02,2758.53,10,97.01,SITE,Pix,1,Recusado,Correios,Entregue
668,PED-21683,2024-06-06,2024-04-08,697,Luiz Otávio Montenegro,caue32@example.net,Garcia de Goiás,MS,Beleza,Aliquam,Apple,1,2026.29,489.59,0,114.49,app,Crédito,1,Aprovado,Total Express,Atrasado
669,PED-34885,2025-08-22,2024-10-26,795,Yan Pimenta,fda-paz@example.com,Monteiro,AC,Casa,Assumenda,LG,3,2801.44,3272.04,0,62.37,app,Débito,1,Pendente,Correios,Atrasado
670,PED-70372,2025-06-10,2024-08-03,648,Maria Luísa Pinto,da-rochayago@example.org,da Mota de Goiás,PB,eletronicos,Voluptas,LG,2,1774.42,1622.46,20,34.01,Site,Pix,1,Aprovado,Jadlog,Atrasado
671,PED-85231,2024-06-05,2024-05-21,980,Mathias Abreu,kaparecida@example.net,das Neves da Prata,TO,eletronicos,Sequi,Nike,3,2479.28,1349.64,0,18.32,SITE,Débito,6,Aprovado,Correios,Em trânsito
672,PED-61355,2025-09-08,2025-09-07,613,Brayan Aparecida,silveiramelina@example.net,Sales de Viana,AC,eletronicos,Fugiat,Samsung,5,1403.39,1507.41,10,118.84,Aplicativo,Boleto,1,Recusado,Jadlog,Atrasado
673,PED-35571,2025-04-04,2024-10-10,1123,Luísa Carvalho,melissa94@example.org,Lopes,TO,Casa,Harum,Samsung,2,1165.79,2779.91,0,101.98,App,Boleto,6,aprovado,Total Express,Entregue
674,PED-67918,2024-11-10,2025-05-23,989,Elisa Correia,kevin20@example.org,Costela,MA,Roupas,Dolor,Apple,2,802.57,2631.92,30,78.15,App,Crédito,6,aprovado,Jadlog,Em trânsito
675,PED-99056,2026-01-02,2025-01-06,345,Gabrielly Barbosa,bcarvalho@example.net,Vargas,MG,Eletrônicos,Id,Samsung,3,3410.85,669.73,0,14.08,app,Pix,3,Pendente,Correios,Atrasado
676,PED-62952,2025-12-14,2025-07-30,502,Daniela Leão,dsousa@example.org,Aragão dos Dourados,AM,Eletrônicos,Quasi,Samsung,2,1418.42,1094.28,20,114.55,Aplicativo,Crédito,12,Pendente,Total Express,Em trânsito
677,PED-46073,2024-11-07,2024-04-22,912,Thiago Cunha,henrique79@example.com,Viana,PI,Roupas,Veritatis,Samsung,1,452.37,471.08,30,80.26,app,Débito,1,Pendente,Jadlog,Atrasado
678,PED-22393,2024-10-24,2024-10-16,371,João Pedro Pastor,wda-rocha@example.com,Araújo,RS,Casa,Libero,Nike,4,1079.35,482.07,0,7.62,app,Débito,2,Aprovado,Jadlog,Atrasado
679,PED-80309,2025-07-23,2024-08-15,1086,Luan da Rocha,beatrizrodrigues@example.net,Correia,PI,Casa,Ea,Samsung,5,2938.15,1909.49,30,14.89,SITE,Crédito,1,aprovado,Correios,Atrasado
680,PED-68619,2024-04-21,2025-11-11,644,Dra. Lívia Sales,renan23@example.com,da Cunha,PR,Eletrônicos,Numquam,Samsung,2,2034.03,2301.61,0,67.5,Site,Crédito,1,Recusado,Jadlog,Atrasado
681,PED-32492,2024-05-30,2026-01-28,867,Ryan Pastor,silveiraluiz-miguel@example.org,da Conceição,PR,Eletrônicos,Earum,Apple,3,209.27,3312.99,0,79.1,Aplicativo,Débito,3,Pendente,Total Express,Em trânsito
682,PED-78506,2024-06-18,2025-01-26,722,Sophia Porto,sophiecosta@example.net,Cirino,AC,Beleza,Sunt,Adidas,5,773.95,391.58,0,28.45,SITE,Débito,1,aprovado,Correios,Atrasado
683,PED-82361,2024-07-31,2024-11-01,443,Enrico Sá,davi-lucca77@example.com,Vieira,MT,Beleza,Esse,LG,3,493.3,2196.98,0,65.98,App,Boleto,6,aprovado,Jadlog,Em trânsito
684,PED-20912,2025-08-15,2025-08-05,521,Benicio Guerra,guerraeloa@example.org,Rezende de Minas,CE,Casa,Ut,Genérica,2,1898.87,293.43,30,32.33,SITE,Pix,3,aprovado,Jadlog,Entregue
685,PED-51465,2025-12-21,2025-12-17,889,Matheus Nunes,enrico48@example.org,Cavalcante,RR,Casa,Est,Samsung,5,903.87,981.93,20,13.2,app,Boleto,1,Recusado,Total Express,Entregue
686,PED-57555,2025-12-17,2025-07-06,684,Dra. Alana Alves,kamilly46@example.net,Pastor das Pedras,AL,Roupas,Natus,Apple,2,994.08,387.92,0,45.44,Site,Crédito,1,Recusado,Total Express,Em trânsito
687,PED-22522,2024-10-28,2025-07-31,1084,Maria Clara Cardoso,rael89@example.com,Jesus da Praia,RN,Roupas,Placeat,Genérica,5,3035.62,1952.82,20,11.89,Site,Débito,1,Pendente,Correios,Em trânsito
688,PED-98842,2025-07-24,2025-01-16,1089,Alexia Rocha,andradeisabel@example.com,Castro,PE,Beleza,Est,Adidas,4,1695.17,490.12,0,82.4,SITE,Débito,1,Pendente,Total Express,Atrasado
689,PED-45044,2025-07-09,2024-07-27,109,Enrico Freitas,evelyn51@example.com,Cunha,SC,Roupas,Occaecati,Genérica,2,2389.84,1492.94,10,21.97,App,Boleto,3,Recusado,Jadlog,Em trânsito
690,PED-78235,2025-10-15,2024-03-11,469,Dr. Pietro Albuquerque,mourafernanda@example.net,Carvalho,TO,Roupas,Veritatis,Genérica,1,3318.72,1452.48,0,101.43,Site,Crédito,6,aprovado,Correios,Entregue
691,PED-85407,2025-10-18,2024-06-30,118,Matteo Leão,machadomurilo@example.com,Leão de Moreira,RN,Eletrônicos,Libero,Genérica,3,1961.85,1750.33,0,115.46,Aplicativo,Débito,2,Pendente,Total Express,Atrasado
692,PED-98706,2025-10-31,2024-10-10,1091,Bianca Barbosa,da-conceicaolunna@example.org,Alves,RN,Eletrônicos,Est,Nike,1,2176.19,3192.56,30,0.87,Aplicativo,Pix,1,Aprovado,Total Express,Em trânsito
693,PED-32089,2025-12-04,2025-09-21,1073,Daniel Azevedo,wferreira@example.com,Câmara da Prata,PE,eletronicos,Ratione,Apple,1,1316.33,509.95,0,114.3,Aplicativo,Boleto,2,aprovado,Jadlog,Entregue
694,PED-54296,2024-05-30,2025-06-26,512,Sr. Thomas da Cruz,tcorreia@example.net,Caldeira do Amparo,RJ,Beleza,Quidem,Samsung,3,1082.16,1062.73,0,0.27,app,Boleto,1,Recusado,Total Express,Atrasado
695,PED-14643,2025-05-30,2024-10-12,949,Luiz Miguel Borges,isousa@example.org,Viana,DF,Beleza,Quam,Nike,1,1277.32,2173.58,0,35.8,Site,Crédito,1,aprovado,Jadlog,Em trânsito
696,PED-11161,2025-03-03,2024-04-22,208,Dr. Ian da Paz,bbarbosa@example.net,Borges,AM,Casa,Iure,Nike,2,342.37,1824.4,0,49.29,Aplicativo,Crédito,1,Recusado,Correios,Em trânsito
697,PED-61820,2025-02-04,2025-02-15,767,Letícia Montenegro,yurimonteiro@example.com,Rodrigues,PI,Roupas,Dolores,LG,4,3128.07,1900.67,0,13.04,Aplicativo,Boleto,1,aprovado,Jadlog,Atrasado
698,PED-66880,2025-08-26,2024-06-13,12,Sr. José Aparecida,lizmelo@example.org,Duarte,RJ,Roupas,Nobis,Genérica,2,431.8,1032.9,0,47.35,App,Crédito,1,aprovado,Jadlog,Atrasado
699,PED-44838,2024-03-20,2024-03-19,244,Thiago Mendes,cavalcantiisabel@example.com,Casa Grande,TO,Casa,Sed,Nike,5,1759.71,2401.99,0,38.99,Aplicativo,Boleto,1,Aprovado,Correios,Entregue
700,PED-26531,2025-11-23,2025-12-02,319,Larissa Lima,oguerra@example.com,Sampaio do Galho,AL,Roupas,Aliquid,Adidas,1,2697.48,865.94,30,99.58,Aplicativo,Crédito,2,Pendente,Jadlog,Em trânsito
701,PED-73691,2024-10-10,2025-11-16,170,Davi Lucas Garcia,melobenicio@example.net,Machado do Norte,CE,Casa,Aperiam,Apple,5,576.11,1813.78,0,33.74,Site,Pix,6,aprovado,Total Express,Em trânsito
702,PED-36006,2024-10-22,2024-08-21,971,Leandro da Cruz,ravi-luccaalves@example.com,Moreira do Sul,GO,Eletrônicos,Iusto,Genérica,5,2158.3,700.91,20,75.47,SITE,Débito,1,aprovado,Jadlog,Entregue
703,PED-45895,2025-12-03,2025-03-19,394,Nathan das Neves,bernardoleao@example.com,Ribeiro,PR,eletronicos,Accusamus,Nike,1,2176.81,363.73,0,45.64,app,Pix,6,aprovado,Correios,Em trânsito
704,PED-65846,2024-03-25,2025-04-12,982,João Caldeira,carvalhoenzo@example.net,Castro de Pacheco,AP,Eletrônicos,Fugit,Adidas,4,2271.36,1099.8,0,43.63,App,Boleto,1,Recusado,Correios,Entregue
705,PED-15359,2025-08-08,2025-08-30,2,Dr. Luiz Fernando Cunha,pduarte@example.org,Brito,AC,Eletrônicos,Quos,Genérica,3,781.32,1678.6,20,12.09,SITE,Pix,2,Recusado,Jadlog,Em trânsito
706,PED-24618,2024-11-17,2025-07-02,199,Jade Moreira,mendoncaeduarda@example.net,Viana,PA,Eletrônicos,Doloribus,Genérica,5,2708.1,499.56,0,88.96,App,Pix,1,Recusado,Correios,Atrasado
707,PED-60338,2025-02-09,2024-02-03,179,Nicolas Barros,azevedoalexandre@example.net,Cunha de Minas,RN,Eletrônicos,Perspiciatis,Apple,5,465.22,2073.64,30,98.09,SITE,Boleto,1,Aprovado,Total Express,Atrasado
708,PED-54944,2025-12-16,2024-12-04,618,Maria Fernanda Pinto,halbuquerque@example.com,Oliveira de Marques,RR,Casa,Cumque,Apple,5,2536.65,201.15,0,50.19,App,Pix,1,Pendente,Total Express,Atrasado
709,PED-25391,2025-10-12,2025-11-26,894,Maria Fernanda Melo,vitor-hugopacheco@example.com,Sampaio,AM,Eletrônicos,Incidunt,Nike,4,1856.98,3335.93,0,20.03,App,Débito,1,Aprovado,Total Express,Entregue
710,PED-34928,2024-11-18,2026-01-14,815,Srta. Elisa da Cunha,oliviasouza@example.com,Santos,RS,Casa,Autem,Genérica,5,3052.38,3401.81,0,52.53,app,Boleto,3,Pendente,Jadlog,Atrasado
711,PED-45585,2025-06-07,2024-05-11,424,Rhavi Brito,arthur-miguelsantos@example.net,Vieira do Galho,AP,eletronicos,Repellat,Samsung,2,2023.05,2092.79,0,105.5,app,Boleto,3,Recusado,Jadlog,Entregue
712,PED-48844,2024-02-07,2024-12-29,550,Alice da Paz,eda-mota@example.net,Brito Verde,MA,Beleza,Expedita,Samsung,2,822.56,1890.8,0,4.69,SITE,Pix,1,Recusado,Correios,Atrasado
713,PED-42637,2025-02-25,2024-12-29,431,Srta. Evelyn Alves,freitasstephany@example.net,Pereira,DF,Beleza,Pariatur,Samsung,1,2287.83,2232.76,0,38.95,app,Pix,6,aprovado,Jadlog,Atrasado
714,PED-48652,2024-07-16,2024-04-13,665,Maya Rios,ogarcia@example.org,Moura,PB,Eletrônicos,Ea,Genérica,1,2892.56,806.51,0,21.21,Site,Crédito,6,Pendente,Total Express,Em trânsito
715,PED-92081,2026-01-25,2024-12-30,1129,Dra. Ana Vitória Jesus,falves@example.net,Vargas,PR,eletronicos,Omnis,Nike,2,1168.71,753.52,30,96.93,Aplicativo,Débito,2,aprovado,Total Express,Atrasado
716,PED-66872,2025-08-25,2025-06-29,755,Ravi Lucca Correia,tsampaio@example.com,Almeida,AC,eletronicos,Doloremque,Nike,1,1761.07,1634.9,0,22.66,Aplicativo,Débito,6,Recusado,Correios,Em trânsito
717,PED-31354,2024-03-21,2024-06-21,364,Srta. Mariah Macedo,ana-luizasiqueira@example.org,Viana do Amparo,PE,Casa,Voluptate,Genérica,5,698.08,545.15,10,29.43,Aplicativo,Crédito,6,aprovado,Total Express,Entregue
718,PED-89074,2025-05-06,2025-04-25,205,Sra. Beatriz Rodrigues,imachado@example.net,Correia,MA,Casa,Soluta,Nike,1,429.62,96.75,30,112.16,SITE,Débito,12,Aprovado,Jadlog,Entregue
719,PED-92232,2024-08-27,2025-04-29,28,Maria Alice Novaes,xfreitas@example.org,Costa,RS,Eletrônicos,Aspernatur,Samsung,5,2589.65,1217.45,30,10.2,SITE,Boleto,12,Pendente,Correios,Em trânsito
720,PED-53483,2025-06-02,2025-11-28,981,Dr. Augusto Pereira,antonioandrade@example.org,Sales do Oeste,PI,eletronicos,Eligendi,Apple,1,1925.17,972.73,20,14.77,Site,Crédito,3,Recusado,Correios,Atrasado
721,PED-64432,2024-04-21,2025-08-30,291,Pedro Henrique Nogueira,maria-juliasousa@example.com,Cavalcanti,PI,Eletrônicos,Molestiae,Apple,1,832.03,1379.57,0,78.64,SITE,Boleto,6,Aprovado,Jadlog,Entregue
722,PED-24435,2025-12-07,2025-06-23,460,Milena Câmara,melina76@example.com,Araújo da Mata,GO,Eletrônicos,Expedita,LG,3,313.2,1201.35,0,110.8,Site,Crédito,3,aprovado,Correios,Em trânsito
723,PED-79531,2024-11-02,2025-06-04,686,Nina Ramos,bmonteiro@example.org,Machado,SC,Beleza,Accusantium,Apple,4,568.26,2352.09,0,74.97,App,Pix,1,Recusado,Jadlog,Atrasado
724,PED-58380,2024-12-01,2024-04-07,544,Dr. Pedro Nunes,ana-lizpinto@example.org,Silva das Flores,RR,Eletrônicos,Nostrum,Samsung,2,2733.35,555.73,0,46.87,Aplicativo,Crédito,1,Pendente,Total Express,Em trânsito
725,PED-28961,2025-12-08,2025-12-09,186,Milena Pacheco,caldeiradavi@example.org,Gonçalves da Mata,MS,Roupas,Sunt,Apple,2,2698.0,1266.5,10,50.86,Aplicativo,Pix,1,aprovado,Jadlog,Em trânsito
726,PED-82002,2024-05-12,2025-03-26,1019,Sra. Marcela Freitas,caroline23@example.net,Moraes,MT,Beleza,Cupiditate,Adidas,4,1887.04,2883.84,10,10.03,Aplicativo,Débito,6,Aprovado,Correios,Em trânsito
727,PED-10375,2025-09-12,2024-02-27,417,Srta. Zoe Almeida,maria-luisaleao@example.net,Pastor de Caldeira,AL,Eletrônicos,Accusantium,LG,5,1685.05,510.89,0,7.15,App,Pix,12,aprovado,Jadlog,Em trânsito
728,PED-28892,2024-12-11,2025-01-22,1130,Emilly Pastor,piresluiz-miguel@example.net,da Mota,SP,Casa,Cupiditate,Apple,2,2905.99,242.74,0,14.07,SITE,Boleto,6,Aprovado,Total Express,Em trânsito
729,PED-58717,2024-10-27,2025-06-24,111,Catarina Porto,eazevedo@example.net,Dias do Amparo,PE,Eletrônicos,Omnis,Genérica,5,304.51,2939.16,0,3.62,App,Débito,1,aprovado,Correios,Entregue
730,PED-84603,2025-08-20,2025-05-11,853,Gael Henrique Almeida,britopietra@example.com,Moreira,MG,eletronicos,Perspiciatis,Apple,4,2615.27,2630.97,30,113.85,Aplicativo,Boleto,6,Recusado,Jadlog,Atrasado
731,PED-11731,2026-01-19,2025-06-03,588,Paulo Albuquerque,murilo31@example.com,Pereira,AL,Eletrônicos,Corrupti,Apple,1,3089.99,160.81,0,60.4,Site,Boleto,12,Pendente,Total Express,Em trânsito
732,PED-82634,2024-11-24,2024-12-25,529,Sarah Cavalcante,lizsampaio@example.net,Monteiro Paulista,RN,Beleza,Repellat,Adidas,3,2497.27,1511.66,0,32.62,Site,Boleto,1,aprovado,Jadlog,Atrasado
733,PED-17339,2025-06-22,2024-11-13,449,Leonardo da Rocha,nogueiraaylla@example.org,da Conceição Paulista,GO,Casa,Molestias,Apple,5,2137.54,316.37,30,56.21,App,Boleto,12,Pendente,Correios,Entregue
734,PED-58690,2025-03-07,2025-06-21,869,Letícia Rodrigues,cavalcantiluigi@example.net,Ribeiro do Oeste,PR,eletronicos,Error,LG,1,410.18,1301.32,0,3.37,App,Débito,3,Aprovado,Correios,Entregue
735,PED-88264,2024-08-21,2024-07-06,23,Alana Cassiano,vcosta@example.net,da Paz do Galho,DF,Roupas,Quae,Apple,5,745.95,3255.75,0,32.3,app,Crédito,3,Pendente,Correios,Entregue
736,PED-51232,2025-09-28,2025-07-01,191,Luna Almeida,qda-rosa@example.com,Silva das Pedras,CE,Roupas,Velit,Samsung,3,2643.29,3357.65,20,23.39,Aplicativo,Pix,1,Aprovado,Jadlog,Em trânsito
737,PED-76005,2024-09-15,2026-01-25,207,Gabriela Fonseca,omontenegro@example.net,Peixoto de Rocha,BA,Beleza,Quidem,Apple,1,2075.76,1368.29,20,104.26,Site,Pix,1,aprovado,Total Express,Em trânsito
738,PED-20322,2024-07-07,2025-05-20,192,Natália Araújo,lara94@example.net,Martins da Praia,PI,eletronicos,Neque,Apple,2,2702.45,605.61,20,61.96,app,Pix,2,aprovado,Jadlog,Em trânsito
739,PED-57227,2024-03-17,2024-08-15,883,Otto Ribeiro,jcorreia@example.org,Moura,SP,Eletrônicos,Rem,Genérica,4,874.93,3489.68,20,9.0,SITE,Boleto,1,Aprovado,Correios,Em trânsito
740,PED-81714,2024-09-12,2025-11-20,179,Melina Alves,da-cruzjoao-vitor@example.org,Fogaça,RR,Casa,Totam,Samsung,4,1132.33,3272.49,0,8.18,app,Pix,1,Aprovado,Correios,Entregue
741,PED-70390,2024-10-14,2025-11-05,529,Ana Carolina Camargo,bella87@example.com,Fernandes de Goiás,DF,Casa,Quod,LG,4,2293.51,534.54,0,116.6,Aplicativo,Crédito,1,Recusado,Jadlog,Em trânsito
742,PED-91223,2025-11-08,2024-07-30,265,Eduarda Guerra,svieira@example.net,Freitas,PB,Casa,Repellendus,LG,5,2964.68,3334.56,0,10.02,Aplicativo,Boleto,1,Aprovado,Total Express,Atrasado
743,PED-17478,2024-12-19,2024-10-22,502,Dr. Pedro Miguel Lima,augusto86@example.org,Melo Paulista,GO,Beleza,Nostrum,Samsung,2,2993.06,1052.78,0,68.42,Site,Débito,2,Pendente,Total Express,Entregue
744,PED-55735,2025-04-15,2024-08-31,955,Ana Lívia Lima,isaque76@example.org,Freitas Verde,MA,Casa,Veritatis,Genérica,5,3155.44,1653.74,0,21.63,Site,Boleto,12,Pendente,Correios,Em trânsito
745,PED-53086,2024-02-25,2025-08-11,133,Sophia Leão,rafael61@example.org,Melo,RN,Roupas,Aliquid,LG,5,1727.72,2472.9,10,13.72,Aplicativo,Crédito,3,aprovado,Jadlog,Entregue
746,PED-93914,2024-02-18,2024-08-15,438,Rafaela Ferreira,dcavalcante@example.net,Vasconcelos,AM,Roupas,Ad,Adidas,1,3457.95,2721.01,0,112.38,App,Boleto,2,aprovado,Correios,Entregue
747,PED-13007,2024-09-25,2025-09-28,867,Leandro Aparecida,pedro-miguel39@example.org,Costela de Goiás,AM,Roupas,Accusamus,LG,2,338.39,288.94,10,9.81,Aplicativo,Boleto,3,aprovado,Total Express,Em trânsito
748,PED-34127,2024-09-09,2024-02-27,111,Sr. João Pedro da Rosa,bpeixoto@example.net,Marques,CE,Eletrônicos,Vel,Nike,3,3373.61,1074.32,0,41.91,Aplicativo,Boleto,2,aprovado,Total Express,Em trânsito
749,PED-56490,2025-12-11,2025-08-01,1169,Dra. Camila Vasconcelos,davi-luccacostela@example.net,Machado de Goiás,ES,Casa,Quae,Samsung,5,2751.6,2110.09,0,86.73,app,Débito,1,Recusado,Correios,Entregue
750,PED-70117,2025-06-22,2024-09-27,303,Amanda Gomes,da-costavinicius@example.org,Carvalho,RR,Casa,Laboriosam,LG,1,2782.46,2375.11,0,62.48,Site,Boleto,12,aprovado,Total Express,Em trânsito
751,PED-93744,2025-03-10,2024-09-08,1185,Srta. Sophie Borges,ayla14@example.com,da Luz,MA,Eletrônicos,Optio,Samsung,2,2622.69,697.42,30,65.53,SITE,Boleto,1,Recusado,Correios,Entregue
752,PED-99080,2025-01-27,2025-10-09,1182,Maria Alice Montenegro,limadiogo@example.org,Aragão do Oeste,AC,Eletrônicos,Dolore,LG,3,105.86,3143.46,20,98.29,Site,Boleto,6,Pendente,Jadlog,Em trânsito
753,PED-56101,2025-08-31,2024-07-10,722,Luiza Melo,raparecida@example.org,Monteiro dos Dourados,RS,Beleza,Quibusdam,Nike,5,3410.54,1208.6,0,55.06,App,Débito,3,aprovado,Total Express,Em trânsito
754,PED-60012,2025-02-21,2025-03-14,584,Sra. Luna Fogaça,fpereira@example.org,Pacheco Paulista,PI,Casa,In,Genérica,3,2472.22,3285.76,0,119.44,Site,Crédito,6,Aprovado,Total Express,Em trânsito
755,PED-23588,2025-08-11,2026-01-07,1017,Vitória Castro,oda-conceicao@example.net,Barbosa Verde,PB,Beleza,Magnam,Adidas,1,2235.66,1786.6,0,80.13,Aplicativo,Débito,1,Pendente,Total Express,Em trânsito
756,PED-25007,2025-06-19,2025-08-25,401,Vinícius Lopes,jose-miguelsousa@example.com,Gonçalves dos Dourados,AP,Casa,Sit,Samsung,3,3388.28,3203.4,10,108.96,Aplicativo,Crédito,1,aprovado,Total Express,Em trânsito
757,PED-45076,2024-05-09,2025-06-10,542,Marina Farias,biancasales@example.org,Cunha,AC,Roupas,Error,Nike,2,64.34,3186.25,0,1.86,SITE,Pix,12,Recusado,Jadlog,Entregue
758,PED-84997,2024-05-02,2025-05-01,881,Levi Almeida,duartehelena@example.org,Pastor,PB,eletronicos,Suscipit,Adidas,4,714.68,2273.3,0,96.16,app,Boleto,1,Pendente,Total Express,Entregue
759,PED-62837,2025-08-24,2025-02-21,652,Luna Cirino,almeidagustavo-henrique@example.net,Montenegro,PA,Beleza,Eos,Apple,4,846.84,2499.59,0,60.51,app,Boleto,12,Recusado,Total Express,Entregue
760,PED-52258,2025-09-24,2025-08-20,418,Maria Laura Nunes,felipe47@example.com,Aparecida do Sul,RJ,Eletrônicos,Ut,Samsung,1,1559.1,2219.68,20,18.37,app,Crédito,3,Pendente,Correios,Atrasado
761,PED-27111,2025-09-27,2024-10-20,930,Henry Siqueira,cirinohenry@example.com,Rios das Pedras,SE,Roupas,Vel,Apple,2,2301.2,815.06,0,64.25,SITE,Boleto,12,Recusado,Total Express,Entregue
762,PED-46040,2024-09-08,2025-03-10,170,Aylla Moraes,maria-laura71@example.net,Moura,MS,eletronicos,Aut,Genérica,1,2252.43,2048.77,0,13.31,app,Crédito,1,aprovado,Jadlog,Em trânsito
763,PED-33675,2024-02-27,2024-10-19,191,Enzo Rocha,dom63@example.org,Correia de Barros,CE,Eletrônicos,Animi,Nike,3,3198.88,767.5,0,58.92,Site,Boleto,1,Pendente,Total Express,Entregue
764,PED-37563,2024-05-11,2025-03-24,860,Srta. Stephany Leão,valentimjesus@example.com,Vasconcelos do Galho,AC,Casa,Autem,LG,4,2839.49,670.33,0,108.44,app,Crédito,1,Recusado,Jadlog,Em trânsito
765,PED-90478,2025-02-21,2025-04-01,1120,Gabrielly Caldeira,bsa@example.net,Nunes de da Paz,RO,Eletrônicos,Eaque,Apple,5,2608.85,3246.71,0,72.73,app,Crédito,3,aprovado,Correios,Em trânsito
766,PED-25045,2024-10-27,2025-11-02,445,Dr. Vicente Pastor,leaoliz@example.net,Cardoso,AM,Eletrônicos,Corporis,LG,2,808.18,2560.72,0,32.11,Aplicativo,Débito,1,Recusado,Total Express,Atrasado
767,PED-95449,2024-12-19,2025-09-28,603,Aylla Monteiro,amanda13@example.org,Cavalcanti,PB,Casa,Adipisci,Genérica,4,1554.41,3314.89,0,30.01,SITE,Pix,2,Aprovado,Total Express,Atrasado
768,PED-50840,2024-02-07,2024-06-11,340,Sr. Asafe Cassiano,borgesnicole@example.com,Machado do Amparo,SP,eletronicos,Est,Genérica,4,1545.48,1589.24,20,89.65,App,Crédito,3,Pendente,Jadlog,Entregue
769,PED-84336,2024-07-20,2024-09-18,723,Clara Montenegro,tsouza@example.net,Fogaça,MG,Roupas,Facere,Genérica,1,1600.44,3118.6,20,30.37,Aplicativo,Pix,3,Recusado,Jadlog,Entregue
770,PED-25027,2025-12-22,2024-05-26,369,Gabrielly Gonçalves,ycavalcanti@example.com,Carvalho do Oeste,AP,Roupas,Nemo,Nike,2,1284.22,300.61,30,44.6,SITE,Pix,1,Aprovado,Jadlog,Atrasado
771,PED-11428,2024-10-03,2024-03-14,674,Jade Melo,xaparecida@example.org,Almeida,AL,eletronicos,Repellat,Nike,5,2793.58,3150.67,20,7.95,App,Débito,3,aprovado,Correios,Atrasado
772,PED-46444,2026-01-22,2024-06-20,154,Jade Cavalcanti,ayla01@example.com,Nogueira,SE,Beleza,Occaecati,Genérica,4,2403.36,1551.46,0,23.78,Site,Boleto,2,Aprovado,Jadlog,Em trânsito
773,PED-25631,2024-12-04,2025-07-28,255,Clarice Abreu,isissampaio@example.org,Alves,PI,Casa,Repudiandae,Apple,5,1177.72,1370.86,20,2.55,Site,Crédito,2,Recusado,Correios,Em trânsito
774,PED-14850,2025-05-30,2025-08-08,1093,Isabela Carvalho,carlos-eduardomoraes@example.net,Castro Alegre,AL,Beleza,Ducimus,Samsung,3,2274.48,289.62,0,99.58,Aplicativo,Pix,1,Recusado,Jadlog,Em trânsito
775,PED-20455,2024-11-10,2025-12-25,1140,João Gabriel Carvalho,bmendonca@example.org,Viana Grande,RN,Roupas,Sapiente,Nike,5,212.4,1079.63,10,59.2,Site,Pix,3,Aprovado,Correios,Entregue
776,PED-16269,2025-11-05,2025-11-22,22,Théo Nogueira,ana-laura12@example.net,Freitas,PE,eletronicos,Itaque,Samsung,3,3021.79,2548.67,0,20.42,SITE,Pix,12,Aprovado,Total Express,Entregue
777,PED-44037,2025-01-18,2025-04-07,89,Marcela Duarte,joana72@example.org,Caldeira,AL,Eletrônicos,Inventore,Samsung,3,308.9,1186.18,20,95.0,Aplicativo,Pix,6,aprovado,Correios,Atrasado
778,PED-70384,2024-04-12,2024-08-27,246,Melina Costa,marianevieira@example.net,Guerra do Sul,SE,eletronicos,Excepturi,LG,2,2647.97,3112.9,10,76.43,Site,Débito,3,Pendente,Total Express,Em trânsito
779,PED-46771,2025-11-16,2025-03-12,660,Benicio Brito,kjesus@example.org,Moura,DF,Casa,Eum,Apple,1,960.15,1072.01,0,42.36,SITE,Débito,6,Aprovado,Correios,Em trânsito
780,PED-17899,2024-05-04,2025-09-12,436,Dr. Bento Rocha,emanuellypastor@example.org,Jesus,AM,Eletrônicos,Modi,Genérica,2,1665.12,1378.46,10,12.54,SITE,Pix,12,Recusado,Total Express,Em trânsito
781,PED-95890,2025-09-24,2024-03-14,316,Lorena Fonseca,yrios@example.org,Pacheco da Serra,RS,Beleza,Cum,Samsung,2,804.81,1304.57,10,104.14,app,Débito,12,Pendente,Correios,Entregue
782,PED-46416,2024-08-13,2025-04-05,867,Yasmin da Mota,pachecodavi@example.org,da Rosa,SC,eletronicos,Earum,Genérica,3,3332.66,2041.49,0,17.67,Site,Crédito,1,Aprovado,Jadlog,Entregue
783,PED-44964,2024-10-22,2025-04-22,59,Sra. Elisa Rios,moraeshenry-gabriel@example.org,da Mata,MG,Casa,Ipsa,Genérica,5,1611.61,966.25,20,10.09,Aplicativo,Débito,1,Pendente,Total Express,Em trânsito
784,PED-76574,2024-10-31,2024-03-10,684,Srta. Maria Fernanda Gonçalves,jose-miguelcunha@example.org,Garcia do Norte,RN,Eletrônicos,Voluptatum,Nike,3,1325.74,219.51,10,87.84,Aplicativo,Débito,1,aprovado,Jadlog,Entregue
785,PED-87863,2024-06-01,2025-08-21,566,Henry Gabriel Fonseca,fogacalara@example.com,Rezende Verde,AM,Beleza,Nesciunt,Adidas,4,1839.23,426.69,0,77.56,Site,Débito,1,Aprovado,Correios,Atrasado
786,PED-44888,2025-11-23,2024-10-01,489,Nicole Camargo,bmartins@example.org,Ferreira de Ferreira,AP,Eletrônicos,Suscipit,Adidas,1,1000.34,3094.97,30,85.9,Aplicativo,Boleto,1,aprovado,Total Express,Atrasado
787,PED-45162,2025-09-21,2025-02-20,1015,Dra. Ana Fogaça,vazevedo@example.com,Ferreira,PI,eletronicos,Placeat,Apple,2,1249.33,1043.57,20,34.56,Site,Crédito,1,Pendente,Total Express,Em trânsito
788,PED-41276,2025-11-13,2025-04-25,349,Levi da Mata,bellafogaca@example.com,Aragão do Galho,AM,Roupas,Odio,Genérica,1,624.93,1195.94,10,17.02,Site,Boleto,2,Recusado,Correios,Entregue
789,PED-44581,2024-02-04,2025-02-02,158,Dr. João Guilherme Cunha,gabrielda-costa@example.net,Cardoso da Praia,SC,eletronicos,Aliquid,Genérica,1,2099.32,3394.92,20,0.12,SITE,Boleto,1,Aprovado,Correios,Atrasado
790,PED-99135,2025-03-02,2025-11-24,596,Miguel Duarte,luiz-otavio37@example.org,Casa Grande,GO,eletronicos,Facere,Adidas,5,627.2,555.71,0,12.0,App,Boleto,2,Recusado,Total Express,Em trânsito
791,PED-96954,2025-06-07,2024-06-27,997,Laís Farias,gael60@example.net,Novaes,PE,Roupas,Quae,LG,4,96.79,1266.56,30,40.05,app,Boleto,1,Recusado,Total Express,Atrasado
792,PED-93859,2025-04-16,2024-09-27,43,Sr. João Sousa,agathanovaes@example.com,Gomes de Porto,GO,eletronicos,Laudantium,Nike,2,2324.82,538.63,10,3.71,app,Boleto,1,aprovado,Total Express,Entregue
793,PED-35407,2025-04-26,2025-02-04,774,Arthur Machado,isousa@example.org,da Paz Alegre,CE,Eletrônicos,Dignissimos,LG,5,3152.31,1599.98,20,20.99,App,Pix,2,Pendente,Jadlog,Em trânsito
794,PED-34978,2024-11-22,2024-08-30,85,Ana Lívia Guerra,aliciafarias@example.com,Cavalcante,MS,Beleza,Veritatis,Adidas,3,2927.89,474.22,10,68.0,App,Pix,1,Aprovado,Jadlog,Atrasado
795,PED-29284,2024-12-13,2024-02-06,956,Ana Lívia Melo,camarajoao-felipe@example.org,Silveira,MS,eletronicos,Rem,Adidas,3,2202.09,2341.91,0,58.42,Site,Pix,1,Pendente,Correios,Entregue
796,PED-47095,2024-07-11,2025-03-26,253,Sra. Nina Abreu,manuelacassiano@example.org,da Mata de Camargo,TO,Eletrônicos,A,Nike,3,67.56,1265.28,0,5.99,SITE,Pix,1,aprovado,Correios,Atrasado
797,PED-45477,2024-07-15,2025-05-21,293,Henry Sá,da-cunhaarthur-miguel@example.net,Macedo,RJ,eletronicos,Aliquid,Nike,5,3218.0,1053.27,0,56.78,App,Débito,12,Pendente,Jadlog,Em trânsito
798,PED-22863,2025-11-26,2024-02-08,536,Benicio Azevedo,aparecidaemanuella@example.com,Albuquerque do Norte,RS,Roupas,Sequi,Adidas,3,647.89,1553.57,0,96.53,SITE,Débito,1,aprovado,Jadlog,Atrasado
799,PED-36151,2025-06-06,2025-07-11,617,Bianca Nogueira,camargomaria-eduarda@example.org,Correia,RO,Roupas,Laudantium,Samsung,3,2004.99,2217.7,20,22.0,Aplicativo,Crédito,1,Pendente,Total Express,Em trânsito
800,PED-76036,2024-04-24,2024-11-09,733,Vinícius Dias,stephanydias@example.org,Gomes do Oeste,MA,Casa,Error,LG,4,1659.61,3366.99,10,3.32,app,Crédito,12,Pendente,Correios,Entregue
801,PED-90636,2025-04-04,2024-12-28,620,Ana Beatriz Ferreira,mathiasvasconcelos@example.net,Moreira,BA,eletronicos,Autem,Adidas,5,1337.23,2192.07,20,105.34,Site,Boleto,1,Pendente,Total Express,Entregue
802,PED-70661,2024-10-16,2026-01-23,1061,Calebe Costela,hfarias@example.com,Viana das Flores,TO,Casa,Aspernatur,Samsung,1,238.69,2913.14,30,12.85,app,Crédito,12,Recusado,Total Express,Em trânsito
803,PED-53425,2025-07-25,2025-04-06,125,João Felipe Albuquerque,saracamara@example.org,Aparecida do Campo,PA,Eletrônicos,Fuga,Genérica,5,2376.72,2600.8,0,84.19,app,Débito,3,Pendente,Correios,Entregue
804,PED-98562,2025-12-28,2025-01-17,317,Léo Peixoto,da-matajoao-vitor@example.net,da Mata do Amparo,MA,Roupas,Reiciendis,Genérica,3,2531.04,3281.03,10,74.84,SITE,Crédito,1,Aprovado,Correios,Atrasado
805,PED-25864,2025-02-26,2024-07-29,1065,Gael Casa Grande,ucosta@example.com,Cardoso,RN,Eletrônicos,Dignissimos,Apple,2,407.44,135.06,20,53.26,Site,Crédito,1,Pendente,Jadlog,Entregue
806,PED-40792,2024-12-25,2024-07-10,1120,Helena Moreira,borgesbreno@example.org,Cavalcante da Serra,RN,Roupas,Fugiat,Adidas,4,3014.63,2179.2,10,17.55,Site,Débito,1,aprovado,Correios,Atrasado
807,PED-81654,2024-10-04,2025-02-24,411,Ester Sampaio,tcosta@example.com,Novais de Monteiro,PA,Casa,Repellat,Nike,3,1048.6,395.07,20,59.16,App,Boleto,2,Aprovado,Jadlog,Em trânsito
808,PED-65683,2025-01-16,2025-03-09,304,Benjamim Vieira,ravi34@example.net,Pimenta do Campo,SC,Eletrônicos,Non,LG,4,464.44,1393.53,20,36.33,app,Boleto,1,Recusado,Correios,Em trânsito
809,PED-70076,2025-02-07,2025-11-17,568,Sra. Alana Porto,eduardo99@example.org,Sales dos Dourados,SC,Eletrônicos,Fugiat,Apple,3,1777.2,3020.53,0,41.86,app,Boleto,3,Aprovado,Correios,Atrasado
810,PED-29844,2024-03-07,2024-12-09,721,Ravy da Conceição,pietro86@example.org,Pastor,PA,Beleza,Minus,LG,4,2517.38,2764.1,0,94.2,App,Boleto,1,Pendente,Jadlog,Em trânsito
811,PED-89408,2025-07-23,2025-10-16,370,Ian Vieira,bda-mota@example.com,Gomes,RR,Beleza,Vero,Genérica,5,2725.12,1862.75,0,83.73,app,Pix,3,Pendente,Correios,Entregue
812,PED-13869,2024-10-21,2024-07-21,326,Ana Moura,brenda63@example.net,Freitas,GO,eletronicos,Autem,Samsung,1,1773.05,2393.66,0,91.19,SITE,Crédito,1,Pendente,Jadlog,Entregue
813,PED-18116,2025-09-18,2025-06-12,513,Gabriela Teixeira,lda-conceicao@example.org,da Costa de Ribeiro,AL,Eletrônicos,Iure,Samsung,1,1573.27,1341.41,30,100.88,SITE,Pix,1,Pendente,Jadlog,Entregue
814,PED-93544,2024-06-04,2025-10-29,1176,Sra. Natália Peixoto,siqueiraraquel@example.com,Guerra,AC,Beleza,Cumque,Apple,2,921.11,1559.43,0,27.06,SITE,Boleto,12,aprovado,Correios,Atrasado
815,PED-13177,2025-01-20,2024-10-04,198,Anthony Gabriel Vasconcelos,qnunes@example.org,Câmara,PB,eletronicos,Deleniti,Samsung,2,3131.85,1290.49,10,68.2,Site,Pix,1,Pendente,Correios,Entregue
816,PED-84759,2024-11-27,2025-06-03,971,Sr. Calebe Moreira,ogoncalves@example.net,da Luz do Amparo,SP,Beleza,Esse,LG,3,2183.75,1977.51,0,96.19,Aplicativo,Boleto,6,Pendente,Correios,Atrasado
817,PED-20242,2025-05-02,2024-04-11,261,Antony Nogueira,maria-fernandaborges@example.org,Sousa,PB,Beleza,Dignissimos,LG,1,456.85,845.48,20,64.86,Site,Débito,12,Recusado,Jadlog,Em trânsito
818,PED-56911,2024-05-27,2025-09-05,140,Mariana Martins,gabrielasousa@example.com,Nascimento,RJ,eletronicos,Nulla,LG,1,1893.76,882.82,20,111.82,app,Pix,2,Aprovado,Total Express,Atrasado
819,PED-24532,2024-08-29,2025-07-18,1194,Allana Silveira,marcos-viniciusnovaes@example.com,Moraes do Galho,RN,Casa,Incidunt,LG,1,161.35,1503.85,0,40.14,Site,Débito,1,Recusado,Total Express,Entregue
820,PED-40882,2025-08-13,2025-07-04,1011,Isis Nascimento,igor15@example.net,Marques,RO,Eletrônicos,Facere,Adidas,5,2475.66,2691.23,0,41.5,Site,Boleto,3,Aprovado,Total Express,Em trânsito
821,PED-26969,2024-03-14,2025-02-24,555,Maya Cavalcanti,ndias@example.org,Azevedo de Machado,TO,Eletrônicos,Sunt,Samsung,1,1763.26,827.1,0,51.78,App,Débito,1,Aprovado,Correios,Entregue
822,PED-80016,2025-06-05,2024-02-09,777,Sr. Gustavo Henrique Sampaio,miguel07@example.org,Mendonça de Cavalcanti,RO,Eletrônicos,Neque,Adidas,4,229.88,2691.6,30,15.03,Aplicativo,Débito,1,Pendente,Correios,Atrasado
823,PED-58196,2024-03-04,2025-09-01,721,Francisco Rios,aazevedo@example.org,Nunes de Sales,SE,eletronicos,Vel,LG,4,3217.34,871.69,0,70.63,SITE,Boleto,6,Aprovado,Correios,Atrasado
824,PED-42757,2025-12-15,2024-08-28,117,Dr. Gael Azevedo,souzabenjamim@example.com,Sá das Flores,MG,Eletrônicos,Eveniet,Samsung,2,1563.02,1024.96,0,41.96,SITE,Pix,1,Pendente,Jadlog,Atrasado
825,PED-26040,2024-10-30,2026-01-21,158,Alícia Pinto,benicio87@example.org,da Cruz das Flores,SC,Eletrônicos,Amet,LG,5,760.22,2483.13,0,107.72,SITE,Boleto,6,Recusado,Jadlog,Atrasado
826,PED-48362,2024-12-17,2025-03-05,501,Lucca Cavalcante,renancastro@example.com,Lopes,PI,Beleza,Culpa,LG,3,2457.31,1786.89,0,41.6,Aplicativo,Boleto,1,Aprovado,Correios,Entregue
827,PED-78287,2025-04-07,2025-08-17,473,Olívia Melo,isabelda-mota@example.net,Oliveira,MA,Roupas,Saepe,Genérica,5,777.16,1334.75,0,4.3,SITE,Boleto,6,Pendente,Correios,Entregue
828,PED-75392,2025-11-13,2025-09-24,70,Pedro Miguel Oliveira,guerralorena@example.net,Cavalcanti,MT,Roupas,Blanditiis,LG,5,1375.41,2903.77,0,7.17,app,Boleto,2,Aprovado,Jadlog,Em trânsito
829,PED-68198,2024-08-10,2025-06-27,91,Anthony Silveira,fernanda16@example.net,Albuquerque,PI,eletronicos,Odit,Apple,4,686.27,1537.24,0,79.25,Site,Pix,1,Recusado,Jadlog,Atrasado
830,PED-38382,2026-01-21,2024-09-22,57,Mariana Silveira,gcassiano@example.org,Costa de Melo,ES,Roupas,Animi,Genérica,5,1547.56,1525.04,30,111.43,Site,Crédito,3,Pendente,Total Express,Atrasado
831,PED-47672,2025-12-01,2025-10-26,1096,Pedro Lucas Costa,cauecampos@example.org,da Costa Verde,PB,Casa,Ratione,Nike,5,2531.31,2703.09,0,19.51,Aplicativo,Boleto,6,aprovado,Correios,Entregue
832,PED-46791,2024-07-27,2025-11-16,562,Bárbara Siqueira,ana-cecilia81@example.net,da Mata,BA,Eletrônicos,Dolorem,Apple,5,1070.6,2020.24,0,73.87,App,Pix,6,Recusado,Total Express,Atrasado
833,PED-11617,2025-10-23,2025-09-25,255,Natália Pacheco,da-rochaluan@example.org,Mendes de Moraes,TO,Roupas,Illo,Adidas,3,2934.2,2974.19,10,55.53,Aplicativo,Crédito,2,Aprovado,Jadlog,Em trânsito
834,PED-93590,2024-10-18,2025-01-24,1140,Dr. Kaique Cavalcante,marcos-viniciusmendonca@example.org,Pimenta Alegre,SC,eletronicos,Inventore,Nike,1,2049.52,324.44,20,66.17,Site,Boleto,1,Recusado,Jadlog,Em trânsito
835,PED-74871,2024-09-20,2025-08-13,261,Oliver Souza,larissa73@example.com,Viana de Sá,RN,eletronicos,Nemo,Genérica,2,556.81,2181.93,0,27.92,Site,Débito,6,Pendente,Total Express,Em trânsito
836,PED-15499,2024-09-08,2024-07-17,1134,Davi Lucas Guerra,camargolara@example.com,Rodrigues do Campo,AL,eletronicos,Dolorum,Samsung,3,3414.72,105.61,0,64.85,Site,Débito,1,Aprovado,Correios,Atrasado
837,PED-68171,2025-09-21,2026-01-08,232,Bernardo Oliveira,abreualana@example.net,da Mota,PI,Beleza,Ex,Samsung,2,753.94,2017.76,30,49.92,Aplicativo,Pix,1,Aprovado,Jadlog,Atrasado
838,PED-57223,2024-03-20,2024-09-01,687,Cauã Macedo,benjamimfogaca@example.com,Campos,SE,Casa,Dolore,Genérica,3,1673.86,3408.58,20,3.74,App,Crédito,1,aprovado,Total Express,Entregue
839,PED-23924,2025-05-26,2026-01-23,434,Vitor Hugo Lopes,maria-sophia29@example.org,Casa Grande de Goiás,SC,Roupas,Ea,Adidas,5,2752.96,2509.3,0,45.46,app,Crédito,6,aprovado,Jadlog,Atrasado
840,PED-20281,2024-02-23,2025-12-13,159,João Pereira,wcassiano@example.com,Novais Grande,AL,eletronicos,Est,Adidas,5,3492.45,2224.62,30,50.17,Site,Crédito,3,Pendente,Total Express,Atrasado
841,PED-78201,2025-04-05,2024-08-12,904,Ana Beatriz Cardoso,nfogaca@example.org,Pacheco do Norte,RJ,Roupas,Hic,LG,2,2934.23,1061.08,0,39.44,App,Débito,2,Recusado,Total Express,Entregue
842,PED-41594,2025-07-12,2024-04-22,912,Sr. Nicolas Ramos,afernandes@example.com,Cirino Paulista,SC,Casa,Libero,LG,1,1264.35,1794.47,0,78.4,app,Débito,2,Pendente,Correios,Atrasado
843,PED-26420,2024-11-23,2024-05-21,1102,Dra. Jade Ramos,elisa60@example.org,Mendes,TO,eletronicos,Eos,Nike,5,2347.36,2139.13,0,40.99,Site,Crédito,2,Pendente,Total Express,Entregue
844,PED-85499,2025-12-06,2025-01-14,1013,Rafael Siqueira,brayan96@example.org,Vasconcelos,AM,eletronicos,Quidem,Apple,4,103.52,466.72,0,91.86,Aplicativo,Crédito,1,Aprovado,Jadlog,Entregue
845,PED-31880,2024-04-03,2025-05-22,150,Otávio Cunha,liviaviana@example.net,Rocha de Pereira,AL,eletronicos,Id,Adidas,5,3219.25,3169.7,0,15.29,app,Débito,6,Recusado,Correios,Em trânsito
846,PED-54124,2024-05-24,2024-10-12,221,Dr. Emanuel Barros,cavalcantijuliana@example.org,Alves,TO,Eletrônicos,Officia,Samsung,3,3327.22,3191.83,30,53.97,Aplicativo,Pix,12,Pendente,Total Express,Entregue
847,PED-34045,2025-10-05,2024-08-15,1044,Eduarda Cavalcanti,silveirasophia@example.net,Rocha da Mata,DF,Eletrônicos,Occaecati,Apple,1,2097.76,1326.06,30,54.42,App,Boleto,1,Recusado,Correios,Entregue
848,PED-48974,2025-04-07,2025-09-22,1011,Ana Luiza da Rosa,arthur-gabrielmoreira@example.net,Vieira do Galho,SP,Roupas,Earum,Samsung,5,1835.99,1861.92,20,101.29,Aplicativo,Pix,1,Pendente,Jadlog,Entregue
849,PED-28769,2024-08-04,2025-03-21,86,Dra. Ana Júlia Souza,macedohenry@example.com,da Conceição,MG,eletronicos,Esse,Nike,5,1009.98,3084.56,0,11.94,App,Débito,1,Recusado,Jadlog,Em trânsito
850,PED-67529,2024-08-02,2025-05-04,459,Daniel Rodrigues,albuquerqueana-vitoria@example.com,Lima,RS,eletronicos,Repudiandae,LG,3,3461.38,2649.47,0,79.97,SITE,Crédito,1,aprovado,Correios,Atrasado
851,PED-15209,2025-02-27,2025-07-16,1106,Dr. Arthur Duarte,jade38@example.com,Rodrigues,PR,Beleza,Provident,Apple,1,1734.86,2887.27,0,24.38,app,Boleto,6,Pendente,Total Express,Entregue
852,PED-69486,2025-02-18,2024-07-21,605,Rodrigo Vasconcelos,arodrigues@example.net,da Conceição do Amparo,GO,Eletrônicos,Nostrum,Genérica,1,1583.2,1541.32,0,10.42,SITE,Pix,6,Aprovado,Jadlog,Entregue
853,PED-39155,2025-03-28,2025-10-12,153,Dr. Thales Mendes,vsa@example.net,Camargo de da Luz,RS,Roupas,Iure,Apple,5,1206.91,1614.45,30,61.54,Site,Pix,1,Pendente,Correios,Atrasado
854,PED-78327,2024-03-27,2025-01-04,651,Gabriela Macedo,santosmurilo@example.com,Pinto,MT,eletronicos,Expedita,Adidas,1,3324.68,2214.13,0,16.42,Aplicativo,Débito,6,aprovado,Jadlog,Em trânsito
855,PED-29848,2025-01-08,2024-03-02,993,Maria Sophia da Mata,arthur-miguelsouza@example.net,Silveira,BA,eletronicos,Corrupti,Genérica,4,1024.97,735.08,0,114.1,SITE,Crédito,2,Aprovado,Jadlog,Atrasado
856,PED-90113,2025-10-05,2025-12-06,428,Ian Montenegro,vieiraisabella@example.com,Duarte,AL,eletronicos,Maiores,Samsung,4,2423.54,2166.15,30,70.07,App,Boleto,3,aprovado,Jadlog,Entregue
857,PED-48288,2025-12-24,2025-02-02,994,Ísis Araújo,da-pazmanuela@example.com,Martins,GO,Casa,Consequuntur,Genérica,4,2112.56,1924.78,0,11.58,Site,Pix,2,Pendente,Jadlog,Entregue
858,PED-96824,2024-05-20,2025-11-05,871,Samuel Aparecida,cavalcantibenicio@example.com,Carvalho do Amparo,CE,Eletrônicos,Blanditiis,Apple,4,3349.29,2329.11,0,83.64,SITE,Boleto,12,Pendente,Total Express,Em trânsito
859,PED-40783,2025-04-16,2024-06-07,60,Dra. Liz Casa Grande,ngarcia@example.org,Peixoto de Pimenta,GO,Roupas,Dolores,LG,5,792.12,2985.91,10,7.3,App,Pix,6,Recusado,Jadlog,Em trânsito
860,PED-67927,2025-03-14,2025-07-26,871,Ravi Santos,gael-henrique33@example.org,Ferreira,PB,Casa,Nihil,LG,1,975.69,2562.24,0,76.35,Site,Pix,2,Pendente,Correios,Atrasado
861,PED-31828,2024-12-03,2024-10-18,1098,Mirella Azevedo,pedro-lucas45@example.org,Jesus dos Dourados,SP,eletronicos,Ex,Genérica,1,3320.18,2165.9,0,15.51,app,Crédito,6,Aprovado,Jadlog,Entregue
862,PED-53684,2025-05-29,2025-08-04,723,Henry Gabriel Pastor,nbarros@example.net,Sales de Pinto,PI,Beleza,Reprehenderit,Samsung,1,1839.34,1299.24,0,118.23,app,Boleto,12,aprovado,Jadlog,Entregue
863,PED-59005,2024-06-21,2025-08-23,679,Ayla Barros,ottosouza@example.org,Vasconcelos dos Dourados,MA,Casa,Neque,Apple,5,2580.0,3293.05,0,101.46,app,Crédito,3,Pendente,Jadlog,Entregue
864,PED-30571,2024-11-08,2025-07-01,580,Juliana da Paz,kcampos@example.com,Teixeira de Minas,AC,Roupas,Nesciunt,Samsung,2,2228.87,2423.84,0,32.69,Site,Boleto,6,Pendente,Correios,Atrasado
865,PED-45389,2024-05-04,2024-05-16,174,Aurora Viana,aylla66@example.net,Silva do Galho,PB,Eletrônicos,Autem,Samsung,5,2541.29,2680.23,10,2.42,app,Débito,1,Pendente,Correios,Atrasado
866,PED-50919,2025-02-27,2025-08-29,663,Ana Cecília Sousa,rgarcia@example.net,Siqueira do Amparo,PA,Casa,Eaque,Adidas,1,1092.43,1633.22,0,31.71,app,Boleto,2,Recusado,Jadlog,Entregue
867,PED-39131,2025-08-19,2024-10-15,833,Srta. Brenda Moreira,lopesagatha@example.org,Ramos,MG,Beleza,Ut,LG,4,1031.26,2474.93,20,29.35,Site,Boleto,6,Pendente,Jadlog,Atrasado
868,PED-24195,2025-07-22,2025-08-06,927,Ana Beatriz Costa,wda-cruz@example.org,Novaes de Andrade,SC,eletronicos,Possimus,Adidas,1,1420.85,850.8,0,57.22,Site,Pix,1,aprovado,Total Express,Entregue
869,PED-22502,2024-02-16,2024-11-02,1149,Elisa da Paz,moreirafrancisco@example.net,da Mota do Oeste,ES,eletronicos,Minus,Apple,4,2097.26,339.42,10,73.98,Aplicativo,Débito,1,Pendente,Jadlog,Em trânsito
870,PED-50823,2025-03-18,2024-05-30,692,Dr. José Miguel Martins,laissilva@example.com,Lima do Oeste,MA,eletronicos,Voluptatum,Samsung,3,2427.04,2115.62,0,32.18,SITE,Boleto,3,Pendente,Jadlog,Atrasado
871,PED-40898,2025-10-31,2025-03-28,660,Nicolas Albuquerque,diaspedro-lucas@example.net,Camargo,RN,Casa,Pariatur,Genérica,4,1824.79,3012.35,30,9.77,Site,Boleto,6,Aprovado,Jadlog,Entregue
872,PED-11785,2025-07-31,2025-11-04,332,Isaac Guerra,lda-luz@example.com,Casa Grande Alegre,TO,Beleza,Hic,Genérica,1,623.38,1559.72,0,4.69,Aplicativo,Boleto,1,Pendente,Correios,Atrasado
873,PED-81707,2025-02-16,2024-06-08,857,Sra. Caroline Pires,enrico39@example.com,Pimenta de Siqueira,RS,Casa,Quidem,Samsung,3,455.66,3485.32,30,110.64,App,Pix,3,Recusado,Total Express,Atrasado
874,PED-31750,2025-03-25,2025-08-22,290,Bella Pastor,arthur-miguel11@example.org,Ramos do Galho,AP,Roupas,Aperiam,Adidas,2,2819.71,3334.38,0,62.33,App,Boleto,2,aprovado,Jadlog,Atrasado
875,PED-27739,2024-05-15,2024-02-14,337,Nathan Duarte,vporto@example.com,Jesus,CE,Beleza,Quidem,Genérica,4,83.88,1486.25,0,56.46,Site,Pix,6,aprovado,Correios,Atrasado
876,PED-22300,2024-04-21,2024-04-13,1102,Eloá Ferreira,costelaana-livia@example.net,Teixeira Verde,ES,Casa,Eveniet,LG,1,260.82,1666.99,0,8.01,app,Débito,1,Aprovado,Correios,Em trânsito
877,PED-47249,2025-02-25,2024-11-23,873,Erick Almeida,mariane10@example.org,Mendonça,AC,Beleza,Repudiandae,Genérica,3,1317.1,2696.11,0,67.33,SITE,Crédito,3,aprovado,Correios,Atrasado
878,PED-38369,2025-06-07,2025-02-14,574,Nina Rezende,kaique74@example.com,Carvalho de Montenegro,SP,eletronicos,Quos,LG,5,403.01,2799.25,20,77.38,Aplicativo,Pix,3,Recusado,Total Express,Atrasado
879,PED-97621,2024-08-30,2024-11-14,970,Otto Novaes,ypinto@example.org,Fogaça,RN,eletronicos,Illo,Apple,1,2752.61,3462.35,0,111.55,app,Débito,1,aprovado,Jadlog,Entregue
880,PED-52380,2025-09-05,2024-07-10,160,Kevin da Luz,galbuquerque@example.net,da Mata,ES,Eletrônicos,Eveniet,Apple,5,2834.96,1517.65,10,39.25,app,Crédito,1,Pendente,Jadlog,Em trânsito
881,PED-72190,2024-11-26,2025-06-21,728,João Gabriel Sampaio,nicolerios@example.net,Castro de Minas,AP,Roupas,Necessitatibus,Adidas,3,1880.87,3097.34,0,114.64,App,Débito,12,Pendente,Total Express,Em trânsito
882,PED-74237,2024-08-11,2025-08-01,514,Isaque Cunha,joao-lucascastro@example.com,Caldeira do Amparo,RJ,Eletrônicos,Cumque,Adidas,4,2299.72,664.14,0,102.64,App,Boleto,1,aprovado,Jadlog,Em trânsito
883,PED-33462,2025-01-30,2025-10-21,22,Heitor Cardoso,garciamaria-alice@example.com,Vargas de Cavalcanti,MT,eletronicos,Minima,Nike,3,1864.71,69.37,0,39.41,App,Pix,3,Aprovado,Total Express,Em trânsito
884,PED-14394,2025-02-05,2025-04-28,564,Maria Eduarda Lima,tcunha@example.com,Cavalcanti de Albuquerque,DF,Casa,Ipsa,Nike,1,3485.3,2479.71,0,75.03,app,Crédito,12,Pendente,Total Express,Atrasado
885,PED-69569,2025-03-30,2025-12-21,1005,Manuela Moreira,cbarros@example.com,Monteiro,RN,eletronicos,Cupiditate,Nike,5,2835.64,181.77,0,73.55,SITE,Débito,12,aprovado,Correios,Em trânsito
886,PED-25653,2025-05-16,2024-04-27,115,Ana Carolina Farias,mariah66@example.org,Duarte de Cavalcante,AP,Casa,Non,Genérica,1,1134.12,3009.72,0,118.01,SITE,Crédito,1,Recusado,Total Express,Entregue
887,PED-86919,2025-03-11,2024-04-05,751,Cauê Machado,ycarvalho@example.com,da Cunha,RJ,Beleza,Vel,Samsung,4,1486.51,2353.64,0,7.79,app,Débito,6,Recusado,Correios,Entregue
888,PED-68117,2025-10-23,2025-05-02,92,Zoe Farias,mpereira@example.com,Camargo das Pedras,PA,Roupas,Corrupti,Adidas,2,2426.07,1461.92,30,89.62,Site,Pix,1,Recusado,Correios,Em trânsito
889,PED-71112,2024-04-02,2024-08-08,1164,Dr. Daniel Pereira,campostheodoro@example.net,Lopes,SP,Eletrônicos,Totam,Adidas,4,354.16,3217.14,0,87.55,SITE,Pix,3,Aprovado,Correios,Entregue
890,PED-38511,2025-09-17,2025-02-19,768,Kaique Moreira,valentimmendonca@example.org,Brito da Mata,GO,Casa,Tempore,Samsung,2,1111.85,2399.07,0,89.69,SITE,Pix,1,Pendente,Total Express,Em trânsito
891,PED-33331,2025-02-18,2024-02-19,572,Ian Mendonça,andradeevelyn@example.net,Siqueira de Minas,PE,eletronicos,Explicabo,Adidas,3,1478.24,2931.7,0,106.03,SITE,Pix,1,Pendente,Jadlog,Entregue
892,PED-74210,2025-03-29,2026-01-19,728,Dr. Nicolas Ramos,yramos@example.com,Barbosa,AM,Beleza,Distinctio,LG,3,2714.68,1854.5,30,82.44,SITE,Crédito,12,Pendente,Correios,Atrasado
893,PED-84542,2024-11-04,2024-04-29,432,Sara Sampaio,joao-guilherme34@example.net,da Conceição,SP,Casa,Ducimus,LG,3,765.69,2463.81,20,66.19,App,Crédito,3,aprovado,Jadlog,Entregue
894,PED-71300,2025-10-06,2026-02-02,535,Sofia Ribeiro,antonio60@example.com,da Rosa do Sul,CE,Eletrônicos,Voluptatibus,Samsung,5,2321.25,693.17,0,56.07,App,Pix,3,Pendente,Total Express,Atrasado
895,PED-14436,2025-11-10,2024-02-14,661,Vitória Teixeira,gpereira@example.net,Vieira do Sul,RJ,Eletrônicos,Quasi,Genérica,3,3049.19,77.25,10,57.06,App,Crédito,1,Recusado,Jadlog,Entregue
896,PED-71189,2025-09-27,2025-01-08,1120,Mirella Borges,tferreira@example.net,Pires da Mata,AM,eletronicos,Expedita,Samsung,4,2841.81,1624.74,20,83.34,Aplicativo,Boleto,12,aprovado,Jadlog,Atrasado
897,PED-58918,2025-04-10,2025-12-28,692,Sra. Eloá Moreira,kamillynascimento@example.org,Cunha do Oeste,SP,Casa,Distinctio,Genérica,4,1085.6,3399.14,0,91.58,app,Crédito,2,Pendente,Jadlog,Atrasado
898,PED-62527,2024-10-17,2025-12-14,59,Sr. Arthur Cardoso,csampaio@example.org,Aragão,PB,eletronicos,Modi,Adidas,2,3232.12,3108.75,30,113.14,SITE,Débito,1,Recusado,Correios,Entregue
899,PED-50537,2024-05-18,2025-06-25,290,Yago Nogueira,pedro-miguel39@example.com,Monteiro,MT,Roupas,Libero,Nike,4,620.43,52.91,0,24.05,SITE,Pix,1,Aprovado,Correios,Entregue
900,PED-36649,2024-04-14,2025-08-26,895,Bruno Oliveira,gpires@example.org,Farias da Serra,AL,Eletrônicos,Consectetur,Genérica,2,581.78,1965.95,0,0.59,SITE,Pix,1,Pendente,Total Express,Atrasado
901,PED-61648,2025-05-22,2024-11-13,436,Sra. Kamilly Fogaça,moreirahadassa@example.net,Guerra,AM,Casa,Commodi,Genérica,4,2918.15,2486.47,0,46.51,App,Débito,2,Recusado,Jadlog,Atrasado
902,PED-65652,2026-01-16,2026-01-30,807,Lucas Vargas,britomaria-luiza@example.org,Almeida,MG,Beleza,Id,Samsung,3,1734.67,2604.48,20,3.23,app,Débito,12,aprovado,Jadlog,Em trânsito
903,PED-54544,2025-11-18,2025-10-26,1027,Fernanda Rodrigues,anthony64@example.org,Sales de Goiás,PB,Eletrônicos,Excepturi,Adidas,5,2643.31,3205.32,30,27.61,Aplicativo,Débito,1,aprovado,Jadlog,Em trânsito
904,PED-22170,2024-11-25,2024-11-28,696,Isadora Novais,caldeiraeloa@example.net,Cirino do Campo,BA,Casa,Tempora,Genérica,2,1518.7,1033.13,10,81.03,Aplicativo,Crédito,1,Pendente,Correios,Entregue
905,PED-62194,2025-02-05,2025-01-12,1060,Amanda Silva,cabreu@example.org,Mendes,GO,Eletrônicos,Quae,Nike,1,1244.69,2577.71,30,103.5,Site,Débito,1,aprovado,Total Express,Atrasado
906,PED-60330,2026-01-05,2025-02-27,932,Lavínia Novaes,osousa@example.com,da Conceição,AM,Eletrônicos,Rem,Nike,4,1507.48,238.06,10,31.04,Site,Boleto,3,Recusado,Jadlog,Atrasado
907,PED-53917,2025-06-12,2026-01-12,1096,Jade da Rocha,melojoao-gabriel@example.org,Correia de Ramos,AP,Roupas,Distinctio,Samsung,2,3433.53,1884.41,10,104.44,Site,Débito,1,Recusado,Total Express,Atrasado
908,PED-43795,2024-04-05,2024-08-29,405,Arthur Alves,pietraleao@example.org,Casa Grande Grande,BA,Beleza,Cumque,Adidas,4,1550.36,1653.43,0,14.59,Aplicativo,Boleto,1,Aprovado,Total Express,Atrasado
909,PED-58404,2024-05-12,2025-09-28,517,Isaque Freitas,falmeida@example.net,Monteiro das Flores,GO,Casa,Porro,LG,3,2695.58,131.18,0,21.45,App,Boleto,1,Pendente,Jadlog,Em trânsito
910,PED-93359,2024-08-30,2025-06-20,73,Augusto Gomes,luiz-gustavofernandes@example.org,da Rosa de Goiás,RR,Beleza,Modi,Samsung,3,2575.07,1882.88,10,29.84,Site,Crédito,1,aprovado,Total Express,Em trânsito
911,PED-66505,2025-11-24,2025-06-13,563,Elisa Cassiano,manuela46@example.com,Rezende de Minas,SE,Roupas,Soluta,Nike,5,892.15,2898.22,30,98.46,app,Boleto,1,Aprovado,Jadlog,Em trânsito
912,PED-15018,2024-02-06,2025-05-25,301,Maria Luísa da Costa,maria65@example.com,da Luz,GO,Beleza,Numquam,Genérica,1,1367.6,3431.92,0,40.53,App,Boleto,2,Aprovado,Correios,Atrasado
913,PED-43666,2025-10-16,2025-04-23,163,Rafaela da Mata,dsouza@example.net,Souza Paulista,RN,Casa,Labore,Samsung,2,2019.59,3482.47,20,61.68,SITE,Crédito,1,Pendente,Correios,Em trânsito
914,PED-46016,2025-02-02,2024-03-04,381,Yago da Rocha,toliveira@example.org,Caldeira Alegre,MG,Roupas,Nihil,Adidas,1,2135.95,3188.63,30,34.19,Site,Boleto,1,Aprovado,Jadlog,Atrasado
915,PED-27008,2024-09-28,2024-02-27,563,Pedro Henrique Jesus,maria-juliamartins@example.net,Lima de Goiás,DF,Roupas,Facere,Nike,5,2776.39,2240.26,0,26.56,Site,Pix,1,Aprovado,Total Express,Em trânsito
916,PED-89864,2024-05-15,2025-12-25,944,Ana Luiza Nascimento,xcamara@example.net,da Rosa,PB,Beleza,Inventore,Nike,5,1184.19,1392.19,20,1.51,App,Pix,1,Pendente,Correios,Em trânsito
917,PED-75401,2025-04-01,2024-08-23,432,Dra. Brenda Campos,tpereira@example.org,Casa Grande,MT,Beleza,Illum,Genérica,2,2371.8,932.14,0,79.28,app,Crédito,6,Pendente,Total Express,Em trânsito
918,PED-20891,2025-10-25,2025-12-18,426,Sr. Marcos Vinicius Moura,da-pazalice@example.com,Vargas,AC,Beleza,Doloremque,LG,3,1056.79,1137.92,30,56.09,SITE,Débito,3,Recusado,Total Express,Em trânsito
919,PED-64446,2024-04-25,2024-09-28,48,Letícia Casa Grande,francisco78@example.com,Pereira de Nascimento,DF,Roupas,Ipsam,Adidas,4,3464.4,1344.73,20,15.8,app,Crédito,1,Pendente,Correios,Entregue
920,PED-24500,2025-05-29,2025-09-04,1169,Mirella Costela,cardosoalicia@example.org,das Neves,ES,Roupas,Similique,Apple,2,2695.72,3446.12,10,66.01,App,Débito,2,Recusado,Jadlog,Em trânsito
921,PED-92611,2024-03-26,2024-03-15,217,Yago Mendes,andrecaldeira@example.com,Aragão de Cavalcante,SP,Roupas,Dolorum,Adidas,5,1887.15,826.59,10,59.38,Aplicativo,Pix,12,Pendente,Correios,Entregue
922,PED-62435,2024-10-18,2025-03-22,591,Bianca Monteiro,alvesmaria-isis@example.org,Casa Grande,ES,Eletrônicos,Fugit,Adidas,3,2682.13,2313.86,30,108.87,Aplicativo,Boleto,2,Pendente,Correios,Atrasado
923,PED-13806,2024-03-24,2024-11-13,460,Dr. Guilherme Sousa,teixeirapedro-miguel@example.net,Melo,ES,eletronicos,Sint,Adidas,5,1786.6,327.75,20,87.86,Site,Pix,3,aprovado,Correios,Atrasado
924,PED-91984,2025-11-22,2025-11-03,967,Luiza Pimenta,mathias13@example.com,Porto das Flores,RJ,Eletrônicos,Assumenda,LG,1,2613.23,3098.12,30,46.72,app,Débito,12,aprovado,Jadlog,Em trânsito
925,PED-41367,2024-03-08,2024-10-22,359,Daniel Pastor,apollo85@example.com,Costa de Casa Grande,RN,Casa,Quis,Genérica,2,1163.4,1060.79,0,24.84,Aplicativo,Boleto,1,Pendente,Correios,Entregue
926,PED-70477,2024-09-07,2024-06-15,1025,Luiz Fernando Jesus,julia65@example.net,Teixeira Verde,MT,Eletrônicos,Error,Adidas,3,3058.69,3185.63,0,55.47,Site,Crédito,6,Aprovado,Total Express,Atrasado
927,PED-63260,2025-01-10,2024-12-27,1065,Paulo Azevedo,britoana-livia@example.org,Vasconcelos de Pacheco,DF,Casa,Ad,Nike,1,2751.5,3353.63,30,64.48,app,Crédito,2,Pendente,Total Express,Entregue
928,PED-48399,2026-01-03,2025-09-05,816,Dante Sampaio,cavalcantiana-carolina@example.com,Correia,TO,Eletrônicos,Alias,LG,4,2522.35,1814.88,30,52.81,Site,Crédito,1,Recusado,Total Express,Entregue
929,PED-32145,2024-10-28,2024-12-08,751,Dra. Bianca Macedo,beniciosilva@example.net,Andrade,BA,Casa,Sapiente,Genérica,3,539.73,888.59,10,25.21,Site,Pix,6,Aprovado,Jadlog,Atrasado
930,PED-74431,2024-07-21,2024-11-03,502,Theo Silveira,zcastro@example.net,Araújo das Flores,TO,Roupas,Rerum,LG,3,2427.72,1190.78,10,83.95,app,Pix,3,Aprovado,Correios,Entregue
931,PED-78390,2024-06-26,2025-11-30,591,Bárbara da Cunha,ana-clara78@example.com,da Costa,RN,Eletrônicos,Explicabo,Apple,3,1994.21,2512.62,0,113.38,SITE,Pix,2,Pendente,Total Express,Em trânsito
932,PED-30242,2025-06-16,2025-03-30,264,Sofia Sá,tcampos@example.org,Souza de Nunes,MG,eletronicos,Ut,Adidas,3,3014.06,937.7,0,3.36,SITE,Pix,1,Aprovado,Jadlog,Em trânsito
933,PED-76662,2024-02-03,2025-03-27,1059,Maria Alice Pacheco,isabella45@example.com,Novais do Amparo,RN,Casa,Nulla,Nike,5,3155.01,3404.79,30,18.71,app,Pix,3,Recusado,Jadlog,Em trânsito
934,PED-94984,2025-12-17,2024-03-02,347,Renan Novaes,dcastro@example.net,Lima,SE,Beleza,Ad,Nike,2,1719.79,1360.56,30,113.63,App,Débito,1,aprovado,Correios,Entregue
935,PED-46479,2025-04-05,2024-03-27,245,Kevin Oliveira,isabel07@example.net,da Mota da Mata,SC,eletronicos,Facilis,LG,4,1634.66,3198.82,0,100.8,app,Débito,6,aprovado,Jadlog,Atrasado
936,PED-14304,2025-07-08,2025-04-26,817,Anthony Gabriel Pereira,nda-conceicao@example.net,Nascimento,GO,Eletrônicos,Numquam,LG,5,281.83,1958.83,20,101.59,app,Crédito,12,Aprovado,Jadlog,Atrasado
937,PED-78543,2025-11-28,2024-07-05,508,Ana Júlia Cavalcante,maria36@example.net,Barbosa,RN,eletronicos,Blanditiis,LG,2,2429.46,2295.28,0,27.4,Aplicativo,Débito,1,Recusado,Total Express,Em trânsito
938,PED-21974,2025-01-04,2026-01-29,390,Lorenzo Monteiro,yuriazevedo@example.org,Pacheco Paulista,DF,Eletrônicos,Natus,Apple,5,1094.52,766.68,0,70.28,app,Boleto,2,Aprovado,Total Express,Entregue
939,PED-51793,2024-10-11,2025-11-08,150,Dr. José Miguel da Cruz,tguerra@example.org,Barbosa,PR,eletronicos,Tempore,Nike,1,1574.55,1692.32,0,65.08,SITE,Boleto,1,Aprovado,Total Express,Em trânsito
940,PED-24617,2025-06-07,2025-07-06,907,Ana Laura Porto,isaque86@example.net,Silva,DF,eletronicos,Quisquam,Adidas,5,2656.62,3473.22,0,90.55,app,Pix,2,aprovado,Jadlog,Atrasado
941,PED-73344,2024-02-07,2024-12-27,1054,Bruno Pinto,jose-pedro38@example.net,Andrade,SP,Roupas,Eveniet,Genérica,3,961.49,1886.06,0,33.03,app,Pix,6,Pendente,Correios,Entregue
942,PED-73908,2026-01-02,2024-07-25,14,Alícia Costa,nmendes@example.com,Barros,SE,Roupas,Culpa,Adidas,4,1760.47,666.84,10,80.76,Site,Boleto,1,aprovado,Correios,Entregue
943,PED-40382,2025-02-28,2025-03-20,437,Otto Lopes,maria-luisamoreira@example.com,Aparecida do Norte,RS,Roupas,Laboriosam,Adidas,3,1154.05,1879.88,0,82.17,app,Débito,3,aprovado,Jadlog,Entregue
944,PED-35153,2024-08-06,2025-05-21,812,Vicente Dias,helena09@example.net,Farias,ES,eletronicos,Veritatis,Apple,5,2335.94,1173.6,20,117.74,app,Boleto,12,Recusado,Correios,Em trânsito
945,PED-71863,2024-04-10,2024-04-02,622,Elisa da Rosa,ana-luiza37@example.com,Nogueira,ES,Roupas,A,Apple,3,1201.34,1271.07,30,37.84,App,Boleto,3,Pendente,Jadlog,Entregue
946,PED-62963,2026-01-06,2025-06-03,114,Pedro Miguel Lima,lpeixoto@example.net,Barbosa Verde,MS,Casa,Veritatis,LG,2,3413.7,2696.32,0,98.22,SITE,Débito,6,Recusado,Jadlog,Em trânsito
947,PED-13103,2024-12-29,2024-10-15,660,André Rocha,fdias@example.net,Mendes,RN,Casa,Voluptate,Nike,3,1975.34,2599.61,0,74.11,Aplicativo,Pix,1,Aprovado,Correios,Entregue
948,PED-52661,2025-06-14,2025-02-05,983,Theo Novais,riosdom@example.org,da Mata de Goiás,RR,Beleza,Deserunt,Nike,1,2745.24,1395.72,30,58.44,App,Boleto,1,Aprovado,Correios,Atrasado
949,PED-54917,2024-08-29,2024-11-14,566,Bryan Farias,rochamaria-luisa@example.net,Santos Alegre,RR,Beleza,Ducimus,LG,4,3236.44,433.06,0,105.7,Site,Pix,12,Pendente,Correios,Entregue
950,PED-87307,2024-03-09,2025-03-18,613,Breno Rodrigues,vcamargo@example.org,Leão da Mata,RO,Beleza,Culpa,Apple,5,353.62,896.03,20,65.59,App,Pix,6,Aprovado,Correios,Entregue
951,PED-51151,2024-11-28,2024-12-16,740,Ravy Sales,jribeiro@example.org,Nascimento Verde,RS,Casa,Recusandae,Genérica,2,685.28,1665.73,10,43.46,SITE,Pix,1,Aprovado,Correios,Entregue
952,PED-94179,2024-08-06,2024-08-21,842,Zoe da Luz,ibarros@example.com,Sampaio,PA,Casa,Tempora,Nike,4,2803.43,2919.28,0,109.56,app,Pix,1,Pendente,Correios,Atrasado
953,PED-52869,2024-09-27,2024-11-22,1104,Srta. Evelyn Guerra,mendesliam@example.com,Cunha de Guerra,RJ,Casa,Molestiae,LG,5,1201.45,281.53,0,67.84,app,Crédito,3,aprovado,Total Express,Entregue
954,PED-85225,2025-05-15,2024-05-27,960,Joana das Neves,fernanda09@example.net,Cardoso do Amparo,AM,Beleza,Omnis,Genérica,2,2644.08,2696.55,10,98.13,Aplicativo,Boleto,6,aprovado,Total Express,Em trânsito
955,PED-19571,2024-11-20,2024-08-12,373,Maria da Cruz,das-nevesaylla@example.com,Mendes do Campo,CE,Beleza,Velit,LG,4,1870.61,2439.42,10,106.73,Aplicativo,Pix,1,Pendente,Correios,Entregue
956,PED-39521,2026-01-22,2025-11-01,661,Francisco Cavalcante,azevedogustavo-henrique@example.com,da Rosa,SC,Casa,Dignissimos,Apple,3,3001.73,2066.1,0,63.88,SITE,Pix,6,aprovado,Correios,Entregue
957,PED-37019,2024-03-09,2025-06-21,632,Vitor Hugo da Paz,rbarros@example.org,da Paz de Moraes,AP,eletronicos,Temporibus,Samsung,1,1890.31,3308.51,0,93.54,app,Pix,1,Recusado,Jadlog,Entregue
958,PED-96267,2025-01-08,2025-02-20,428,Isis Moraes,ayllaviana@example.org,Campos,AL,eletronicos,Blanditiis,LG,2,1513.78,985.22,0,92.68,Site,Débito,2,Aprovado,Jadlog,Entregue
959,PED-68189,2025-05-01,2024-09-08,428,Dra. Laura Santos,da-motavalentim@example.org,Silva,RN,Casa,Nulla,Samsung,4,1562.99,735.3,10,70.83,Site,Crédito,1,Aprovado,Correios,Entregue
960,PED-25775,2025-04-04,2024-03-09,1002,Davi Viana,isaac47@example.net,Fogaça Paulista,PB,Beleza,Nostrum,LG,3,1482.19,775.63,0,95.97,App,Boleto,1,Aprovado,Jadlog,Entregue
961,PED-10951,2024-04-18,2024-07-23,779,Clara Martins,fmelo@example.org,Garcia de Goiás,SP,Casa,Soluta,Nike,1,1273.65,3312.77,0,52.1,App,Débito,6,Aprovado,Total Express,Atrasado
962,PED-61076,2024-08-15,2024-09-19,966,João Pacheco,mariane92@example.org,Martins de Siqueira,SP,Eletrônicos,Voluptatum,LG,3,206.52,2973.58,0,67.75,SITE,Débito,1,Pendente,Correios,Entregue
963,PED-88145,2025-01-23,2026-01-18,430,Sra. Ana Liz Brito,eloahda-rosa@example.org,Moreira,RO,Roupas,Repudiandae,LG,5,1481.32,593.32,0,20.96,app,Débito,6,aprovado,Jadlog,Entregue
964,PED-31282,2025-06-30,2024-02-08,62,Isadora da Mota,luisa80@example.org,Montenegro de Cavalcanti,AM,Casa,Dignissimos,Apple,3,1442.61,1337.49,0,74.63,Site,Crédito,1,Aprovado,Jadlog,Entregue
965,PED-28919,2025-09-19,2024-08-11,835,Mariana da Mota,montenegroevelyn@example.net,Pimenta de Teixeira,MA,Eletrônicos,Eaque,Adidas,4,2680.63,2542.7,0,18.98,Site,Pix,1,Aprovado,Jadlog,Entregue
966,PED-24733,2025-04-07,2025-01-09,975,Sr. Henry Gabriel Novaes,henry52@example.net,Monteiro de Goiás,PB,Casa,Accusamus,Nike,5,1569.43,3006.36,30,0.09,Aplicativo,Boleto,1,aprovado,Jadlog,Atrasado
967,PED-80777,2025-07-21,2025-03-06,749,Srta. Lunna Cunha,ecavalcanti@example.org,Pacheco de Nogueira,SE,Beleza,Necessitatibus,Genérica,1,1698.37,2633.08,20,23.55,SITE,Débito,12,aprovado,Correios,Atrasado
968,PED-20772,2024-08-27,2025-08-05,195,Matteo Aparecida,das-nevesjuan@example.org,Gonçalves,PR,Casa,Voluptatem,LG,5,413.04,830.47,0,87.6,App,Pix,6,Pendente,Total Express,Atrasado
969,PED-78146,2025-04-20,2024-02-17,1059,Dra. Rafaela Barros,teixeiraluiz-gustavo@example.org,Nogueira,PI,Beleza,Perspiciatis,LG,2,1181.41,1342.96,0,69.52,Site,Boleto,6,Aprovado,Correios,Entregue
970,PED-11877,2024-03-08,2024-04-21,293,Augusto Martins,imelo@example.com,Costa,AP,Eletrônicos,Aliquam,Apple,2,1418.83,90.41,10,58.06,App,Débito,6,Pendente,Jadlog,Entregue
971,PED-69400,2025-08-04,2025-01-16,539,Carlos Eduardo Garcia,giovanna93@example.com,Brito,PA,Beleza,Excepturi,Nike,1,2620.11,2311.34,20,110.87,App,Débito,1,Recusado,Jadlog,Atrasado
972,PED-69810,2024-05-27,2024-09-17,198,Maysa Câmara,maria-flor47@example.org,Garcia das Flores,AP,Roupas,Deleniti,Adidas,3,267.76,1310.71,30,3.05,app,Débito,1,aprovado,Jadlog,Entregue
973,PED-25765,2025-04-04,2024-03-11,1128,Caio Lopes,wabreu@example.com,Oliveira dos Dourados,SE,Roupas,Consectetur,Apple,3,1109.25,1554.77,0,115.96,app,Débito,2,aprovado,Correios,Atrasado
974,PED-39079,2025-02-16,2025-03-02,35,Ravi Macedo,eda-rocha@example.com,da Costa,DF,eletronicos,Provident,Genérica,3,1863.23,2740.79,20,103.19,app,Crédito,12,Recusado,Total Express,Entregue
975,PED-79582,2024-10-30,2025-12-27,342,Davi Cirino,diogocorreia@example.com,Sousa,AC,Roupas,Cumque,Apple,1,2397.37,2240.43,20,27.15,SITE,Boleto,12,aprovado,Jadlog,Entregue
976,PED-62543,2024-09-18,2024-10-06,608,Josué Camargo,ununes@example.com,Barros,PI,Casa,Praesentium,Adidas,4,3133.42,1664.61,0,86.59,App,Crédito,1,Recusado,Total Express,Atrasado
977,PED-97571,2026-01-08,2024-04-30,639,Dante Novaes,jesusgabriel@example.net,Montenegro,SE,eletronicos,Saepe,Genérica,5,2099.25,280.51,10,16.84,Aplicativo,Débito,12,aprovado,Jadlog,Entregue
978,PED-94683,2025-06-13,2025-06-29,859,Ana Beatriz Duarte,carvalhotheo@example.com,Santos,DF,Casa,Sed,Adidas,2,907.58,1258.91,0,115.6,App,Débito,2,Aprovado,Total Express,Atrasado
979,PED-86798,2024-07-20,2025-10-21,311,Isaac Aragão,da-pazrael@example.org,Porto,PI,eletronicos,Ea,Nike,2,2369.22,2674.02,0,76.41,app,Pix,3,Aprovado,Total Express,Atrasado
980,PED-71749,2025-04-04,2025-05-02,476,Ana Liz Dias,oliverrodrigues@example.org,Lima,AM,Casa,Sequi,LG,1,1917.35,2154.62,0,8.45,App,Pix,1,Pendente,Jadlog,Entregue
981,PED-92168,2024-09-10,2024-09-03,956,Benjamin Araújo,wmonteiro@example.com,Azevedo Paulista,AM,Casa,Excepturi,Adidas,2,3073.04,2435.46,10,91.02,SITE,Crédito,1,Recusado,Correios,Atrasado
982,PED-74819,2024-09-08,2024-03-20,886,Clara Casa Grande,maria-luisa39@example.org,da Rosa do Campo,PR,Casa,Atque,Samsung,1,3034.83,1016.7,30,87.89,App,Pix,2,Recusado,Jadlog,Entregue
983,PED-11694,2024-03-22,2025-08-29,208,Bárbara Marques,matteoda-mata@example.org,Lima,DF,Casa,Odio,Apple,5,1757.67,2089.24,30,31.89,Aplicativo,Boleto,3,Pendente,Correios,Atrasado
984,PED-24129,2024-08-06,2024-05-24,202,Bryan Santos,mouraana-livia@example.org,Carvalho do Oeste,RJ,Beleza,Porro,Samsung,1,3385.22,873.22,20,80.71,app,Boleto,12,Pendente,Total Express,Atrasado
985,PED-15225,2024-10-28,2025-11-14,712,Sr. Brayan Ramos,maria-eduarda04@example.com,Cavalcanti de Mendonça,RN,Casa,Quasi,Nike,5,3028.77,178.6,10,97.58,Aplicativo,Crédito,1,aprovado,Correios,Atrasado
986,PED-53117,2026-01-10,2024-12-31,203,Davi Lucas Nascimento,jesusarthur@example.com,Almeida da Praia,GO,Roupas,Omnis,Nike,1,2565.25,2980.53,0,43.03,App,Pix,1,Recusado,Jadlog,Entregue
987,PED-52534,2025-09-21,2025-09-03,939,Vicente Casa Grande,diogo72@example.net,Jesus das Pedras,DF,Roupas,Quaerat,Apple,2,1976.75,3029.02,30,38.63,Aplicativo,Pix,12,aprovado,Jadlog,Entregue
988,PED-53747,2025-04-07,2024-04-26,721,Lorenzo Vargas,helenamendes@example.com,Farias,AC,Beleza,Ut,Adidas,2,1142.04,1105.13,30,10.85,Aplicativo,Pix,3,Pendente,Total Express,Entregue
989,PED-60160,2025-06-16,2024-08-22,415,Bruno da Cruz,enzo06@example.com,Cunha,PR,Roupas,Unde,Genérica,4,1259.55,2830.35,0,90.57,SITE,Pix,1,Aprovado,Correios,Atrasado
990,PED-50701,2024-12-18,2024-12-13,1037,Mariane Barbosa,valentina12@example.com,Pacheco Paulista,PB,Beleza,Impedit,LG,5,1906.98,1423.0,30,9.11,Site,Crédito,6,Pendente,Jadlog,Entregue
991,PED-54585,2024-12-23,2024-07-30,1092,Dra. Sarah Dias,oda-rocha@example.org,Azevedo de Goiás,SE,Roupas,Libero,Nike,2,3228.34,407.51,30,97.75,App,Crédito,1,aprovado,Jadlog,Entregue
992,PED-42231,2026-01-17,2024-05-16,1123,Clara da Paz,ida-rosa@example.net,Monteiro de Almeida,RO,eletronicos,Eligendi,Genérica,3,140.94,824.42,30,117.99,SITE,Débito,2,aprovado,Correios,Entregue
993,PED-48901,2024-07-12,2025-01-01,500,Dr. Benjamin da Rocha,isilva@example.org,Melo,ES,Eletrônicos,Repudiandae,Adidas,4,2940.86,1480.11,20,119.8,SITE,Boleto,1,Pendente,Total Express,Atrasado
994,PED-60738,2024-12-31,2026-01-02,536,Nicole Monteiro,isaque25@example.net,Silveira,AC,Roupas,Alias,LG,4,1327.29,3155.18,0,38.42,App,Crédito,6,aprovado,Jadlog,Atrasado
995,PED-42361,2024-04-15,2025-11-25,1103,Cecília Almeida,agatha82@example.org,Borges do Campo,SE,Beleza,Quasi,Apple,1,3434.49,2755.55,20,85.0,app,Pix,1,aprovado,Total Express,Em trânsito
996,PED-94536,2024-12-07,2024-06-11,1135,Enrico Barros,vianajoao-gabriel@example.net,Sales,RR,eletronicos,Atque,Nike,3,2031.19,233.55,20,52.54,app,Boleto,1,aprovado,Correios,Atrasado
997,PED-68781,2024-05-04,2025-04-18,1145,Rebeca Martins,ida-rosa@example.com,Rodrigues,BA,Eletrônicos,Officia,LG,4,3043.14,560.19,30,42.53,App,Pix,6,Aprovado,Total Express,Atrasado
998,PED-74331,2026-01-28,2024-06-21,883,Dra. Maria Cecília Rios,joao-guilherme29@example.net,Macedo Grande,PI,eletronicos,Excepturi,Nike,2,2333.21,1118.9,30,80.96,App,Débito,3,Pendente,Correios,Atrasado
999,PED-99302,2025-04-30,2026-01-27,645,Jade Costa,wpereira@example.com,Garcia,MT,Eletrônicos,Suscipit,Adidas,1,2506.79,1286.31,0,92.95,Site,Crédito,3,Pendente,Total Express,Entregue
1000,PED-35509,2024-02-22,2025-07-08,510,Srta. Maria Flor Nunes,acarvalho@example.net,Silveira da Prata,PI,Beleza,Molestiae,Apple,2,151.73,3254.45,30,14.34,Site,Crédito,2,Pendente,Jadlog,Em trânsito
1001,PED-72181,2024-06-24,2025-12-31,284,Sra. Agatha Gonçalves,dsantos@example.org,Rios da Mata,GO,Roupas,Deserunt,Apple,1,1123.62,662.07,10,105.49,Aplicativo,Crédito,1,Recusado,Jadlog,Entregue
1002,PED-39706,2024-09-14,2025-09-17,720,Ana Sophia Aparecida,da-pazana-liz@example.net,Pinto,SC,Eletrônicos,Molestiae,LG,4,2643.76,1857.34,0,105.52,Site,Crédito,6,Recusado,Correios,Entregue
1003,PED-10226,2025-12-22,2024-02-27,1084,Júlia Brito,luanabreu@example.com,Cavalcanti,MA,Eletrônicos,Cupiditate,Samsung,3,1377.4,145.4,20,67.6,Site,Débito,1,Pendente,Correios,Atrasado
1004,PED-38622,2025-03-17,2025-10-31,708,Erick Montenegro,monteirodavi-lucca@example.net,Cavalcante,SP,Eletrônicos,Blanditiis,Genérica,2,2119.03,2030.25,10,84.76,SITE,Débito,12,Pendente,Correios,Atrasado
1005,PED-15082,2024-02-18,2024-05-25,1101,Sra. Vitória Caldeira,lara06@example.net,Rios do Campo,AM,Eletrônicos,Ullam,LG,3,421.82,2406.46,20,62.22,Site,Boleto,1,aprovado,Total Express,Em trânsito
1006,PED-69594,2025-08-06,2024-07-08,1123,Ryan Pacheco,alicia23@example.net,Nascimento da Praia,SP,Casa,Ipsam,Nike,1,2357.03,275.85,0,43.88,SITE,Boleto,1,Pendente,Correios,Em trânsito
1007,PED-17683,2025-04-12,2025-12-25,984,Emanuella Pereira,ana-sophiacarvalho@example.org,da Costa da Prata,RN,Beleza,Hic,Samsung,5,363.79,2309.07,20,67.56,app,Boleto,12,aprovado,Jadlog,Em trânsito
1008,PED-27757,2025-02-13,2026-01-02,918,Maria Luísa Vasconcelos,da-motajoao-pedro@example.net,Porto,PR,eletronicos,Error,LG,4,1444.62,1350.88,10,2.86,Site,Pix,3,Pendente,Total Express,Em trânsito
1009,PED-50094,2025-05-28,2025-01-12,1020,Pedro Peixoto,vitor45@example.net,Albuquerque das Flores,AL,Roupas,Quo,Genérica,1,1870.05,193.63,0,36.85,app,Débito,6,Recusado,Total Express,Entregue
1010,PED-80030,2024-06-08,2024-11-04,58,Fernando Alves,jose42@example.net,Aragão de Campos,PR,Eletrônicos,Dolor,LG,4,699.42,3376.45,0,98.85,Aplicativo,Débito,3,Recusado,Total Express,Atrasado
1011,PED-15861,2024-08-05,2024-03-05,440,Bernardo Fernandes,siqueiraanna-liz@example.net,Câmara Paulista,AM,Eletrônicos,Accusantium,Nike,2,3128.63,2507.82,0,85.68,Aplicativo,Débito,3,Aprovado,Correios,Em trânsito
1012,PED-37004,2025-12-28,2024-02-16,239,Dr. Rafael Cunha,rbrito@example.net,Cunha,TO,Roupas,Nemo,Samsung,2,2325.6,3207.6,0,118.13,Aplicativo,Débito,1,Pendente,Correios,Entregue
1013,PED-28568,2024-06-07,2024-11-30,505,Natália Vasconcelos,pereiravinicius@example.net,Silveira de Andrade,PI,Beleza,Vel,Genérica,3,3092.71,1508.8,20,85.22,App,Débito,6,Recusado,Jadlog,Atrasado
1014,PED-11340,2025-02-23,2025-06-11,852,Marina Viana,leandro23@example.org,Cassiano Alegre,GO,Casa,Omnis,Nike,3,2957.09,703.76,10,30.41,Site,Boleto,1,Pendente,Correios,Atrasado
1015,PED-39225,2025-11-30,2025-02-02,145,Sr. Luiz Otávio Monteiro,theoabreu@example.org,da Rocha do Campo,AP,Eletrônicos,Molestias,Samsung,2,3162.65,1735.45,0,64.43,SITE,Pix,6,Pendente,Jadlog,Atrasado
1016,PED-47544,2025-03-10,2025-12-26,584,Maria Liz Moraes,enzo15@example.com,Marques do Galho,RS,Beleza,Distinctio,LG,1,2675.41,1412.43,0,114.03,app,Boleto,1,aprovado,Total Express,Entregue
1017,PED-71467,2025-06-29,2024-05-01,981,Sr. João Miguel Peixoto,andremontenegro@example.com,Azevedo do Oeste,RO,Eletrônicos,Soluta,Samsung,2,181.21,1388.82,0,91.5,Site,Débito,2,Recusado,Jadlog,Atrasado
1018,PED-28711,2025-04-25,2025-04-14,906,Theodoro Aragão,ana-carolina87@example.com,Barbosa do Campo,MS,Beleza,Possimus,Samsung,5,2695.43,701.94,0,86.99,Site,Crédito,1,Recusado,Jadlog,Entregue
1019,PED-55890,2025-05-28,2024-07-05,947,Rebeca da Cunha,ncassiano@example.com,Moura da Prata,RN,eletronicos,Neque,Genérica,1,1400.03,578.19,0,60.67,SITE,Débito,6,aprovado,Jadlog,Atrasado
1020,PED-67523,2025-10-20,2024-03-01,52,Pietro Rezende,xmacedo@example.org,Oliveira,PR,Casa,Repellendus,Samsung,2,2125.73,1042.93,0,17.2,App,Crédito,1,Aprovado,Jadlog,Atrasado
1021,PED-80028,2025-03-31,2024-05-06,36,Miguel Alves,maria-eduardapacheco@example.com,Pinto das Flores,MA,Beleza,Voluptatibus,Genérica,2,2548.07,1159.71,0,17.22,Site,Débito,1,Pendente,Correios,Atrasado
1022,PED-17656,2025-02-09,2025-09-28,794,Maria Alice Camargo,lorenzocostela@example.net,Cunha de Moreira,CE,Beleza,Recusandae,Samsung,2,2679.51,171.42,20,8.87,Aplicativo,Boleto,1,Pendente,Jadlog,Atrasado
1023,PED-41151,2025-04-11,2025-08-19,1005,Camila Ramos,sda-mota@example.org,Dias da Prata,RO,Beleza,Dolorem,LG,3,3431.45,2246.61,10,110.33,SITE,Boleto,3,Recusado,Correios,Entregue
1024,PED-47599,2025-01-21,2025-10-28,358,Joaquim Ferreira,manuellavasconcelos@example.net,Sales,AP,Casa,Officia,LG,2,1319.87,122.23,0,17.28,Aplicativo,Boleto,6,aprovado,Jadlog,Entregue
1025,PED-92116,2025-12-08,2025-02-05,723,Maria Júlia da Cunha,llima@example.org,Rodrigues dos Dourados,SP,eletronicos,Similique,Nike,4,3098.5,1639.01,10,53.27,Aplicativo,Boleto,1,Recusado,Jadlog,Atrasado
1026,PED-62282,2024-02-29,2026-01-26,273,Alice Mendes,wcamara@example.com,Siqueira,AM,Beleza,Amet,Apple,2,798.51,708.83,0,113.76,app,Pix,2,Pendente,Jadlog,Atrasado
1027,PED-50225,2024-12-09,2025-12-05,438,Vitor Hugo Araújo,da-luzenzo@example.net,Andrade,DF,Casa,Odio,Apple,4,424.84,2300.22,0,108.56,app,Boleto,1,aprovado,Correios,Em trânsito
1028,PED-82311,2024-08-07,2025-05-14,321,Josué Gomes,nicole43@example.com,Barbosa,RR,Casa,Aspernatur,Adidas,4,672.09,1578.28,30,24.77,app,Débito,1,aprovado,Total Express,Em trânsito
1029,PED-85375,2024-04-30,2024-04-28,406,Rael Rezende,nathannogueira@example.net,da Cruz do Amparo,AL,eletronicos,Recusandae,Nike,3,1666.6,3044.7,0,91.51,Aplicativo,Pix,3,Aprovado,Total Express,Entregue
1030,PED-18566,2025-08-27,2025-10-18,176,Lavínia Pimenta,guerraravi-lucca@example.net,Melo,ES,Eletrônicos,Illo,Samsung,1,1193.7,360.32,0,24.36,SITE,Débito,1,Aprovado,Jadlog,Atrasado
1031,PED-51353,2025-06-05,2024-02-07,1195,Augusto Sales,ribeirovinicius@example.org,Gomes,MS,Casa,Quae,Nike,3,2477.43,1049.61,0,96.28,SITE,Débito,1,Pendente,Correios,Atrasado
1032,PED-91040,2025-01-16,2024-02-06,840,Elisa da Conceição,piresyasmin@example.org,Caldeira,TO,eletronicos,Pariatur,Adidas,5,2218.95,2464.53,0,82.8,SITE,Crédito,6,aprovado,Jadlog,Entregue
1033,PED-15161,2024-10-24,2024-05-07,278,Carolina Borges,joao-gabriel49@example.com,Silva,GO,Casa,Consequuntur,Nike,4,1695.24,2696.63,20,82.57,App,Boleto,3,aprovado,Jadlog,Entregue
1034,PED-74456,2024-12-01,2024-09-04,1161,Maria Laura Vasconcelos,rezendefernando@example.org,Borges de Castro,SC,Roupas,Aspernatur,LG,1,3108.39,287.67,0,74.88,Aplicativo,Débito,1,aprovado,Total Express,Em trânsito
1035,PED-48318,2024-06-02,2024-07-14,171,Rafael Monteiro,psantos@example.net,Aragão da Serra,TO,Roupas,Animi,Adidas,4,105.05,3124.11,10,119.0,App,Pix,1,Recusado,Total Express,Entregue
1036,PED-74174,2025-10-02,2024-03-02,653,Cauê Albuquerque,luna68@example.org,Rios do Amparo,PE,eletronicos,Vitae,Samsung,2,2466.78,957.74,10,40.5,App,Boleto,6,Aprovado,Jadlog,Atrasado
1037,PED-14112,2024-03-12,2024-07-18,268,Dra. Olivia Moraes,maria-julialeao@example.org,Sousa de Minas,AC,Beleza,Voluptatem,Samsung,5,116.28,1363.32,10,45.6,Site,Pix,6,Pendente,Jadlog,Em trânsito
1038,PED-77185,2025-11-22,2024-05-06,870,Gabrielly Rezende,raparecida@example.net,Pastor de Santos,BA,Casa,Aliquam,Genérica,3,506.57,1244.52,0,66.29,Aplicativo,Pix,1,Aprovado,Jadlog,Atrasado
1039,PED-21114,2024-09-23,2025-08-10,653,Sr. Gustavo Henrique Leão,antonionovaes@example.com,Araújo do Galho,AM,Beleza,Mollitia,Samsung,1,2847.11,2831.48,0,29.16,SITE,Pix,1,aprovado,Total Express,Entregue
1040,PED-21453,2024-02-19,2024-09-06,155,Sra. Stella da Costa,andradezoe@example.net,Rezende,PR,Eletrônicos,Provident,Genérica,1,2590.94,1226.92,20,8.45,app,Boleto,6,Recusado,Total Express,Entregue
1041,PED-90290,2025-08-09,2025-06-08,250,Laís Garcia,vitoriafogaca@example.com,Moura,SE,Eletrônicos,Quae,Genérica,2,738.35,2623.92,0,22.27,Site,Crédito,2,aprovado,Correios,Entregue
1042,PED-20408,2025-07-20,2024-02-24,793,Dr. Guilherme Rodrigues,maysaalves@example.com,Freitas,MA,Roupas,Similique,Genérica,5,714.6,2870.55,30,118.55,app,Débito,2,Recusado,Total Express,Atrasado
1043,PED-87569,2024-11-14,2024-11-24,126,Nina Rodrigues,juancasa-grande@example.org,Sampaio,PB,Casa,Qui,Apple,5,71.78,656.69,0,31.59,app,Débito,6,Aprovado,Total Express,Entregue
1044,PED-34667,2024-03-13,2024-12-16,384,Ana Sophia Leão,talves@example.com,Silva de Vieira,PI,Roupas,In,Apple,2,1411.6,2934.34,0,72.19,app,Pix,1,Pendente,Jadlog,Em trânsito
1045,PED-41558,2025-07-13,2025-08-23,1087,Ana Júlia Nascimento,leonardo08@example.net,Ribeiro,AM,Eletrônicos,Totam,Genérica,3,1021.0,606.36,0,7.53,App,Crédito,3,Pendente,Correios,Atrasado
1046,PED-68449,2024-11-19,2024-04-05,25,Liam Cavalcanti,silvahenry@example.net,Novais,BA,Eletrônicos,Occaecati,LG,5,2711.28,3204.94,30,81.73,Site,Pix,6,Recusado,Jadlog,Em trânsito
1047,PED-72973,2025-03-12,2024-03-19,759,Srta. Maria Flor Jesus,sousabenicio@example.net,Moreira,DF,Casa,Perferendis,LG,4,1131.49,3496.89,0,27.37,SITE,Crédito,6,Recusado,Jadlog,Em trânsito
1048,PED-70508,2025-04-02,2025-10-02,665,José Miguel Cunha,da-conceicaodavi@example.net,Freitas,RJ,Casa,Maxime,Nike,4,1610.01,540.19,10,50.35,Site,Débito,12,Recusado,Jadlog,Atrasado
1049,PED-29580,2026-01-24,2024-10-28,819,Thales Vieira,bmarques@example.net,Melo da Praia,PR,Roupas,Dignissimos,Samsung,4,2780.24,2333.11,0,18.12,SITE,Débito,1,Aprovado,Jadlog,Em trânsito
1050,PED-29647,2024-05-07,2025-12-31,555,Maria Liz Martins,das-nevesmarcos-vinicius@example.org,Silveira do Galho,MT,Roupas,Officiis,Apple,1,1765.76,596.19,20,33.32,SITE,Boleto,3,Pendente,Jadlog,Em trânsito
1051,PED-30948,2025-12-01,2024-05-03,999,João Miguel Duarte,vicentevasconcelos@example.net,Borges Grande,TO,Eletrônicos,Odit,LG,1,280.83,1165.32,10,72.94,SITE,Débito,3,Pendente,Correios,Em trânsito
1052,PED-74291,2024-03-25,2024-11-10,27,Francisco Cassiano,isabella41@example.org,Rezende,RJ,Roupas,Quae,Genérica,2,1218.1,1121.61,20,51.48,Site,Débito,3,Recusado,Jadlog,Atrasado
1053,PED-58936,2025-12-16,2024-04-09,263,Guilherme Leão,tribeiro@example.org,Correia do Sul,RN,Roupas,Sequi,Adidas,4,267.78,1592.42,10,29.53,App,Débito,12,Recusado,Total Express,Em trânsito
1054,PED-46769,2024-09-25,2025-10-25,1137,Isaque da Paz,sophiemachado@example.org,da Rocha da Serra,AM,Roupas,Nulla,Adidas,3,2459.24,3161.4,0,93.79,app,Débito,6,aprovado,Correios,Em trânsito
1055,PED-83832,2025-04-12,2025-04-08,963,Dr. Davi Lucas Farias,fcorreia@example.com,Sampaio,DF,Eletrônicos,Odio,LG,5,3088.51,1375.29,0,74.83,Site,Boleto,2,Recusado,Correios,Em trânsito
1056,PED-61062,2025-03-04,2025-07-26,396,Gustavo Henrique Castro,jesushenry@example.net,Jesus dos Dourados,ES,Roupas,Voluptates,Genérica,2,1305.05,2733.27,10,29.59,Site,Pix,1,Pendente,Total Express,Entregue
1057,PED-45750,2024-07-01,2024-05-31,656,José Pedro Ribeiro,antonyabreu@example.com,Pinto,SE,Casa,Quae,LG,5,3097.09,740.2,30,22.58,app,Crédito,1,Aprovado,Total Express,Entregue
1058,PED-78616,2025-09-10,2025-05-15,1033,Laís Correia,tda-conceicao@example.org,Sales,PB,Roupas,Delectus,Apple,4,1509.32,2874.12,0,35.78,SITE,Débito,1,Aprovado,Correios,Atrasado
1059,PED-94408,2024-07-17,2024-08-06,864,Rhavi Pastor,beniciopereira@example.net,Duarte,AL,Eletrônicos,Iste,LG,4,2726.5,3475.78,10,75.11,app,Débito,3,Pendente,Jadlog,Entregue
1060,PED-45855,2025-06-07,2024-10-28,934,Davi Lucas Sousa,ecosta@example.net,Costa Paulista,ES,Roupas,Voluptas,Apple,5,1614.0,612.01,0,38.74,Site,Crédito,1,Recusado,Total Express,Em trânsito
1061,PED-58342,2024-03-14,2025-03-09,291,Daniela da Mota,igor81@example.org,da Mota de Pires,MS,Roupas,Dolorem,Genérica,4,1947.94,2219.67,30,38.87,SITE,Pix,3,Aprovado,Total Express,Em trânsito
1062,PED-52469,2025-03-26,2024-07-05,1159,Theodoro Rios,enogueira@example.net,Camargo,PR,Beleza,Distinctio,Samsung,5,242.71,2524.58,0,59.6,Site,Débito,1,Aprovado,Total Express,Entregue
1063,PED-40803,2025-01-21,2025-03-08,189,João Miguel Camargo,joanagoncalves@example.org,Porto,AM,Roupas,Quam,LG,3,330.0,1235.33,0,59.09,app,Crédito,3,Pendente,Total Express,Em trânsito
1064,PED-30314,2025-08-14,2025-03-22,1123,Sr. Luiz Felipe Nascimento,carolinejesus@example.com,Gomes das Pedras,DF,Eletrônicos,Repellat,Apple,4,598.76,2681.54,0,27.29,Site,Crédito,1,aprovado,Jadlog,Entregue
1065,PED-15528,2025-03-26,2025-12-27,449,Liam da Paz,mathiasribeiro@example.com,Teixeira,SP,eletronicos,Doloremque,Apple,2,1777.01,1164.18,30,80.43,Site,Pix,2,Aprovado,Total Express,Atrasado
1066,PED-64386,2025-04-18,2024-10-30,1127,Dr. Nathan Novais,da-conceicaoarthur@example.org,Carvalho Alegre,CE,Eletrônicos,Repellendus,Samsung,2,2084.36,770.49,20,58.98,App,Crédito,3,Recusado,Total Express,Entregue
1067,PED-62059,2024-06-28,2025-07-12,436,Sr. João Gabriel Câmara,eloabarbosa@example.com,Lopes de Minas,RR,eletronicos,Quam,Adidas,1,3207.44,2617.68,0,31.88,App,Boleto,1,aprovado,Total Express,Em trânsito
1068,PED-53841,2024-11-30,2025-05-24,401,Gustavo da Cunha,maria-juliarezende@example.net,Pinto de Montenegro,GO,Roupas,Tempore,LG,4,461.13,1034.57,0,53.47,app,Boleto,1,aprovado,Correios,Entregue
1069,PED-60784,2025-01-22,2024-07-18,219,Guilherme Sousa,ypinto@example.com,Pereira,RR,eletronicos,Odit,Apple,5,2588.17,1080.2,30,80.9,app,Pix,1,Pendente,Correios,Atrasado
1070,PED-92066,2024-08-10,2024-02-23,471,João Pedro Jesus,catarina91@example.com,Azevedo da Mata,PA,Beleza,Recusandae,LG,2,1813.29,1119.16,0,99.55,App,Débito,2,Pendente,Total Express,Em trânsito
1071,PED-70015,2024-07-15,2026-01-04,801,Caleb Farias,qsampaio@example.org,Sousa,PB,Beleza,Maxime,Apple,4,1706.61,2108.75,30,102.88,SITE,Crédito,3,Aprovado,Correios,Entregue
1072,PED-91169,2025-06-26,2025-07-16,103,Otto Cassiano,mendoncamaria-julia@example.org,Sales,MT,Eletrônicos,Nobis,LG,1,1096.89,1365.9,20,115.35,Site,Crédito,1,aprovado,Total Express,Entregue
1073,PED-65465,2025-05-20,2025-11-26,764,Hellena Pereira,unascimento@example.org,Moraes do Campo,AP,Eletrônicos,Qui,LG,4,2305.01,1076.27,0,107.82,App,Débito,1,Pendente,Correios,Entregue
1074,PED-93454,2025-11-04,2024-06-20,63,Thales Costa,felipe51@example.net,Carvalho,AL,Casa,Animi,Apple,1,438.42,2550.59,10,104.38,app,Pix,1,Aprovado,Total Express,Atrasado
1075,PED-72878,2025-05-15,2024-07-14,130,Srta. Elisa Viana,pereiragustavo-henrique@example.org,Fonseca,MS,eletronicos,Voluptates,Apple,1,1421.51,1352.12,0,59.69,Aplicativo,Boleto,1,Aprovado,Total Express,Entregue
1076,PED-96063,2025-01-07,2025-08-06,130,Sr. Theodoro Fogaça,msampaio@example.org,Pacheco,PB,Roupas,Quod,Genérica,3,2530.1,749.31,0,2.93,App,Débito,1,Pendente,Correios,Atrasado
1077,PED-15783,2025-02-06,2024-07-03,1154,Dra. Jade Santos,cauapacheco@example.net,da Cruz do Amparo,SE,Casa,Iste,Adidas,4,2782.28,2518.71,30,5.68,App,Crédito,3,Recusado,Jadlog,Em trânsito
1078,PED-81380,2024-10-21,2025-10-19,336,Melissa Sá,emanuelnunes@example.net,Farias Alegre,AL,Roupas,Corrupti,Genérica,3,2555.39,1915.65,0,88.22,App,Boleto,1,Pendente,Jadlog,Em trânsito
1079,PED-55539,2024-07-28,2024-11-06,599,Sara Aragão,haragao@example.org,Cassiano do Sul,SC,eletronicos,Cumque,Genérica,4,2381.2,1457.0,10,10.37,App,Débito,1,Recusado,Total Express,Em trânsito
1080,PED-69083,2026-01-12,2024-10-30,1105,Davi Luiz Macedo,costastella@example.net,Duarte,MS,eletronicos,Quam,Samsung,3,1796.92,3016.0,30,17.41,App,Débito,12,aprovado,Correios,Atrasado
1081,PED-61950,2025-11-08,2025-12-05,168,Pietro Aparecida,valentinaporto@example.net,Garcia da Prata,BA,Casa,Nesciunt,Samsung,5,1926.79,1842.51,20,0.48,app,Débito,6,aprovado,Total Express,Atrasado
1082,PED-53895,2024-04-19,2024-12-03,1002,Sophie Alves,amandacirino@example.net,Rezende,AC,Eletrônicos,Quae,LG,3,1942.15,1412.61,30,98.32,SITE,Pix,6,Pendente,Total Express,Entregue
1083,PED-39597,2025-12-14,2025-02-10,930,Raul Vasconcelos,vitor-hugoda-cruz@example.net,Costela de Silva,ES,eletronicos,Aliquid,Genérica,2,2520.9,3131.48,20,95.99,Aplicativo,Débito,1,Recusado,Correios,Em trânsito
1084,PED-49696,2024-06-22,2025-04-16,429,Sr. Daniel Camargo,luiz-otaviomelo@example.net,da Paz das Pedras,MS,Beleza,Nihil,Genérica,1,3332.85,708.97,0,3.73,Site,Débito,1,Aprovado,Correios,Em trânsito
1085,PED-69323,2024-02-05,2024-08-16,244,Felipe da Conceição,leonardogoncalves@example.com,Siqueira do Oeste,AC,Casa,Voluptates,LG,4,86.46,2111.58,0,46.53,SITE,Pix,2,Pendente,Total Express,Atrasado
1086,PED-87769,2024-09-17,2025-03-31,86,Gustavo Cavalcanti,rmachado@example.com,Nascimento de Barbosa,RN,Casa,Quidem,Samsung,4,1152.73,157.09,30,56.83,Aplicativo,Crédito,2,Recusado,Total Express,Em trânsito
1087,PED-13581,2024-03-06,2024-08-14,779,Laura Leão,ana-julia20@example.org,Teixeira,MS,Eletrônicos,Possimus,Nike,1,1688.31,1925.89,0,29.45,Site,Boleto,2,Recusado,Correios,Atrasado
1088,PED-71509,2025-09-12,2024-05-14,71,Maria Vitória Camargo,sabreu@example.net,Ramos,ES,Roupas,Cum,LG,5,2731.22,2998.52,0,73.65,Site,Crédito,6,aprovado,Total Express,Atrasado
1089,PED-13700,2025-05-02,2024-03-02,1037,Mateus Fogaça,joao-guilherme83@example.org,Jesus,MA,Casa,Corporis,Samsung,5,675.25,997.86,20,46.58,app,Crédito,1,Aprovado,Total Express,Atrasado
1090,PED-74369,2024-12-28,2025-06-23,357,Sr. Leandro da Cunha,jmonteiro@example.org,Araújo Paulista,BA,Casa,Nisi,LG,2,187.37,2123.87,10,13.16,SITE,Crédito,1,Pendente,Jadlog,Entregue
1091,PED-10746,2024-12-30,2025-07-25,794,Sofia Rodrigues,eloah79@example.net,Cirino das Flores,SP,eletronicos,Sed,Nike,1,1092.85,820.81,30,70.03,Aplicativo,Débito,6,Pendente,Total Express,Entregue
1092,PED-23308,2024-12-31,2025-05-12,337,Dr. Luigi Cassiano,pietro36@example.org,Cunha das Pedras,PE,eletronicos,Esse,Apple,5,1991.56,1561.44,0,95.32,Aplicativo,Crédito,6,Recusado,Total Express,Atrasado
1093,PED-23936,2024-08-24,2024-03-20,858,Sarah Lima,sampaiomaria-cecilia@example.com,Moura,AL,Casa,Eos,Samsung,3,1555.2,2472.06,0,7.82,App,Pix,2,Pendente,Total Express,Entregue
1094,PED-28025,2025-08-11,2024-05-09,248,Ryan Casa Grande,noahcamara@example.org,Cirino,GO,Eletrônicos,Voluptatibus,Apple,1,2017.95,2343.01,10,79.18,app,Pix,3,Recusado,Jadlog,Entregue
1095,PED-96017,2026-01-25,2025-01-23,380,Gael Henrique Montenegro,leonardodas-neves@example.org,Campos,SC,Beleza,Aliquam,Nike,1,1980.85,851.26,0,36.04,Aplicativo,Crédito,1,Aprovado,Total Express,Entregue
1096,PED-24778,2025-07-18,2025-05-19,1075,Arthur Gabriel Camargo,castroemilly@example.net,Novais,GO,Roupas,Eius,Adidas,5,80.56,3087.33,0,38.34,SITE,Boleto,12,aprovado,Correios,Atrasado
1097,PED-72227,2025-03-14,2025-01-03,980,Ryan Viana,catarina45@example.net,Farias,PE,Casa,Cum,Apple,1,644.84,1957.96,30,64.97,Site,Débito,6,aprovado,Total Express,Entregue
1098,PED-18912,2024-08-31,2025-01-11,979,Samuel Garcia,bruna92@example.com,da Costa,RJ,Beleza,Neque,Samsung,5,618.33,2212.95,10,100.77,App,Débito,12,Recusado,Jadlog,Entregue
1099,PED-66606,2024-03-05,2024-11-15,88,Davi Lucas Ferreira,bernardo60@example.net,Castro Grande,PR,Roupas,Sed,Nike,1,714.49,2556.41,0,46.89,app,Débito,6,aprovado,Jadlog,Atrasado
1100,PED-76787,2024-09-24,2024-08-21,833,Alice da Cruz,dsilva@example.org,Araújo,RR,eletronicos,Modi,Apple,5,1848.34,1765.11,0,51.93,Site,Boleto,1,Aprovado,Total Express,Entregue
1101,PED-94069,2025-10-16,2024-02-22,82,Sra. Hadassa da Paz,domporto@example.org,Fernandes,DF,Roupas,Facilis,LG,4,1018.88,2293.08,0,36.42,app,Pix,1,Pendente,Total Express,Em trânsito
1102,PED-60606,2024-04-25,2025-08-05,1148,Mariana Brito,vieiraemanuelly@example.org,Caldeira,PB,Beleza,Facilis,Adidas,5,523.57,1212.91,30,58.76,App,Crédito,1,Recusado,Jadlog,Em trânsito
1103,PED-87913,2024-10-05,2025-01-25,1052,Helena Casa Grande,montenegroluiz-miguel@example.net,Abreu Alegre,ES,eletronicos,Consequuntur,LG,3,3179.9,2002.75,0,116.68,SITE,Pix,3,Pendente,Jadlog,Em trânsito
1104,PED-88349,2025-08-09,2025-03-10,869,Maria Laura Cirino,rebeca20@example.net,Teixeira,CE,eletronicos,Alias,Adidas,2,2817.74,2424.75,0,82.45,App,Pix,1,Pendente,Total Express,Atrasado
1105,PED-32729,2025-03-07,2025-05-11,241,Luna Castro,mendoncapaulo@example.com,Santos Grande,SE,Roupas,Possimus,Genérica,2,759.78,2775.31,0,21.97,Aplicativo,Pix,1,Pendente,Jadlog,Atrasado
1106,PED-45486,2024-12-28,2025-08-05,1164,Carolina Carvalho,mgoncalves@example.net,Silveira de Caldeira,MS,Casa,Dolorum,Adidas,3,554.87,2140.64,0,14.93,Aplicativo,Boleto,1,Aprovado,Correios,Em trânsito
1107,PED-74887,2025-07-11,2024-12-13,932,Sarah Nogueira,lferreira@example.org,Lima,BA,Beleza,Commodi,Adidas,3,1813.36,1500.7,0,6.12,Aplicativo,Boleto,3,Aprovado,Jadlog,Em trânsito
1108,PED-60709,2025-07-31,2025-06-04,642,Bianca Lopes,ydias@example.org,Vieira,RN,Eletrônicos,Magni,Apple,2,474.06,2672.43,0,4.92,Site,Pix,1,Recusado,Correios,Entregue
1109,PED-65478,2025-08-12,2024-06-12,420,Dr. Diogo Viana,samuel85@example.org,Borges do Norte,AM,Eletrônicos,Quaerat,Genérica,5,256.59,434.44,20,86.35,App,Boleto,1,aprovado,Correios,Atrasado
1110,PED-89123,2024-07-13,2025-07-31,1169,Luiz Henrique Rodrigues,leticiafarias@example.net,da Costa do Campo,SP,Roupas,Voluptatum,Adidas,3,2950.65,573.37,20,70.09,SITE,Débito,12,Pendente,Correios,Atrasado
1111,PED-90779,2025-04-30,2024-08-24,36,Josué Costela,amanda48@example.org,Andrade Paulista,PB,eletronicos,Id,Samsung,5,2604.57,3426.42,0,97.15,Site,Crédito,1,Pendente,Correios,Entregue
1112,PED-70228,2025-11-30,2025-03-21,340,Isaac Sá,maria-sophia11@example.org,Casa Grande,BA,eletronicos,Hic,Apple,3,420.48,873.76,0,52.22,app,Boleto,2,aprovado,Correios,Entregue
1113,PED-20747,2025-01-16,2025-08-05,837,Dra. Ana Lívia Moreira,cpastor@example.net,Rocha de Nascimento,AP,Casa,Suscipit,Nike,2,2600.12,1376.44,20,90.08,Site,Pix,1,Pendente,Jadlog,Atrasado
1114,PED-54864,2025-09-18,2025-06-12,660,Ana Carolina Garcia,otaviooliveira@example.com,Pastor das Flores,MT,Eletrônicos,Cupiditate,Nike,5,2173.95,2941.86,20,24.66,SITE,Crédito,3,Pendente,Correios,Em trânsito
1115,PED-37149,2025-01-03,2025-06-07,447,Ana Beatriz Gomes,jose-pedrojesus@example.org,da Mota,SE,Roupas,Nobis,LG,4,995.79,2516.52,0,45.53,Aplicativo,Crédito,6,aprovado,Total Express,Atrasado
1116,PED-18479,2024-06-24,2026-01-15,927,Nathan Mendes,leonardo42@example.com,Câmara,PB,Eletrônicos,Temporibus,Nike,5,1240.89,1364.35,10,52.36,Aplicativo,Boleto,1,Pendente,Jadlog,Em trânsito
1117,PED-39957,2024-05-20,2025-03-24,552,João Felipe Vasconcelos,garciajoaquim@example.net,Pastor Paulista,AP,Roupas,Totam,LG,4,595.44,806.02,20,77.4,app,Débito,12,Aprovado,Jadlog,Em trânsito
1118,PED-16288,2025-06-28,2025-04-01,469,Pietro Mendonça,maria-liz46@example.net,Mendes,DF,Eletrônicos,Necessitatibus,Genérica,2,368.7,2448.83,0,30.05,app,Pix,2,aprovado,Jadlog,Entregue
1119,PED-67133,2025-12-16,2025-01-01,571,Juan Brito,luiz-felipecavalcante@example.org,Ribeiro Alegre,MT,eletronicos,Voluptas,Apple,4,1125.01,1845.75,0,104.62,app,Crédito,3,aprovado,Jadlog,Atrasado
1120,PED-71636,2024-09-23,2024-05-07,867,Dra. Vitória Gonçalves,da-cruzluan@example.net,Teixeira Grande,PA,eletronicos,Maiores,Apple,1,2836.66,724.08,30,9.25,Site,Pix,12,aprovado,Total Express,Entregue
1121,PED-70625,2024-06-03,2025-01-05,1134,Levi Freitas,maria-luisa28@example.net,Silva Grande,SP,Roupas,Labore,Genérica,2,576.88,3265.92,0,94.43,App,Débito,12,Recusado,Total Express,Entregue
1122,PED-75655,2024-07-22,2025-05-22,1034,Sr. Cauê Pastor,nogueiraana-luiza@example.net,Aparecida,MG,Eletrônicos,Illo,Nike,2,626.15,1668.28,0,29.03,app,Pix,3,Recusado,Jadlog,Entregue
1123,PED-69630,2024-08-29,2025-10-06,359,Maria Júlia Oliveira,cavalcanteluisa@example.net,Nunes do Campo,DF,Eletrônicos,Eius,Genérica,2,609.2,2140.74,0,8.05,Aplicativo,Débito,1,Recusado,Jadlog,Atrasado
1124,PED-74219,2025-10-29,2024-03-13,809,Valentina Farias,rochacaleb@example.net,Costa do Campo,RJ,Beleza,Itaque,Adidas,4,3116.33,1659.84,30,113.19,App,Boleto,12,Recusado,Total Express,Em trânsito
1125,PED-31875,2025-01-11,2024-03-20,1031,Stella Ferreira,souzaeduardo@example.net,Pires das Flores,DF,Casa,Aliquam,Apple,1,763.78,2119.3,0,101.03,Site,Boleto,2,Pendente,Jadlog,Em trânsito
1126,PED-13129,2025-10-23,2025-04-12,645,Ana Sophia Costa,luiz-henrique70@example.org,Ferreira,AP,Casa,At,Apple,1,793.72,2724.0,0,53.99,app,Débito,6,Recusado,Jadlog,Entregue
1127,PED-28653,2025-09-03,2024-07-01,34,Davi Lucas Rezende,pintoisis@example.org,Pereira,PR,eletronicos,Sit,Nike,3,1729.38,1658.9,10,44.59,SITE,Boleto,1,Pendente,Correios,Entregue
1128,PED-29075,2025-02-03,2025-09-17,208,Bento Farias,gmontenegro@example.org,Casa Grande,SP,Roupas,Minima,LG,1,1259.42,3187.4,30,104.65,Site,Pix,1,Pendente,Correios,Em trânsito
1129,PED-18880,2025-11-14,2025-08-03,722,Isabelly Dias,xporto@example.org,Mendes Paulista,AP,Roupas,Cum,Apple,3,3230.85,622.51,0,17.51,app,Pix,1,Aprovado,Total Express,Entregue
1130,PED-92663,2025-06-15,2024-02-28,1068,Maria Alice Machado,rodriguesdante@example.com,Pereira,SE,Roupas,Eveniet,Samsung,4,1441.77,2804.86,10,41.63,App,Pix,1,Aprovado,Total Express,Atrasado
1131,PED-26160,2024-05-27,2024-09-02,898,Henry Abreu,nda-conceicao@example.net,Aragão,RS,Casa,Reprehenderit,Nike,5,174.74,2738.61,30,89.87,app,Crédito,1,Pendente,Jadlog,Atrasado
1132,PED-67653,2024-07-06,2025-02-28,548,Dante Nascimento,benicio62@example.com,Brito,SE,eletronicos,Amet,Apple,2,371.5,1374.42,10,26.43,Site,Pix,1,aprovado,Correios,Em trânsito
1133,PED-84618,2024-04-26,2024-09-04,397,Sra. Brenda Jesus,kpeixoto@example.net,Alves,RR,Casa,Explicabo,Apple,4,1937.34,930.26,0,0.07,Site,Débito,12,Aprovado,Jadlog,Atrasado
1134,PED-73263,2024-05-05,2024-03-08,136,Isabelly Aparecida,nicole44@example.com,Lima,MA,eletronicos,Fugiat,Nike,2,3240.64,1752.51,0,80.33,App,Pix,12,Pendente,Jadlog,Atrasado
1135,PED-83212,2024-10-25,2024-04-01,1123,Yasmin da Conceição,castrogael-henrique@example.org,Martins do Sul,GO,Roupas,Adipisci,Genérica,3,1867.15,2353.74,30,70.77,App,Débito,1,Aprovado,Jadlog,Em trânsito
1136,PED-45676,2025-09-15,2024-08-24,673,Maria Júlia da Rosa,lavinia81@example.org,Abreu de da Rocha,SE,Beleza,Porro,LG,4,3406.03,3470.03,0,114.25,App,Pix,1,aprovado,Total Express,Entregue
1137,PED-38698,2025-09-06,2024-07-03,510,Diogo Almeida,freitaseloa@example.com,Guerra,SP,Casa,Dolorem,Apple,1,2455.97,1795.16,10,89.1,Aplicativo,Pix,1,Aprovado,Correios,Entregue
1138,PED-91665,2024-03-28,2025-04-21,986,Joaquim Camargo,tcosta@example.net,Sampaio,PA,Eletrônicos,Nesciunt,LG,1,1552.9,2861.96,0,49.71,Site,Pix,1,Aprovado,Jadlog,Entregue
1139,PED-73769,2024-05-05,2024-05-06,1008,Srta. Ana Liz Sales,oliviapinto@example.net,Oliveira das Flores,DF,Casa,Hic,Adidas,2,1448.35,2980.6,0,29.19,SITE,Pix,1,Recusado,Total Express,Em trânsito
1140,PED-20863,2025-03-18,2024-10-21,207,Beatriz Montenegro,zoerezende@example.net,Siqueira do Oeste,SE,Eletrônicos,Officia,Samsung,1,567.66,1528.47,0,112.12,SITE,Crédito,1,Pendente,Correios,Entregue
1141,PED-27495,2024-03-07,2024-09-04,597,Sra. Juliana Guerra,isabella63@example.com,da Cunha,RR,Roupas,Dignissimos,Genérica,3,2347.9,351.94,0,107.15,App,Crédito,1,Aprovado,Correios,Atrasado
1142,PED-10027,2025-04-03,2024-12-16,394,Murilo Jesus,rcassiano@example.com,Vasconcelos de da Rosa,ES,eletronicos,Quod,Nike,4,421.01,2097.13,20,100.42,Site,Pix,1,Aprovado,Jadlog,Atrasado
1143,PED-44076,2025-05-30,2025-12-04,323,João Vitor Rocha,agatharamos@example.net,Dias,ES,Beleza,Vitae,Samsung,4,2142.37,2427.16,0,47.21,App,Débito,6,Pendente,Jadlog,Em trânsito
1144,PED-76699,2024-06-18,2025-04-18,628,Stephany Cavalcanti,meloana-vitoria@example.net,Teixeira,AP,Roupas,Enim,Genérica,4,1492.0,3260.21,0,79.95,SITE,Débito,2,aprovado,Total Express,Entregue
1145,PED-14823,2024-03-25,2025-01-02,163,Dra. Heloisa Vieira,pastormaria-helena@example.com,Gomes Alegre,DF,Eletrônicos,Optio,Adidas,1,559.5,3493.88,0,17.92,Site,Pix,12,Recusado,Total Express,Em trânsito
1146,PED-85926,2025-09-21,2026-01-15,490,Paulo Caldeira,isadora53@example.net,Vieira,PE,Casa,Doloremque,Nike,4,473.03,2272.87,30,66.25,app,Pix,6,aprovado,Jadlog,Atrasado
1147,PED-14434,2024-11-08,2025-03-11,746,Daniel Viana,joao-miguel79@example.net,Azevedo dos Dourados,BA,eletronicos,Libero,Nike,2,1240.55,218.75,0,46.75,Aplicativo,Boleto,6,Pendente,Total Express,Em trânsito
1148,PED-68931,2025-11-12,2025-05-18,273,Gabriela Caldeira,kalves@example.net,Caldeira do Norte,DF,Roupas,Magnam,Genérica,4,2321.5,3355.32,20,104.18,SITE,Crédito,12,aprovado,Jadlog,Em trânsito
1149,PED-22218,2024-11-29,2025-08-18,998,Maria Cecília da Mota,sara62@example.org,Aparecida,RR,Roupas,Pariatur,Apple,1,3100.56,878.08,20,59.44,App,Débito,6,aprovado,Jadlog,Entregue
1150,PED-11209,2025-11-20,2026-01-30,739,Rael Silveira,araujobrayan@example.com,Lopes do Norte,SE,Roupas,Earum,Adidas,3,1213.27,410.86,20,24.21,SITE,Pix,6,Recusado,Total Express,Em trânsito
1151,PED-79302,2025-04-10,2024-12-04,403,Lavínia Montenegro,melinasales@example.org,Fonseca,SP,Casa,Quo,Genérica,1,1619.59,2530.92,20,34.82,Aplicativo,Crédito,1,Recusado,Correios,Em trânsito
1152,PED-87243,2025-05-08,2024-07-21,129,Vitória Camargo,hda-conceicao@example.net,da Mata do Norte,MS,Casa,Cupiditate,Nike,4,3203.66,2150.22,0,110.77,app,Débito,2,Recusado,Jadlog,Atrasado
1153,PED-15073,2024-04-07,2025-08-03,470,Dra. Luana Moura,aparecidamateus@example.org,da Rosa,MA,Beleza,Sint,LG,4,965.51,1881.06,0,26.62,Aplicativo,Débito,2,Aprovado,Jadlog,Entregue
1154,PED-19975,2025-11-01,2024-06-19,561,Allana Casa Grande,guilhermeda-mota@example.net,Aragão Alegre,AL,Beleza,Optio,Adidas,4,106.38,3046.48,30,95.36,App,Crédito,2,aprovado,Total Express,Atrasado
1155,PED-82398,2024-06-22,2024-10-28,589,Calebe Farias,julianovaes@example.org,Garcia,PB,Eletrônicos,Tempore,Apple,4,1984.6,1183.63,20,78.73,Site,Boleto,1,Recusado,Total Express,Entregue
1156,PED-72896,2025-09-13,2024-02-15,43,Cecília da Conceição,leandro92@example.org,Montenegro,ES,Eletrônicos,Aliquam,Apple,3,633.13,1058.49,0,49.87,Aplicativo,Débito,6,aprovado,Jadlog,Entregue
1157,PED-47850,2025-08-14,2024-10-14,634,Eloá Gonçalves,nandrade@example.net,Peixoto,AC,Beleza,Labore,Genérica,5,2254.63,312.98,0,104.79,Site,Débito,1,Recusado,Correios,Entregue
1158,PED-69151,2025-06-02,2024-10-06,692,João Vitor Costela,costaallana@example.org,Vargas da Mata,AP,Eletrônicos,Laborum,Adidas,5,1655.28,471.24,30,73.72,Site,Pix,12,Aprovado,Jadlog,Entregue
1159,PED-60840,2025-11-13,2025-12-08,388,Gabriela Carvalho,jesusleo@example.net,Lopes de Cirino,PE,Beleza,Doloremque,LG,1,3192.67,2190.18,0,119.05,SITE,Débito,1,aprovado,Total Express,Atrasado
1160,PED-80098,2024-04-08,2024-03-29,398,Joaquim Araújo,dantesilva@example.net,Ramos,RN,Casa,Quas,Genérica,3,152.77,2994.6,10,12.43,app,Boleto,1,aprovado,Correios,Atrasado
1161,PED-93556,2026-01-05,2025-06-07,991,Antonella Jesus,ubarbosa@example.net,Novaes,PA,Beleza,Eveniet,Genérica,1,3417.67,2619.05,30,112.06,Aplicativo,Boleto,2,Recusado,Total Express,Em trânsito
1162,PED-36098,2025-08-05,2024-03-12,86,Rafaela Alves,hmarques@example.com,Brito,MT,Eletrônicos,Doloribus,Nike,2,62.84,1276.2,30,112.07,App,Boleto,6,Aprovado,Jadlog,Em trânsito
1163,PED-21170,2025-07-29,2025-10-14,275,Maria Fernanda Vargas,zaparecida@example.com,Azevedo,PE,Eletrônicos,Magni,Adidas,5,1986.87,451.9,0,56.81,app,Pix,1,Aprovado,Total Express,Em trânsito
1164,PED-42248,2025-05-25,2025-03-03,640,Sarah Almeida,lucas88@example.com,da Paz,TO,Beleza,Unde,Nike,3,184.34,417.68,0,79.78,SITE,Pix,12,Pendente,Correios,Em trânsito
1165,PED-54556,2025-12-14,2024-11-20,844,Lorenzo Correia,ppires@example.com,Câmara do Sul,BA,Eletrônicos,Illo,Adidas,3,309.14,1113.93,0,48.82,Site,Pix,1,aprovado,Total Express,Entregue
1166,PED-28012,2024-07-04,2024-11-18,1076,Jade Freitas,avasconcelos@example.net,Moreira,AM,Beleza,Error,Adidas,1,1300.74,378.29,0,92.16,App,Crédito,1,aprovado,Total Express,Entregue
1167,PED-40345,2025-07-05,2025-07-26,101,Bruno Mendonça,dramos@example.net,Brito dos Dourados,PI,Roupas,Ipsam,LG,5,2654.2,3199.76,0,97.39,app,Pix,3,Recusado,Correios,Em trânsito
1168,PED-15339,2025-09-05,2025-03-13,639,Ana Julia Costela,salmeida@example.com,da Cruz,MG,Casa,Aut,Samsung,3,978.22,229.58,0,11.32,app,Crédito,1,Pendente,Correios,Em trânsito
1169,PED-57333,2025-08-24,2025-10-12,832,Luara Nascimento,maria-luiza53@example.net,Ramos de Almeida,PI,Beleza,Delectus,Samsung,3,597.88,3291.82,0,9.84,SITE,Débito,6,Aprovado,Total Express,Entregue
1170,PED-71645,2025-02-25,2025-02-11,448,Rafael Brito,olivia15@example.com,Almeida,SC,eletronicos,Enim,Apple,5,873.12,1457.29,30,62.76,App,Débito,2,aprovado,Correios,Em trânsito
1171,PED-37657,2025-04-01,2025-02-13,796,Olívia Rodrigues,arthurda-cunha@example.org,Barros do Sul,MS,eletronicos,Quaerat,Adidas,3,1237.72,1445.6,20,49.39,app,Pix,1,aprovado,Total Express,Entregue
1172,PED-65079,2024-04-12,2025-10-31,523,Ian Nunes,spinto@example.org,Rios,RN,Beleza,Minus,Nike,1,3423.46,1449.13,0,89.61,SITE,Débito,12,Aprovado,Total Express,Entregue
1173,PED-27360,2025-07-18,2025-11-17,83,Maria Luísa Almeida,rochaluigi@example.org,Costa,AL,eletronicos,Deleniti,Apple,1,2572.82,2410.04,0,115.83,App,Crédito,3,Aprovado,Total Express,Entregue
1174,PED-24519,2025-09-11,2024-12-30,29,Oliver Sales,pietra48@example.net,Lima,RR,Casa,Est,Samsung,3,761.85,548.12,30,77.76,Site,Pix,1,Pendente,Jadlog,Atrasado
1175,PED-78008,2024-03-03,2024-02-21,564,Elisa Brito,kaique53@example.net,Peixoto,RR,Casa,Magni,Genérica,2,3009.26,553.41,10,42.38,SITE,Boleto,2,Recusado,Jadlog,Entregue
1176,PED-43044,2024-05-25,2024-09-15,7,Davi Lucca Lopes,vieiraluiz-felipe@example.net,Mendonça,RS,Casa,Porro,Nike,2,261.85,3116.83,0,89.8,app,Pix,1,Pendente,Correios,Em trânsito
1177,PED-28441,2024-12-28,2026-01-04,581,Sabrina Pacheco,da-motadanilo@example.com,Sampaio dos Dourados,MS,Roupas,Dolorum,Apple,4,2703.23,1682.66,20,7.84,Aplicativo,Pix,1,aprovado,Jadlog,Entregue
1178,PED-46125,2025-02-07,2025-01-28,977,Isabella Viana,pedro-henrique33@example.org,Novais da Praia,RO,Casa,Eaque,LG,2,1707.21,1561.55,0,2.06,SITE,Boleto,2,aprovado,Total Express,Atrasado
1179,PED-94133,2024-09-16,2024-08-22,297,Yuri Sá,kmoreira@example.com,Freitas de da Luz,TO,Eletrônicos,Tenetur,LG,3,1851.0,2430.18,0,103.44,app,Pix,6,Pendente,Correios,Entregue
1180,PED-84338,2025-05-28,2024-08-09,220,Dr. Arthur Gabriel Dias,fariasmateus@example.org,Ramos,MG,eletronicos,Eius,LG,3,2843.5,2664.19,30,111.76,app,Débito,6,Pendente,Total Express,Entregue
1181,PED-29542,2025-11-12,2025-12-27,41,Eloah Novaes,otavio38@example.net,da Rocha,MT,Roupas,Tempore,Genérica,5,1498.06,1227.47,10,23.21,Site,Pix,6,Pendente,Jadlog,Atrasado
1182,PED-45643,2025-03-10,2024-11-08,409,Stephany Pimenta,jose-pedrocardoso@example.org,Montenegro da Praia,AP,Casa,Laudantium,Genérica,5,1999.99,1281.26,10,56.62,SITE,Débito,1,Aprovado,Jadlog,Em trânsito
1183,PED-71785,2025-12-17,2024-09-30,494,Rebeca da Costa,rezenderebeca@example.com,Nogueira de Silveira,RO,Beleza,Enim,LG,4,835.14,3353.38,0,82.77,Site,Débito,1,Pendente,Correios,Entregue
1184,PED-71221,2026-01-08,2024-04-09,845,Melissa Souza,eduarda81@example.com,Cirino,RN,Beleza,Quo,Genérica,1,404.02,3464.72,20,52.95,SITE,Débito,6,aprovado,Correios,Em trânsito
1185,PED-22695,2025-02-28,2025-07-06,75,Otto Andrade,da-conceicaobenjamin@example.org,da Mota Paulista,MT,Roupas,Praesentium,Samsung,5,1461.53,3470.04,30,70.64,Aplicativo,Débito,1,Recusado,Correios,Atrasado
1186,PED-25568,2025-12-25,2024-11-02,192,Eloá Caldeira,enzo-gabrielpinto@example.org,Fernandes das Flores,GO,Roupas,Amet,Adidas,5,2625.14,3287.04,0,5.3,App,Débito,6,Aprovado,Jadlog,Entregue
1187,PED-63976,2025-03-28,2024-03-31,678,Camila das Neves,umacedo@example.com,Aragão,RJ,Eletrônicos,Blanditiis,Samsung,5,2060.93,3240.6,0,0.01,App,Pix,12,Pendente,Total Express,Atrasado
1188,PED-31534,2024-04-06,2024-12-03,56,Breno Pereira,qnunes@example.org,Castro,SE,Eletrônicos,Quibusdam,Genérica,5,123.7,999.64,0,98.68,SITE,Crédito,6,aprovado,Correios,Entregue
1189,PED-35905,2025-02-10,2026-01-29,272,José Brito,ana-ceciliaaraujo@example.com,Santos,MS,Roupas,Adipisci,Nike,1,2332.73,828.41,0,3.78,SITE,Pix,6,Recusado,Total Express,Em trânsito
1190,PED-30175,2024-02-25,2025-06-12,130,Mariana Sales,leonardoteixeira@example.org,da Mota,PI,eletronicos,Maiores,Nike,4,76.3,1342.15,20,21.01,Aplicativo,Crédito,1,aprovado,Correios,Entregue
1191,PED-30150,2025-07-16,2025-01-30,851,Maria Laura da Paz,anna-liz58@example.net,Correia,AL,Eletrônicos,Maxime,Nike,2,2463.92,623.35,30,62.43,app,Pix,2,aprovado,Total Express,Atrasado
1192,PED-96575,2024-11-30,2025-12-07,1162,Fernando Barros,icostela@example.com,Lopes,ES,eletronicos,Iste,Nike,4,643.87,2936.58,10,33.5,App,Débito,6,Aprovado,Correios,Em trânsito
1193,PED-48736,2024-02-28,2024-07-11,770,Dr. Noah Cavalcanti,joao-felipelopes@example.com,Siqueira de Santos,GO,Beleza,Non,Nike,1,3067.8,447.95,30,15.21,Site,Débito,6,Aprovado,Total Express,Em trânsito
1194,PED-61721,2026-01-28,2024-02-13,1190,Dra. Emilly Machado,melinagomes@example.net,Peixoto do Amparo,BA,eletronicos,Dolor,Samsung,5,670.28,3071.51,0,28.86,Site,Crédito,1,Aprovado,Jadlog,Atrasado
1195,PED-80459,2025-05-05,2025-08-19,192,Mateus da Cunha,enzo77@example.net,Farias,AM,Roupas,Praesentium,LG,3,1943.73,2906.98,0,51.33,SITE,Débito,12,aprovado,Total Express,Atrasado
1196,PED-21715,2025-01-04,2025-11-14,1061,Sr. Vitor Hugo Cunha,alexandrecirino@example.net,Alves das Flores,RN,eletronicos,Iste,Adidas,4,296.45,2537.17,20,9.62,App,Boleto,1,Recusado,Jadlog,Entregue
1197,PED-14339,2024-04-24,2024-07-02,24,Srta. Alice Souza,paulofonseca@example.net,Porto,PA,Eletrônicos,Eius,Genérica,1,3026.96,2544.66,0,38.7,app,Crédito,1,aprovado,Jadlog,Entregue
1198,PED-67537,2025-09-10,2024-11-18,1104,Sophie Cirino,icastro@example.com,Viana da Mata,RS,Roupas,Excepturi,Samsung,5,139.15,566.72,0,37.54,Site,Pix,12,Recusado,Jadlog,Entregue
1199,PED-21146,2024-07-22,2025-01-28,1118,Allana Pimenta,fduarte@example.org,Pimenta,RR,eletronicos,Tempore,Adidas,5,1913.05,1040.78,20,109.23,Site,Débito,1,Recusado,Total Express,Atrasado
1200,PED-15565,2025-12-31,2024-12-07,644,Dr. Luiz Gustavo Viana,zsouza@example.net,Cavalcanti,SP,Casa,Tempore,Nike,1,1799.65,1662.23,0,71.91,Site,Pix,1,Pendente,Jadlog,Atrasado
1201,PED-54759,2024-08-22,2024-10-16,182,Marina Gonçalves,albuquerquemaria-luiza@example.org,Montenegro,RJ,Roupas,Unde,Genérica,5,999.02,567.36,10,67.56,SITE,Boleto,1,Recusado,Total Express,Entregue
1202,PED-52158,2024-04-16,2025-03-13,757,Mariana Alves,benjamimborges@example.com,Araújo,ES,Eletrônicos,Numquam,LG,3,2884.44,2758.73,10,87.55,app,Crédito,6,Pendente,Correios,Em trânsito
1203,PED-37252,2025-03-21,2025-01-18,493,Josué Campos,hgarcia@example.com,Teixeira do Norte,PB,Casa,Magnam,Adidas,5,1976.01,2182.41,0,92.68,app,Débito,1,Aprovado,Correios,Em trânsito
1204,PED-16158,2025-01-21,2024-04-13,251,Srta. Anna Liz Dias,alexandresa@example.net,Sousa Paulista,RO,Casa,Dolorum,LG,5,478.71,1967.49,20,88.62,App,Pix,12,aprovado,Total Express,Em trânsito
1205,PED-75332,2025-03-12,2025-12-27,510,Isis Almeida,marcelo28@example.com,Câmara,SE,Beleza,Vitae,Apple,4,2527.73,697.51,30,7.7,App,Débito,1,Aprovado,Correios,Atrasado
1206,PED-62439,2025-12-23,2025-11-29,605,Theodoro Caldeira,daniloda-cunha@example.com,Cirino,RR,eletronicos,Placeat,Adidas,5,2275.89,2351.08,0,48.92,SITE,Crédito,1,Pendente,Total Express,Entregue
1207,PED-58268,2025-05-23,2024-08-11,1083,Dra. Ana Cecília Camargo,abreuluiz-fernando@example.org,Araújo,PE,Casa,Est,Apple,1,1118.07,2735.12,0,55.44,Site,Boleto,1,Pendente,Correios,Em trânsito
1208,PED-58977,2025-06-05,2025-04-19,596,Clara da Luz,sarada-conceicao@example.com,Machado das Pedras,RO,Eletrônicos,Odio,Apple,4,2770.87,2537.88,0,40.79,SITE,Pix,1,Aprovado,Total Express,Entregue
1209,PED-71581,2025-07-22,2025-03-06,773,Ayla Nogueira,portoaugusto@example.com,Machado de Siqueira,RO,Roupas,Similique,Nike,3,3027.64,1819.78,20,60.63,Site,Débito,6,Aprovado,Jadlog,Entregue
1210,PED-82887,2025-04-11,2025-04-07,1026,Emilly Pereira,sabrina95@example.org,Mendes do Galho,PB,Beleza,Asperiores,Apple,3,1193.85,3405.04,10,73.21,Site,Pix,1,Recusado,Total Express,Atrasado
1211,PED-17539,2025-06-16,2024-03-15,597,Marcos Vinicius da Rocha,zcavalcanti@example.net,Rodrigues,MS,eletronicos,Rem,Apple,2,770.83,2689.41,0,23.32,app,Pix,3,Recusado,Total Express,Entregue
1212,PED-61736,2025-10-07,2024-04-08,455,Dr. Rodrigo Viana,anthonyaparecida@example.com,Vargas,RS,eletronicos,Libero,Samsung,1,376.28,2119.5,20,55.97,Site,Crédito,3,aprovado,Correios,Atrasado
1213,PED-21982,2024-06-07,2025-11-11,406,Isabel da Luz,gmoreira@example.org,Mendonça,RJ,Casa,Vero,Apple,2,1447.23,1164.42,0,4.71,Aplicativo,Crédito,6,Aprovado,Correios,Atrasado
1214,PED-76176,2025-12-20,2025-12-02,1018,Arthur Dias,brenda99@example.net,Campos,CE,Roupas,Dolore,Nike,1,1642.91,1777.36,10,93.47,app,Crédito,1,aprovado,Correios,Entregue
1215,PED-13853,2024-03-08,2025-05-21,219,Joaquim Correia,joao-pedroda-costa@example.org,Borges de Vieira,ES,Roupas,Dicta,Nike,1,1946.6,2939.71,20,110.92,SITE,Boleto,1,Pendente,Total Express,Atrasado
1216,PED-75188,2025-07-23,2024-07-08,541,Isadora Ferreira,rochakaique@example.net,Fernandes de Sá,PA,Roupas,Animi,Adidas,1,3363.27,3182.38,0,105.87,SITE,Boleto,1,Recusado,Correios,Entregue
1217,PED-19994,2025-03-30,2024-09-29,638,Arthur da Cunha,moraespaulo@example.org,Castro de Silva,BA,Beleza,Eaque,Samsung,1,3054.4,2255.55,20,34.42,app,Pix,1,aprovado,Jadlog,Atrasado
1218,PED-72566,2024-06-17,2024-03-09,703,Heloisa Porto,wvargas@example.net,Sá,MA,Eletrônicos,Hic,Adidas,2,2660.0,1455.11,0,97.79,SITE,Débito,3,aprovado,Correios,Entregue
1219,PED-69151,2024-04-30,2024-12-29,564,Lívia Marques,pedronovais@example.org,Mendonça Alegre,DF,Roupas,Nesciunt,LG,4,314.77,930.26,0,83.45,App,Débito,3,Pendente,Total Express,Entregue
1220,PED-58081,2024-09-01,2024-08-12,44,Dr. Luigi Azevedo,cassianoluiz-otavio@example.com,Fogaça do Sul,SP,Roupas,Inventore,Apple,4,3277.79,1528.91,30,5.56,Site,Crédito,6,aprovado,Jadlog,Entregue
1221,PED-15525,2024-10-06,2024-07-28,396,Renan Santos,dabreu@example.net,Machado,PI,Eletrônicos,Fugit,Adidas,2,1296.56,1422.51,20,10.61,Site,Boleto,1,Pendente,Correios,Em trânsito
1222,PED-37899,2024-07-08,2024-11-29,205,Dr. Théo Fogaça,pcirino@example.com,Cavalcanti de Sampaio,RO,eletronicos,Assumenda,Apple,3,3146.35,1277.49,10,61.09,SITE,Boleto,3,Aprovado,Jadlog,Atrasado
1223,PED-73605,2025-12-05,2025-04-17,870,Nicolas Guerra,mirellapastor@example.org,Vieira de Minas,GO,Beleza,Nemo,Genérica,2,2193.07,3444.52,0,34.85,Site,Crédito,1,Recusado,Total Express,Entregue
1224,PED-79181,2026-01-27,2025-05-23,917,Zoe Andrade,sampaiofrancisco@example.com,Moreira,PB,eletronicos,Nostrum,LG,3,869.12,3026.78,20,88.4,app,Débito,2,Aprovado,Correios,Entregue
1225,PED-94559,2025-03-06,2025-11-04,767,Dra. Laura Barbosa,machadoisabella@example.com,da Costa de Silveira,CE,Beleza,Cupiditate,Genérica,1,234.23,2351.24,10,82.93,Site,Crédito,3,Recusado,Total Express,Atrasado
1226,PED-18498,2025-11-28,2025-03-26,593,Brenda Cavalcanti,da-matajoao-miguel@example.net,Pimenta de Vargas,SP,Roupas,Tempora,Adidas,2,3275.62,2515.55,10,119.03,app,Débito,2,Pendente,Total Express,Atrasado
1227,PED-59265,2025-07-13,2025-07-17,608,Augusto Moreira,larada-luz@example.net,Borges da Prata,GO,Beleza,Deserunt,Genérica,5,2670.26,2623.77,30,81.39,Aplicativo,Crédito,3,Recusado,Correios,Atrasado
1228,PED-57996,2025-01-02,2025-06-27,1187,Ana Laura Machado,evelynda-luz@example.com,Duarte,PE,Casa,Temporibus,Genérica,5,906.29,1189.72,0,35.33,app,Pix,3,aprovado,Correios,Entregue
1229,PED-24202,2024-02-14,2024-03-29,379,Srta. Ana Julia Oliveira,ecasa-grande@example.org,Moreira de Gomes,SP,eletronicos,Alias,LG,2,2728.13,1533.07,20,67.18,Site,Boleto,3,Aprovado,Total Express,Em trânsito
1230,PED-30316,2025-06-07,2024-12-09,816,Lucas Gabriel Albuquerque,joao-lucas26@example.com,Novais Paulista,PB,Eletrônicos,At,Nike,4,3404.58,155.3,10,20.87,SITE,Pix,3,aprovado,Total Express,Atrasado
1231,PED-38887,2025-04-06,2024-09-30,668,Gabriela Silveira,nunesyuri@example.com,Cavalcante,SE,Beleza,Voluptatibus,LG,2,3149.9,1844.72,30,107.65,Site,Pix,12,Aprovado,Jadlog,Em trânsito
1232,PED-96977,2024-09-21,2025-10-06,242,Ana Carolina Pimenta,samueldias@example.org,Teixeira da Praia,SP,eletronicos,Impedit,Genérica,5,2154.52,1227.62,20,96.55,SITE,Boleto,3,Recusado,Total Express,Atrasado
1233,PED-29216,2024-04-21,2025-12-19,890,Sophia Teixeira,albuquerquestella@example.net,da Conceição do Campo,MG,Roupas,Voluptatibus,Samsung,5,1369.4,1355.12,10,75.64,SITE,Crédito,3,Pendente,Jadlog,Entregue
1234,PED-98081,2025-02-14,2025-07-01,299,Srta. Maria Luiza Rios,leonardo82@example.net,da Luz,DF,eletronicos,Ad,Adidas,3,2021.7,3432.64,0,30.23,SITE,Pix,2,aprovado,Correios,Atrasado
1235,PED-50729,2026-01-05,2024-07-02,1043,Asafe da Luz,leaojoao-pedro@example.com,Vargas das Flores,RO,Roupas,Laborum,Genérica,1,2998.5,2922.23,0,57.41,SITE,Crédito,1,Pendente,Total Express,Em trânsito
1236,PED-61024,2024-11-21,2024-10-02,129,Davi Luiz Ferreira,martinsmanuela@example.com,Câmara de Nunes,AM,Eletrônicos,Quos,Samsung,4,1788.45,308.95,30,23.2,app,Pix,12,Aprovado,Correios,Entregue
1237,PED-59177,2025-01-28,2025-06-28,1081,Samuel Novaes,vda-conceicao@example.net,da Conceição,AL,Eletrônicos,Veritatis,Adidas,3,326.36,2223.02,0,102.94,App,Crédito,2,Pendente,Correios,Atrasado
1238,PED-78394,2024-03-23,2025-07-03,402,Sabrina Ribeiro,stephanyrezende@example.net,Novaes Verde,CE,Beleza,Quae,Nike,4,2213.07,223.53,0,26.46,App,Pix,1,Pendente,Jadlog,Em trânsito
1239,PED-88490,2024-08-20,2025-06-02,577,Léo Nogueira,luarada-rocha@example.com,Castro,MG,Casa,Harum,Apple,1,2514.39,1599.14,0,87.12,Aplicativo,Débito,3,aprovado,Jadlog,Entregue
1240,PED-82805,2025-06-07,2026-01-08,189,Léo Moraes,pedro61@example.org,Andrade do Galho,PR,Casa,Est,Genérica,4,3233.76,3234.66,0,67.85,app,Crédito,12,Recusado,Correios,Em trânsito
1241,PED-78679,2024-04-13,2024-12-04,1093,Emanuella Sampaio,tda-mata@example.com,Albuquerque,SC,Roupas,Minima,Samsung,2,734.62,1615.84,0,112.47,App,Pix,6,aprovado,Correios,Em trânsito
1242,PED-62600,2025-11-14,2025-03-17,223,Mariah da Paz,isaacteixeira@example.net,Casa Grande,PE,Casa,Debitis,Adidas,1,1651.68,756.96,0,81.36,Site,Débito,1,Pendente,Correios,Entregue
1243,PED-65299,2024-09-10,2024-11-21,488,Isabel Novais,andrecaldeira@example.net,Guerra,AM,Beleza,Ratione,Genérica,3,506.63,1760.33,20,117.17,Aplicativo,Crédito,1,aprovado,Jadlog,Entregue
1244,PED-97539,2024-11-12,2025-02-25,1117,João Vitor Silva,liz65@example.com,Novaes dos Dourados,MG,Roupas,Quaerat,LG,3,2094.31,2554.65,0,103.75,App,Crédito,1,Pendente,Jadlog,Atrasado
1245,PED-15636,2025-11-22,2024-05-02,194,Benicio da Conceição,bernardofogaca@example.org,Pastor das Flores,RR,Casa,Unde,LG,3,3482.5,865.95,0,81.85,Site,Boleto,2,Aprovado,Correios,Em trânsito
1246,PED-75491,2025-02-18,2024-08-15,1052,Luara Rodrigues,rodrigueskaique@example.com,da Cruz,RR,eletronicos,Facilis,Apple,1,98.35,607.1,0,105.38,app,Débito,1,aprovado,Jadlog,Atrasado
1247,PED-65032,2024-07-02,2025-02-06,352,Noah Rodrigues,cavalcantijuliana@example.org,Novais do Norte,GO,Beleza,Dolore,Adidas,3,2584.19,1745.01,30,82.41,Aplicativo,Débito,12,Pendente,Correios,Atrasado
1248,PED-41854,2024-10-29,2024-10-01,236,Dr. Joaquim das Neves,fpastor@example.com,Cardoso de Minas,AP,Beleza,Doloremque,Apple,5,2401.28,1148.62,0,40.62,app,Boleto,6,Aprovado,Jadlog,Atrasado
1249,PED-87150,2024-09-11,2024-06-26,1116,Dr. Asafe Camargo,ana-vitoriaaragao@example.net,Montenegro,AC,Casa,Nam,Nike,1,1614.83,2465.38,10,103.31,Aplicativo,Débito,2,aprovado,Correios,Em trânsito
1250,PED-10295,2024-08-02,2025-12-20,771,Luiz Otávio Almeida,ana-carolinada-cunha@example.com,Barros,RS,Beleza,Velit,Apple,1,2323.24,639.74,0,75.5,App,Débito,1,Pendente,Total Express,Atrasado
1251,PED-57977,2025-07-04,2024-10-30,31,Maria Sophia Alves,cavalcantedanilo@example.net,Cavalcante,RR,Roupas,Fugit,Adidas,4,3282.85,2419.28,10,68.33,Site,Débito,1,aprovado,Jadlog,Atrasado
1252,PED-62157,2024-12-25,2025-04-01,936,Eloah da Costa,caroline41@example.org,Silveira de Cardoso,TO,Beleza,Asperiores,Samsung,5,2087.68,2715.37,0,28.23,app,Pix,12,Aprovado,Correios,Entregue
1253,PED-14952,2024-12-22,2024-04-30,678,Heloisa Almeida,leaobryan@example.com,Sá,RJ,Eletrônicos,Repellendus,Adidas,2,2334.98,1920.87,30,71.79,App,Pix,6,aprovado,Jadlog,Atrasado
1254,PED-54265,2025-10-26,2025-03-12,1049,Eloá Brito,mariacastro@example.net,Albuquerque,RO,Beleza,Neque,Genérica,1,2283.08,1028.3,10,75.13,app,Boleto,12,Aprovado,Total Express,Atrasado
1255,PED-67855,2025-03-29,2026-01-24,188,Ana Beatriz Ribeiro,enrico60@example.org,Alves,MT,Roupas,Animi,Apple,2,3138.43,1435.7,10,57.31,app,Débito,1,Pendente,Jadlog,Em trânsito
1256,PED-20222,2025-08-23,2024-03-16,131,Dr. Juan da Rocha,nmelo@example.org,Cassiano,PR,Casa,Animi,Nike,5,1886.08,1376.44,0,102.84,app,Boleto,3,Pendente,Total Express,Entregue
1257,PED-26972,2025-06-05,2025-06-15,656,Maria Vitória Almeida,diego17@example.com,da Mota,PE,Beleza,Placeat,Adidas,2,1753.98,2636.69,30,63.86,app,Crédito,2,aprovado,Total Express,Atrasado
1258,PED-41127,2024-11-11,2025-04-29,756,Eloá Marques,bryanjesus@example.com,da Costa de Minas,PI,Eletrônicos,Sit,Genérica,3,3096.42,2339.32,0,90.67,Aplicativo,Boleto,6,Recusado,Total Express,Em trânsito
1259,PED-84605,2024-07-06,2024-12-30,79,Dr. Thales Cassiano,albuquerqueesther@example.net,Melo do Norte,MA,Eletrônicos,Repudiandae,Genérica,1,629.32,3154.2,0,93.41,App,Pix,1,Recusado,Correios,Atrasado
1260,PED-61534,2025-07-29,2025-10-20,944,Rebeca Azevedo,luan59@example.com,Leão,AL,Beleza,Qui,Nike,2,534.22,2901.32,20,35.3,SITE,Débito,6,Recusado,Jadlog,Entregue
1261,PED-35502,2024-05-29,2025-04-20,1119,Mirella Fernandes,rochamilena@example.org,Nunes Verde,GO,Beleza,Repellendus,Samsung,3,1446.91,949.51,30,81.66,App,Débito,3,Recusado,Total Express,Em trânsito
1262,PED-33317,2025-04-09,2024-08-19,704,Daniel Cirino,amandapastor@example.org,Sousa,CE,Casa,Ipsam,Apple,5,642.91,3313.92,0,104.2,SITE,Pix,3,Recusado,Correios,Entregue
1263,PED-76123,2026-01-21,2024-07-28,218,Luiz Otávio Moura,novaisemanuel@example.com,Nascimento do Oeste,BA,Beleza,Sed,Genérica,4,1323.85,138.52,30,58.76,App,Boleto,12,Recusado,Correios,Atrasado
1264,PED-52000,2025-05-16,2025-06-04,999,João Gabriel Cardoso,gcassiano@example.net,Almeida,MT,Roupas,Fuga,LG,2,76.23,1107.84,20,14.4,app,Crédito,12,Aprovado,Jadlog,Atrasado
1265,PED-73471,2024-07-13,2025-05-14,338,Pedro Sá,samuel04@example.org,Sousa da Prata,GO,Eletrônicos,Alias,Apple,5,2923.93,1200.97,0,32.3,Site,Crédito,12,Recusado,Correios,Em trânsito
1266,PED-50315,2024-07-15,2025-10-14,181,Dra. Nina Silva,ana-julia45@example.com,Campos de Garcia,AL,Roupas,Porro,LG,4,420.95,2905.22,0,12.87,SITE,Pix,3,aprovado,Jadlog,Em trânsito
1267,PED-78750,2024-06-14,2025-02-14,200,Dra. Beatriz da Cruz,pachecobeatriz@example.com,Santos do Oeste,DF,eletronicos,Harum,Nike,4,2987.88,207.98,20,31.89,SITE,Crédito,1,Aprovado,Correios,Em trânsito
1268,PED-33242,2025-04-11,2025-10-31,936,Gabriela da Conceição,calebecamargo@example.net,Peixoto,MA,Casa,Reiciendis,Adidas,5,3320.51,470.95,20,62.85,app,Crédito,3,aprovado,Jadlog,Entregue
1269,PED-45609,2024-05-17,2025-02-23,740,Dr. Eduardo Sá,pedro-henriquecirino@example.com,Lopes,DF,eletronicos,Libero,Apple,5,1867.4,3004.76,0,48.26,SITE,Pix,3,Pendente,Jadlog,Entregue
1270,PED-52526,2024-09-19,2024-07-13,1196,Rael Pires,mabreu@example.com,Pereira,CE,Beleza,Nemo,Nike,4,1909.26,1014.41,0,16.59,App,Pix,6,Recusado,Total Express,Atrasado
1271,PED-54503,2025-08-21,2024-08-14,865,Otto Fonseca,ana-julia99@example.com,da Mata do Norte,DF,Roupas,Cupiditate,LG,5,1043.71,1782.01,0,114.96,Site,Crédito,12,Pendente,Jadlog,Entregue
1272,PED-27842,2024-08-08,2025-11-10,13,Stephany Monteiro,sophia36@example.org,Caldeira,RR,Eletrônicos,Consequuntur,Samsung,2,2815.59,1335.14,0,70.36,SITE,Crédito,1,aprovado,Total Express,Entregue
1273,PED-52726,2024-10-14,2025-02-01,650,Srta. Maria Alice Macedo,scassiano@example.net,Ramos,RJ,Eletrônicos,Ratione,Apple,1,1167.72,1707.83,20,24.49,Aplicativo,Débito,6,Aprovado,Jadlog,Em trânsito
1274,PED-47272,2024-06-14,2025-04-13,1065,Maria Júlia Melo,beatrizmelo@example.com,Albuquerque da Prata,PR,Beleza,Repellendus,Adidas,4,1381.1,2188.87,30,58.88,Aplicativo,Débito,2,Pendente,Total Express,Em trânsito
1275,PED-48360,2024-03-28,2025-01-03,847,Apollo Silva,carlos-eduardo08@example.org,Silva do Campo,BA,eletronicos,Doloremque,Genérica,1,497.59,2968.57,30,84.44,App,Pix,1,Aprovado,Total Express,Entregue
1276,PED-32658,2025-04-22,2025-09-10,1113,Dr. Josué Nogueira,silvalivia@example.org,Oliveira,PR,Eletrônicos,Quas,Genérica,2,706.96,267.06,0,72.79,Site,Pix,3,Aprovado,Correios,Em trânsito
1277,PED-11063,2025-10-01,2024-03-12,185,Heitor Santos,pietroborges@example.org,da Cruz do Campo,TO,Beleza,Cum,Apple,4,955.25,602.52,30,66.33,App,Crédito,3,aprovado,Jadlog,Em trânsito
1278,PED-77984,2025-05-02,2025-05-03,179,Arthur Gabriel Sá,rcardoso@example.org,Pereira,GO,Casa,Ea,Apple,2,3154.49,1706.27,0,31.24,App,Pix,2,aprovado,Jadlog,Entregue
1279,PED-84870,2025-02-01,2024-02-19,67,Lorenzo Vieira,cavalcantidaniela@example.net,Almeida de Minas,SC,Roupas,Quae,Apple,5,361.31,2867.5,30,89.03,Aplicativo,Débito,6,Aprovado,Jadlog,Entregue
1280,PED-82007,2024-08-26,2025-07-09,373,Hellena Pires,fariascamila@example.com,Fonseca,RJ,Casa,Asperiores,Samsung,4,655.64,1627.23,0,23.8,SITE,Débito,12,Aprovado,Jadlog,Entregue
1281,PED-32615,2024-03-22,2025-03-15,318,Amanda Borges,sabrinacirino@example.org,Oliveira,SC,Beleza,Debitis,Adidas,5,788.64,1471.19,0,114.64,Aplicativo,Pix,6,Aprovado,Total Express,Em trânsito
1282,PED-40968,2024-02-23,2025-09-17,1133,Benjamim Andrade,cavalcantelucas@example.org,Aragão de Brito,PI,Beleza,Neque,Apple,2,3143.64,1171.6,0,84.3,SITE,Débito,1,Recusado,Jadlog,Em trânsito
1283,PED-26011,2024-05-03,2025-06-28,1002,Sr. Matteo Silveira,azevedoantonella@example.com,Cardoso,MS,Casa,Id,Genérica,4,805.09,2838.43,0,29.66,Site,Pix,1,Recusado,Total Express,Em trânsito
1284,PED-90112,2025-03-10,2024-11-20,239,Ester da Luz,abreudaniela@example.com,Macedo Paulista,BA,eletronicos,Sunt,Nike,5,2895.8,3019.12,10,0.32,app,Débito,2,Aprovado,Correios,Entregue
1285,PED-53399,2025-08-31,2024-05-11,505,Arthur Gabriel Cunha,matheusda-cunha@example.org,Pereira,SE,Beleza,Omnis,Nike,5,3191.79,2529.74,0,58.84,App,Débito,3,aprovado,Correios,Entregue
1286,PED-13680,2026-01-17,2024-02-18,202,Raul da Cruz,liviaramos@example.com,Macedo,RS,eletronicos,Esse,LG,4,2565.75,2555.08,0,65.76,SITE,Crédito,1,Recusado,Total Express,Em trânsito
1287,PED-89505,2024-04-16,2025-09-19,954,Marina Gomes,calebjesus@example.com,Barros,GO,Beleza,Eaque,Adidas,5,3029.5,1562.38,30,25.27,App,Pix,1,aprovado,Total Express,Atrasado
1288,PED-61687,2025-04-27,2025-07-08,125,Thales Campos,tpeixoto@example.net,Fernandes,MT,Eletrônicos,Exercitationem,Apple,1,1009.55,1092.26,10,77.45,app,Pix,1,Pendente,Correios,Em trânsito
1289,PED-31365,2025-10-20,2024-07-17,431,Cauã Ribeiro,rodrigueskamilly@example.org,Vasconcelos Paulista,TO,Beleza,Ullam,Samsung,1,2737.36,2268.05,0,93.51,app,Pix,6,Aprovado,Correios,Em trânsito
1290,PED-36062,2024-09-27,2026-01-08,979,João Miguel Câmara,alexia38@example.com,Costela do Campo,RN,Roupas,Eveniet,Genérica,5,715.34,2161.68,0,109.4,app,Boleto,2,Aprovado,Correios,Atrasado
1291,PED-87789,2025-09-19,2025-08-25,1024,Sophia Nascimento,davi-lucca81@example.net,Dias,MA,Eletrônicos,Error,Adidas,1,550.88,217.04,0,87.81,Site,Débito,1,Aprovado,Total Express,Atrasado
1292,PED-70338,2025-10-14,2024-04-05,840,Yuri Cavalcante,alvesdavi@example.org,Rezende,BA,Casa,Ab,Genérica,2,234.59,2140.14,30,80.81,Site,Crédito,2,Pendente,Correios,Entregue
1293,PED-33685,2025-11-04,2024-05-25,86,Antônio Melo,da-cruzandre@example.net,Camargo do Campo,RS,Eletrônicos,Aliquid,Adidas,1,1590.39,2544.35,30,89.11,app,Boleto,1,aprovado,Total Express,Atrasado
1294,PED-38061,2024-10-19,2025-06-06,76,Caroline Rodrigues,dsampaio@example.com,Pimenta da Prata,CE,Roupas,Soluta,Adidas,2,1538.5,1213.73,20,1.61,SITE,Boleto,6,Recusado,Total Express,Entregue
1295,PED-29612,2024-06-07,2024-05-30,578,João Lucas da Luz,nicolas40@example.org,Casa Grande da Praia,MA,eletronicos,Quam,Samsung,1,1031.35,2774.94,30,47.37,app,Débito,1,Aprovado,Total Express,Atrasado
1296,PED-52813,2024-11-09,2024-10-01,276,Daniel da Rosa,aragaofernando@example.org,Borges de Costela,SE,eletronicos,Laborum,Adidas,3,1345.74,109.05,20,23.24,App,Pix,6,Pendente,Correios,Atrasado
1297,PED-95872,2025-12-16,2025-02-08,3,Kaique Alves,aragaoeloa@example.org,Oliveira,SE,eletronicos,Est,Genérica,5,2106.9,492.3,30,70.02,Site,Crédito,1,Pendente,Correios,Entregue
1298,PED-46105,2024-05-30,2024-09-02,391,Bernardo Moura,gda-conceicao@example.org,Moura,CE,Casa,Laboriosam,LG,5,1176.9,1315.08,0,91.51,SITE,Débito,12,Aprovado,Jadlog,Entregue
1299,PED-30469,2024-04-04,2025-12-21,53,Benjamim da Rosa,henry-gabriel71@example.org,Carvalho,RS,eletronicos,Eos,Nike,1,1507.49,1298.29,0,57.52,app,Boleto,1,Aprovado,Correios,Atrasado
1300,PED-91189,2024-02-21,2025-01-04,126,Sra. Luana Macedo,csousa@example.org,Martins,RJ,Casa,Quibusdam,Genérica,1,1537.72,3023.78,0,49.48,SITE,Débito,12,Recusado,Total Express,Atrasado
1301,PED-24029,2025-12-19,2024-07-08,702,Maria Julia Cavalcanti,kaiqueporto@example.org,Rios do Amparo,TO,Roupas,Earum,LG,2,2905.8,2411.35,30,0.91,App,Crédito,1,Aprovado,Correios,Entregue
1302,PED-90758,2024-04-23,2024-05-18,744,João Pedro Cassiano,lazevedo@example.com,da Cunha do Campo,GO,Casa,Error,Nike,5,3204.01,2257.44,0,50.78,App,Crédito,1,Pendente,Total Express,Atrasado
1303,PED-55617,2025-05-13,2025-05-13,762,Isabel Lopes,luiz-felipepastor@example.net,Machado,PB,Roupas,Quis,Nike,2,3312.91,916.92,0,16.42,App,Boleto,2,Aprovado,Correios,Entregue
1304,PED-82737,2024-11-30,2024-02-21,122,Bento Costa,ravicunha@example.net,Pastor,PI,Eletrônicos,In,Adidas,1,183.62,141.93,30,95.1,app,Débito,1,Pendente,Jadlog,Em trânsito
1305,PED-21793,2024-08-02,2024-11-22,1002,Sra. Eloah Nunes,rezendesofia@example.org,Pereira,PR,eletronicos,Quia,Nike,5,197.05,95.3,0,97.48,App,Boleto,1,aprovado,Total Express,Entregue
1306,PED-24179,2025-11-13,2024-08-02,702,Giovanna da Luz,matteosantos@example.org,Câmara da Serra,MA,Eletrônicos,Quaerat,Nike,1,724.43,196.45,10,12.2,Site,Boleto,6,aprovado,Jadlog,Entregue
1307,PED-16265,2024-04-11,2025-10-12,590,Sofia Sales,fariasgael@example.com,Martins Verde,MS,Roupas,Nam,Adidas,3,1747.51,738.26,10,21.0,SITE,Crédito,1,Pendente,Correios,Em trânsito
1308,PED-79689,2025-07-17,2024-11-17,1082,Hadassa Pastor,novaisvitor@example.net,Rocha de Correia,PB,Roupas,Deleniti,Nike,4,2476.76,2106.75,10,3.56,Site,Crédito,1,aprovado,Total Express,Entregue
1309,PED-89555,2024-02-16,2024-03-27,825,Srta. Ana Clara da Conceição,fernandesmaria-sophia@example.com,Cavalcanti,AM,eletronicos,Quas,Nike,3,2942.24,3119.25,10,98.78,Site,Pix,3,Aprovado,Total Express,Entregue
1310,PED-28117,2024-09-10,2025-05-05,973,Jade Pires,rochamaria-helena@example.net,Borges da Prata,TO,Eletrônicos,Omnis,Samsung,1,3430.39,1440.3,10,12.02,App,Crédito,12,Aprovado,Correios,Entregue
1311,PED-68580,2025-07-17,2024-06-29,995,Felipe Moreira,isabelly57@example.org,Guerra,PE,Casa,Harum,Samsung,3,178.86,2634.13,0,70.27,app,Crédito,12,Recusado,Total Express,Entregue
1312,PED-51293,2025-12-08,2024-08-20,511,Clarice Caldeira,sabrina46@example.net,Sales da Prata,MT,Eletrônicos,Earum,LG,2,195.92,2156.43,20,4.55,app,Pix,6,Pendente,Jadlog,Atrasado
1313,PED-79361,2024-05-28,2024-04-29,1010,Mateus Casa Grande,yda-rocha@example.org,Lopes,PI,eletronicos,Vitae,Genérica,1,735.39,2086.59,30,14.43,Aplicativo,Boleto,3,Recusado,Correios,Em trânsito
1314,PED-60070,2025-07-12,2026-01-03,204,Eloah Farias,lais12@example.org,Fonseca,MT,eletronicos,Ipsum,Apple,4,1038.96,219.41,10,68.52,SITE,Débito,12,aprovado,Jadlog,Em trânsito
1315,PED-33988,2024-03-02,2025-06-02,432,Luna Garcia,kfreitas@example.com,Nunes,GO,Beleza,Perspiciatis,Genérica,5,2103.17,2060.88,0,119.48,Aplicativo,Crédito,1,Recusado,Correios,Em trânsito
1316,PED-96549,2024-03-18,2024-07-14,286,Sofia Montenegro,rodriguesisaque@example.org,Azevedo,CE,Eletrônicos,Laborum,Apple,4,225.88,1639.56,20,101.31,Site,Crédito,2,Aprovado,Correios,Atrasado
1317,PED-97209,2024-09-26,2024-03-13,57,Rodrigo Teixeira,maria-fernandamartins@example.com,Farias Paulista,PI,Roupas,Minima,Samsung,5,3305.81,2807.19,0,44.33,app,Boleto,1,Aprovado,Correios,Em trânsito
1318,PED-12937,2025-08-12,2025-01-16,1101,Levi Rocha,fariasluna@example.org,Azevedo,MG,Beleza,Impedit,Genérica,5,3377.81,3250.92,20,3.66,Site,Boleto,1,Recusado,Total Express,Entregue
1319,PED-31065,2024-11-10,2025-08-19,247,Miguel da Costa,camargoclara@example.org,Fogaça do Galho,AM,Casa,Animi,LG,5,1820.35,3248.5,20,117.94,app,Pix,2,Aprovado,Total Express,Entregue
1320,PED-18089,2025-07-05,2024-05-26,53,Heitor Macedo,nascimentocarolina@example.org,Gonçalves do Oeste,MS,Roupas,Totam,Adidas,1,1494.82,1154.68,30,11.24,SITE,Débito,2,Aprovado,Jadlog,Atrasado
1321,PED-62852,2026-01-20,2024-11-23,188,José Miguel Farias,marquesmelissa@example.net,Viana,AL,Eletrônicos,Nam,Apple,5,3123.92,2376.47,20,32.45,SITE,Boleto,3,aprovado,Jadlog,Atrasado
1322,PED-61393,2025-07-26,2025-07-03,1185,Henry Cunha,costacecilia@example.com,Mendonça,RN,Casa,Odit,Genérica,1,971.61,2081.5,0,85.61,App,Crédito,12,Pendente,Correios,Em trânsito
1323,PED-65987,2024-07-01,2024-09-09,91,Antônio Leão,joao-vitor76@example.com,Gonçalves,AP,Casa,Repudiandae,Adidas,2,660.75,1030.21,30,66.39,SITE,Pix,6,Pendente,Jadlog,Entregue
1324,PED-70324,2025-09-21,2024-08-09,1190,Raul Cavalcante,guerrajoao@example.net,Correia,TO,Casa,Id,Apple,3,2258.0,3102.45,10,84.24,App,Boleto,2,aprovado,Total Express,Em trânsito
1325,PED-90190,2025-09-03,2025-11-06,880,Mariane Borges,caiopacheco@example.com,Pires das Flores,GO,Eletrônicos,Doloremque,LG,4,1815.37,573.33,10,1.39,app,Pix,1,Pendente,Correios,Entregue
1326,PED-56605,2025-02-11,2024-10-29,1188,Henry Gabriel Peixoto,otto03@example.org,Vieira,RO,eletronicos,Perferendis,Genérica,4,999.5,1936.16,0,60.3,app,Débito,1,Pendente,Total Express,Atrasado
1327,PED-75773,2024-11-22,2025-07-03,467,Luana Cavalcanti,carolina35@example.com,Azevedo do Oeste,SC,Beleza,Quos,Samsung,4,524.23,941.93,10,18.16,app,Boleto,3,Aprovado,Jadlog,Entregue
1328,PED-91689,2025-09-21,2025-12-07,130,Ana Cecília Araújo,kcampos@example.net,Vargas de Sá,RR,Eletrônicos,Odit,LG,1,789.86,2912.45,20,107.53,SITE,Pix,6,aprovado,Correios,Atrasado
1329,PED-63396,2025-04-15,2024-10-16,222,Vitor Hugo Nogueira,amartins@example.org,Nunes do Oeste,MG,eletronicos,Quidem,Apple,4,2533.01,3135.83,0,22.39,SITE,Crédito,1,Recusado,Total Express,Atrasado
1330,PED-22372,2024-03-31,2024-04-07,821,Stephany Garcia,rsa@example.net,Nogueira do Norte,AP,Roupas,Aspernatur,Genérica,1,3189.53,1293.09,0,90.06,Aplicativo,Débito,1,Aprovado,Total Express,Entregue
1331,PED-66219,2025-01-30,2026-02-01,652,Lara Borges,maria-luizaporto@example.com,Novais de Goiás,RR,Eletrônicos,Soluta,Apple,3,993.92,2767.56,10,48.25,Site,Boleto,12,Pendente,Total Express,Entregue
1332,PED-77605,2024-08-30,2025-06-05,260,Dra. Catarina Souza,dsilva@example.net,Mendonça dos Dourados,MS,Roupas,Quia,Adidas,5,2027.66,1935.84,0,65.6,Site,Boleto,2,aprovado,Correios,Em trânsito
1333,PED-20435,2025-10-17,2024-06-08,907,Maria Alice Rodrigues,peixotoluiz-fernando@example.com,Farias,SP,Roupas,Quo,Nike,5,2974.88,410.82,0,100.77,app,Débito,2,Pendente,Jadlog,Atrasado
1334,PED-65336,2025-08-14,2025-04-07,1103,Yago Leão,maria-sophia46@example.net,Almeida de Silveira,MT,Beleza,Fugit,Apple,5,1415.61,2183.98,10,37.39,app,Boleto,3,Recusado,Total Express,Entregue
1335,PED-52903,2024-07-08,2024-11-22,697,Otto Nunes,tvieira@example.com,Cunha das Flores,MA,Beleza,Repellendus,LG,3,2822.35,220.09,0,73.64,app,Débito,1,Pendente,Jadlog,Entregue
1336,PED-60002,2025-12-19,2025-07-03,92,Lorenzo Leão,lda-mota@example.org,Silva de Moreira,PE,Roupas,Ea,Samsung,1,1686.96,1507.56,30,7.42,app,Boleto,1,Pendente,Jadlog,Entregue
1337,PED-63843,2024-05-05,2024-08-09,258,Mariah Montenegro,hviana@example.org,Garcia Paulista,BA,Eletrônicos,Provident,Adidas,5,946.67,1334.74,0,45.48,Site,Crédito,1,Recusado,Correios,Em trânsito
1338,PED-79514,2025-07-01,2025-07-29,1189,Lucca Cirino,lcorreia@example.org,das Neves das Pedras,RS,Roupas,Cumque,Apple,1,1061.94,1348.36,10,81.89,App,Boleto,2,Pendente,Jadlog,Entregue
1339,PED-52844,2026-01-05,2024-06-29,893,Kaique Fernandes,da-conceicaocaroline@example.net,Vasconcelos do Galho,MG,Roupas,Quidem,Apple,1,2879.66,3263.31,0,50.83,App,Boleto,12,Pendente,Jadlog,Atrasado
1340,PED-13825,2024-03-20,2025-11-05,1170,Erick Santos,carolinecastro@example.org,Fernandes de Siqueira,RO,Casa,Officia,LG,3,3378.41,713.39,20,96.63,Site,Boleto,1,aprovado,Jadlog,Em trânsito
1341,PED-63010,2024-08-16,2025-05-02,781,Sra. Natália Cassiano,cmendonca@example.net,Cassiano,MT,eletronicos,Quaerat,Genérica,2,2707.97,1210.95,0,6.5,Aplicativo,Pix,3,Recusado,Correios,Entregue
1342,PED-11200,2024-05-10,2025-04-19,872,Sr. Dante Casa Grande,jmachado@example.com,Borges de Minas,PE,eletronicos,Soluta,Apple,1,653.43,1064.69,10,51.38,Aplicativo,Boleto,1,Pendente,Correios,Em trânsito
1343,PED-90382,2025-04-04,2024-09-27,138,Rafael Cavalcanti,bernardo88@example.com,Moreira,PI,Casa,Voluptatibus,Samsung,1,322.77,1019.21,0,11.08,app,Pix,3,Pendente,Correios,Entregue
1344,PED-80366,2025-07-07,2024-04-10,31,Nina Almeida,andradestella@example.net,Cassiano,PB,Eletrônicos,Veritatis,Nike,5,1831.13,1416.48,30,59.34,app,Débito,1,Aprovado,Correios,Atrasado
1345,PED-88056,2025-12-17,2024-07-13,734,Milena Costela,cunhaemilly@example.net,Teixeira de Pereira,PR,Casa,Dolorum,Samsung,3,1589.1,3480.05,10,95.1,SITE,Boleto,1,aprovado,Total Express,Entregue
1346,PED-31577,2024-11-04,2024-03-22,110,Stephany Caldeira,ottocampos@example.com,Martins,RN,eletronicos,Facilis,Adidas,3,839.39,2671.04,10,41.06,Aplicativo,Pix,6,Pendente,Total Express,Entregue
1347,PED-70450,2025-12-14,2024-12-04,1135,Pedro Miguel Montenegro,joao-lucascosta@example.com,Brito,DF,Roupas,Quaerat,Genérica,2,1321.31,963.31,20,20.98,SITE,Crédito,6,aprovado,Total Express,Em trânsito
1348,PED-43189,2024-06-27,2024-08-09,742,Luiz Fernando da Paz,lucca73@example.com,Sá,MA,Roupas,Sequi,Samsung,1,2381.58,1530.87,0,78.34,App,Boleto,1,aprovado,Correios,Entregue
1349,PED-24601,2024-02-19,2025-12-05,287,Agatha Cardoso,moreirastella@example.org,Souza,AL,eletronicos,Exercitationem,Apple,4,1034.86,1903.57,30,87.72,Aplicativo,Crédito,2,Pendente,Jadlog,Entregue
1350,PED-41836,2024-11-19,2025-04-29,602,Davi Miguel Gomes,lmendonca@example.net,Porto da Praia,PR,eletronicos,Laborum,Nike,2,155.93,3043.25,20,64.67,SITE,Crédito,2,Recusado,Total Express,Entregue
1351,PED-95859,2025-04-11,2025-08-22,1112,Mariane da Luz,barrosjulia@example.com,Vasconcelos,DF,Eletrônicos,Voluptate,Samsung,5,2754.93,3369.99,0,30.59,SITE,Crédito,2,aprovado,Jadlog,Atrasado
1352,PED-81476,2024-11-10,2025-10-17,1031,Gabrielly Pinto,cteixeira@example.org,Siqueira das Pedras,PA,eletronicos,Dolore,LG,5,3133.59,1192.03,0,105.73,Site,Crédito,12,Aprovado,Total Express,Entregue
1353,PED-61948,2025-05-20,2025-10-28,903,Davi Lucca Jesus,qsampaio@example.org,Farias,SP,Casa,Laudantium,Adidas,3,1823.95,281.02,10,41.44,SITE,Pix,1,Recusado,Total Express,Em trânsito
1354,PED-44295,2025-08-10,2026-01-17,537,Ana Sophia Novais,fpereira@example.com,Nascimento Paulista,MT,Casa,Dolorem,Samsung,5,775.42,1896.03,0,82.61,Aplicativo,Débito,2,Aprovado,Correios,Atrasado
1355,PED-99946,2024-08-13,2025-01-19,657,Ágatha da Conceição,arthur-miguel26@example.net,Castro,DF,eletronicos,Optio,Genérica,5,475.5,1901.38,20,61.5,App,Boleto,12,Pendente,Total Express,Atrasado
1356,PED-77435,2024-06-03,2025-08-23,318,Josué Cirino,marinaabreu@example.com,Garcia,AC,Beleza,Laboriosam,Samsung,3,3476.57,1135.03,20,84.37,Aplicativo,Crédito,1,Pendente,Total Express,Entregue
1357,PED-43265,2024-07-19,2024-09-06,772,Bryan da Costa,levi82@example.com,da Mota Grande,MG,eletronicos,Reiciendis,Samsung,1,3023.38,3453.41,20,89.72,Aplicativo,Pix,1,Recusado,Correios,Entregue
1358,PED-82973,2024-05-08,2024-09-05,464,Arthur Marques,ccassiano@example.net,Azevedo da Mata,PA,Beleza,Alias,Nike,2,1849.05,872.02,0,18.11,Site,Boleto,1,Pendente,Correios,Atrasado
1359,PED-37536,2025-02-23,2026-01-25,354,Théo Cavalcante,anthony-gabrielnunes@example.com,Silveira Alegre,SC,Beleza,Excepturi,Adidas,1,2505.33,1971.81,0,20.13,Site,Crédito,12,Aprovado,Correios,Entregue
1360,PED-40149,2025-05-22,2025-04-01,360,Dra. Ana Silva,guerrayago@example.org,Lima de Sampaio,RJ,Eletrônicos,Quasi,Samsung,1,2436.24,1381.49,10,45.53,Site,Crédito,3,Pendente,Total Express,Em trânsito
1361,PED-25951,2024-11-09,2024-07-21,23,Srta. Ana Clara Mendonça,marquesjoana@example.com,Siqueira,MS,Beleza,Qui,Samsung,3,703.26,1373.82,0,34.65,SITE,Pix,1,aprovado,Total Express,Entregue
1362,PED-87284,2024-07-22,2025-05-24,1046,Benjamin Castro,renan21@example.net,Nascimento da Prata,RJ,Eletrônicos,Aperiam,Nike,3,1502.93,2641.21,20,76.98,SITE,Pix,1,Pendente,Total Express,Em trânsito
1363,PED-98641,2025-06-15,2025-03-24,201,Ana Luiza Ramos,oteixeira@example.com,Câmara,RS,Eletrônicos,Sed,Samsung,2,2580.01,3481.32,10,100.24,Aplicativo,Débito,1,Recusado,Jadlog,Em trânsito
1364,PED-87113,2024-09-25,2024-07-16,777,Sr. Ian Nunes,arthur29@example.com,da Luz da Mata,MA,Casa,Quisquam,Samsung,3,117.43,2427.16,10,51.94,Aplicativo,Boleto,1,Aprovado,Correios,Entregue
1365,PED-94843,2025-12-17,2024-12-27,805,Antônio Gonçalves,zoeda-rocha@example.org,Nunes dos Dourados,ES,Roupas,Corporis,LG,1,2495.91,2479.07,0,118.41,Site,Boleto,3,Recusado,Correios,Em trânsito
1366,PED-90493,2024-10-20,2025-03-31,551,Amanda Costa,wpimenta@example.com,Silveira,GO,Beleza,Cupiditate,Nike,1,1853.63,101.9,20,91.23,Aplicativo,Boleto,3,aprovado,Jadlog,Atrasado
1367,PED-28458,2025-02-01,2025-03-27,774,Olivia Fernandes,maria-ceciliafernandes@example.com,Borges de Freitas,RO,Beleza,Dolor,Genérica,5,1997.88,1448.13,10,72.83,Site,Débito,3,Pendente,Total Express,Atrasado
1368,PED-78162,2025-03-06,2024-07-17,1159,Maria Luísa Azevedo,gcunha@example.com,Costa,PB,Eletrônicos,Quo,Nike,5,3482.77,2328.42,10,93.79,Site,Pix,1,Recusado,Total Express,Em trânsito
1369,PED-33672,2024-08-18,2025-04-03,744,Ana Liz Barbosa,theo27@example.org,Sampaio,PE,Casa,Fuga,Samsung,5,1617.92,1350.84,30,71.36,SITE,Crédito,1,aprovado,Jadlog,Atrasado
1370,PED-56990,2025-12-13,2025-08-29,931,Breno Pimenta,sophienovaes@example.org,Aparecida,RR,Beleza,Est,Adidas,5,2917.08,694.36,0,36.33,Site,Crédito,12,Recusado,Correios,Entregue
1371,PED-70422,2025-03-03,2025-05-23,740,João Miguel Marques,enricoguerra@example.net,Vargas do Sul,RS,Roupas,Dolores,Adidas,3,3401.73,456.34,10,54.83,Site,Débito,2,Recusado,Jadlog,Atrasado
1372,PED-34232,2024-11-28,2025-06-10,153,Mariah da Costa,eduarda47@example.com,Viana,BA,Eletrônicos,Tempora,Adidas,5,549.05,367.06,30,71.07,SITE,Boleto,1,aprovado,Correios,Entregue
1373,PED-89057,2024-04-04,2025-08-15,978,Brenda Sousa,samuelda-paz@example.com,da Rosa,RS,Roupas,Atque,Adidas,5,306.85,234.21,30,105.8,App,Pix,1,aprovado,Correios,Atrasado
1374,PED-55431,2024-02-08,2024-08-07,602,Luísa Gomes,jcassiano@example.net,Rios de Vieira,AC,Roupas,Laudantium,Nike,1,1150.41,2739.28,0,0.35,app,Débito,1,Recusado,Jadlog,Entregue
1375,PED-85303,2025-12-03,2025-06-18,37,Pietro Azevedo,cavalcantirebeca@example.com,Montenegro das Flores,RO,Eletrônicos,Libero,Samsung,4,807.47,2479.24,0,49.2,Site,Boleto,1,aprovado,Correios,Em trânsito
1376,PED-71604,2024-08-08,2025-08-12,364,Melissa Farias,ceciliaalbuquerque@example.com,Farias dos Dourados,PE,Beleza,Dicta,Apple,5,2158.04,3111.61,0,0.61,Site,Boleto,3,aprovado,Correios,Atrasado
1377,PED-44316,2025-05-21,2026-01-04,927,Dra. Camila Monteiro,ana-beatrizribeiro@example.org,Casa Grande,PI,eletronicos,Aspernatur,Samsung,2,3478.22,300.08,20,110.9,App,Crédito,2,Aprovado,Correios,Em trânsito
1378,PED-83722,2025-06-11,2024-02-18,121,Hellena Oliveira,vieiramaria-clara@example.com,Pacheco,ES,Eletrônicos,Quis,Samsung,5,1332.72,53.54,0,101.26,Site,Crédito,1,aprovado,Jadlog,Entregue
1379,PED-15717,2024-09-14,2024-07-07,743,João Vitor Teixeira,oliver84@example.net,Aparecida de Machado,DF,eletronicos,Perspiciatis,Nike,1,2881.81,519.77,0,3.94,Site,Boleto,3,Recusado,Total Express,Entregue
1380,PED-10603,2024-05-28,2024-12-12,991,Maria Júlia Câmara,martinsmaria-eduarda@example.net,Peixoto das Pedras,AP,Roupas,Non,Genérica,1,3076.54,2030.31,0,67.41,App,Pix,1,aprovado,Total Express,Atrasado
1381,PED-71384,2024-05-11,2025-01-25,847,Marcela Cavalcanti,rezendedom@example.net,Peixoto de Novaes,MA,Beleza,Rem,Adidas,5,786.02,3008.25,0,15.78,App,Pix,2,Aprovado,Jadlog,Atrasado
1382,PED-21546,2025-02-05,2024-10-07,1055,Bella Barros,maria-alicepereira@example.org,Camargo,BA,eletronicos,Cum,Nike,2,2826.47,2847.73,0,25.59,Site,Crédito,1,Recusado,Correios,Entregue
1383,PED-56110,2025-06-29,2024-06-21,1150,Lorena Peixoto,maria-helena12@example.com,Gonçalves,GO,Beleza,Nulla,Nike,2,2411.88,287.09,0,25.6,App,Boleto,1,aprovado,Jadlog,Entregue
1384,PED-65138,2025-09-25,2024-04-11,1086,Asafe Duarte,davi-lucca67@example.net,Aragão do Campo,AM,Eletrônicos,Eos,Nike,3,3427.6,1552.2,30,51.51,SITE,Débito,6,Recusado,Jadlog,Atrasado
1385,PED-75979,2025-03-28,2025-01-25,400,Srta. Hadassa Fernandes,albuquerqueana-carolina@example.com,Almeida,MT,Beleza,Eius,LG,2,1146.82,836.09,30,116.29,App,Boleto,1,Aprovado,Jadlog,Em trânsito
1386,PED-16956,2024-12-01,2024-09-09,913,Sophia Gonçalves,nathan48@example.net,Aparecida,AP,Casa,Dolorum,LG,1,1407.48,1599.0,0,42.29,App,Boleto,1,aprovado,Total Express,Entregue
1387,PED-11275,2025-05-04,2025-06-11,70,Luiz Fernando da Rosa,marcelocampos@example.net,Araújo de Sousa,RS,Beleza,Assumenda,LG,3,419.63,1752.18,30,37.14,Site,Crédito,1,Aprovado,Correios,Entregue
1388,PED-70646,2025-08-23,2024-07-08,1040,José Novaes,agathaduarte@example.net,Sales,MG,Casa,Rem,Samsung,5,3452.67,115.88,0,96.65,Aplicativo,Boleto,1,aprovado,Correios,Atrasado
1389,PED-13118,2025-01-19,2025-05-29,832,Ana Luiza Cavalcante,camilamarques@example.org,Sá,RO,Beleza,Doloribus,LG,2,1137.19,3223.71,0,83.84,Site,Débito,1,Aprovado,Total Express,Entregue
1390,PED-33886,2025-07-22,2024-10-25,897,Ana Sophia Caldeira,maria-lizcamargo@example.org,Pires,AM,Roupas,Saepe,Adidas,3,3058.13,255.35,0,103.19,Site,Crédito,1,Aprovado,Jadlog,Entregue
1391,PED-33998,2025-10-20,2025-07-10,711,Sr. Davi Miguel Fernandes,ramosmaite@example.com,Mendonça,AC,Beleza,Perferendis,LG,4,2236.32,2180.84,0,52.57,Site,Boleto,1,Pendente,Total Express,Entregue
1392,PED-26926,2025-04-04,2025-08-13,950,Ana Clara Castro,liamcastro@example.com,Porto de Pacheco,TO,Beleza,Mollitia,Adidas,1,3261.09,2493.62,20,80.89,Site,Débito,6,Aprovado,Correios,Entregue
1393,PED-61468,2025-03-08,2025-12-12,590,Anthony Araújo,kcardoso@example.com,Pinto,AM,Beleza,Error,Apple,3,2716.37,92.11,30,107.67,Site,Crédito,1,Recusado,Correios,Entregue
1394,PED-38116,2024-02-09,2025-04-08,878,Renan Rocha,limalaura@example.com,Macedo Alegre,AM,Eletrônicos,Velit,Adidas,5,2460.62,2673.09,0,8.64,App,Crédito,1,Recusado,Total Express,Atrasado
1395,PED-32840,2024-05-03,2025-08-25,1118,Enzo Gabriel Melo,ana-julia97@example.com,Cunha,SC,Roupas,Quis,LG,2,3187.09,2416.79,0,17.58,App,Boleto,1,Aprovado,Correios,Em trânsito
1396,PED-73818,2025-01-23,2024-07-26,1167,Ravi Albuquerque,ovargas@example.com,Pereira,ES,Beleza,Maiores,Samsung,1,1422.35,1528.23,20,7.05,app,Boleto,6,Pendente,Jadlog,Em trânsito
1397,PED-15778,2025-09-16,2024-02-28,495,Francisco Pires,gabrielacostela@example.com,Monteiro de Vasconcelos,MG,Casa,Tenetur,Adidas,3,2445.64,482.31,0,79.47,app,Pix,1,Recusado,Correios,Entregue
1398,PED-10364,2025-04-19,2025-05-15,805,Thiago Costela,wvieira@example.com,da Mata,RN,Casa,Pariatur,Nike,4,2667.73,2970.46,0,39.37,SITE,Débito,6,Recusado,Correios,Entregue
1399,PED-74648,2024-08-24,2025-12-08,436,Elisa Sousa,duarteana-julia@example.net,Viana das Flores,TO,Casa,Fuga,LG,3,498.53,1399.51,0,12.69,app,Pix,1,Aprovado,Total Express,Entregue
1400,PED-96703,2024-11-11,2024-03-11,1173,Maria Cecília Marques,kdias@example.com,Guerra,PE,eletronicos,Asperiores,Apple,2,1111.62,3003.24,0,1.83,Site,Crédito,6,Pendente,Total Express,Entregue
1401,PED-56683,2025-06-25,2024-02-24,501,Dr. Matteo Moraes,almeidacarolina@example.com,da Conceição,AL,Eletrônicos,Error,Genérica,5,1967.46,1478.32,0,29.16,SITE,Crédito,1,Pendente,Jadlog,Em trânsito
1402,PED-38828,2024-06-16,2025-10-26,279,Maya Martins,helena32@example.com,Melo,MG,Beleza,Quas,Samsung,3,3142.53,1204.07,10,40.09,app,Boleto,1,aprovado,Correios,Entregue
1403,PED-87780,2024-03-21,2025-09-16,868,Dr. Luiz Henrique Santos,luisa37@example.net,Guerra,SE,Roupas,Nihil,Apple,4,210.17,3338.72,0,50.29,SITE,Crédito,6,aprovado,Jadlog,Em trânsito
1404,PED-56363,2024-03-06,2025-12-08,1067,Dr. Igor Novais,luna89@example.org,Camargo,AM,eletronicos,Nihil,Samsung,3,1643.71,1648.62,0,83.39,SITE,Crédito,2,Aprovado,Correios,Em trânsito
1405,PED-31247,2025-04-27,2024-03-23,463,Cauã Ramos,sofia69@example.org,Fernandes de Cardoso,PI,Beleza,Aperiam,Samsung,2,702.21,2466.46,0,11.88,app,Débito,1,Recusado,Total Express,Entregue
1406,PED-78452,2024-06-02,2024-06-13,1174,Srta. Elisa Guerra,ucirino@example.com,Moura,RO,Casa,Modi,Genérica,1,2418.06,2001.12,10,12.77,Site,Boleto,1,Recusado,Jadlog,Atrasado
1407,PED-82168,2025-12-12,2025-02-02,168,Sr. Rafael da Mota,salesana-liz@example.org,Brito,PE,Beleza,Doloremque,LG,5,2636.21,2431.42,10,20.1,Site,Boleto,3,Aprovado,Total Express,Entregue
1408,PED-54521,2025-03-20,2025-01-04,485,Théo Montenegro,brunopastor@example.org,Costela,AC,Casa,Blanditiis,Adidas,5,3010.38,281.73,10,73.04,SITE,Boleto,1,Recusado,Jadlog,Em trânsito
1409,PED-17001,2026-01-25,2025-04-15,197,Théo Rocha,clarice52@example.com,Mendonça do Galho,MA,Beleza,Quaerat,Apple,2,2542.22,1694.86,0,6.48,app,Débito,3,Recusado,Total Express,Entregue
1410,PED-91955,2026-01-28,2025-10-07,469,Srta. Milena Leão,aparecidamaria-cecilia@example.org,Rocha,SP,eletronicos,Rerum,Genérica,2,254.1,355.95,0,58.47,App,Débito,6,aprovado,Total Express,Atrasado
1411,PED-24379,2024-07-10,2025-07-27,136,Clara Monteiro,cirinonatalia@example.org,da Paz do Norte,SP,Casa,Beatae,LG,5,2128.43,727.18,0,80.78,Site,Débito,1,aprovado,Correios,Em trânsito
1412,PED-29564,2025-01-11,2025-03-29,449,Arthur Gabriel Castro,wsa@example.org,Abreu,RR,eletronicos,Consectetur,Apple,4,1768.19,2984.18,0,83.45,Site,Débito,1,aprovado,Correios,Entregue
1413,PED-75973,2025-04-13,2024-04-29,192,Alana Pinto,tpastor@example.org,Martins,PA,Casa,Ullam,LG,1,1454.7,1415.76,0,81.86,Site,Pix,6,aprovado,Jadlog,Em trânsito
1414,PED-70240,2025-12-16,2024-07-13,729,João Vitor Aragão,dfernandes@example.net,Moraes de da Rocha,RJ,Casa,Tenetur,Adidas,1,2158.31,823.65,0,82.05,SITE,Crédito,2,Aprovado,Jadlog,Em trânsito
1415,PED-59560,2025-04-28,2025-05-08,84,Alexia da Cunha,thiagovasconcelos@example.com,Azevedo,MT,eletronicos,Cupiditate,Adidas,5,802.69,3307.19,0,31.64,app,Pix,1,Pendente,Jadlog,Entregue
1416,PED-29770,2025-09-07,2025-06-17,1163,Daniel Rezende,carvalholiz@example.com,Sousa,MS,Eletrônicos,Eum,Apple,1,1498.31,98.27,0,44.03,app,Pix,12,Pendente,Jadlog,Em trânsito
1417,PED-15318,2024-03-12,2024-06-13,785,Benicio Fogaça,camposantonio@example.com,Montenegro,RO,eletronicos,Ducimus,Genérica,4,3258.02,340.19,20,96.5,App,Pix,1,Recusado,Total Express,Em trânsito
1418,PED-43388,2024-07-29,2025-02-23,616,Srta. Laura Viana,agathaduarte@example.com,Ribeiro,TO,Eletrônicos,Voluptatibus,Nike,4,1400.73,727.4,0,72.56,SITE,Débito,3,Pendente,Jadlog,Entregue
1419,PED-49623,2025-04-16,2025-03-14,772,Dr. Danilo Sousa,leandrocastro@example.net,da Mota,MT,eletronicos,Ipsam,Nike,2,496.69,632.85,0,52.06,Site,Crédito,1,aprovado,Jadlog,Entregue
1420,PED-63862,2025-04-08,2025-10-17,282,Calebe Nascimento,peixotosophia@example.org,Souza do Amparo,RN,Roupas,Ut,Genérica,5,2449.22,969.61,0,12.17,app,Crédito,3,Pendente,Total Express,Atrasado
1421,PED-90963,2024-06-10,2024-10-05,201,Isaque Monteiro,da-costacarlos-eduardo@example.org,Pereira,PE,Beleza,Natus,Nike,2,2256.17,2549.02,30,10.16,app,Boleto,1,aprovado,Correios,Atrasado
1422,PED-54411,2025-06-18,2024-10-29,491,Bianca Sales,maria-liz01@example.com,Castro do Campo,RS,eletronicos,Quis,Genérica,3,3317.96,3410.67,0,106.68,Site,Pix,3,aprovado,Correios,Entregue
1423,PED-44175,2026-01-26,2024-11-10,415,Vitor Carvalho,icastro@example.org,Santos de Cavalcante,DF,Eletrônicos,Rem,Genérica,2,317.54,2487.1,0,101.8,app,Boleto,2,Aprovado,Jadlog,Atrasado
1424,PED-45006,2025-09-05,2024-05-18,758,Luana Santos,ryan04@example.com,Cassiano,CE,Casa,Sit,Genérica,4,3210.67,1994.82,0,59.93,Aplicativo,Boleto,3,Recusado,Total Express,Atrasado
1425,PED-53975,2025-06-05,2025-03-19,409,Amanda Gonçalves,dduarte@example.org,Abreu,AM,Roupas,Molestiae,Apple,4,1328.98,1679.05,0,47.16,app,Boleto,12,Aprovado,Jadlog,Entregue
1426,PED-46746,2024-04-14,2025-08-26,260,Srta. Laura Souza,sajose@example.org,Silveira,AL,Eletrônicos,Odio,Apple,3,1035.15,126.33,30,108.99,app,Pix,12,Recusado,Total Express,Entregue
1427,PED-54786,2025-04-27,2025-05-02,380,Thomas Fogaça,luisasouza@example.org,Sá dos Dourados,AL,Casa,Reprehenderit,Adidas,2,1164.68,3292.83,20,45.75,App,Boleto,1,Aprovado,Correios,Entregue
1428,PED-69401,2024-12-06,2025-09-27,566,Yan Pastor,brunasa@example.org,Azevedo,MS,eletronicos,Est,Apple,3,2730.37,2080.33,0,31.88,Aplicativo,Crédito,12,Recusado,Correios,Atrasado
1429,PED-44704,2024-04-03,2025-07-26,1116,Sofia Andrade,brunaaragao@example.com,Alves de Souza,MS,Beleza,Commodi,Apple,2,2784.6,593.08,10,97.99,App,Pix,1,aprovado,Total Express,Entregue
1430,PED-69350,2025-01-14,2025-01-30,1161,Sophia Teixeira,marcelofreitas@example.net,Costa,CE,Casa,Qui,Apple,4,829.72,3365.62,30,108.44,Site,Crédito,2,Recusado,Correios,Entregue
1431,PED-25761,2025-11-26,2025-11-08,163,Eduardo Macedo,borgesana-clara@example.org,da Rosa,RN,Roupas,Eum,Genérica,5,1590.89,3210.72,20,33.7,SITE,Débito,1,Recusado,Total Express,Entregue
1432,PED-66747,2024-03-31,2024-10-09,1036,Matheus Cavalcante,olivia85@example.net,Guerra,PI,Casa,Quidem,LG,3,2962.29,2294.18,30,59.77,Site,Boleto,1,aprovado,Total Express,Atrasado
1433,PED-13318,2024-06-02,2024-12-28,1084,Francisco Novaes,enzo-gabrielsiqueira@example.org,Lopes da Mata,PE,Casa,Libero,LG,2,817.85,1584.25,10,15.85,Aplicativo,Boleto,6,Recusado,Jadlog,Entregue
1434,PED-35556,2025-08-17,2024-11-14,959,Esther Vieira,ana-lizfarias@example.org,Araújo de Brito,AC,Eletrônicos,Tenetur,Samsung,3,3193.04,2277.68,0,111.0,App,Débito,12,Pendente,Total Express,Entregue
1435,PED-13222,2026-01-21,2024-08-10,753,Arthur Miguel Aparecida,lunnagoncalves@example.net,Nogueira,RN,Roupas,Voluptate,Genérica,5,2321.08,207.42,0,110.49,Aplicativo,Débito,6,aprovado,Correios,Em trânsito
1436,PED-34419,2025-12-26,2025-10-10,655,Anthony Azevedo,ymontenegro@example.net,Pereira de Montenegro,ES,Casa,Soluta,Genérica,2,463.71,141.32,0,27.21,app,Crédito,12,aprovado,Jadlog,Atrasado
1437,PED-92253,2025-06-23,2024-11-30,178,Diego Rios,pedro-lucasribeiro@example.net,Leão,SE,Casa,Ipsum,Apple,1,734.69,733.5,20,41.5,SITE,Boleto,1,Aprovado,Total Express,Atrasado
1438,PED-34443,2025-07-01,2025-10-03,1179,João Lucas Farias,manuelasousa@example.net,Almeida,RS,Casa,Veniam,Apple,3,490.98,1338.67,20,42.27,SITE,Débito,1,aprovado,Correios,Atrasado
1439,PED-68024,2024-09-24,2025-06-22,465,Murilo Nunes,leonardo99@example.com,Novais de Albuquerque,GO,Beleza,Doloremque,Apple,5,2131.69,651.36,0,43.63,Aplicativo,Débito,12,Recusado,Correios,Entregue
1440,PED-39705,2025-01-11,2024-11-16,867,Bianca Machado,moraesfernanda@example.com,Fonseca de Melo,MA,Casa,Quod,Samsung,5,1257.53,169.92,10,11.0,Site,Boleto,1,aprovado,Jadlog,Atrasado
1441,PED-75252,2025-01-06,2025-03-15,248,Benício Casa Grande,sara79@example.com,Pires da Praia,AC,Beleza,Aspernatur,Apple,2,1364.91,390.41,10,14.96,Aplicativo,Crédito,1,aprovado,Total Express,Atrasado
1442,PED-83429,2026-01-26,2025-07-16,375,Ágatha Farias,nicolasgomes@example.org,Duarte,RO,Eletrônicos,Odit,Nike,4,3234.5,2679.05,20,103.14,Aplicativo,Boleto,1,Recusado,Jadlog,Em trânsito
1443,PED-27173,2025-03-17,2025-11-22,298,Esther Cirino,wda-luz@example.com,Sá de Novais,RJ,eletronicos,Cumque,Apple,2,538.64,606.78,30,61.0,Site,Pix,1,aprovado,Jadlog,Atrasado
1444,PED-97864,2025-06-24,2024-08-04,1160,Alice da Rocha,sgomes@example.org,Melo dos Dourados,PE,eletronicos,Ad,Genérica,2,666.3,3356.32,10,6.86,SITE,Pix,1,Recusado,Total Express,Entregue
1445,PED-61067,2025-10-09,2025-08-16,497,Elisa Machado,agatha28@example.net,Siqueira de Albuquerque,MA,Casa,Ex,Apple,1,3000.04,445.85,0,32.59,Aplicativo,Pix,1,aprovado,Correios,Em trânsito
1446,PED-97687,2024-08-28,2024-12-11,646,Sra. Liz Campos,sousavitor-hugo@example.org,Costa,TO,eletronicos,Placeat,Adidas,3,2713.99,2303.54,0,17.82,Site,Débito,12,Pendente,Correios,Em trânsito
1447,PED-96651,2025-08-23,2024-03-28,118,Alice das Neves,melina95@example.org,Mendonça,RN,Beleza,Voluptas,LG,4,840.87,2907.19,10,78.82,Aplicativo,Crédito,1,Recusado,Jadlog,Entregue
1448,PED-57386,2024-08-12,2024-12-15,653,Sarah Aragão,renancarvalho@example.com,Nogueira do Norte,MT,Roupas,Adipisci,Adidas,1,2807.52,3281.9,30,8.08,Site,Boleto,6,Recusado,Correios,Entregue
1449,PED-84216,2025-04-02,2024-04-08,701,Fernando Abreu,yago85@example.net,Casa Grande da Praia,AC,Roupas,At,Nike,3,108.33,3270.04,0,69.15,Aplicativo,Débito,3,Recusado,Jadlog,Atrasado
1450,PED-75097,2025-12-31,2024-02-14,733,Guilherme Barros,da-rosaleonardo@example.org,da Mota,AM,eletronicos,Sint,Samsung,4,2821.83,2848.65,0,30.43,Aplicativo,Débito,6,Aprovado,Correios,Atrasado
1451,PED-95462,2024-12-07,2025-06-01,1017,Maria Luísa Pinto,jose-miguel66@example.org,Pinto Paulista,RR,Eletrônicos,Optio,Apple,1,566.37,302.86,0,68.59,Aplicativo,Boleto,2,Pendente,Jadlog,Entregue
1452,PED-84238,2024-04-28,2024-09-11,1072,Guilherme Silva,nmendonca@example.com,da Paz,MG,Casa,Recusandae,Apple,1,619.16,1742.4,10,27.76,app,Débito,1,Pendente,Total Express,Em trânsito
1453,PED-98467,2025-03-10,2024-04-26,58,Murilo Cassiano,jose-miguelsales@example.com,Alves,AM,Casa,Quasi,LG,5,3375.23,1894.94,10,77.85,Aplicativo,Pix,1,aprovado,Total Express,Atrasado
1454,PED-84929,2024-09-07,2025-01-23,633,Sra. Juliana Pacheco,isousa@example.org,Aparecida,MT,eletronicos,Non,Samsung,5,366.35,2706.37,0,37.05,Site,Pix,1,aprovado,Correios,Entregue
1455,PED-15987,2025-08-26,2025-01-10,325,Sr. Benjamin Albuquerque,helena08@example.org,Porto,BA,Eletrônicos,Ipsum,Adidas,1,1264.31,131.14,0,58.35,Aplicativo,Pix,1,Pendente,Jadlog,Em trânsito
1456,PED-10902,2024-06-24,2025-07-18,103,Benjamin Caldeira,gomesbrayan@example.com,Brito,GO,Eletrônicos,Placeat,Apple,4,3390.19,1651.72,0,37.1,Aplicativo,Boleto,2,Recusado,Total Express,Em trânsito
1457,PED-87736,2024-11-30,2025-06-05,922,Isabelly Freitas,csilveira@example.org,Silva Alegre,AL,Roupas,Illum,Samsung,4,2865.94,1380.52,0,51.2,Site,Pix,12,Recusado,Correios,Entregue
1458,PED-63307,2025-12-29,2025-07-20,501,Liam Alves,siqueiracecilia@example.com,Nunes de Minas,MA,Roupas,Dolore,LG,2,1672.4,179.84,30,46.33,App,Boleto,3,aprovado,Jadlog,Em trânsito
1459,PED-20364,2025-05-31,2024-06-25,226,Luna Campos,pastorlorena@example.org,Monteiro,SE,Beleza,Maxime,Genérica,3,523.87,2451.01,0,38.53,Site,Pix,3,Pendente,Total Express,Entregue
1460,PED-33494,2024-12-24,2025-05-29,754,José Miguel Pinto,isis49@example.com,Andrade,SE,Roupas,Aliquid,Samsung,2,1875.11,1646.22,30,24.76,App,Débito,1,Recusado,Total Express,Em trânsito
1461,PED-78749,2024-02-13,2025-10-30,1147,Luiz Gustavo da Luz,cfreitas@example.org,Cassiano,RN,Beleza,Doloremque,LG,5,1407.47,3232.98,10,78.9,SITE,Pix,1,Recusado,Jadlog,Atrasado
1462,PED-39020,2024-11-05,2025-07-23,630,Ana Sophia Fernandes,eduarda07@example.com,Novais,RN,Roupas,Sapiente,Samsung,3,2161.35,1414.55,20,70.69,app,Débito,12,Recusado,Jadlog,Atrasado
1463,PED-69099,2025-10-04,2024-02-19,584,Srta. Emanuelly Sampaio,carvalhojuan@example.net,da Mota da Serra,AP,eletronicos,Tenetur,Adidas,3,3075.9,960.09,20,91.09,app,Débito,1,aprovado,Correios,Atrasado
1464,PED-53016,2025-10-03,2025-08-31,1026,Elisa Novais,thales57@example.com,Abreu,MA,Casa,Nam,Apple,5,2544.18,2546.23,0,118.6,app,Pix,1,aprovado,Correios,Entregue
1465,PED-11045,2024-10-30,2024-07-23,1170,Camila das Neves,mgoncalves@example.com,Cardoso,AL,Casa,Officiis,Apple,1,2434.89,447.25,10,91.4,Aplicativo,Pix,1,Recusado,Correios,Em trânsito
1466,PED-92614,2024-07-28,2024-06-28,846,Sophie Cavalcanti,guilhermepimenta@example.net,Pires,PR,Roupas,Fugit,LG,4,2811.22,505.1,0,4.48,Site,Crédito,1,Recusado,Total Express,Em trânsito
1467,PED-49896,2025-03-15,2025-03-21,782,Daniel Moreira,silveiraantony@example.com,Fernandes,BA,Eletrônicos,Dolor,Apple,5,820.89,238.4,0,16.97,App,Crédito,1,Aprovado,Correios,Atrasado
1468,PED-70485,2024-09-07,2025-08-15,683,Ana Clara Sales,dmarques@example.org,Correia,RO,Casa,Perferendis,LG,5,2489.08,1401.04,0,69.88,Aplicativo,Crédito,3,Pendente,Correios,Atrasado
1469,PED-89886,2024-06-12,2024-05-06,448,Benjamim Sales,noahsantos@example.org,Cassiano,SC,Eletrônicos,Nulla,LG,3,1956.3,702.58,30,39.27,Aplicativo,Débito,1,Aprovado,Correios,Atrasado
1470,PED-82185,2024-12-31,2024-05-16,760,Bárbara Gomes,fcamara@example.org,Gomes,RR,Eletrônicos,Laudantium,Apple,3,3121.36,707.2,10,18.91,SITE,Crédito,12,aprovado,Correios,Em trânsito
1471,PED-69967,2024-02-21,2025-04-10,600,Davi Lucca Rezende,ksilva@example.org,Novaes,AC,eletronicos,Aut,LG,4,767.3,421.85,0,27.84,Aplicativo,Boleto,3,Pendente,Total Express,Entregue
1472,PED-14282,2024-12-19,2025-01-17,1131,Igor Rodrigues,sousaaylla@example.net,Costa,SP,Roupas,Similique,Genérica,2,2013.33,1018.0,20,115.11,SITE,Crédito,6,Pendente,Jadlog,Em trânsito
1473,PED-18442,2026-01-22,2025-06-13,954,Rodrigo Andrade,rebecaramos@example.org,Leão,PA,Roupas,Impedit,Apple,1,1092.24,2953.08,0,18.62,app,Pix,1,aprovado,Correios,Atrasado
1474,PED-89888,2024-09-08,2025-06-26,575,Luiz Otávio Mendonça,qguerra@example.net,da Mota,GO,Casa,Laudantium,Nike,3,675.05,2643.04,30,104.66,SITE,Débito,1,aprovado,Total Express,Entregue
1475,PED-91737,2025-09-03,2026-01-22,479,Isabela Carvalho,luiz-henrique65@example.net,Carvalho Verde,ES,Eletrônicos,Sit,Apple,1,513.83,1434.39,0,25.86,Site,Débito,1,aprovado,Correios,Em trânsito
1476,PED-63515,2025-02-28,2025-04-08,960,Breno Farias,joaquim80@example.com,Montenegro da Mata,AM,Casa,Quibusdam,Samsung,1,2362.63,1525.83,10,43.82,Site,Boleto,12,Pendente,Correios,Em trânsito
1477,PED-89910,2025-05-14,2026-01-23,712,Ana Vitória Fonseca,levi97@example.com,Melo,PB,Roupas,Consequuntur,Apple,1,648.78,2264.05,0,6.73,SITE,Débito,6,Recusado,Jadlog,Entregue
1478,PED-40800,2024-09-21,2025-10-18,60,João Silveira,macedooliver@example.org,Alves de Duarte,AM,eletronicos,Nihil,LG,2,211.0,1913.63,10,8.17,app,Crédito,1,Pendente,Total Express,Entregue
1479,PED-31418,2024-09-13,2025-01-08,272,Pedro Lucas Gomes,spereira@example.com,Ribeiro do Galho,SE,Roupas,Architecto,Samsung,3,251.79,2859.42,30,49.63,App,Boleto,6,Aprovado,Jadlog,Atrasado
1480,PED-93369,2024-05-24,2025-03-12,1015,Kevin Jesus,marinapastor@example.net,Rios,GO,Roupas,Debitis,LG,4,415.25,2763.98,20,112.29,SITE,Pix,1,Pendente,Jadlog,Atrasado
1481,PED-80991,2025-10-31,2025-01-04,466,Kamilly Jesus,vitor-hugomoura@example.com,da Rocha,CE,Beleza,Cum,Nike,2,2770.74,1668.61,0,40.74,Site,Débito,1,Recusado,Total Express,Entregue
1482,PED-86668,2025-05-29,2024-10-27,703,Davi Lucas da Cunha,santosjosue@example.net,Guerra,RS,Casa,Recusandae,Nike,5,1022.03,928.79,20,86.96,SITE,Débito,2,aprovado,Total Express,Entregue
1483,PED-69161,2024-06-08,2024-11-21,1175,Sra. Luana Fogaça,luiza96@example.org,Ramos Alegre,PE,Eletrônicos,Minima,Apple,1,498.47,346.54,0,14.31,Aplicativo,Crédito,1,Recusado,Total Express,Atrasado
1484,PED-64516,2024-02-20,2024-11-28,103,Dr. Théo Dias,maria-cecilianunes@example.com,Borges,RR,Eletrônicos,Consequuntur,Nike,1,3027.19,1722.32,30,4.33,SITE,Débito,1,Aprovado,Total Express,Atrasado
1485,PED-90904,2024-12-21,2025-04-24,516,Lara Duarte,fnovaes@example.org,Campos da Prata,MA,Roupas,Laudantium,Apple,5,1148.27,3105.84,0,59.28,SITE,Débito,1,Pendente,Jadlog,Atrasado
1486,PED-43361,2024-11-24,2024-10-18,512,Ana Sophia Fernandes,sampaiomatheus@example.com,Garcia da Prata,MT,eletronicos,Cupiditate,Adidas,4,677.17,124.05,0,17.96,Site,Boleto,1,Pendente,Total Express,Em trânsito
1487,PED-99797,2024-07-07,2024-11-10,534,Dra. Nicole da Mata,emanuel80@example.net,Pimenta,SC,Beleza,Molestias,Genérica,4,2982.49,713.63,0,88.8,Site,Débito,1,Recusado,Jadlog,Em trânsito
1488,PED-68041,2025-03-20,2024-06-12,38,Sra. Laís da Rosa,ana-sophia41@example.org,Ferreira,SP,Roupas,Recusandae,Adidas,5,1771.88,2117.31,0,1.41,Aplicativo,Crédito,12,aprovado,Correios,Em trânsito
1489,PED-90458,2025-03-01,2025-09-06,774,Caleb Porto,maria-sophia10@example.net,Sousa,AP,Beleza,Ea,Genérica,3,296.23,2693.01,0,22.74,Aplicativo,Boleto,1,aprovado,Jadlog,Em trânsito
1490,PED-93186,2024-05-07,2025-11-17,429,Lucas Gabriel Brito,barbosabernardo@example.org,Cavalcante Alegre,AC,eletronicos,Fugiat,Adidas,3,1478.7,974.63,10,110.55,Aplicativo,Pix,12,aprovado,Correios,Em trânsito
1491,PED-84349,2025-11-17,2025-12-26,315,Matteo da Cunha,lucassousa@example.net,Pinto,ES,Eletrônicos,Nisi,Nike,1,3106.09,1255.05,0,17.01,app,Débito,1,Recusado,Total Express,Atrasado
1492,PED-30665,2025-07-03,2025-04-16,310,Paulo da Luz,sabrinada-conceicao@example.org,Pimenta do Amparo,PE,Beleza,Cupiditate,LG,1,296.11,3238.01,10,26.2,SITE,Pix,1,Pendente,Correios,Em trânsito
1493,PED-42029,2024-08-28,2024-02-08,949,Natália Moraes,marcelasales@example.org,Moreira,MG,eletronicos,Assumenda,Genérica,4,644.64,2197.36,0,79.69,SITE,Crédito,2,Pendente,Correios,Em trânsito
1494,PED-96932,2025-11-08,2024-06-01,531,Sra. Liz Barbosa,sophia42@example.org,Gonçalves,ES,Beleza,Reiciendis,Adidas,1,2279.76,1951.73,0,23.34,Site,Débito,6,Aprovado,Correios,Em trânsito
1495,PED-85221,2024-08-16,2024-05-29,1095,Oliver Alves,lunna00@example.net,Barros Verde,PR,eletronicos,Occaecati,Genérica,2,271.6,2266.16,0,102.06,Site,Débito,12,Aprovado,Jadlog,Atrasado
1496,PED-48806,2025-05-25,2025-05-26,1048,Alice Nogueira,dom68@example.org,Siqueira,RS,Eletrônicos,Quod,Genérica,3,1907.23,3050.57,20,50.06,Aplicativo,Boleto,1,Aprovado,Correios,Atrasado
1497,PED-24383,2025-07-12,2025-12-22,1088,João Lucas Melo,ferreirajoao-pedro@example.net,Alves de Barbosa,SC,Roupas,Fuga,LG,5,1903.46,1393.65,0,90.01,Site,Crédito,12,Pendente,Correios,Atrasado
1498,PED-75860,2024-05-25,2024-10-16,1020,Thomas Silva,andrevargas@example.com,Fonseca do Norte,RR,Casa,Placeat,Genérica,5,1707.52,2920.08,20,39.28,Aplicativo,Boleto,1,Pendente,Total Express,Em trânsito
1499,PED-25565,2025-09-12,2024-07-05,892,Olívia Nunes,lramos@example.org,Sá dos Dourados,RR,eletronicos,Exercitationem,Apple,3,2321.84,435.69,0,85.78,Aplicativo,Débito,1,Aprovado,Correios,Entregue
1500,PED-12242,2024-05-30,2025-09-27,626,Gael Henrique Rezende,yuricavalcanti@example.org,Pimenta do Campo,RN,Eletrônicos,Ducimus,Samsung,3,612.68,922.63,0,95.5,Site,Pix,6,Pendente,Total Express,Atrasado
1501,PED-24669,2025-09-30,2025-07-12,185,Danilo Mendonça,isabel56@example.com,Gomes,TO,Casa,Eius,Adidas,4,579.31,2673.21,20,73.13,app,Pix,3,Aprovado,Total Express,Entregue
1502,PED-77330,2025-08-07,2025-06-21,408,Sarah Ramos,bryanpereira@example.org,Camargo,PB,Eletrônicos,Voluptatem,Genérica,5,118.66,806.72,10,50.67,Site,Débito,6,Aprovado,Correios,Entregue
1503,PED-55591,2024-10-27,2025-07-11,403,Isaac Novaes,bernardoguerra@example.org,da Costa,MT,eletronicos,Explicabo,Adidas,3,717.2,1416.3,0,0.46,Site,Pix,12,aprovado,Jadlog,Entregue
1504,PED-79397,2025-09-07,2025-08-02,482,Maria Vitória Souza,souzaryan@example.com,Viana,RR,Beleza,Nostrum,Genérica,1,3276.85,1958.37,0,110.99,app,Débito,6,Aprovado,Correios,Em trânsito
1505,PED-62180,2025-02-28,2024-09-13,1094,Yuri Novaes,ilopes@example.org,Costa Alegre,DF,Casa,Illum,Apple,4,2659.19,3270.79,0,21.28,app,Débito,12,Pendente,Total Express,Entregue
1506,PED-38113,2024-09-08,2024-06-03,991,João Pedro Moura,maragao@example.net,Sales de Guerra,PA,Casa,Aspernatur,Genérica,1,1794.52,2240.75,30,115.62,Aplicativo,Débito,2,Pendente,Correios,Entregue
1507,PED-66892,2025-12-01,2025-02-02,1131,Isaac Cardoso,thales68@example.net,Duarte do Galho,CE,Roupas,Odit,Samsung,1,3407.36,705.06,30,60.7,SITE,Débito,1,aprovado,Correios,Atrasado
1508,PED-80852,2025-09-30,2024-08-22,1041,Sabrina Vargas,daniela78@example.org,Marques do Sul,DF,eletronicos,Molestiae,LG,2,1640.75,2120.3,0,63.4,App,Crédito,2,Pendente,Jadlog,Em trânsito
1509,PED-22448,2025-09-09,2025-08-16,89,Paulo Vargas,da-cunhacaua@example.net,Martins,PI,Casa,Voluptates,Genérica,3,2898.05,626.32,30,107.86,app,Crédito,12,Recusado,Correios,Entregue
1510,PED-91417,2025-05-06,2024-11-23,261,Nathan Novais,ffarias@example.net,Correia,ES,Casa,Quaerat,Adidas,4,3350.0,452.89,20,83.38,App,Boleto,3,aprovado,Total Express,Atrasado
1511,PED-49178,2024-08-31,2025-03-05,717,Dr. Caleb Moura,nascimentolorenzo@example.org,Souza,TO,Casa,Fuga,Apple,1,3467.83,2885.58,0,84.18,Aplicativo,Pix,6,Pendente,Total Express,Em trânsito
1512,PED-32389,2024-04-25,2025-05-09,725,João Gabriel Macedo,da-rochabernardo@example.net,Barbosa do Norte,RN,Beleza,Accusantium,Samsung,2,1166.67,754.28,20,60.87,app,Débito,1,Recusado,Correios,Atrasado
1513,PED-45760,2024-05-13,2024-02-12,892,Maria Luísa Marques,vitorsa@example.com,Leão Verde,RO,Eletrônicos,Quae,Nike,3,3108.75,2048.69,20,2.7,App,Boleto,1,Pendente,Jadlog,Atrasado
1514,PED-49913,2025-12-19,2024-08-27,129,Valentim da Luz,macedodavi-lucca@example.com,Campos,GO,Casa,Maiores,Adidas,5,1417.43,124.5,0,66.39,app,Boleto,1,Pendente,Jadlog,Atrasado
1515,PED-56129,2025-07-27,2024-10-04,1170,Nicolas Martins,da-motalunna@example.com,Nunes Alegre,RO,Roupas,Esse,Nike,3,309.67,1806.25,20,96.24,App,Crédito,2,Pendente,Correios,Em trânsito
1516,PED-70074,2025-02-27,2024-07-23,1063,Valentina Rocha,qlima@example.com,Vasconcelos,MG,Roupas,Unde,Apple,4,2579.11,1900.7,20,12.82,Aplicativo,Pix,12,Aprovado,Jadlog,Em trânsito
1517,PED-51423,2024-05-27,2025-07-02,21,Nina Aragão,casa-grandebella@example.net,Novaes,SE,Beleza,Tempora,Apple,5,2831.4,3071.64,0,115.78,Site,Crédito,1,Pendente,Correios,Em trânsito
1518,PED-15122,2025-09-07,2025-01-06,813,Sr. Francisco Moura,santoselisa@example.org,Leão,AM,Casa,Illum,LG,5,2126.31,261.16,20,21.5,app,Pix,1,Aprovado,Correios,Entregue
1519,PED-82912,2024-05-19,2025-04-21,1106,Olívia Silveira,tpastor@example.net,Moura de Fernandes,BA,Beleza,Distinctio,Adidas,2,3068.52,2825.52,0,57.9,app,Débito,3,Pendente,Jadlog,Atrasado
1520,PED-23891,2025-05-06,2024-11-16,1134,Dr. Emanuel Almeida,gaelcamara@example.org,Cirino de Silveira,PA,Roupas,Itaque,Nike,2,100.26,3242.82,10,94.6,Site,Crédito,1,aprovado,Correios,Atrasado
1521,PED-55208,2025-08-07,2025-06-03,800,Valentina da Luz,joaquim90@example.org,Caldeira,ES,Casa,Quaerat,Samsung,5,3115.69,2736.01,0,77.41,Site,Pix,2,Recusado,Correios,Atrasado
1522,PED-44217,2025-07-06,2025-05-17,1158,Lorena Câmara,isaquemachado@example.com,Nunes de Fogaça,SP,eletronicos,Rem,Nike,5,2344.13,3145.35,0,51.84,app,Crédito,3,Pendente,Total Express,Entregue
1523,PED-95672,2025-02-09,2024-12-21,243,Augusto Sampaio,daniela74@example.org,Barbosa,AL,Beleza,Natus,Nike,2,1479.84,2267.45,0,3.75,SITE,Boleto,1,Aprovado,Correios,Entregue
1524,PED-45570,2025-01-01,2025-02-12,606,Sr. José Miguel da Luz,maria-luisa66@example.net,Freitas do Sul,ES,Roupas,Voluptatibus,LG,2,2125.01,3286.59,10,58.07,App,Boleto,3,Pendente,Jadlog,Entregue
1525,PED-49437,2024-02-15,2024-03-23,80,Antonella Sampaio,vcampos@example.com,Andrade do Galho,BA,Casa,Quos,Apple,2,453.06,3190.06,20,71.68,Aplicativo,Débito,1,Pendente,Correios,Entregue
1526,PED-33697,2025-10-21,2026-01-08,256,Gabrielly Fonseca,calebe97@example.org,Garcia,PA,Beleza,Dolorem,Samsung,3,863.9,3264.95,30,79.19,Aplicativo,Crédito,1,Pendente,Jadlog,Em trânsito
1527,PED-60960,2024-08-08,2024-03-12,622,Raul Albuquerque,vlopes@example.com,Leão de Minas,AL,Beleza,Voluptas,LG,3,1334.66,818.79,10,39.15,Site,Débito,3,aprovado,Jadlog,Entregue
1528,PED-74107,2024-05-23,2025-10-20,168,Luna Barros,iaragao@example.net,Pereira,RS,eletronicos,Necessitatibus,LG,3,2563.86,802.66,0,84.18,app,Crédito,1,aprovado,Jadlog,Entregue
1529,PED-96299,2025-01-28,2025-12-17,379,Cauê Vargas,ana-sophiaazevedo@example.com,Silva,AP,Eletrônicos,Corrupti,Samsung,4,867.06,2736.86,0,76.0,Aplicativo,Boleto,1,Pendente,Jadlog,Atrasado
1530,PED-94218,2025-02-08,2025-02-24,1118,Lorenzo Oliveira,jose-miguelvasconcelos@example.com,da Rocha da Praia,RO,eletronicos,Ratione,Adidas,3,1967.11,2507.66,0,66.5,SITE,Débito,3,Recusado,Correios,Atrasado
1531,PED-55387,2025-10-25,2024-12-24,287,Dante Garcia,luanalves@example.net,Pastor de Carvalho,AC,Roupas,Pariatur,Samsung,4,449.01,1783.13,10,44.19,Site,Boleto,1,Aprovado,Jadlog,Entregue
1532,PED-79349,2025-07-30,2025-03-31,97,Vitor Sales,nataliacamargo@example.org,Mendes da Praia,ES,Roupas,Ratione,LG,5,369.97,1596.42,0,32.31,SITE,Pix,6,aprovado,Jadlog,Entregue
1533,PED-49002,2025-11-15,2025-11-07,898,Marina Santos,maria-alicemartins@example.net,Sousa de Cassiano,MA,Beleza,Sunt,Genérica,3,436.87,2773.67,10,14.29,app,Pix,6,Pendente,Correios,Em trânsito
1534,PED-47930,2024-02-09,2024-09-06,417,Lavínia Sales,stellafernandes@example.com,Pereira de Fernandes,CE,Eletrônicos,Excepturi,LG,2,1734.74,1893.39,0,23.43,app,Débito,2,Aprovado,Correios,Atrasado
1535,PED-36350,2026-01-14,2024-03-26,491,Sra. Maria Julia Fernandes,pimentacamila@example.org,Azevedo,MS,Beleza,Ullam,Adidas,2,1523.58,179.15,10,60.72,SITE,Crédito,1,aprovado,Jadlog,Atrasado
1536,PED-72287,2025-06-10,2025-05-08,403,Manuela Mendes,biancamoura@example.org,Nunes de Macedo,RJ,Eletrônicos,Debitis,LG,5,1550.04,1140.1,0,37.62,Site,Boleto,6,Recusado,Jadlog,Em trânsito
1537,PED-96624,2024-08-04,2025-12-20,436,Raquel Ribeiro,ravy05@example.com,Barbosa,RJ,Roupas,Quam,Genérica,2,1715.08,2829.93,20,6.0,app,Crédito,1,Pendente,Total Express,Em trânsito
1538,PED-34640,2025-12-06,2025-12-24,600,Sophia Albuquerque,raquelcavalcanti@example.org,Ramos de Teixeira,AC,Roupas,Fugit,Nike,4,352.3,1703.21,30,45.47,SITE,Boleto,3,Aprovado,Jadlog,Entregue
1539,PED-37512,2024-08-06,2024-05-31,812,Srta. Luísa Moura,piresigor@example.org,Sá do Oeste,SP,eletronicos,Alias,Adidas,5,2035.79,3115.87,30,95.26,App,Pix,1,Aprovado,Total Express,Entregue
1540,PED-24701,2025-08-12,2025-08-17,99,Dom Souza,pereiravalentina@example.org,Freitas Alegre,RR,Beleza,Facilis,Adidas,5,1223.98,836.17,0,63.76,SITE,Pix,1,Aprovado,Total Express,Entregue
1541,PED-80818,2025-01-13,2025-12-06,839,Dr. João Guilherme Pastor,zmoreira@example.org,Peixoto da Praia,RN,Beleza,Dolorum,LG,3,637.19,1067.09,0,88.33,app,Pix,3,Pendente,Total Express,Em trânsito
1542,PED-67414,2024-11-21,2024-11-19,350,Sr. Bryan Cirino,zoe30@example.net,Cardoso,MT,Beleza,Officiis,LG,4,1183.65,2499.43,0,90.51,SITE,Crédito,12,Aprovado,Correios,Entregue
1543,PED-19366,2025-02-06,2025-05-10,904,Maria Fernanda Andrade,valentina70@example.org,Fogaça da Mata,TO,Beleza,Ipsam,Nike,5,2151.75,3145.32,30,100.63,SITE,Pix,3,aprovado,Total Express,Atrasado
1544,PED-69225,2025-02-11,2025-01-08,168,Stephany Rezende,mendesalexandre@example.org,da Mata,SP,Casa,Vero,Samsung,3,2639.61,1875.47,0,111.05,Site,Pix,12,aprovado,Jadlog,Em trânsito
1545,PED-30955,2025-10-21,2025-05-09,1072,Luiz Otávio da Mata,luiz-miguel56@example.org,Araújo de Moura,MS,Casa,Unde,Adidas,1,336.35,2555.11,30,3.56,app,Pix,12,Pendente,Total Express,Entregue
1546,PED-20736,2024-07-23,2025-08-11,1184,Sr. Danilo Duarte,noahcasa-grande@example.net,Alves,TO,eletronicos,Libero,Adidas,4,2928.31,325.26,0,69.17,Site,Débito,12,Aprovado,Jadlog,Em trânsito
1547,PED-85640,2025-03-16,2024-05-10,97,Miguel Abreu,oda-rosa@example.com,Azevedo,MT,Roupas,Doloribus,LG,2,1982.95,1517.03,10,70.22,SITE,Pix,1,Recusado,Total Express,Atrasado
1548,PED-80577,2025-10-26,2024-02-25,43,Elisa Fonseca,lizdas-neves@example.com,Almeida,AC,Casa,Maxime,Genérica,1,2702.37,2357.83,0,15.18,Aplicativo,Crédito,6,Aprovado,Correios,Atrasado
1549,PED-41605,2025-02-05,2024-02-24,1198,Zoe Cavalcante,joao-vitoraragao@example.org,das Neves,RR,Eletrônicos,Maiores,Samsung,2,3356.91,1887.6,20,118.17,App,Débito,6,Recusado,Jadlog,Entregue
1550,PED-41896,2024-11-18,2024-05-28,874,Isabel Farias,scirino@example.com,Costela do Sul,AC,Eletrônicos,Delectus,Adidas,1,2430.79,1181.91,20,95.71,app,Crédito,1,Recusado,Jadlog,Entregue
1551,PED-27777,2025-09-05,2025-12-16,614,Dr. Luiz Miguel Novais,samaria-luiza@example.org,Novaes,MA,eletronicos,Sit,Genérica,4,762.72,290.39,0,111.92,app,Boleto,1,Pendente,Jadlog,Entregue
1552,PED-67654,2024-12-10,2025-04-17,162,Yasmin Aragão,caldeirarebeca@example.net,Cavalcante,PR,eletronicos,Cum,Genérica,3,1808.32,2118.56,20,29.44,App,Débito,12,Aprovado,Total Express,Entregue
1553,PED-92133,2025-09-25,2024-05-20,684,Caio Fogaça,gcampos@example.org,Alves da Mata,SE,Beleza,Ratione,LG,4,361.7,2233.4,0,54.04,SITE,Crédito,6,Recusado,Jadlog,Em trânsito
1554,PED-41379,2026-01-13,2025-12-01,1198,Emanuella da Mata,isiscamargo@example.org,Borges,PB,Casa,Ea,Adidas,2,1281.89,2775.0,0,12.15,App,Débito,2,Aprovado,Total Express,Entregue
1555,PED-76592,2025-11-27,2025-01-30,492,Bento Cavalcante,joao-pedrofonseca@example.net,Fonseca do Campo,PE,Casa,Officiis,Nike,2,1626.43,3000.65,20,71.34,Aplicativo,Boleto,1,Recusado,Correios,Em trânsito
1556,PED-33211,2025-10-31,2026-01-19,1068,Antony Mendes,mda-conceicao@example.com,Camargo de Minas,PR,Eletrônicos,Alias,Nike,3,934.67,2868.65,30,49.47,Site,Crédito,3,Pendente,Jadlog,Atrasado
1557,PED-36835,2025-08-04,2025-09-04,686,Maria Novaes,lucas-gabrielmacedo@example.net,Garcia,ES,Beleza,Laudantium,Genérica,3,1463.1,966.32,0,115.6,Site,Débito,6,Aprovado,Correios,Em trânsito
1558,PED-38048,2025-10-18,2025-10-02,17,Maria Cecília Borges,leaocaleb@example.org,da Mota,AC,Roupas,Tempora,Apple,4,1497.96,1506.66,20,104.68,App,Pix,6,Recusado,Jadlog,Entregue
1559,PED-79319,2024-04-27,2024-03-20,1186,Diego Câmara,barrosmaria@example.com,da Paz,CE,eletronicos,Consequuntur,Adidas,3,2790.15,3246.65,20,49.41,Site,Boleto,2,Pendente,Jadlog,Atrasado
1560,PED-96412,2024-06-08,2025-06-24,8,Caroline Gomes,joaquim85@example.net,Azevedo,RJ,Beleza,Libero,Apple,2,1794.51,2684.18,0,112.62,app,Boleto,12,Recusado,Jadlog,Em trânsito
1561,PED-24665,2025-11-01,2025-07-01,486,Emanuella Melo,siqueiracaroline@example.net,Cardoso do Norte,SP,Roupas,Quos,Adidas,4,518.46,1743.81,10,31.91,SITE,Crédito,6,Pendente,Total Express,Atrasado
1562,PED-25704,2024-05-14,2024-05-23,217,Sarah Brito,fernandescaua@example.net,Araújo,BA,Casa,Sit,LG,1,750.68,3317.53,20,60.47,app,Crédito,3,Pendente,Correios,Atrasado
1563,PED-71589,2024-10-27,2025-09-29,908,Diego Rios,natalialopes@example.net,Silveira,ES,Roupas,Repudiandae,Adidas,2,2576.43,789.85,0,91.32,Aplicativo,Crédito,12,Recusado,Correios,Entregue
1564,PED-11104,2024-10-30,2025-10-28,26,Maria Fernanda Pacheco,matheussa@example.net,Freitas da Mata,CE,Beleza,Dolorem,Samsung,3,715.85,2899.37,10,116.32,SITE,Débito,2,aprovado,Jadlog,Em trânsito
1565,PED-31870,2024-05-31,2024-12-03,81,Renan Pereira,agatha47@example.org,Souza,PR,Roupas,Minus,Samsung,2,3025.13,852.62,0,73.35,App,Boleto,2,aprovado,Correios,Em trânsito
1566,PED-46634,2025-11-27,2025-05-10,136,Theo Cavalcante,kcastro@example.net,Teixeira de Costela,PR,Eletrônicos,Voluptate,Samsung,4,2428.66,2944.09,0,11.96,SITE,Débito,1,Recusado,Correios,Atrasado
1567,PED-94311,2025-11-06,2025-10-02,155,Srta. Laís Novaes,nrodrigues@example.net,Campos,PA,Eletrônicos,Ratione,Adidas,4,2515.33,1118.0,30,110.83,SITE,Pix,3,Pendente,Correios,Atrasado
1568,PED-83140,2025-01-21,2026-01-15,973,Milena Cavalcanti,isabella49@example.net,Mendes Verde,MG,eletronicos,Magnam,Genérica,4,3441.22,3036.15,20,48.82,SITE,Débito,1,Aprovado,Jadlog,Em trânsito
1569,PED-28894,2024-06-11,2025-12-27,380,Eloah Nunes,gabriellyabreu@example.org,Garcia Grande,PI,Roupas,Quia,Samsung,3,2921.72,2443.95,30,25.68,Aplicativo,Crédito,1,Aprovado,Correios,Entregue
1570,PED-50039,2024-09-06,2025-10-12,784,Arthur Gabriel Montenegro,zgarcia@example.net,Azevedo,AM,Beleza,Tempore,Nike,1,2422.02,792.14,10,1.44,app,Boleto,2,aprovado,Correios,Entregue
1571,PED-14606,2025-09-08,2025-12-26,66,Eloah Nascimento,diego62@example.com,Porto de Minas,RN,Beleza,Dignissimos,LG,2,1398.69,2818.93,30,16.27,app,Pix,1,Pendente,Total Express,Atrasado
1572,PED-14086,2025-08-09,2024-06-24,21,Cecília Macedo,caldeiraluiza@example.net,Costa,DF,Roupas,Ipsa,Nike,4,2136.96,153.59,0,59.39,SITE,Pix,12,Aprovado,Correios,Em trânsito
1573,PED-38336,2025-08-22,2024-07-16,946,Diogo Sousa,brendafreitas@example.net,Araújo,PB,Eletrônicos,Possimus,Apple,1,2307.5,642.24,0,13.1,app,Boleto,3,Aprovado,Total Express,Atrasado
1574,PED-71946,2025-04-25,2025-04-28,155,Ana Beatriz da Cruz,gomesrodrigo@example.net,Pereira,MA,Casa,Animi,Nike,2,690.45,136.08,0,37.95,App,Boleto,12,Aprovado,Jadlog,Entregue
1575,PED-84642,2024-10-14,2026-01-14,343,Juliana Guerra,arthur12@example.net,Pastor da Serra,PA,Beleza,Doloribus,Samsung,4,2928.11,1619.02,0,29.39,Site,Débito,12,aprovado,Jadlog,Em trânsito
1576,PED-27268,2025-01-09,2024-08-01,377,Stephany Montenegro,eduardosales@example.net,Mendes de da Mata,AC,Roupas,At,Apple,1,2285.41,103.12,0,21.73,app,Pix,12,Aprovado,Correios,Atrasado
1577,PED-97073,2025-06-09,2024-10-16,35,André Peixoto,beatriz23@example.net,Montenegro,MG,Beleza,Quod,LG,3,2609.58,1588.97,10,106.0,Aplicativo,Crédito,1,aprovado,Jadlog,Atrasado
1578,PED-91986,2024-10-23,2024-08-08,724,Dr. Leandro Campos,antonycassiano@example.com,Sampaio de Fernandes,MA,Roupas,Omnis,Samsung,2,3234.17,1672.62,0,78.19,app,Pix,6,Aprovado,Total Express,Entregue
1579,PED-45435,2024-08-09,2025-10-26,707,Lucca Pimenta,apollo16@example.com,Ribeiro do Amparo,RJ,Roupas,Magnam,Adidas,5,1260.11,1368.81,0,12.69,app,Crédito,1,Aprovado,Correios,Em trânsito
1580,PED-80843,2025-08-05,2025-09-22,829,João Guilherme Cavalcanti,leonardoramos@example.org,Moura,AM,Roupas,Necessitatibus,Genérica,5,2818.05,3102.89,0,57.48,Aplicativo,Boleto,1,aprovado,Jadlog,Em trânsito
1581,PED-17705,2024-11-01,2025-09-25,20,Isabel Azevedo,ocamara@example.com,Pereira Alegre,PI,Beleza,Iusto,Adidas,3,1126.27,942.92,20,89.9,Aplicativo,Crédito,3,Aprovado,Total Express,Entregue
1582,PED-74316,2024-10-19,2024-02-18,598,Sr. Brayan Aparecida,fernandesmaria-liz@example.org,Teixeira,PE,Beleza,Sit,Adidas,2,345.85,1087.68,0,48.44,app,Débito,2,aprovado,Correios,Em trânsito
1583,PED-40207,2025-12-26,2025-12-15,571,Isadora Barros,otto96@example.net,Ribeiro de Minas,SE,Beleza,Totam,LG,5,1557.81,1599.21,0,60.5,Site,Débito,3,Pendente,Jadlog,Em trânsito
1584,PED-66582,2024-08-31,2025-01-22,384,Joana da Costa,yuri30@example.net,Barros,CE,eletronicos,Natus,Genérica,1,630.2,3492.66,0,89.22,Aplicativo,Débito,12,Aprovado,Jadlog,Em trânsito
1585,PED-10195,2025-08-04,2025-12-31,427,Valentim Novaes,enzo-gabriel06@example.net,Peixoto do Oeste,RR,eletronicos,Autem,Samsung,1,121.14,1942.48,10,29.84,App,Boleto,2,aprovado,Total Express,Entregue
1586,PED-90240,2024-04-24,2024-08-01,10,Enzo Pimenta,ana-luiza80@example.com,Camargo do Oeste,PA,Eletrônicos,Repudiandae,Adidas,5,2022.49,2734.6,0,14.56,Site,Boleto,12,Aprovado,Correios,Atrasado
1587,PED-22103,2025-02-27,2024-09-28,788,Danilo Caldeira,castrosofia@example.org,Dias Alegre,RO,Beleza,Expedita,Genérica,2,2880.38,529.08,10,24.18,Aplicativo,Boleto,6,Aprovado,Jadlog,Entregue
1588,PED-81011,2024-11-07,2025-09-02,690,Dra. Joana Costela,maria-helena99@example.net,da Cruz Alegre,SE,Roupas,Maxime,Adidas,1,3302.67,3039.77,20,51.03,App,Boleto,1,Aprovado,Correios,Entregue
1589,PED-88213,2025-02-07,2024-03-20,1055,Srta. Lunna Rios,csouza@example.com,Aparecida Verde,CE,Roupas,Saepe,Genérica,2,909.19,459.66,0,86.76,SITE,Boleto,1,Aprovado,Total Express,Entregue
1590,PED-51725,2025-01-31,2024-02-23,190,Clara Costa,kporto@example.net,Porto de Nunes,CE,Beleza,Repellat,Adidas,3,2445.34,1187.56,0,91.11,App,Débito,1,aprovado,Total Express,Em trânsito
1591,PED-97127,2025-10-11,2024-12-12,25,Yasmin Vieira,lcastro@example.net,Teixeira,SP,Eletrônicos,Iusto,LG,2,1167.6,875.15,10,49.33,Aplicativo,Pix,2,Recusado,Jadlog,Atrasado
1592,PED-45826,2024-06-14,2025-01-16,829,Sr. Marcelo Pinto,sampaiojoao-vitor@example.net,da Luz da Praia,MS,Casa,Doloribus,Nike,2,2520.59,379.44,20,16.55,Site,Débito,6,Aprovado,Total Express,Atrasado
1593,PED-29950,2024-06-01,2025-04-28,283,Matteo Cavalcante,vasconceloslevi@example.org,da Rocha,SE,eletronicos,Veniam,Adidas,4,2107.8,2696.35,0,17.92,Aplicativo,Débito,1,Recusado,Total Express,Entregue
1594,PED-75127,2025-03-30,2025-11-24,537,Luiz Fernando da Mata,da-conceicaoana-clara@example.net,Viana de Goiás,RO,Roupas,Culpa,Apple,4,834.54,3198.96,30,116.51,Aplicativo,Pix,1,aprovado,Jadlog,Em trânsito
1595,PED-12280,2024-05-14,2025-07-15,18,José Pedro Machado,brayancasa-grande@example.com,Barbosa do Campo,GO,Roupas,Ducimus,Samsung,2,2188.15,3474.09,20,114.05,app,Pix,1,Aprovado,Total Express,Em trânsito
1596,PED-19102,2025-04-10,2025-10-22,362,Esther Guerra,rhavifernandes@example.org,Teixeira Alegre,DF,Roupas,Consectetur,LG,5,111.75,2346.18,10,13.73,Site,Crédito,2,aprovado,Correios,Entregue
1597,PED-44668,2025-11-09,2025-10-12,874,Emanuelly Nascimento,nascimentoluisa@example.net,Sampaio,GO,Casa,Occaecati,Samsung,1,344.12,1987.37,20,17.2,Site,Crédito,1,aprovado,Correios,Entregue
1598,PED-84422,2025-03-08,2024-06-03,875,Marcos Vinicius das Neves,wnunes@example.com,Macedo,PB,Eletrônicos,Architecto,LG,1,481.57,2309.28,0,113.58,App,Crédito,2,Pendente,Jadlog,Em trânsito
1599,PED-39411,2025-11-09,2024-04-27,530,João Vitor Costela,cavalcantezoe@example.org,Costela,PB,Roupas,Asperiores,Nike,1,3398.73,1103.84,0,107.26,Aplicativo,Boleto,1,Recusado,Jadlog,Entregue
1600,PED-24034,2025-09-03,2025-08-27,181,Cauã Vargas,davi-miguel64@example.net,da Mota dos Dourados,RJ,Roupas,Impedit,Apple,1,1312.53,2531.17,30,117.96,App,Boleto,12,aprovado,Jadlog,Entregue
1601,PED-55838,2025-08-25,2025-09-13,1144,Ana Julia Freitas,kdias@example.com,Castro de Goiás,SC,Casa,Officia,Samsung,4,3497.15,1894.92,0,112.82,Site,Débito,12,Pendente,Total Express,Entregue
1602,PED-61673,2025-08-28,2025-07-05,928,Davi Lucas Vieira,laismendonca@example.org,Oliveira Alegre,RO,Eletrônicos,Quisquam,Adidas,4,2973.2,2477.39,10,112.19,Aplicativo,Débito,12,aprovado,Jadlog,Entregue
1603,PED-91448,2024-12-26,2024-10-05,906,Yago Novais,luan25@example.net,Moreira,PB,Casa,Cumque,Adidas,4,1811.7,2962.87,20,35.21,Aplicativo,Crédito,6,aprovado,Total Express,Entregue
1604,PED-93769,2024-09-04,2025-08-22,426,Emanuel Albuquerque,thalesmendonca@example.net,Câmara,PB,Roupas,Fuga,Samsung,1,1474.09,3267.64,20,36.4,app,Boleto,1,aprovado,Correios,Entregue
1605,PED-51052,2025-12-18,2025-12-15,557,Emanuel Costa,spimenta@example.com,Guerra do Campo,RJ,eletronicos,Culpa,LG,1,1109.97,1496.5,30,90.47,app,Débito,1,aprovado,Correios,Em trânsito
1606,PED-93518,2024-09-02,2024-02-16,887,Isabel Silva,freitasantonio@example.org,Farias,RO,Roupas,Dolores,Adidas,3,614.51,935.88,0,2.06,Aplicativo,Pix,12,Recusado,Total Express,Entregue
1607,PED-26216,2024-06-11,2025-09-14,208,Theodoro Vieira,xaraujo@example.com,Mendes,TO,Beleza,Ipsa,Nike,2,1936.12,327.06,0,55.63,Site,Boleto,1,Recusado,Correios,Em trânsito
1608,PED-98757,2025-02-02,2026-01-22,589,Théo Vieira,carvalholunna@example.org,Teixeira,AC,Beleza,Assumenda,Adidas,2,2547.85,1872.41,0,70.4,Aplicativo,Crédito,2,Pendente,Jadlog,Entregue
1609,PED-55523,2024-05-31,2024-08-21,202,Pietro Vieira,smelo@example.org,Sá da Praia,PE,Eletrônicos,Labore,Samsung,2,364.32,2862.36,0,37.32,App,Crédito,12,aprovado,Correios,Entregue
1610,PED-25527,2024-12-22,2025-02-06,823,Raquel Pimenta,kabreu@example.com,Lopes do Norte,AM,Eletrônicos,Quaerat,LG,5,2616.71,1871.23,0,98.86,SITE,Boleto,1,Aprovado,Total Express,Atrasado
1611,PED-94129,2024-06-18,2024-04-13,1035,Anthony Gabriel Mendes,isabella39@example.net,Pereira de Gomes,BA,Casa,Repellat,Samsung,1,749.09,265.56,30,24.2,app,Boleto,3,Aprovado,Correios,Entregue
1612,PED-46178,2024-11-16,2025-02-28,67,Joana Castro,xfonseca@example.org,Guerra,PB,Eletrônicos,Neque,Apple,3,3220.49,1688.21,0,28.88,Aplicativo,Crédito,3,Pendente,Total Express,Atrasado
1613,PED-64387,2024-10-28,2025-06-13,94,Melina Aparecida,maria-alicecassiano@example.com,Cardoso de Fogaça,RR,Eletrônicos,Minima,Genérica,4,3100.17,586.78,0,82.05,app,Crédito,6,Recusado,Correios,Atrasado
1614,PED-94936,2024-04-22,2024-07-21,584,Gael Vasconcelos,josuemoraes@example.org,Fogaça,RO,Casa,Perspiciatis,Adidas,3,3042.31,3228.36,30,14.46,SITE,Boleto,1,aprovado,Jadlog,Atrasado
1615,PED-31711,2025-02-01,2024-09-02,245,Ana Júlia da Rosa,valentina00@example.org,Gomes,MS,Eletrônicos,Possimus,Nike,2,1975.49,2382.19,10,62.71,Site,Boleto,1,Pendente,Total Express,Entregue
1616,PED-39713,2025-05-15,2024-11-24,959,Léo Rezende,cpastor@example.org,Abreu do Norte,MS,Eletrônicos,Vel,Nike,1,1522.29,1956.21,20,13.33,app,Boleto,12,aprovado,Correios,Entregue
1617,PED-98715,2025-06-08,2025-06-15,787,Pedro Miguel Barbosa,doliveira@example.net,Monteiro,MS,Roupas,Soluta,Nike,4,2723.38,1897.38,10,40.66,SITE,Crédito,2,Pendente,Total Express,Entregue
1618,PED-10914,2024-10-11,2025-05-19,373,Isabela Martins,lcarvalho@example.org,Rocha Alegre,MA,Roupas,Laudantium,Adidas,1,2374.39,2521.3,0,94.13,Aplicativo,Crédito,1,aprovado,Total Express,Em trânsito
1619,PED-97704,2025-09-04,2024-08-05,601,Sabrina Dias,evelyn16@example.org,Costela,GO,eletronicos,Officiis,Apple,2,3073.37,3375.83,0,116.43,Site,Boleto,3,Aprovado,Jadlog,Atrasado
1620,PED-97672,2025-08-01,2025-06-30,784,Catarina Montenegro,eduarda65@example.org,Pereira,MG,Beleza,Sint,LG,4,945.56,2349.02,0,46.67,Aplicativo,Pix,1,Pendente,Total Express,Atrasado
1621,PED-25518,2024-07-13,2024-04-21,504,Arthur Gabriel Barros,umelo@example.com,Santos do Amparo,AM,Beleza,Quasi,LG,2,358.58,239.47,0,100.65,App,Débito,2,Aprovado,Correios,Em trânsito
1622,PED-11264,2026-01-15,2024-11-24,446,Kamilly Guerra,eduardo57@example.net,Monteiro de Goiás,RO,eletronicos,Necessitatibus,LG,1,3428.33,3344.72,30,62.72,App,Débito,1,aprovado,Total Express,Atrasado
1623,PED-24746,2025-01-04,2025-07-10,1103,Murilo Souza,noah68@example.com,Sousa do Sul,TO,eletronicos,Suscipit,Adidas,2,1045.53,3000.71,20,7.92,Site,Crédito,1,Aprovado,Total Express,Em trânsito
1624,PED-88733,2025-01-18,2025-02-06,153,Bella Barbosa,mviana@example.org,Sampaio,SP,Eletrônicos,Neque,LG,2,211.63,398.22,0,45.25,App,Boleto,6,Recusado,Jadlog,Atrasado
1625,PED-42121,2025-01-21,2024-06-30,474,Emanuel da Mata,emanuellarodrigues@example.com,Cavalcanti Verde,RO,Beleza,Officiis,LG,2,1119.01,362.97,0,39.1,Site,Pix,2,Pendente,Jadlog,Entregue
1626,PED-74301,2025-10-19,2025-12-24,1036,Cecilia Sampaio,cassianogabrielly@example.org,Sampaio,DF,Beleza,Possimus,Nike,1,1154.2,901.4,0,38.51,Site,Débito,3,Aprovado,Jadlog,Em trânsito
1627,PED-53190,2025-12-22,2024-04-25,202,Lucas Pastor,pietra73@example.org,Lopes Grande,MG,eletronicos,Vel,Apple,5,1333.8,1991.62,20,11.82,App,Pix,1,Pendente,Total Express,Entregue
1628,PED-98007,2025-08-23,2025-09-18,946,Ana Beatriz Teixeira,melinapastor@example.org,Guerra Grande,SP,eletronicos,Iste,Apple,4,115.07,1069.94,0,52.22,App,Pix,2,Pendente,Jadlog,Entregue
1629,PED-14807,2025-10-09,2024-11-03,734,Larissa Alves,barbosajoao-guilherme@example.org,Alves do Campo,AP,Eletrônicos,Consequuntur,Nike,1,144.24,752.33,20,55.66,App,Boleto,12,Recusado,Total Express,Em trânsito
1630,PED-79672,2025-01-03,2024-04-01,471,Dr. Breno Sales,liviasales@example.net,Lima,AL,Casa,Amet,Genérica,1,796.97,1729.03,0,117.44,app,Crédito,12,aprovado,Jadlog,Em trânsito
1631,PED-19554,2024-02-06,2025-03-06,618,Maria Helena Barros,caleb40@example.com,da Cunha,RJ,Beleza,Ea,LG,4,2367.43,1372.46,0,67.51,App,Pix,12,Pendente,Total Express,Atrasado
1632,PED-62799,2025-02-16,2025-07-09,303,Anthony da Mota,gael-henriqueda-conceicao@example.net,Viana,MT,Casa,Nostrum,Apple,5,1830.87,1085.89,0,53.84,Aplicativo,Pix,1,Aprovado,Jadlog,Atrasado
1633,PED-59446,2024-06-05,2024-03-20,424,Laís Rodrigues,leaolavinia@example.org,Azevedo do Campo,RN,eletronicos,Fuga,Nike,1,3015.85,2487.1,0,24.99,app,Boleto,2,Pendente,Total Express,Entregue
1634,PED-56941,2025-08-21,2025-10-20,257,Benicio Dias,lpinto@example.net,Santos,MA,eletronicos,Maxime,Adidas,4,2541.02,2933.84,20,6.25,Site,Pix,3,Pendente,Total Express,Atrasado
1635,PED-40638,2025-06-06,2025-03-28,362,Thomas Brito,amoraes@example.com,Pinto da Prata,PA,Eletrônicos,Fugiat,Genérica,3,2741.59,2732.1,0,0.72,Site,Débito,2,aprovado,Total Express,Em trânsito
1636,PED-20984,2025-09-01,2025-05-05,671,Giovanna Campos,luiz-otaviocassiano@example.org,Martins,SP,Beleza,Labore,Nike,4,3332.83,2728.97,0,23.02,App,Boleto,2,Aprovado,Total Express,Em trânsito
1637,PED-75561,2024-10-07,2024-07-13,949,Ana Vitória Rezende,emanuel12@example.org,Garcia de Freitas,MS,Casa,Assumenda,Genérica,3,1237.7,597.81,0,70.4,Site,Débito,12,Recusado,Correios,Entregue
1638,PED-72502,2025-03-03,2024-06-06,431,Luigi Câmara,bmartins@example.org,Novais,MG,Casa,Incidunt,Genérica,2,1621.27,761.54,0,84.74,SITE,Débito,2,Aprovado,Correios,Entregue
1639,PED-70920,2024-09-26,2024-10-17,760,Camila Cirino,eloamacedo@example.com,Monteiro dos Dourados,DF,Casa,Fuga,Nike,5,466.39,1746.78,10,19.73,App,Débito,3,Recusado,Correios,Em trânsito
1640,PED-45154,2025-06-19,2024-12-09,1132,Dr. Paulo Mendes,tcostela@example.org,Ribeiro da Praia,CE,Casa,Odio,Adidas,5,852.78,1343.05,0,100.27,app,Crédito,1,aprovado,Correios,Entregue
1641,PED-33616,2025-06-12,2025-05-20,847,Maria Júlia Santos,gabriellyazevedo@example.net,Albuquerque da Prata,AM,Beleza,Nihil,Adidas,1,380.01,3428.58,0,22.13,Aplicativo,Pix,2,Aprovado,Correios,Em trânsito
1642,PED-81613,2025-04-21,2025-05-15,52,Vicente Melo,sabrinamachado@example.com,Macedo,AL,Eletrônicos,Magnam,Nike,4,3098.21,2670.18,0,96.75,Site,Boleto,1,Pendente,Correios,Em trânsito
1643,PED-99817,2025-12-31,2025-02-27,23,Sofia Novaes,vvieira@example.org,Fonseca,PR,Eletrônicos,Et,LG,5,734.08,687.39,10,22.02,App,Boleto,3,aprovado,Correios,Em trânsito
1644,PED-30959,2025-06-02,2025-11-18,1154,Sophie Siqueira,silvamariah@example.net,Gonçalves do Norte,AP,Roupas,Animi,Nike,4,3427.16,3209.79,0,64.79,app,Crédito,6,Pendente,Jadlog,Em trânsito
1645,PED-17977,2024-10-30,2025-04-27,321,Pietro Barros,xbarros@example.net,Fonseca das Pedras,PB,Roupas,Animi,Adidas,5,2870.8,1947.64,0,83.87,SITE,Débito,1,Pendente,Total Express,Entregue
1646,PED-74652,2024-07-14,2026-01-20,370,Ester Melo,luiz-otaviogarcia@example.com,Sousa dos Dourados,RO,Beleza,Quidem,Samsung,2,3137.09,456.66,10,26.67,Site,Pix,12,Pendente,Correios,Entregue
1647,PED-66419,2026-01-27,2025-10-22,860,Ravy Rocha,diaslunna@example.org,Gonçalves de Minas,PI,Casa,Alias,Nike,3,2893.02,1614.98,0,66.36,App,Pix,1,Pendente,Jadlog,Atrasado
1648,PED-92129,2025-12-21,2025-06-06,766,Maria Alice da Mata,pachecojoaquim@example.net,Rodrigues de Pereira,MS,Eletrônicos,Ipsam,Nike,1,1794.55,1934.15,0,97.93,Aplicativo,Boleto,1,Pendente,Correios,Entregue
1649,PED-15845,2026-01-26,2025-10-29,1118,Ravi Correia,naraujo@example.net,Pereira,PR,Eletrônicos,Numquam,Genérica,1,1999.4,2956.3,0,71.4,SITE,Débito,12,Aprovado,Jadlog,Em trânsito
1650,PED-41220,2024-03-31,2024-12-22,67,Ana Laura Vasconcelos,araujoheloisa@example.org,Nascimento,RS,Roupas,Id,LG,5,2024.86,169.35,0,20.8,SITE,Pix,1,aprovado,Correios,Entregue
1651,PED-10859,2025-02-10,2026-01-29,344,Antony Abreu,xsouza@example.org,Sá,DF,eletronicos,Aut,LG,1,190.54,2843.08,30,96.64,App,Crédito,1,aprovado,Jadlog,Em trânsito
1652,PED-53065,2025-06-30,2026-01-26,69,Maria Fernanda Andrade,ana-lizfarias@example.org,da Cunha de Goiás,MA,eletronicos,Maxime,Nike,5,1789.81,1962.62,20,34.18,SITE,Débito,12,aprovado,Correios,Entregue
1653,PED-48606,2024-03-02,2024-12-05,505,Emanuella Camargo,elisa78@example.net,Souza do Norte,PI,Casa,Voluptatum,Apple,5,1522.3,74.99,20,3.2,app,Débito,1,aprovado,Jadlog,Em trânsito
1654,PED-21857,2024-11-06,2025-09-24,332,Sra. Stella da Luz,ana-beatrizcamargo@example.net,Correia das Pedras,SC,Beleza,Error,Samsung,4,2741.26,2642.18,10,37.57,app,Débito,1,Aprovado,Correios,Entregue
1655,PED-75065,2024-12-07,2024-07-17,823,Sophie Abreu,hfonseca@example.net,Câmara de Cirino,PE,eletronicos,Enim,Samsung,4,1636.26,2078.59,0,19.21,Site,Boleto,1,Recusado,Total Express,Entregue
1656,PED-84233,2024-08-05,2025-09-05,417,Lucas Silveira,fguerra@example.net,Pacheco,PI,Casa,Officiis,LG,5,3451.64,387.37,0,21.7,Aplicativo,Crédito,6,aprovado,Correios,Em trânsito
1657,PED-58808,2025-06-07,2025-09-05,476,Cauê Sá,agathamontenegro@example.net,Pastor,RJ,Casa,Totam,Apple,4,2999.65,995.54,0,18.14,app,Boleto,1,Pendente,Correios,Entregue
1658,PED-13329,2025-10-08,2025-01-31,872,Maria Liz Vieira,henryandrade@example.net,Leão,GO,Eletrônicos,Perspiciatis,Nike,2,141.25,2020.23,0,79.18,app,Pix,1,aprovado,Jadlog,Entregue
1659,PED-35041,2025-04-11,2025-05-12,341,Caroline Pimenta,santosenzo-gabriel@example.net,Oliveira da Serra,SE,Eletrônicos,Quam,Samsung,3,2434.24,3017.21,0,1.19,Site,Pix,1,aprovado,Correios,Atrasado
1660,PED-93866,2025-10-14,2025-03-17,216,Maysa Cirino,lmontenegro@example.net,Pacheco,PI,Roupas,Cumque,Apple,1,1835.12,1573.58,20,55.32,SITE,Pix,2,aprovado,Jadlog,Atrasado
1661,PED-42941,2024-11-08,2024-06-04,269,Léo Cassiano,paraujo@example.net,Carvalho Grande,BA,eletronicos,Omnis,Samsung,5,1931.13,2493.28,0,75.39,App,Crédito,3,aprovado,Total Express,Entregue
1662,PED-49650,2025-01-29,2025-08-01,1112,Erick das Neves,gmelo@example.com,Pastor,RJ,Casa,Expedita,Nike,1,1538.41,2237.46,20,23.79,SITE,Débito,12,aprovado,Total Express,Atrasado
1663,PED-83163,2025-09-23,2025-01-21,881,Vitor Caldeira,gomesjose-pedro@example.net,Pereira,ES,Roupas,Nobis,Samsung,3,3060.49,3302.51,0,40.84,app,Pix,2,Recusado,Correios,Atrasado
1664,PED-53718,2026-01-08,2025-09-21,1032,Isabela Aragão,leonardo24@example.org,Oliveira,SE,Roupas,Perferendis,Genérica,5,1879.9,2911.92,20,20.62,App,Boleto,6,Pendente,Correios,Em trânsito
1665,PED-32531,2025-09-29,2025-05-29,37,Kamilly Pastor,umoreira@example.net,da Mata,AL,Beleza,Nulla,LG,4,1713.78,2321.69,0,43.49,SITE,Pix,6,Recusado,Correios,Atrasado
1666,PED-61352,2025-05-28,2025-08-18,346,Maria Helena Gomes,peixotobenjamin@example.com,Aragão,RJ,Beleza,Vel,Apple,2,683.31,1258.75,0,63.99,App,Boleto,1,Recusado,Jadlog,Entregue
1667,PED-82413,2026-01-04,2025-10-15,843,Luiza Araújo,augustocastro@example.net,Borges Paulista,MS,eletronicos,Consectetur,Adidas,3,3088.8,2279.11,0,102.13,SITE,Débito,1,Recusado,Correios,Em trânsito
1668,PED-84675,2024-11-26,2024-10-27,1175,Helena da Rocha,dante96@example.com,Costa do Oeste,MG,eletronicos,Quo,Adidas,1,2768.81,2138.92,30,50.1,SITE,Boleto,1,aprovado,Jadlog,Em trânsito
1669,PED-10032,2024-03-20,2024-06-04,538,Maria Helena Melo,sakamilly@example.net,Sousa de Melo,RO,Roupas,Veniam,Samsung,5,1296.51,720.01,0,57.27,App,Crédito,1,aprovado,Total Express,Entregue
1670,PED-16540,2025-07-24,2024-08-18,173,Srta. Joana Vasconcelos,maysacassiano@example.net,Vargas de Andrade,AC,Beleza,Quidem,Apple,2,1329.04,742.73,20,21.32,SITE,Pix,12,Pendente,Correios,Entregue
1671,PED-87579,2024-12-05,2024-09-08,456,Ryan da Costa,mariah51@example.com,das Neves de Camargo,SE,Casa,Consequuntur,Samsung,1,1498.56,123.37,20,17.23,Aplicativo,Crédito,1,Pendente,Jadlog,Em trânsito
1672,PED-24535,2024-06-21,2025-08-07,857,Gabrielly Novaes,hduarte@example.org,Albuquerque dos Dourados,RO,Eletrônicos,Consectetur,Nike,4,3052.56,1398.68,0,85.05,App,Crédito,1,Recusado,Correios,Em trânsito
1673,PED-32736,2025-04-10,2024-12-23,410,Ana Liz Moura,augusto66@example.net,Fonseca da Serra,SP,Roupas,Repellendus,Nike,1,1584.19,1518.36,0,102.89,Site,Débito,12,aprovado,Jadlog,Entregue
1674,PED-11629,2024-09-10,2024-08-29,531,Luiza Albuquerque,murilorios@example.com,Montenegro,PB,Roupas,Fugiat,Genérica,1,3379.24,1083.86,0,85.85,Aplicativo,Pix,1,Recusado,Correios,Atrasado
1675,PED-35772,2025-02-04,2024-03-10,942,Apollo Melo,asiqueira@example.com,Vieira,RN,eletronicos,Animi,Nike,4,2321.8,1389.85,0,57.19,Aplicativo,Crédito,2,aprovado,Jadlog,Atrasado
1676,PED-48314,2024-06-10,2024-10-01,369,Ágatha Barros,luiz-henriquerocha@example.org,Novaes,SE,Beleza,Suscipit,Samsung,3,3086.0,2840.54,10,39.34,App,Crédito,3,Pendente,Correios,Entregue
1677,PED-74803,2025-02-09,2025-11-25,1157,Dra. Amanda Ferreira,julianavieira@example.org,da Cunha,BA,eletronicos,Magni,Apple,3,2455.8,192.06,0,34.44,SITE,Boleto,1,Recusado,Jadlog,Entregue
1678,PED-75039,2024-05-30,2024-09-23,345,Laura da Rosa,luigimontenegro@example.org,da Paz,RS,eletronicos,Fuga,LG,3,1527.98,1206.58,0,60.12,Aplicativo,Pix,2,Aprovado,Correios,Em trânsito
1679,PED-48459,2025-10-28,2025-05-20,1098,Kamilly Abreu,jose-miguelmachado@example.com,Fernandes Verde,MA,Roupas,Vitae,Genérica,2,1355.83,2675.67,10,67.13,Site,Pix,6,Pendente,Correios,Entregue
1680,PED-77596,2024-10-19,2025-01-21,889,Otto Pires,nascimentoheloisa@example.net,Nunes,SE,Roupas,Velit,Samsung,1,3428.42,61.08,0,27.26,App,Pix,2,Recusado,Correios,Entregue
1681,PED-61224,2024-04-17,2024-11-17,571,Ian Aparecida,mpimenta@example.com,Novais de Santos,RR,eletronicos,Quia,LG,5,2131.75,2931.54,0,69.79,SITE,Boleto,3,Aprovado,Jadlog,Atrasado
1682,PED-66012,2025-10-22,2025-03-28,103,Gael Campos,barrosnina@example.com,Peixoto,AM,Roupas,Repellat,Nike,4,2592.79,1062.92,10,60.62,app,Pix,1,aprovado,Jadlog,Entregue
1683,PED-61928,2024-02-05,2024-07-24,769,Sr. André Vasconcelos,fernandoaparecida@example.net,Aparecida,CE,Eletrônicos,Perferendis,Adidas,4,2959.18,3372.42,0,105.42,App,Boleto,12,Pendente,Correios,Atrasado
1684,PED-60816,2025-12-07,2024-05-13,479,Amanda Nunes,novaesalice@example.org,Albuquerque,PE,Casa,Quaerat,Adidas,1,1318.71,1074.42,30,10.46,App,Crédito,1,aprovado,Jadlog,Em trânsito
1685,PED-31880,2025-08-16,2024-04-21,1182,Luiz Henrique Moura,yagoda-conceicao@example.org,Abreu,TO,Eletrônicos,Quisquam,Samsung,5,1112.83,191.48,10,77.98,app,Boleto,1,Recusado,Correios,Em trânsito
1686,PED-63988,2024-12-27,2024-03-25,878,Dra. Luísa Andrade,henriquecassiano@example.com,da Cunha Grande,RS,Eletrônicos,Iusto,LG,1,836.23,905.53,0,109.78,app,Débito,1,Aprovado,Jadlog,Em trânsito
1687,PED-94490,2025-01-18,2025-06-06,902,Dra. Ana Liz Fonseca,fogacalaura@example.org,Nogueira,SE,eletronicos,Voluptas,Samsung,4,1674.96,2780.53,0,65.76,SITE,Débito,6,aprovado,Jadlog,Em trânsito
1688,PED-72308,2024-02-23,2024-03-29,1177,Eduarda Lima,irocha@example.net,Azevedo Paulista,AL,Roupas,Voluptate,Samsung,5,105.7,1816.06,20,77.65,Aplicativo,Pix,1,Recusado,Total Express,Atrasado
1689,PED-16119,2025-05-24,2025-06-09,794,Isabel da Paz,ianpereira@example.net,Sales,AM,Casa,Eveniet,Apple,5,1480.75,1101.15,0,83.57,app,Boleto,2,Aprovado,Total Express,Em trânsito
1690,PED-93582,2026-02-02,2025-12-17,661,Arthur Miguel Rodrigues,maria-sophia50@example.org,Cavalcante do Galho,PE,Eletrônicos,Quos,Genérica,3,2019.96,529.55,0,83.34,Site,Pix,6,Pendente,Total Express,Entregue
1691,PED-81442,2025-08-25,2024-08-29,823,Gabriel Duarte,zrios@example.org,Casa Grande,SC,Casa,Vel,Samsung,4,1398.1,694.53,0,91.5,Aplicativo,Débito,3,Aprovado,Jadlog,Entregue
1692,PED-86050,2024-04-27,2024-03-29,1191,Ian Sousa,diasenzo@example.com,Araújo do Galho,SC,eletronicos,Non,Adidas,5,326.32,3483.43,20,111.66,Aplicativo,Crédito,3,aprovado,Jadlog,Atrasado
1693,PED-52317,2025-09-12,2025-01-13,418,Danilo Nogueira,ferreiralorena@example.net,Freitas,AP,eletronicos,Deleniti,Nike,1,1628.52,3204.75,0,64.07,App,Pix,1,Pendente,Total Express,Em trânsito
1694,PED-30674,2025-06-30,2024-06-25,62,Clarice Cunha,odas-neves@example.org,Guerra,PR,eletronicos,Veritatis,Genérica,5,1897.69,3340.2,0,116.7,Site,Débito,1,Recusado,Total Express,Atrasado
1695,PED-88840,2025-04-10,2024-04-27,40,Kamilly Abreu,leandro77@example.net,Silva da Serra,PA,Eletrônicos,Quia,LG,3,2724.05,2156.21,10,53.96,Aplicativo,Débito,1,Recusado,Total Express,Em trânsito
1696,PED-34884,2025-02-12,2024-05-10,5,Valentim Sousa,cirinoisabel@example.org,Vasconcelos,AC,Roupas,Quos,LG,5,1880.23,3357.14,0,27.84,app,Pix,6,aprovado,Correios,Atrasado
1697,PED-29228,2024-08-27,2024-02-18,155,Emanuella Teixeira,pireshelena@example.com,Câmara,PI,Casa,Aspernatur,Genérica,5,435.18,1676.59,0,46.36,Aplicativo,Pix,6,aprovado,Total Express,Entregue
1698,PED-55054,2025-11-14,2025-04-16,1081,Lívia da Rocha,ada-cunha@example.org,Porto do Oeste,RS,Beleza,Incidunt,Samsung,1,1359.67,2985.65,20,110.52,SITE,Crédito,1,Aprovado,Correios,Em trânsito
1699,PED-16079,2024-11-30,2026-01-05,235,Allana Cassiano,pereiramariana@example.org,Caldeira do Oeste,RR,Casa,Dolor,Samsung,5,3421.78,1472.32,0,5.1,Site,Débito,1,Aprovado,Total Express,Atrasado
1700,PED-18597,2025-10-10,2024-04-08,931,Vitor Gabriel Vargas,lmendes@example.net,da Mota,RR,eletronicos,Incidunt,Nike,2,1873.99,2122.2,10,66.03,App,Pix,12,Recusado,Correios,Atrasado
1701,PED-12521,2024-06-10,2024-10-02,938,Luna Pires,pimentajuliana@example.net,Garcia,PE,eletronicos,Consectetur,Adidas,5,2326.21,3382.5,20,22.06,Aplicativo,Pix,1,Aprovado,Jadlog,Atrasado
1702,PED-10286,2025-03-19,2026-01-19,867,Dra. Marcela Aragão,pimentabella@example.net,Moura,BA,Beleza,Soluta,Genérica,1,2531.35,3101.73,10,103.03,SITE,Boleto,2,Pendente,Correios,Entregue
1703,PED-83068,2025-01-31,2024-11-16,68,Sr. Antony Vieira,guerrajoaquim@example.com,Silveira de Oliveira,BA,Beleza,Accusamus,Apple,1,878.37,464.16,0,76.27,SITE,Boleto,1,Recusado,Jadlog,Em trânsito
1704,PED-38618,2026-01-18,2025-09-16,668,Joana da Costa,da-costamiguel@example.org,Novaes de Guerra,AP,Beleza,Adipisci,Nike,2,2264.64,1202.33,20,81.66,Aplicativo,Crédito,1,aprovado,Correios,Atrasado
1705,PED-48697,2024-08-16,2024-05-12,293,Marcela Silva,benicio84@example.net,Campos do Campo,PI,Roupas,Molestiae,Apple,3,791.58,2108.51,20,10.8,SITE,Débito,2,Recusado,Correios,Entregue
1706,PED-33938,2024-04-26,2024-08-02,1130,Dr. Juan Moreira,bmarques@example.com,Montenegro da Prata,SE,Roupas,Doloribus,Adidas,4,1447.49,2866.45,30,7.06,app,Boleto,6,Pendente,Correios,Entregue
1707,PED-48488,2024-03-19,2024-03-29,497,Sra. Elisa Oliveira,xaparecida@example.org,Macedo do Galho,DF,Casa,Quos,LG,2,2963.39,3125.32,0,5.04,App,Débito,6,Pendente,Jadlog,Atrasado
1708,PED-20375,2024-11-13,2025-12-08,1092,Brayan Teixeira,teixeiraana-cecilia@example.com,Costa do Oeste,SE,Casa,Quia,LG,3,2394.86,3399.6,10,99.25,App,Débito,1,Recusado,Total Express,Atrasado
1709,PED-69214,2024-09-24,2025-08-29,1021,Henry Camargo,maria-julia73@example.com,da Conceição,AP,eletronicos,Deleniti,Adidas,3,1003.74,2507.44,10,18.27,SITE,Débito,1,Pendente,Correios,Em trânsito
1710,PED-62852,2024-04-19,2024-10-25,950,Valentina Fogaça,lopesluna@example.com,Peixoto da Mata,AP,Beleza,Ex,Adidas,5,1456.75,2069.31,0,44.74,App,Boleto,12,aprovado,Correios,Atrasado
1711,PED-16618,2025-07-02,2024-11-18,526,Rafael Pimenta,gcostela@example.com,Macedo,PR,eletronicos,Doloribus,Adidas,5,1384.98,621.96,10,67.64,SITE,Crédito,2,Pendente,Jadlog,Entregue
1712,PED-69468,2024-09-17,2025-01-10,1166,Diego Dias,manuela64@example.com,Costa do Campo,PI,Beleza,Consequatur,Nike,2,702.55,1239.4,20,118.23,app,Débito,3,aprovado,Correios,Em trânsito
1713,PED-82462,2024-08-03,2025-02-16,978,Enzo Gabriel Alves,kevinabreu@example.net,da Paz da Prata,SP,Casa,Repellat,Adidas,5,1650.77,1759.24,20,22.47,Aplicativo,Crédito,1,Aprovado,Correios,Em trânsito
1714,PED-78837,2025-08-30,2024-04-30,354,Dr. Isaque Cavalcanti,joao-pedronovais@example.com,Duarte,SE,Eletrônicos,Maxime,Adidas,3,3138.48,2855.19,0,39.28,app,Débito,12,Aprovado,Correios,Entregue
1715,PED-62750,2024-03-08,2025-11-26,21,Diego Farias,maria-lizdias@example.org,Sousa das Pedras,CE,Eletrônicos,Atque,Samsung,1,1049.1,221.36,30,83.81,Aplicativo,Débito,12,Aprovado,Jadlog,Atrasado
1716,PED-95467,2025-06-12,2026-01-14,465,Rhavi Câmara,oda-cruz@example.org,Peixoto da Prata,SC,Eletrônicos,Distinctio,LG,5,293.97,1086.79,0,24.5,app,Boleto,1,aprovado,Total Express,Atrasado
1717,PED-71613,2025-10-25,2024-03-18,272,Dr. Vinicius Marques,danielasilveira@example.net,Souza,BA,Eletrônicos,Quam,Adidas,5,1913.5,2273.27,30,46.05,SITE,Débito,1,Aprovado,Jadlog,Atrasado
1718,PED-95061,2025-01-22,2025-01-04,310,Sra. Olívia Vasconcelos,heloisamontenegro@example.org,Brito Alegre,SC,Eletrônicos,Animi,Adidas,2,855.69,2919.2,0,68.43,Aplicativo,Boleto,2,Aprovado,Total Express,Em trânsito
1719,PED-83229,2025-07-29,2025-02-11,821,Daniela Gonçalves,luiz-gustavofreitas@example.net,Peixoto,SE,eletronicos,Nulla,Adidas,5,3228.2,3427.54,0,77.88,App,Boleto,3,aprovado,Correios,Entregue
1720,PED-72109,2025-02-23,2024-06-18,747,Agatha Peixoto,oliviagomes@example.com,Albuquerque,MS,eletronicos,Natus,Genérica,1,1597.57,1459.29,0,112.37,Aplicativo,Pix,2,aprovado,Total Express,Atrasado
1721,PED-94142,2025-04-15,2025-05-21,595,Pedro Barbosa,aylla66@example.net,Cavalcante de Campos,RS,Eletrônicos,Accusamus,LG,2,2794.14,1110.37,0,14.46,SITE,Pix,1,Aprovado,Total Express,Entregue
1722,PED-73197,2025-05-15,2025-03-01,647,Bárbara Albuquerque,cavalcantianthony-gabriel@example.net,Peixoto,CE,Casa,Praesentium,Samsung,1,228.81,1741.16,0,77.08,Site,Boleto,1,Aprovado,Correios,Em trânsito
1723,PED-21293,2024-05-30,2026-01-15,1179,Ana Lívia Casa Grande,vitor-hugo53@example.com,Farias de Monteiro,MT,eletronicos,Delectus,Samsung,2,2447.78,2924.97,30,100.3,app,Crédito,3,aprovado,Total Express,Em trânsito
1724,PED-35346,2025-01-01,2025-09-02,431,Vitor Pacheco,luiz-felipe32@example.org,da Cruz,AC,Casa,Modi,Samsung,2,1079.03,684.28,0,102.21,App,Pix,12,Pendente,Jadlog,Atrasado
1725,PED-89814,2024-04-01,2025-06-19,1,Laís Andrade,milenacostela@example.net,Costela Verde,AP,Roupas,Consectetur,Nike,4,138.57,2636.78,20,49.92,SITE,Débito,1,Aprovado,Correios,Atrasado
1726,PED-71660,2025-10-13,2025-12-20,847,Olívia Oliveira,wpires@example.org,da Cruz do Campo,AM,Roupas,Perspiciatis,Samsung,5,295.96,1675.7,0,117.29,app,Pix,1,Pendente,Total Express,Entregue
1727,PED-96168,2024-12-28,2025-04-13,341,Ana Júlia Fernandes,upereira@example.com,Caldeira da Prata,PE,Beleza,Consequuntur,Adidas,3,320.68,1263.28,0,116.59,Site,Crédito,3,Recusado,Total Express,Entregue
1728,PED-55129,2024-06-28,2024-04-20,710,Calebe Rocha,sabrinacarvalho@example.org,Cunha,AL,Beleza,Modi,Genérica,1,2564.77,2836.77,0,107.42,Aplicativo,Pix,1,Pendente,Total Express,Em trânsito
1729,PED-42620,2025-09-08,2024-05-18,240,Eduarda Melo,alveshenrique@example.org,da Cruz,RN,Casa,Perferendis,Samsung,4,2883.34,59.29,0,1.36,SITE,Crédito,6,Recusado,Jadlog,Em trânsito
1730,PED-25365,2024-04-01,2025-06-11,1106,Zoe Almeida,krocha@example.net,da Paz,MS,Roupas,Accusamus,Samsung,2,2134.51,2770.19,20,17.95,Site,Crédito,6,aprovado,Total Express,Em trânsito
1731,PED-61597,2025-10-15,2025-08-24,329,Valentim Costa,lorenzoda-paz@example.net,Barbosa,SC,Eletrônicos,Reiciendis,Apple,5,1332.53,2881.65,20,47.92,App,Crédito,6,Pendente,Total Express,Atrasado
1732,PED-11631,2025-03-25,2024-05-15,311,José Miguel da Cruz,nnovaes@example.net,Abreu,RR,Casa,Molestiae,LG,2,2147.88,1215.91,10,33.9,Aplicativo,Débito,12,aprovado,Total Express,Entregue
1733,PED-54898,2024-05-18,2025-10-20,856,Srta. Maria Laura Pimenta,mariah70@example.net,das Neves,RR,eletronicos,Enim,Apple,1,3267.27,2136.91,10,36.0,Site,Crédito,12,Pendente,Jadlog,Entregue
1734,PED-76268,2025-07-07,2025-07-05,1144,Samuel Martins,rhavicastro@example.org,Gomes,SP,Casa,Suscipit,Samsung,5,630.25,3427.72,30,14.1,app,Crédito,3,Recusado,Correios,Entregue
1735,PED-22042,2024-09-17,2025-02-26,409,Sofia Aparecida,emanuellyporto@example.com,Marques das Pedras,AL,eletronicos,Soluta,Nike,4,395.9,1206.74,0,66.43,app,Crédito,1,aprovado,Jadlog,Entregue
1736,PED-34441,2024-09-11,2025-09-30,245,Noah Garcia,hellenacampos@example.org,Castro,PA,Eletrônicos,Repellat,Adidas,4,161.6,3479.97,30,80.67,SITE,Débito,1,Recusado,Correios,Atrasado
1737,PED-71654,2024-06-13,2024-04-03,15,Sra. Aylla Dias,samaria-julia@example.org,Santos,RS,Casa,Numquam,Nike,3,1303.59,1010.88,10,87.17,Site,Débito,6,aprovado,Correios,Em trânsito
1738,PED-18326,2025-12-29,2024-08-20,593,Allana da Conceição,maria-isis87@example.com,Freitas,CE,Casa,Possimus,Genérica,1,2888.92,2024.42,30,29.27,App,Boleto,12,Pendente,Jadlog,Em trânsito
1739,PED-27336,2026-01-05,2024-04-28,835,Luigi Vargas,lara22@example.com,Cunha de Minas,AP,eletronicos,Qui,Apple,3,2475.77,2037.95,0,43.6,Site,Débito,6,Pendente,Correios,Atrasado
1740,PED-80073,2025-03-28,2025-12-06,617,Rebeca Castro,cecilia29@example.org,Pacheco da Praia,PE,Eletrônicos,Voluptates,Apple,3,1727.26,1966.56,10,0.71,Aplicativo,Boleto,1,Recusado,Correios,Em trânsito
1741,PED-40999,2024-06-24,2025-09-20,86,Luiz Otávio Fernandes,ana30@example.com,da Rocha de Borges,DF,Casa,Molestiae,Nike,2,1547.21,78.85,0,15.51,app,Crédito,6,Pendente,Jadlog,Entregue
1742,PED-91768,2024-05-24,2024-10-24,1117,Sr. Levi Porto,aurorapeixoto@example.org,Cirino,MG,Beleza,Sit,Samsung,1,3015.55,2073.91,20,14.19,SITE,Crédito,12,aprovado,Total Express,Entregue
1743,PED-28764,2024-09-03,2025-12-08,748,Sr. Theo Ribeiro,jribeiro@example.org,Costela,BA,eletronicos,Hic,Samsung,5,954.91,595.37,0,92.09,Aplicativo,Pix,3,Pendente,Total Express,Atrasado
1744,PED-58059,2024-02-20,2024-05-19,474,Mariane Azevedo,nogueirabenicio@example.net,Almeida do Sul,PE,Eletrônicos,Quas,Adidas,2,3393.66,193.73,20,85.99,Aplicativo,Crédito,1,Pendente,Jadlog,Em trânsito
1745,PED-48702,2024-08-11,2025-09-26,659,Matteo Novais,hda-mota@example.com,Cirino,CE,Roupas,Suscipit,LG,5,3333.78,201.26,0,89.66,app,Pix,6,Recusado,Jadlog,Entregue
1746,PED-77344,2024-04-18,2024-09-18,186,Leandro Silveira,qcorreia@example.net,Vieira de Carvalho,TO,Eletrônicos,Modi,Adidas,1,2225.64,466.68,20,71.43,App,Pix,3,aprovado,Jadlog,Em trânsito
1747,PED-53276,2024-11-09,2025-03-13,816,Jade Nogueira,sophiepinto@example.org,Peixoto,PI,Casa,Nesciunt,Apple,2,2110.06,2416.11,0,14.8,app,Boleto,1,Recusado,Total Express,Em trânsito
1748,PED-59792,2026-01-02,2025-04-23,25,Levi Campos,isabellyalves@example.com,Moreira do Norte,AC,eletronicos,Incidunt,Nike,1,2847.47,2949.23,0,65.01,Site,Boleto,1,Recusado,Jadlog,Atrasado
1749,PED-30219,2025-11-29,2025-05-08,864,Davi Correia,vasconceloserick@example.com,Vieira,SP,Casa,Quo,Samsung,2,728.75,2809.23,0,43.92,App,Crédito,1,Recusado,Correios,Atrasado
1750,PED-10572,2025-10-03,2025-04-21,139,Vinícius Farias,goncalvesthales@example.org,Leão dos Dourados,MG,Casa,Quidem,Apple,1,1509.9,2840.92,0,50.79,App,Boleto,3,Aprovado,Jadlog,Entregue
1751,PED-33493,2025-10-01,2024-05-13,524,Sra. Maria Fernanda Martins,baragao@example.net,da Rosa,MS,Roupas,Numquam,Samsung,2,896.27,1176.07,10,68.06,Site,Boleto,1,Recusado,Correios,Entregue
1752,PED-99130,2024-03-18,2024-07-07,656,Maya Marques,emanuel95@example.org,Pacheco,TO,Casa,Ipsam,Adidas,1,1151.65,1637.81,20,112.03,Site,Boleto,2,Recusado,Total Express,Em trânsito
1753,PED-86118,2025-10-26,2025-11-09,440,Sofia Novais,breno03@example.org,Nunes,RS,Casa,Consequuntur,LG,4,3103.85,1960.36,0,105.73,app,Boleto,1,Pendente,Jadlog,Atrasado
1754,PED-10906,2025-03-12,2025-08-24,767,Kaique Marques,pedro-henriquecassiano@example.com,Silveira de Goiás,RS,Casa,Officiis,Samsung,2,3398.46,3478.68,30,57.39,Aplicativo,Crédito,3,Recusado,Correios,Entregue
1755,PED-94199,2025-10-13,2024-12-16,206,Sabrina Gonçalves,nina13@example.net,Alves,SP,Beleza,Tenetur,Apple,2,138.09,1291.59,10,29.03,SITE,Débito,6,Pendente,Correios,Atrasado
1756,PED-27466,2025-02-16,2026-01-31,431,Heloisa Fonseca,alexiacavalcanti@example.org,Novaes do Amparo,PI,Beleza,Ipsum,Nike,3,943.81,691.85,20,110.59,App,Débito,12,aprovado,Jadlog,Em trânsito
1757,PED-59291,2025-02-17,2025-08-07,383,Gustavo Henrique Souza,wmendonca@example.net,Lopes das Flores,SP,Roupas,Deleniti,Apple,4,1683.22,866.81,30,19.13,app,Pix,6,aprovado,Correios,Entregue
1758,PED-41234,2024-12-05,2024-04-29,374,Dr. Samuel Sousa,davi-luiznovais@example.org,Ferreira,RN,Eletrônicos,Voluptatum,Adidas,1,917.2,3470.93,0,50.79,SITE,Débito,12,aprovado,Total Express,Em trânsito
1759,PED-48448,2024-03-04,2024-04-26,284,Mathias Câmara,ana-livia88@example.net,Alves,PR,eletronicos,Molestiae,LG,4,2326.46,2136.04,20,17.92,app,Crédito,12,Pendente,Jadlog,Em trânsito
1760,PED-21023,2025-07-08,2025-11-08,673,Luana da Mata,benjaminmacedo@example.net,Moura da Prata,BA,Roupas,Saepe,Genérica,3,487.59,1392.06,10,38.83,app,Crédito,1,aprovado,Correios,Entregue
1761,PED-10495,2025-01-30,2025-02-19,806,Eduarda Rios,liam55@example.com,Barros,MS,Roupas,Error,Apple,2,2373.35,685.85,10,119.15,SITE,Débito,2,Pendente,Jadlog,Em trânsito
1762,PED-38618,2025-06-03,2024-06-04,418,Anthony Gabriel Pimenta,liammoraes@example.com,Garcia Paulista,RO,Eletrônicos,Odio,Nike,5,2464.46,166.51,10,48.22,App,Boleto,1,Pendente,Correios,Entregue
1763,PED-83205,2025-05-19,2024-02-08,741,Ana Vitória Aragão,camaramaria-luisa@example.com,Freitas,AM,Eletrônicos,Mollitia,Apple,4,2801.62,1205.95,0,20.34,app,Pix,1,Recusado,Correios,Atrasado
1764,PED-14927,2025-09-28,2024-06-06,969,Sofia Ribeiro,esther78@example.com,Duarte,MG,Roupas,Quaerat,Genérica,1,506.35,1761.4,0,81.05,Aplicativo,Boleto,12,Recusado,Total Express,Entregue
1765,PED-66102,2025-03-31,2024-05-20,929,Pedro Miguel Fonseca,pnovaes@example.org,Rocha,SP,Casa,Harum,Apple,3,2013.65,58.35,10,99.65,Site,Crédito,1,Pendente,Correios,Atrasado
1766,PED-96816,2025-02-21,2024-11-12,731,Olívia Carvalho,bianca06@example.net,da Cunha,PR,Casa,Veniam,LG,4,2564.8,1025.4,10,32.07,app,Boleto,6,aprovado,Correios,Atrasado
1767,PED-38519,2026-01-14,2026-01-01,1169,Larissa Costela,olivia62@example.net,Novais,MA,Casa,Dolorem,Genérica,5,2943.32,2492.83,20,94.75,App,Boleto,1,Recusado,Jadlog,Entregue
1768,PED-46974,2024-07-17,2025-10-14,426,Clara Cassiano,nunessamuel@example.net,Moura Verde,PE,eletronicos,Fuga,Nike,4,1073.27,490.08,30,26.69,app,Pix,2,Aprovado,Correios,Entregue
1769,PED-30571,2025-01-04,2025-05-06,1123,Dra. Aylla Marques,ninagarcia@example.net,Siqueira,PB,Beleza,Unde,Genérica,5,2829.26,307.47,0,39.55,App,Pix,1,Recusado,Correios,Entregue
1770,PED-19598,2025-12-24,2026-01-18,374,Dr. Otávio Moura,ana-luiza59@example.net,Pimenta,MA,Casa,Dolores,Nike,2,524.27,716.22,20,116.66,App,Boleto,1,aprovado,Total Express,Entregue
1771,PED-54696,2024-05-24,2025-04-17,815,Luna Abreu,pduarte@example.net,Brito da Praia,SC,Casa,Ut,Genérica,5,2451.49,271.54,20,92.92,app,Débito,1,aprovado,Jadlog,Atrasado
1772,PED-94274,2024-08-14,2024-07-21,1119,Maria Luísa Rios,vitor-hugo29@example.org,Viana de Nascimento,MG,Casa,Non,Samsung,3,2317.56,3405.23,0,8.09,app,Crédito,2,Aprovado,Total Express,Entregue
1773,PED-43478,2024-04-19,2025-10-12,1179,Arthur Gabriel Martins,isis25@example.com,da Cruz,ES,Roupas,Debitis,Nike,3,1663.01,3429.42,20,64.38,App,Boleto,1,Recusado,Total Express,Em trânsito
1774,PED-68172,2024-03-17,2024-11-15,552,José Pedro Pires,pereirajose-pedro@example.org,Silveira,AM,Beleza,Odit,Nike,2,3098.4,1918.44,0,102.76,Aplicativo,Débito,1,Pendente,Correios,Entregue
1775,PED-81172,2025-11-19,2025-10-13,122,Maria Júlia Freitas,qnovais@example.com,Silveira de Minas,SE,Beleza,Aperiam,Apple,4,338.68,1432.68,0,11.87,App,Pix,1,Pendente,Total Express,Atrasado
1776,PED-63261,2024-06-27,2025-11-03,569,Léo Martins,diego01@example.net,Macedo,DF,Roupas,Quia,Nike,5,3317.23,1162.53,0,106.62,App,Crédito,1,Recusado,Jadlog,Em trânsito
1777,PED-45992,2025-04-25,2024-06-23,12,Juan Moura,qcamargo@example.org,da Mata,PR,Eletrônicos,Doloremque,Samsung,4,1857.02,1214.65,10,97.0,SITE,Pix,6,Aprovado,Jadlog,Entregue
1778,PED-64358,2024-11-29,2026-01-01,784,Srta. Carolina Correia,barbosaemanuel@example.com,Gomes,CE,Roupas,Commodi,LG,3,417.46,654.18,0,103.39,App,Crédito,12,Pendente,Jadlog,Entregue
1779,PED-28837,2025-11-07,2024-06-20,414,Raquel Caldeira,lorenzovasconcelos@example.org,Macedo do Galho,TO,eletronicos,Amet,Adidas,4,3196.92,3493.48,0,61.51,SITE,Pix,12,Pendente,Correios,Atrasado
1780,PED-18326,2024-11-10,2024-12-20,927,Benjamin Gonçalves,ana-clarateixeira@example.org,Albuquerque,MT,Eletrônicos,Quasi,Apple,4,719.25,3092.54,0,97.19,App,Débito,1,Pendente,Correios,Entregue
1781,PED-15927,2025-05-13,2025-09-16,682,Sara Aparecida,laurarios@example.com,Castro,RR,Eletrônicos,Possimus,Adidas,5,2588.8,820.52,20,93.22,App,Crédito,1,Recusado,Total Express,Atrasado
1782,PED-11588,2025-08-19,2024-08-17,1196,Hadassa Cavalcanti,joao-felipe69@example.net,Lopes,RN,Casa,Ea,Genérica,1,2891.67,1690.92,10,104.16,app,Boleto,1,Recusado,Jadlog,Entregue
1783,PED-82776,2025-12-03,2024-03-07,551,Agatha Abreu,caua31@example.com,da Cunha das Pedras,SE,Eletrônicos,Deserunt,Apple,3,1392.88,982.54,0,35.86,Site,Boleto,1,Recusado,Jadlog,Atrasado
1784,PED-74506,2025-01-30,2025-11-13,613,Luiz Miguel Jesus,esternovaes@example.com,Moreira Alegre,BA,Beleza,Suscipit,Samsung,5,1160.44,2258.76,0,68.76,Site,Pix,3,Aprovado,Correios,Atrasado
1785,PED-66648,2024-03-28,2025-01-18,3,Mateus Sá,dmelo@example.com,da Mata da Serra,ES,eletronicos,Sapiente,Genérica,5,915.86,557.63,0,96.17,Site,Pix,3,aprovado,Jadlog,Atrasado
1786,PED-46748,2024-07-06,2024-04-22,36,Isabella Castro,hellenada-costa@example.com,Sampaio,RJ,Casa,Rem,Apple,3,579.8,834.38,20,89.29,Aplicativo,Boleto,1,Pendente,Jadlog,Em trânsito
1787,PED-89909,2025-01-23,2025-04-21,749,Sra. Alícia Mendonça,joao-guilherme68@example.com,Cirino,TO,Eletrônicos,Sequi,Genérica,3,280.09,3152.77,30,32.08,app,Débito,1,Aprovado,Total Express,Atrasado
1788,PED-26926,2025-02-27,2025-09-06,656,Bruna Silva,goncalveserick@example.org,Silveira de da Rosa,AP,Beleza,Veritatis,Nike,5,2830.63,1003.77,20,50.43,SITE,Débito,1,Pendente,Correios,Atrasado
1789,PED-94256,2025-04-16,2025-06-23,739,Vinícius das Neves,diogoribeiro@example.org,Rodrigues da Praia,DF,Beleza,Exercitationem,Nike,5,2660.77,621.82,10,100.64,App,Débito,1,Pendente,Correios,Atrasado
1790,PED-10326,2024-09-20,2026-01-12,787,Matteo Camargo,nfarias@example.net,Camargo Verde,AM,Casa,Modi,Apple,5,787.05,3384.79,30,10.37,Site,Crédito,2,aprovado,Jadlog,Entregue
1791,PED-60001,2025-05-25,2025-06-08,741,Antonella Azevedo,pmendonca@example.net,Pastor do Amparo,MT,Roupas,Voluptate,Adidas,3,1479.4,1943.22,0,112.03,SITE,Débito,1,Pendente,Total Express,Entregue
1792,PED-38844,2024-06-22,2026-01-29,971,Liam Aparecida,vasconcelosmatteo@example.com,Jesus,GO,Eletrônicos,Amet,Nike,5,1783.92,2048.49,0,106.07,SITE,Boleto,6,Aprovado,Correios,Atrasado
1793,PED-66152,2024-02-24,2025-10-03,648,Yago Jesus,rochasara@example.com,Cunha do Sul,SE,Roupas,Esse,Genérica,5,2215.52,1595.67,30,106.63,App,Boleto,2,Recusado,Total Express,Em trânsito
1794,PED-19253,2024-06-23,2024-03-15,912,André Macedo,giovannabarros@example.net,Cavalcante das Flores,RO,Casa,Ullam,Nike,3,1132.87,2097.05,0,118.66,app,Crédito,12,Pendente,Total Express,Entregue
1795,PED-70656,2025-10-26,2024-03-27,1054,Cauê Cavalcanti,novaesjoana@example.net,da Conceição de Mendes,SC,Eletrônicos,Possimus,LG,5,273.57,1754.69,0,66.94,App,Pix,3,Pendente,Correios,Em trânsito
1796,PED-82080,2025-12-26,2025-06-29,431,Sra. Ayla Lopes,dazevedo@example.org,Farias,MG,Beleza,Nesciunt,LG,5,1815.46,1468.04,20,2.74,SITE,Crédito,6,Pendente,Jadlog,Entregue
1797,PED-29783,2024-08-06,2024-08-22,488,Luiza Barros,dsousa@example.net,Fernandes,PI,Beleza,At,Nike,1,672.4,3278.01,30,72.32,App,Crédito,3,Aprovado,Correios,Atrasado
1798,PED-94808,2024-07-22,2024-04-03,1106,José Pedro Gomes,stephanybrito@example.org,Novais Verde,MA,Beleza,Vel,Genérica,4,2973.3,2755.28,0,61.29,SITE,Crédito,6,Pendente,Correios,Em trânsito
1799,PED-60859,2024-12-09,2024-04-17,76,Bruno Aragão,danilo32@example.net,Farias,BA,Eletrônicos,Est,Samsung,4,2072.17,807.09,0,70.74,SITE,Boleto,3,aprovado,Correios,Em trânsito
1800,PED-77027,2025-11-17,2025-02-20,895,Fernanda Correia,xfarias@example.com,Gonçalves da Serra,RR,Roupas,Nulla,Adidas,4,3228.55,887.01,0,5.31,Aplicativo,Pix,2,Pendente,Total Express,Atrasado
1801,PED-39528,2024-02-05,2025-10-04,392,Carolina Gomes,pietramoura@example.com,Novais,CE,Roupas,Beatae,LG,4,95.78,1729.59,0,88.77,SITE,Débito,1,Recusado,Jadlog,Em trânsito
1802,PED-92853,2025-12-23,2024-06-25,88,Nicole Abreu,olivia38@example.net,Vargas de Minas,RN,Roupas,Veritatis,Nike,1,1283.29,2270.79,20,57.41,app,Débito,3,Recusado,Total Express,Em trânsito
1803,PED-44525,2025-05-26,2025-10-17,92,Theodoro Porto,nicoleabreu@example.net,da Mota,ES,Roupas,Modi,LG,5,1904.01,411.11,0,37.36,App,Boleto,1,Aprovado,Correios,Entregue
1804,PED-94957,2025-10-12,2026-01-21,661,Caleb Machado,pintobento@example.net,Mendonça da Serra,PB,Eletrônicos,Consequatur,Apple,4,1898.35,1581.7,0,75.33,Aplicativo,Crédito,6,Aprovado,Total Express,Atrasado
1805,PED-67397,2025-02-27,2025-10-14,923,Rodrigo Ferreira,danilo44@example.net,Marques,MT,Beleza,Nemo,Nike,5,234.36,3094.56,0,76.66,App,Pix,1,Pendente,Total Express,Em trânsito
1806,PED-44524,2024-09-15,2025-05-23,844,Vinícius Cassiano,joao-pedro35@example.com,Moraes,RS,Casa,Odio,Adidas,3,135.35,2676.42,0,98.33,Aplicativo,Boleto,1,Aprovado,Correios,Em trânsito
1807,PED-38564,2024-03-25,2024-07-13,276,Juan Silva,cunhaesther@example.com,Moreira,RS,Beleza,Nesciunt,LG,4,804.27,1770.2,30,25.0,Site,Pix,3,Pendente,Jadlog,Em trânsito
1808,PED-30993,2025-12-14,2024-10-27,302,Kamilly Montenegro,scavalcante@example.org,Silva do Galho,RS,Casa,Aliquid,Apple,1,1806.2,3367.98,30,25.01,Site,Débito,3,Aprovado,Jadlog,Atrasado
1809,PED-58272,2024-12-03,2024-02-16,624,Sr. Danilo Pastor,camaraisabelly@example.org,Gomes,MG,eletronicos,Fuga,Apple,2,653.92,362.12,30,44.74,app,Pix,6,Recusado,Total Express,Entregue
1810,PED-86425,2026-01-26,2025-06-08,887,Maria Luísa Sá,cardosoolivia@example.com,Lima dos Dourados,RS,Casa,Adipisci,Samsung,4,3190.82,1084.62,10,101.59,App,Boleto,1,Aprovado,Jadlog,Atrasado
1811,PED-92862,2025-02-09,2024-09-15,1173,Bruno Macedo,mendoncatheo@example.org,Dias,GO,Roupas,Aliquam,Adidas,3,2293.54,3229.44,10,32.13,app,Crédito,2,Aprovado,Jadlog,Entregue
1812,PED-54128,2025-06-13,2025-04-01,27,Emilly Campos,aylada-rosa@example.com,Porto de Rezende,AP,eletronicos,Voluptatum,Apple,1,1821.99,374.45,20,66.22,App,Crédito,1,Recusado,Jadlog,Atrasado
1813,PED-72850,2024-07-23,2024-08-14,792,Davi Lucas Abreu,pintomaria-helena@example.org,da Luz,PR,Eletrônicos,Dicta,Genérica,5,930.25,1990.46,30,58.42,Aplicativo,Pix,1,aprovado,Total Express,Atrasado
1814,PED-26433,2025-01-18,2025-05-26,1098,Miguel Cavalcante,pereiraluiz-felipe@example.com,Albuquerque,PE,Casa,Enim,LG,2,3400.27,2708.74,0,97.43,Aplicativo,Pix,6,Aprovado,Total Express,Atrasado
1815,PED-94647,2024-03-28,2025-01-10,1199,Carolina Almeida,cavalcantimaria-alice@example.org,Novaes do Sul,RO,Casa,Molestias,Genérica,2,452.18,3122.89,10,45.25,Aplicativo,Crédito,3,Pendente,Jadlog,Em trânsito
1816,PED-67082,2025-11-09,2025-02-02,160,Theo Jesus,cassianolavinia@example.net,Pereira,PA,Eletrônicos,Libero,Apple,3,2625.79,3207.68,0,20.87,Site,Débito,12,aprovado,Correios,Atrasado
1817,PED-38859,2024-03-17,2025-11-09,551,Catarina Porto,francisco56@example.net,Vasconcelos,RO,Beleza,Ducimus,Adidas,5,186.68,3153.77,0,87.02,Aplicativo,Débito,2,Pendente,Jadlog,Atrasado
1818,PED-12116,2024-07-19,2026-02-02,193,Marcela da Cruz,fernandesraul@example.org,da Paz de Goiás,AP,Casa,Nihil,Nike,5,298.98,566.53,0,33.13,Aplicativo,Crédito,1,Recusado,Correios,Atrasado
1819,PED-31522,2025-04-29,2025-11-03,433,Caleb Silveira,oda-cunha@example.com,Pereira das Pedras,MS,eletronicos,At,LG,1,1629.83,2987.56,0,52.11,App,Débito,12,Pendente,Correios,Entregue
1820,PED-82035,2024-12-11,2025-03-30,786,Carlos Eduardo Albuquerque,jgomes@example.com,Pimenta,MA,eletronicos,Quae,Nike,2,1359.65,279.37,20,93.88,App,Boleto,3,Recusado,Jadlog,Atrasado
1821,PED-30702,2025-10-28,2024-09-16,375,João da Mota,miguelmoreira@example.net,da Paz do Campo,RO,Casa,Facere,Genérica,4,1345.92,3088.76,0,35.84,Site,Crédito,1,Recusado,Correios,Entregue
1822,PED-53846,2025-02-11,2024-09-03,704,Gael Henrique Gomes,jose-pedronunes@example.org,Ramos,TO,Eletrônicos,Excepturi,Genérica,2,2919.52,2747.19,0,93.54,App,Boleto,2,aprovado,Correios,Atrasado
1823,PED-80247,2024-03-24,2025-04-23,469,Mirella Farias,thiagosilveira@example.org,Sousa do Norte,RN,Beleza,Corrupti,Samsung,3,1667.44,882.14,0,7.93,App,Pix,2,Aprovado,Jadlog,Atrasado
1824,PED-73203,2025-07-10,2025-11-30,599,Sr. Enrico Gonçalves,vabreu@example.org,Vieira de Nogueira,MA,Beleza,Numquam,Apple,2,1283.71,444.88,30,93.8,Aplicativo,Boleto,3,Recusado,Correios,Entregue
1825,PED-27565,2024-05-14,2025-02-09,17,Luiz Gustavo Rocha,barbara02@example.org,Rezende,PB,Roupas,Illum,Samsung,5,1161.7,891.32,10,78.08,Aplicativo,Crédito,3,aprovado,Correios,Atrasado
1826,PED-79250,2024-02-04,2024-08-29,766,Davi Lucca da Conceição,amoura@example.com,Pereira de Minas,SP,Beleza,Ea,Samsung,1,394.67,2453.65,10,115.8,Site,Pix,1,Aprovado,Jadlog,Entregue
1827,PED-18509,2024-09-16,2024-04-13,513,Liam Teixeira,ana-vitoriaferreira@example.com,Cavalcante,RJ,eletronicos,Ipsum,Nike,4,1895.27,639.36,0,113.43,Site,Boleto,12,Aprovado,Total Express,Em trânsito
1828,PED-22755,2024-06-16,2024-07-09,93,Agatha Silveira,dmoura@example.net,Mendonça,AC,Beleza,Commodi,Genérica,4,2226.47,1154.29,0,15.46,Aplicativo,Crédito,2,Aprovado,Correios,Em trânsito
1829,PED-85784,2024-07-28,2024-09-05,406,Diego Nunes,josemachado@example.com,da Mota do Amparo,BA,eletronicos,Quibusdam,Genérica,1,1334.39,958.31,30,89.17,Site,Boleto,1,Aprovado,Correios,Entregue
1830,PED-17108,2024-04-25,2024-02-14,379,Eloah Fonseca,qsilva@example.com,Freitas,RJ,Beleza,Modi,Nike,3,3419.98,2435.27,0,109.19,Site,Pix,12,aprovado,Correios,Em trânsito
1831,PED-22527,2024-05-02,2025-02-07,197,Rafael Souza,theo97@example.org,Lopes,AP,Roupas,Dignissimos,Apple,1,1442.82,1707.38,0,37.8,App,Pix,6,aprovado,Correios,Entregue
1832,PED-62664,2025-09-27,2025-03-20,870,Cecilia Borges,fsiqueira@example.org,Mendes,MT,eletronicos,Repellendus,Apple,5,535.24,518.11,0,33.35,Site,Pix,1,aprovado,Correios,Atrasado
1833,PED-33081,2025-01-30,2025-10-14,97,Benjamin Costa,mariane94@example.com,Sampaio,AP,Roupas,Facilis,Nike,2,2309.8,379.84,30,88.7,Site,Crédito,1,aprovado,Jadlog,Atrasado
1834,PED-50205,2025-09-06,2024-10-06,429,Henrique Silveira,andradefrancisco@example.com,Cirino das Pedras,GO,eletronicos,Accusamus,Adidas,1,713.93,2264.01,0,21.78,Aplicativo,Crédito,12,aprovado,Correios,Entregue
1835,PED-88342,2025-10-06,2025-11-08,521,Dra. Antonella Câmara,moraesisaac@example.net,Campos do Norte,PE,Roupas,Sit,Nike,3,1199.74,797.2,0,60.07,App,Pix,3,Pendente,Jadlog,Entregue
1836,PED-32709,2025-09-13,2024-11-01,541,Matheus Abreu,jesuspietra@example.net,Leão,BA,Beleza,Sit,Adidas,4,1531.43,973.3,30,6.54,app,Pix,1,Pendente,Jadlog,Atrasado
1837,PED-97820,2026-01-12,2024-10-13,970,João Vitor Ribeiro,allanasales@example.org,Montenegro Verde,SP,eletronicos,Dolorum,LG,5,1948.01,2206.55,0,74.62,SITE,Pix,2,Aprovado,Jadlog,Atrasado
1838,PED-33273,2025-08-08,2026-01-03,786,Guilherme Pacheco,wda-cruz@example.net,da Costa da Prata,GO,Casa,Occaecati,LG,3,1991.39,278.86,10,91.68,Aplicativo,Débito,1,aprovado,Total Express,Atrasado
1839,PED-17940,2025-03-07,2024-10-08,854,Sophie Lima,aragaoluna@example.com,Ramos,BA,Casa,Commodi,LG,1,969.77,2750.51,0,26.3,Aplicativo,Pix,1,Recusado,Jadlog,Em trânsito
1840,PED-61617,2024-05-19,2025-02-13,890,Sr. Yuri Martins,eloah48@example.net,Garcia de Aragão,SP,Roupas,Amet,Genérica,2,1216.32,1986.12,30,82.73,Aplicativo,Débito,12,Recusado,Total Express,Entregue
1841,PED-30197,2024-04-12,2024-07-24,594,Dra. Laura Ribeiro,pcardoso@example.org,Mendonça,RN,eletronicos,Illo,Genérica,4,1753.8,2093.75,0,12.39,Aplicativo,Crédito,1,Pendente,Total Express,Atrasado
1842,PED-64833,2024-07-24,2024-04-29,403,Luiz Felipe Cavalcanti,antony45@example.org,Jesus do Amparo,MG,Beleza,Totam,Apple,3,986.51,3293.64,0,49.3,App,Boleto,1,Aprovado,Jadlog,Entregue
1843,PED-61550,2024-05-25,2025-10-08,1103,Pedro Henrique Peixoto,lara96@example.com,Pinto,AL,eletronicos,Similique,LG,5,1672.84,2254.26,20,73.01,app,Crédito,2,Aprovado,Jadlog,Entregue
1844,PED-98317,2025-11-28,2024-06-11,1025,Leonardo Câmara,roliveira@example.com,Novais,RS,Eletrônicos,Est,Samsung,4,3144.43,1827.68,0,83.36,Site,Crédito,1,Aprovado,Jadlog,Entregue
1845,PED-72126,2025-07-05,2025-08-24,268,Dra. Lunna Borges,liam68@example.org,Ribeiro,PE,Casa,Est,Samsung,4,2434.41,2723.8,0,113.16,App,Boleto,12,Pendente,Total Express,Atrasado
1846,PED-12503,2025-12-05,2024-07-21,1139,Dra. Melissa Vasconcelos,heitorda-conceicao@example.com,Macedo,PE,eletronicos,Neque,Nike,3,2029.75,456.49,0,117.49,Aplicativo,Débito,3,Recusado,Jadlog,Em trânsito
1847,PED-34109,2024-10-09,2024-03-22,663,Mariane Correia,pimentaolivia@example.com,Almeida Verde,SE,Roupas,Aspernatur,Apple,5,3470.66,2233.28,10,101.09,App,Pix,12,Pendente,Correios,Entregue
1848,PED-88361,2025-07-23,2025-01-21,223,Cecilia Nunes,valentina40@example.net,Fernandes de Goiás,MA,Casa,Perspiciatis,Apple,5,3018.98,2080.78,0,1.36,Aplicativo,Pix,3,Aprovado,Total Express,Entregue
1849,PED-33792,2024-10-13,2024-05-26,848,João Abreu,pintoluna@example.net,Pinto,RR,Casa,Eveniet,Genérica,3,2006.69,355.09,10,54.18,Site,Boleto,6,aprovado,Correios,Em trânsito
1850,PED-38924,2025-11-10,2024-11-02,228,Anthony Gabriel Cassiano,teixeiraisabela@example.org,Pires do Oeste,GO,Eletrônicos,Repellendus,Samsung,4,420.65,1257.17,20,3.3,Aplicativo,Débito,3,Recusado,Total Express,Atrasado
1851,PED-14441,2024-08-30,2024-08-24,167,Melissa Cavalcante,luiz-miguel25@example.com,Câmara,RJ,eletronicos,Impedit,Apple,2,989.01,988.04,10,110.12,Aplicativo,Boleto,6,aprovado,Total Express,Em trânsito
1852,PED-79924,2025-05-11,2025-05-31,206,Emilly Rocha,lda-conceicao@example.net,Almeida Alegre,CE,Roupas,Iure,Samsung,5,1931.96,2435.18,0,87.4,Site,Boleto,2,aprovado,Correios,Entregue
1853,PED-42905,2025-08-10,2024-09-08,1115,Enrico Rezende,mateusda-paz@example.org,Guerra,MS,Eletrônicos,Odio,Samsung,4,85.96,1026.09,30,85.25,Site,Crédito,1,Recusado,Total Express,Entregue
1854,PED-15066,2024-04-18,2025-02-10,309,Theodoro Marques,oliveiraana-julia@example.net,Aparecida,SE,Beleza,Id,Adidas,4,2993.59,3244.11,10,109.92,Site,Crédito,3,Aprovado,Correios,Em trânsito
1855,PED-28924,2024-10-30,2024-03-15,250,Srta. Olívia Abreu,britopaulo@example.com,Duarte,GO,eletronicos,Qui,LG,5,3138.85,3274.15,0,66.42,SITE,Crédito,1,Recusado,Correios,Entregue
1856,PED-65766,2025-07-22,2024-11-17,126,Antônio da Cruz,cda-mata@example.com,Costa,BA,Casa,Culpa,Adidas,1,1725.54,3290.28,20,11.96,app,Boleto,1,Aprovado,Jadlog,Em trânsito
1857,PED-22960,2025-12-06,2025-09-18,177,Catarina Almeida,dpires@example.com,da Costa da Prata,AC,Casa,Eum,Samsung,2,3075.32,2750.28,0,69.96,App,Crédito,1,Recusado,Jadlog,Atrasado
1858,PED-10564,2024-04-20,2025-05-30,331,Isadora Albuquerque,ayla11@example.com,Ribeiro,AL,Beleza,Et,Adidas,1,1048.18,461.35,20,55.13,App,Pix,1,Pendente,Total Express,Entregue
1859,PED-89635,2024-10-17,2025-10-27,437,Srta. Maria Cecília Costa,vargasagatha@example.org,Sampaio,AP,Casa,Dignissimos,Nike,5,1321.33,1362.95,10,22.5,Site,Débito,3,Aprovado,Correios,Atrasado
1860,PED-75446,2025-12-22,2025-04-19,618,Srta. Daniela da Mata,da-pazjoao-vitor@example.net,Pacheco do Norte,PI,Beleza,Quos,Samsung,4,471.29,2042.7,0,20.32,SITE,Crédito,1,Recusado,Correios,Entregue
1861,PED-41125,2024-05-01,2025-12-28,169,Anthony Gabriel Guerra,felipejesus@example.net,Almeida,PB,Roupas,Aperiam,Apple,3,227.33,2109.0,10,115.9,SITE,Boleto,1,Pendente,Total Express,Em trânsito
1862,PED-55140,2024-06-26,2024-05-31,691,Sr. Gabriel Jesus,cirinoyasmin@example.com,Peixoto do Amparo,PI,eletronicos,Excepturi,LG,2,2663.93,1764.13,0,107.21,Site,Débito,6,Recusado,Jadlog,Em trânsito
1863,PED-18520,2025-11-17,2024-03-17,956,Felipe Jesus,silveirayuri@example.net,Almeida,MG,Beleza,Totam,Adidas,5,2481.51,1001.91,20,109.79,App,Boleto,2,Recusado,Total Express,Atrasado
1864,PED-88365,2024-04-10,2024-08-31,453,Luiz Otávio Montenegro,malmeida@example.com,Fonseca da Serra,BA,Eletrônicos,Architecto,Samsung,3,415.59,3466.91,30,87.66,Aplicativo,Boleto,1,Pendente,Correios,Em trânsito
1865,PED-57718,2025-07-15,2025-12-07,1034,Léo Rodrigues,silvamaite@example.com,Fogaça Verde,MS,Roupas,Eos,Apple,2,1596.48,2549.22,10,18.73,Aplicativo,Débito,12,Recusado,Jadlog,Em trânsito
1866,PED-13393,2025-05-25,2024-06-22,531,Luiz Otávio Garcia,spacheco@example.org,Peixoto do Campo,AP,Casa,Quas,Samsung,4,127.82,197.78,0,103.08,App,Crédito,12,aprovado,Correios,Em trânsito
1867,PED-76747,2024-12-02,2025-09-10,863,Benjamin Martins,jesusdavi-lucas@example.com,Rezende,TO,eletronicos,Explicabo,LG,1,2766.71,1816.23,0,105.23,Site,Boleto,2,Aprovado,Total Express,Em trânsito
1868,PED-23145,2024-11-18,2024-07-05,996,Pietro Cunha,fcaldeira@example.org,Peixoto,DF,eletronicos,Reprehenderit,Adidas,2,76.59,1456.37,0,60.18,Site,Crédito,1,aprovado,Correios,Entregue
1869,PED-28720,2025-06-22,2024-11-20,1131,Srta. Ana Cecília Cavalcante,bgarcia@example.net,Leão de da Luz,PE,eletronicos,Sapiente,Apple,2,1968.43,1029.48,20,33.33,App,Débito,3,aprovado,Jadlog,Atrasado
1870,PED-87470,2025-10-21,2024-02-13,609,Samuel Garcia,antonio37@example.net,da Conceição,SE,Eletrônicos,Expedita,Samsung,3,368.33,2555.7,20,32.16,app,Crédito,1,Recusado,Correios,Atrasado
1871,PED-25133,2025-02-25,2024-11-30,505,Enrico Fonseca,ana-clara92@example.com,da Cunha do Sul,MA,Roupas,Animi,Genérica,1,2899.85,3312.64,0,23.31,Aplicativo,Débito,1,aprovado,Correios,Em trânsito
1872,PED-47914,2024-04-12,2024-05-08,241,Srta. Mariana Lopes,pietroazevedo@example.com,Cirino da Mata,AC,Roupas,Inventore,Nike,5,3432.88,2115.84,10,62.9,Site,Débito,3,Aprovado,Correios,Entregue
1873,PED-49334,2024-11-08,2025-11-27,210,Yago Ribeiro,rcostela@example.com,Ribeiro,AP,Beleza,Expedita,LG,3,886.92,316.34,0,104.59,SITE,Crédito,6,Recusado,Jadlog,Em trânsito
1874,PED-82832,2024-10-31,2024-08-05,840,Sr. Vicente Rodrigues,luiza49@example.com,Lopes,MA,Casa,Voluptate,LG,2,1949.58,654.74,30,61.19,app,Débito,1,Pendente,Correios,Em trânsito
1875,PED-75237,2024-03-30,2025-06-19,1146,Erick Pinto,milena03@example.net,Fogaça,BA,Eletrônicos,Ipsam,Genérica,2,1653.07,2068.88,0,80.12,Site,Débito,12,Pendente,Jadlog,Entregue
1876,PED-62756,2025-08-02,2024-12-13,1180,Elisa da Cunha,maria-julia46@example.net,Rios,PA,Eletrônicos,Cupiditate,LG,3,1956.3,3354.48,10,94.11,app,Pix,6,Aprovado,Total Express,Em trânsito
1877,PED-34454,2025-08-12,2025-05-20,1180,Leonardo Viana,davi-lucca89@example.com,Sales,RJ,Eletrônicos,Nihil,Nike,5,3378.38,2004.21,0,82.74,App,Débito,3,Pendente,Correios,Em trânsito
1878,PED-18739,2025-06-09,2025-06-25,100,Manuella Vargas,maria-vitoria88@example.com,Fogaça dos Dourados,MS,Casa,Asperiores,LG,4,1635.96,855.67,0,44.55,Site,Crédito,2,Recusado,Correios,Em trânsito
1879,PED-64312,2025-12-18,2024-12-27,191,Henry Gomes,gomesaurora@example.com,da Luz,ES,eletronicos,Pariatur,Nike,5,288.44,2077.72,20,7.03,App,Débito,6,Aprovado,Total Express,Em trânsito
1880,PED-35487,2024-05-03,2025-02-06,981,Alexia Machado,vianacecilia@example.com,da Rocha,MT,Casa,Ipsum,Adidas,5,604.52,2164.4,10,35.49,App,Boleto,12,Pendente,Correios,Em trânsito
1881,PED-11199,2025-12-03,2025-02-16,1089,Isadora Leão,fsales@example.net,Jesus,PA,Roupas,In,Genérica,2,879.34,535.89,0,20.89,App,Crédito,12,Aprovado,Jadlog,Entregue
1882,PED-69555,2024-11-02,2025-10-24,259,Joana Machado,hfernandes@example.org,Barros da Praia,CE,Roupas,Reprehenderit,Samsung,3,1229.93,3300.92,10,72.04,App,Pix,1,Pendente,Jadlog,Atrasado
1883,PED-13774,2024-03-25,2024-05-06,787,Heitor da Rocha,isadora46@example.org,Pacheco de Goiás,AL,eletronicos,Suscipit,Nike,5,2841.02,101.56,0,19.75,Aplicativo,Crédito,1,aprovado,Correios,Atrasado
1884,PED-28926,2024-03-19,2024-09-06,693,Cecília Novais,jandrade@example.org,Machado de Cunha,AM,Beleza,Quaerat,LG,3,675.43,816.73,0,38.66,app,Débito,3,Pendente,Correios,Entregue
1885,PED-46639,2025-05-26,2024-08-10,42,Nicole Rocha,icorreia@example.com,Sousa,RO,eletronicos,Iure,Adidas,4,1403.47,3171.63,30,74.07,Site,Boleto,1,Aprovado,Jadlog,Em trânsito
1886,PED-30574,2025-02-14,2024-05-05,285,Emanuella Fogaça,eloa00@example.com,Santos,RS,eletronicos,Porro,Samsung,3,350.19,1650.84,0,108.62,App,Débito,3,aprovado,Jadlog,Em trânsito
1887,PED-89183,2025-03-25,2024-06-21,430,Henrique Cardoso,ravi-luccada-mota@example.org,Castro,SC,Casa,At,Samsung,4,813.45,485.4,0,90.18,SITE,Crédito,12,aprovado,Total Express,Entregue
1888,PED-75550,2025-04-09,2024-02-10,93,Matheus Novaes,ynascimento@example.net,Moreira,TO,Roupas,Sit,Adidas,3,76.19,571.72,10,11.43,app,Crédito,1,aprovado,Total Express,Entregue
1889,PED-37740,2024-08-14,2025-07-18,766,Daniela Cavalcanti,joao-gabriel34@example.com,Jesus Verde,PE,Beleza,Repellat,Apple,4,2134.47,342.4,0,0.25,Site,Débito,6,Recusado,Jadlog,Entregue
1890,PED-59385,2025-11-04,2025-04-14,300,João Felipe Dias,danilo20@example.org,Alves de Minas,AM,eletronicos,Beatae,LG,4,2518.62,2385.7,30,59.07,app,Pix,1,Recusado,Correios,Atrasado
1891,PED-68916,2025-03-01,2025-01-06,1187,Ayla Rodrigues,salesnatalia@example.org,Souza,RJ,Beleza,Earum,Apple,2,51.62,2789.03,0,87.23,SITE,Débito,6,aprovado,Correios,Em trânsito
1892,PED-95313,2026-01-26,2024-12-15,960,Catarina Porto,joao72@example.org,Campos,ES,Casa,Sint,Adidas,1,1032.78,1350.11,10,88.07,SITE,Boleto,1,Aprovado,Total Express,Em trânsito
1893,PED-56234,2024-06-01,2025-08-16,402,Isabela Cunha,tmontenegro@example.net,Montenegro,AM,Beleza,Voluptatibus,Genérica,1,3223.99,2361.78,10,51.35,Aplicativo,Boleto,1,Aprovado,Jadlog,Entregue
1894,PED-96354,2024-08-15,2025-07-07,965,Manuela Siqueira,rezendefelipe@example.net,Leão,DF,Casa,Mollitia,Samsung,2,141.43,2035.47,20,10.38,App,Boleto,3,Aprovado,Jadlog,Atrasado
1895,PED-19722,2024-02-29,2025-11-17,123,André Peixoto,pedro-lucas64@example.com,Machado,PB,eletronicos,Tempore,Apple,2,288.9,442.88,10,75.13,Aplicativo,Crédito,2,Pendente,Total Express,Em trânsito
1896,PED-36803,2025-09-13,2025-10-11,687,Melissa Souza,da-costaaugusto@example.org,Fogaça,PI,eletronicos,Modi,Apple,2,734.56,1727.72,20,42.69,SITE,Crédito,12,aprovado,Jadlog,Atrasado
1897,PED-77740,2026-01-28,2024-09-20,583,Maria Laura Machado,rodrigoda-rosa@example.net,Nunes,PE,Beleza,Dolorum,LG,4,811.31,1768.03,0,34.33,SITE,Pix,1,Aprovado,Correios,Entregue
1898,PED-42091,2025-08-26,2024-10-20,929,Laura Pacheco,mathias95@example.org,Cardoso,PE,Roupas,Vel,Apple,5,2645.58,1997.87,30,17.82,SITE,Crédito,1,aprovado,Jadlog,Em trânsito
1899,PED-55164,2024-03-24,2025-09-24,1029,Kaique Ribeiro,xpimenta@example.com,Alves,RR,Casa,Officiis,Nike,5,769.99,3399.6,20,85.63,Site,Boleto,6,aprovado,Total Express,Em trânsito
1900,PED-64097,2025-06-01,2025-10-06,702,Clarice da Rosa,lsilveira@example.com,Monteiro,ES,Beleza,Alias,Samsung,3,3139.53,3221.76,0,4.95,Site,Pix,6,Aprovado,Jadlog,Em trânsito
1901,PED-31452,2025-02-06,2024-08-09,877,Bella Silveira,pimentasara@example.net,Carvalho,TO,Casa,Dolorum,LG,2,1537.23,3037.01,0,104.58,App,Crédito,12,aprovado,Jadlog,Entregue
1902,PED-46654,2024-02-20,2025-02-11,648,José Miguel Sales,luiz-felipepires@example.net,da Cunha Grande,BA,Roupas,A,Apple,2,1737.08,2928.76,30,47.07,Aplicativo,Boleto,2,Recusado,Total Express,Em trânsito
1903,PED-77018,2025-01-20,2024-08-02,602,Leonardo Guerra,cribeiro@example.com,Sousa,AC,Beleza,Autem,Nike,2,618.17,2858.8,20,34.56,App,Crédito,1,Recusado,Jadlog,Atrasado
1904,PED-28099,2025-10-01,2025-04-16,645,Arthur Gabriel Sales,freitaslevi@example.net,Moraes,AP,Eletrônicos,Delectus,Nike,5,497.17,2007.82,0,45.97,App,Crédito,1,Aprovado,Jadlog,Entregue
1905,PED-68629,2025-08-13,2025-04-17,856,Dr. Antony Pires,vsa@example.net,Aparecida de Goiás,PI,Casa,Animi,Apple,5,3309.07,2601.95,30,2.61,Aplicativo,Débito,1,Recusado,Correios,Entregue
1906,PED-27169,2025-11-01,2025-10-04,1179,Maitê Sales,ester77@example.net,Freitas Grande,TO,Eletrônicos,Ex,LG,4,3046.93,2315.76,0,22.33,SITE,Pix,2,Pendente,Total Express,Atrasado
1907,PED-97573,2024-09-25,2025-05-06,13,João Felipe Montenegro,gvargas@example.com,Pires,SE,Roupas,Repellendus,LG,4,2544.49,1649.56,0,44.83,app,Pix,6,Aprovado,Jadlog,Entregue
1908,PED-36687,2025-12-07,2024-06-06,472,Thomas Albuquerque,bmelo@example.net,Leão,AM,Beleza,Delectus,Adidas,2,372.94,1612.1,30,100.91,SITE,Débito,1,Pendente,Total Express,Atrasado
1909,PED-30455,2025-09-20,2024-06-08,115,Aylla Sousa,nda-mata@example.net,Andrade,AM,Beleza,Rerum,Genérica,3,1142.46,2526.3,10,58.59,Aplicativo,Crédito,2,aprovado,Jadlog,Atrasado
1910,PED-38797,2025-02-18,2025-12-26,288,Vitor Gabriel Lopes,machadobruno@example.net,Macedo dos Dourados,DF,Beleza,Eaque,Nike,2,64.99,282.4,0,105.99,SITE,Crédito,12,Aprovado,Total Express,Atrasado
1911,PED-77894,2025-12-18,2024-10-12,599,Leonardo Almeida,lorenzomonteiro@example.net,Pereira do Campo,PE,Beleza,Perferendis,LG,2,1387.56,923.29,20,24.42,SITE,Boleto,12,Pendente,Total Express,Atrasado
1912,PED-59941,2025-02-02,2024-05-30,47,Amanda Alves,pda-paz@example.net,Peixoto,RN,Beleza,Molestias,Apple,5,2138.12,1770.74,30,76.58,SITE,Boleto,1,Recusado,Total Express,Atrasado
1913,PED-43186,2024-04-19,2024-09-29,586,Kaique Gomes,jose-miguel90@example.org,Aparecida,PE,Casa,Fugiat,Adidas,2,132.89,3449.53,10,33.59,Site,Crédito,12,aprovado,Correios,Em trânsito
1914,PED-91478,2024-10-04,2024-03-21,757,Stella Santos,melissacampos@example.org,Mendes do Amparo,PB,Eletrônicos,Magni,Adidas,2,1340.99,2895.8,0,9.29,App,Pix,2,Aprovado,Jadlog,Em trânsito
1915,PED-79546,2025-04-21,2024-12-26,123,Sr. Thales Oliveira,natalia51@example.net,Sousa,RN,Beleza,Laudantium,Samsung,2,3333.22,2581.43,20,76.67,Site,Pix,1,Aprovado,Correios,Em trânsito
1916,PED-18052,2024-04-12,2025-01-27,557,Vitor Gabriel Silveira,ecavalcante@example.org,Vasconcelos das Flores,ES,eletronicos,Ad,Samsung,3,1449.55,3133.01,0,9.1,SITE,Pix,1,Aprovado,Jadlog,Atrasado
1917,PED-94636,2025-01-12,2024-06-22,445,Srta. Maysa Mendonça,ferreiraluiz-gustavo@example.org,da Luz de Viana,GO,Casa,Temporibus,LG,4,1153.03,1794.62,0,5.05,Site,Crédito,2,Recusado,Jadlog,Em trânsito
1918,PED-68638,2025-08-10,2024-10-18,226,Alice Abreu,borgesluan@example.com,Cirino da Praia,RN,Casa,Esse,Nike,5,954.81,364.68,20,4.46,Aplicativo,Crédito,2,aprovado,Jadlog,Atrasado
1919,PED-23478,2025-04-29,2024-11-30,893,Maria Clara Cirino,enrico82@example.net,Farias de Costa,RO,Eletrônicos,Sequi,Samsung,3,1830.05,1392.95,20,117.33,Site,Crédito,3,Pendente,Jadlog,Em trânsito
1920,PED-56694,2025-11-30,2024-04-13,1187,Lívia Oliveira,mda-cruz@example.net,Abreu da Serra,RS,Beleza,Odit,Apple,2,601.42,276.57,0,86.33,Site,Pix,3,aprovado,Jadlog,Entregue
1921,PED-43499,2024-08-30,2025-07-25,731,Cecilia Freitas,da-rosalorenzo@example.net,Silva,TO,Beleza,Ullam,Samsung,5,1249.83,1178.66,30,17.99,App,Débito,1,aprovado,Correios,Atrasado
1922,PED-96000,2024-09-13,2025-03-05,1043,Júlia Campos,cpacheco@example.org,Vieira,SC,eletronicos,Mollitia,LG,2,1388.24,2325.13,0,56.17,Aplicativo,Pix,3,Aprovado,Correios,Atrasado
1923,PED-53286,2024-05-06,2025-04-28,1105,Sr. Vitor Gabriel Leão,domleao@example.org,Duarte,PB,Roupas,Expedita,Nike,4,1940.78,2136.4,0,0.52,SITE,Crédito,1,Recusado,Correios,Entregue
1924,PED-70558,2024-04-30,2024-10-25,367,Samuel Rios,henryleao@example.net,Nogueira,SP,Casa,Expedita,Nike,4,2094.22,2848.36,0,30.61,Site,Pix,12,Aprovado,Correios,Em trânsito
1925,PED-26486,2026-01-26,2024-04-23,1061,Ana Cecília Sousa,vasconcelosvalentim@example.org,Lima,BA,Roupas,At,LG,4,417.41,873.01,20,56.05,SITE,Crédito,3,Pendente,Correios,Atrasado
1926,PED-11045,2025-01-23,2024-05-09,936,Vitor Hugo Farias,gguerra@example.org,Caldeira da Serra,PA,eletronicos,Earum,Adidas,2,3327.95,2787.09,10,54.71,Site,Crédito,12,Recusado,Correios,Em trânsito
1927,PED-26812,2025-05-11,2024-02-24,985,Liam Ramos,brayan20@example.net,Cirino,BA,Beleza,Aspernatur,Nike,2,53.78,2128.76,0,53.11,Site,Débito,1,Aprovado,Correios,Atrasado
1928,PED-46524,2025-12-19,2024-12-13,289,Sra. Maria Laura Pacheco,luiz-gustavopacheco@example.net,da Costa do Campo,MA,eletronicos,Quia,LG,3,1736.57,3115.15,0,41.86,Aplicativo,Boleto,2,Aprovado,Total Express,Atrasado
1929,PED-65993,2025-10-17,2025-07-14,247,Dr. Valentim Abreu,qsantos@example.org,Araújo da Mata,MA,Beleza,Fugiat,Adidas,4,423.76,1308.44,20,52.14,Aplicativo,Boleto,12,Pendente,Jadlog,Em trânsito
1930,PED-15333,2025-01-08,2025-03-07,774,Marcos Vinicius Brito,dfonseca@example.com,da Conceição Grande,PA,Beleza,Totam,Apple,2,1042.12,967.75,0,73.8,App,Débito,1,Recusado,Correios,Atrasado
1931,PED-59789,2025-11-11,2024-12-28,747,Dr. Luigi Leão,jsiqueira@example.com,Pimenta,MG,eletronicos,Occaecati,Nike,5,741.0,2446.22,0,100.53,app,Crédito,12,Recusado,Correios,Atrasado
1932,PED-11741,2025-10-21,2025-10-28,940,Srta. Maria Alice Farias,anna-liz17@example.net,Nascimento,TO,Eletrônicos,Voluptatem,LG,3,1699.93,889.2,0,91.47,App,Boleto,12,Aprovado,Correios,Em trânsito
1933,PED-14868,2024-08-14,2025-02-03,197,Sarah Castro,laurada-conceicao@example.net,Macedo das Flores,PE,Eletrônicos,In,Samsung,4,2495.5,3187.88,10,1.07,app,Crédito,1,Pendente,Jadlog,Atrasado
1934,PED-84949,2025-01-22,2025-01-13,428,Sra. Zoe Rios,maria-cecilia14@example.com,Abreu do Galho,PB,Roupas,Et,Nike,3,2112.66,3029.13,0,26.48,App,Débito,1,Pendente,Correios,Atrasado
1935,PED-34496,2024-06-04,2024-06-18,221,Danilo da Mota,nogueirabianca@example.org,Gonçalves,PR,Roupas,Labore,Adidas,4,1678.38,364.95,0,46.13,app,Boleto,6,Pendente,Jadlog,Atrasado
1936,PED-41465,2024-06-13,2025-01-03,320,Luana Pires,martinscaue@example.net,Fogaça,PI,Eletrônicos,Nostrum,Apple,1,3301.32,3326.49,30,16.65,Aplicativo,Boleto,1,aprovado,Total Express,Entregue
1937,PED-50681,2024-08-25,2025-05-29,805,Cauê Almeida,ana-juliapimenta@example.net,Cardoso,CE,Beleza,Nostrum,LG,3,3011.17,2093.24,0,118.62,Aplicativo,Débito,1,Aprovado,Correios,Entregue
1938,PED-98513,2025-06-11,2025-02-03,290,Carlos Eduardo Rodrigues,pietroribeiro@example.org,Câmara da Prata,PR,Eletrônicos,Quaerat,Adidas,4,2341.04,347.94,30,89.55,Site,Pix,1,Aprovado,Total Express,Em trânsito
1939,PED-46674,2024-10-04,2024-03-22,427,Dra. Manuella Abreu,riosenzo@example.org,Garcia,PI,eletronicos,Deleniti,Nike,1,1432.22,2298.37,30,6.84,SITE,Débito,1,Pendente,Total Express,Entregue
1940,PED-59989,2024-10-04,2025-06-07,412,Lorenzo Brito,maria-claraviana@example.net,Peixoto do Sul,CE,Eletrônicos,Quasi,Samsung,1,246.18,180.12,0,63.16,app,Débito,1,Pendente,Total Express,Entregue
1941,PED-10465,2024-10-03,2024-06-21,635,Hadassa Moreira,maria-juliarodrigues@example.net,Cassiano,MS,Beleza,Veniam,Samsung,2,1867.21,3439.27,0,40.31,App,Crédito,1,aprovado,Total Express,Atrasado
1942,PED-16628,2025-05-15,2024-06-22,472,Ísis Siqueira,da-rochamilena@example.net,Jesus de Machado,RR,Eletrônicos,Delectus,LG,2,2235.08,1489.2,0,29.09,Aplicativo,Boleto,1,Aprovado,Total Express,Entregue
1943,PED-28393,2024-11-04,2025-04-01,281,Natália Mendonça,xrezende@example.com,Aparecida de Costela,AP,Casa,Dolores,Adidas,1,1253.33,3445.29,20,36.37,Aplicativo,Pix,12,Pendente,Correios,Em trânsito
1944,PED-38873,2025-10-08,2024-11-27,151,Luan Cavalcante,leandro26@example.net,Vargas,RO,Eletrônicos,Blanditiis,Samsung,3,2399.04,3316.73,30,93.57,SITE,Crédito,12,Pendente,Jadlog,Entregue
1945,PED-89254,2024-12-01,2026-01-17,918,Luara Rocha,andradeaurora@example.org,Freitas,AM,Beleza,Similique,Adidas,3,3426.63,376.59,20,118.49,App,Débito,6,Pendente,Total Express,Entregue
1946,PED-72176,2024-07-28,2025-08-06,836,Davi Lucas Cirino,casa-grandevalentim@example.com,Castro da Mata,SE,Roupas,Quae,Genérica,1,2663.26,408.27,10,51.26,Site,Boleto,2,Pendente,Correios,Atrasado
1947,PED-79569,2025-05-22,2024-02-27,1112,José Caldeira,dom51@example.org,Machado das Pedras,AC,eletronicos,Facilis,Nike,2,1541.93,1864.58,30,80.01,Site,Crédito,6,Pendente,Total Express,Entregue
1948,PED-70278,2025-10-15,2025-01-15,823,Dra. Ana Julia Fonseca,zpereira@example.com,Montenegro dos Dourados,AM,eletronicos,Nam,Adidas,2,685.06,1541.28,10,61.77,app,Crédito,3,aprovado,Jadlog,Atrasado
1949,PED-62046,2024-07-05,2025-04-22,176,Mirella Moreira,heloisada-cunha@example.org,Costa,PR,Casa,Id,LG,2,696.05,3212.88,20,81.12,app,Crédito,2,Recusado,Total Express,Atrasado
1950,PED-41698,2024-03-18,2024-07-29,652,Vinicius Jesus,felipelima@example.net,Aragão,AP,Beleza,Dolore,Adidas,1,517.75,1227.82,10,57.63,SITE,Boleto,1,Pendente,Jadlog,Em trânsito
1951,PED-13268,2025-02-08,2024-02-05,1125,Srta. Luana Vasconcelos,luiz-fernandorodrigues@example.net,Mendes do Norte,MG,eletronicos,Temporibus,Adidas,3,3360.59,1886.09,0,3.52,Site,Pix,1,Pendente,Correios,Em trânsito
1952,PED-53209,2025-10-28,2025-07-24,989,Leandro Guerra,wborges@example.org,Câmara dos Dourados,PB,Beleza,Saepe,Adidas,2,2022.22,3339.22,0,70.83,App,Boleto,1,Aprovado,Total Express,Atrasado
1953,PED-67855,2025-02-17,2025-10-18,165,Léo Pastor,ada-cunha@example.org,Pastor das Flores,DF,Eletrônicos,Consequuntur,LG,5,1528.43,243.48,30,43.33,Site,Crédito,6,aprovado,Jadlog,Em trânsito
1954,PED-87904,2025-10-17,2024-08-28,371,Sabrina Marques,joao-feliperezende@example.com,da Mata,RS,Beleza,Aspernatur,Nike,5,2931.68,1744.9,30,55.57,Site,Débito,6,Aprovado,Correios,Atrasado
1955,PED-35713,2024-02-09,2024-04-14,37,Maria Fernanda Pastor,camposgustavo-henrique@example.org,Garcia,CE,Eletrônicos,Similique,Samsung,2,1222.64,95.52,30,60.86,Site,Boleto,1,aprovado,Total Express,Entregue
1956,PED-62625,2024-03-21,2025-09-03,706,Brenda Teixeira,crodrigues@example.org,Gomes do Galho,BA,eletronicos,Eligendi,Apple,2,833.36,702.16,20,25.3,Site,Crédito,2,aprovado,Correios,Entregue
1957,PED-75336,2026-01-09,2025-02-04,401,Ravi Novais,diogo05@example.com,Dias,MS,Eletrônicos,Et,Apple,3,2759.96,3171.21,30,85.27,SITE,Pix,6,Pendente,Jadlog,Entregue
1958,PED-71547,2024-05-11,2025-10-08,591,Vitória Duarte,nicolasda-rocha@example.com,Aragão de Castro,BA,Eletrônicos,Vitae,Genérica,3,1757.12,2747.54,0,96.81,App,Pix,2,Recusado,Jadlog,Atrasado
1959,PED-75016,2025-04-01,2025-02-15,524,Sr. Davi Barros,da-luzana-luiza@example.com,Teixeira do Sul,MG,Eletrônicos,Labore,Genérica,4,1922.49,1750.67,0,43.43,App,Pix,1,aprovado,Jadlog,Em trânsito
1960,PED-18596,2025-04-11,2025-04-11,575,Cecilia Pacheco,agathagomes@example.net,Pimenta,BA,Casa,Iusto,Genérica,4,3142.32,3414.38,30,98.73,App,Débito,6,Recusado,Total Express,Entregue
1961,PED-48885,2024-03-20,2025-10-20,1151,Sarah Casa Grande,heitorribeiro@example.com,Barros do Norte,SC,eletronicos,Voluptates,Genérica,3,2309.45,3309.21,30,19.2,Aplicativo,Boleto,1,Pendente,Jadlog,Em trânsito
1962,PED-77840,2025-06-04,2025-02-15,642,Ayla Novais,qferreira@example.org,Sampaio dos Dourados,AP,eletronicos,Omnis,Apple,1,3019.33,2849.34,10,43.79,Aplicativo,Crédito,3,Recusado,Correios,Entregue
1963,PED-95255,2025-02-01,2025-06-02,837,Thomas Sousa,marcela50@example.net,Sampaio de Alves,SE,Beleza,Vitae,Adidas,2,2316.26,2288.46,0,29.26,Aplicativo,Pix,12,Aprovado,Jadlog,Entregue
1964,PED-50055,2025-03-08,2024-09-21,654,Amanda Lopes,davi-lucas55@example.net,Araújo Paulista,MS,Eletrônicos,Nostrum,LG,1,2105.79,1885.44,10,55.62,Site,Crédito,2,aprovado,Jadlog,Entregue
1965,PED-89103,2024-05-30,2025-04-30,402,Theodoro Brito,gomesana-cecilia@example.com,Freitas de da Costa,AC,Beleza,Dolorum,Samsung,4,1591.59,3205.64,10,108.84,app,Pix,1,Recusado,Total Express,Atrasado
1966,PED-99866,2025-02-15,2025-03-15,10,Dr. Dante Ribeiro,ryanramos@example.net,Aparecida do Sul,SP,eletronicos,Illum,Adidas,1,268.85,525.09,20,119.14,Site,Pix,1,aprovado,Total Express,Atrasado
1967,PED-93365,2024-06-23,2024-03-22,10,Ísis Pereira,nfernandes@example.org,Moura de Goiás,TO,Roupas,Nesciunt,LG,1,2319.87,3360.0,0,37.4,App,Débito,1,aprovado,Jadlog,Atrasado
1968,PED-44710,2024-05-22,2025-11-27,477,Enrico da Luz,muriloteixeira@example.org,Fogaça de Borges,RR,eletronicos,Aspernatur,Nike,5,3011.73,2666.59,0,9.44,Site,Crédito,1,aprovado,Total Express,Em trânsito
1969,PED-85511,2024-07-19,2024-05-27,60,Sr. Eduardo Sales,vmontenegro@example.net,Azevedo dos Dourados,BA,Roupas,Eum,Apple,4,1285.0,3102.97,0,17.88,Aplicativo,Boleto,1,Recusado,Correios,Atrasado
1970,PED-16699,2025-09-06,2024-08-15,1073,Dr. Otto Barbosa,almeidavinicius@example.org,da Cruz de Vargas,AL,Roupas,Libero,Nike,2,1873.43,1961.32,30,42.01,App,Pix,1,Recusado,Total Express,Em trânsito
1971,PED-15371,2024-02-20,2025-12-22,166,Luiz Felipe Fogaça,costaagatha@example.com,Cardoso de da Costa,PI,Beleza,Quis,Apple,3,373.5,1694.4,0,41.28,App,Pix,12,aprovado,Total Express,Em trânsito
1972,PED-14096,2025-04-12,2025-05-12,856,Olívia Abreu,rafael51@example.org,Ribeiro da Serra,MA,eletronicos,A,Nike,2,1926.17,421.4,10,23.98,Aplicativo,Pix,2,Aprovado,Correios,Entregue
1973,PED-97529,2024-07-11,2025-06-28,651,Cauê da Costa,rduarte@example.net,Macedo,RJ,Casa,Repellat,LG,4,2531.04,2680.61,30,20.01,Aplicativo,Pix,1,aprovado,Jadlog,Entregue
1974,PED-77331,2025-07-13,2024-05-27,528,Dra. Heloísa Viana,nascimentokaique@example.net,Machado de Vasconcelos,PB,Beleza,Autem,Samsung,5,3416.19,2309.76,10,19.17,app,Crédito,2,aprovado,Correios,Atrasado
1975,PED-66555,2024-10-14,2024-10-30,493,Oliver da Mota,galbuquerque@example.net,Monteiro do Norte,PI,Eletrônicos,Voluptatum,Apple,5,2112.11,3326.88,10,89.37,Site,Pix,1,Aprovado,Total Express,Em trânsito
1976,PED-90680,2025-09-22,2025-09-11,1106,Maya Ribeiro,maria-julia77@example.net,Machado,GO,eletronicos,Aperiam,Apple,4,1570.46,2384.61,0,113.72,SITE,Pix,12,aprovado,Total Express,Atrasado
1977,PED-79545,2025-05-04,2024-10-08,79,Milena Castro,maria-juliasouza@example.org,Peixoto,DF,Roupas,Necessitatibus,Adidas,3,2983.22,362.06,0,78.03,Site,Débito,1,aprovado,Jadlog,Em trânsito
1978,PED-58007,2025-05-08,2024-09-12,95,Dr. Bryan Gomes,umoraes@example.com,Costela,RR,eletronicos,Fugiat,Adidas,2,2759.74,869.54,0,30.64,Aplicativo,Pix,12,Recusado,Jadlog,Em trânsito
1979,PED-71152,2025-12-25,2024-11-27,379,Natália Ferreira,laura07@example.net,Santos,PA,Beleza,Maxime,Adidas,1,430.19,1192.76,20,2.91,App,Pix,1,Aprovado,Total Express,Atrasado
1980,PED-36623,2025-01-29,2025-08-02,613,Maitê Pires,araujoelisa@example.org,Garcia do Campo,TO,eletronicos,Distinctio,Nike,5,1335.17,3207.96,0,106.39,SITE,Boleto,2,Aprovado,Total Express,Atrasado
1981,PED-24051,2025-12-01,2025-06-04,657,Stephany Silva,da-cunhamilena@example.com,Alves Paulista,AL,Eletrônicos,Delectus,Nike,2,2407.45,445.69,30,112.34,app,Débito,2,Recusado,Correios,Em trânsito
1982,PED-38000,2024-05-04,2024-05-25,332,Lucca Cirino,iferreira@example.org,Moreira de Sampaio,MS,Beleza,Nesciunt,Samsung,4,537.33,2169.62,30,6.43,app,Boleto,1,aprovado,Correios,Entregue
1983,PED-87817,2024-11-22,2025-06-16,1127,Murilo Brito,camargoantonella@example.org,Montenegro do Campo,RO,eletronicos,Soluta,Nike,5,3154.63,2764.62,10,26.14,Aplicativo,Boleto,12,Pendente,Correios,Entregue
1984,PED-57052,2024-03-18,2024-04-09,281,Luiza Nogueira,rgoncalves@example.net,Brito,PR,Beleza,Quasi,Adidas,4,1731.27,1575.14,0,41.55,app,Crédito,1,aprovado,Correios,Em trânsito
1985,PED-45935,2024-11-18,2024-08-16,651,Agatha Sales,maria-ceciliafogaca@example.org,Câmara da Mata,MG,Eletrônicos,Corporis,Samsung,2,70.28,2727.59,10,89.09,app,Débito,3,Pendente,Total Express,Atrasado
1986,PED-14484,2025-04-27,2025-01-25,437,Sr. Levi Alves,andremoraes@example.org,Garcia,RO,Roupas,Vitae,Genérica,3,3087.72,636.85,0,60.36,Aplicativo,Boleto,1,aprovado,Total Express,Entregue
1987,PED-45677,2025-06-08,2025-04-01,18,Sr. Ravi Jesus,franciscoalves@example.com,Barbosa,MG,Beleza,Consequatur,Genérica,2,992.34,2412.71,10,81.53,App,Crédito,3,aprovado,Correios,Em trânsito
1988,PED-81002,2024-08-22,2025-09-01,1035,Júlia Novais,leaoluiz-felipe@example.com,Siqueira,AP,Eletrônicos,Totam,Samsung,1,3115.9,2913.86,30,15.86,SITE,Crédito,1,Recusado,Correios,Entregue
1989,PED-42055,2025-04-21,2025-02-15,576,Daniel Alves,ravi42@example.com,Nogueira,PI,Casa,Sunt,Samsung,1,1931.95,600.91,0,11.82,app,Débito,1,aprovado,Correios,Entregue
1990,PED-82112,2026-01-22,2024-10-20,404,Arthur Miguel Rocha,sampaiofrancisco@example.com,Sales,RJ,Eletrônicos,Vitae,Genérica,4,1854.25,2546.64,30,49.33,Aplicativo,Crédito,1,Aprovado,Total Express,Atrasado
1991,PED-72768,2025-12-27,2025-01-07,503,Otávio Pastor,sophie08@example.org,Moreira,PB,Casa,In,Adidas,1,1657.21,1810.47,30,36.75,Aplicativo,Boleto,2,aprovado,Correios,Entregue
1992,PED-13032,2024-02-04,2024-12-18,725,Mariana Rios,da-luzrodrigo@example.com,Duarte de Rocha,SP,eletronicos,Sapiente,Samsung,3,2460.69,394.04,0,115.98,Site,Boleto,1,Pendente,Correios,Em trânsito
1993,PED-83482,2024-06-13,2024-07-24,748,Léo Pastor,pedroalmeida@example.com,Borges da Serra,SE,Eletrônicos,In,Genérica,5,2940.93,1156.21,0,26.0,Site,Pix,1,Aprovado,Total Express,Entregue
1994,PED-91555,2025-11-19,2024-08-02,543,Maria Isis Cavalcanti,antonella64@example.org,Novaes,GO,Roupas,Explicabo,LG,3,3274.85,1500.09,10,17.01,Aplicativo,Pix,1,Pendente,Correios,Atrasado
1995,PED-34387,2024-06-15,2024-08-27,929,Dr. Josué da Luz,maite21@example.org,Sales,PA,Casa,Ipsam,Nike,1,865.33,1589.21,30,97.31,app,Boleto,12,aprovado,Jadlog,Entregue
1996,PED-86631,2024-12-21,2025-02-06,726,Gabrielly Santos,da-rosajulia@example.org,Cunha,GO,Casa,Aperiam,Samsung,2,2610.54,2688.95,10,110.84,Aplicativo,Débito,1,Recusado,Jadlog,Em trânsito
1997,PED-37193,2025-09-16,2024-11-19,940,Renan Nogueira,luiz-fernandoviana@example.org,Rios da Prata,GO,Eletrônicos,Quo,Apple,5,2968.93,1860.4,30,34.38,Site,Débito,6,aprovado,Correios,Atrasado
1998,PED-95888,2025-05-29,2024-11-05,592,Dr. Dom Aragão,franciscomoreira@example.org,Gomes Paulista,AL,Casa,Soluta,Samsung,3,1075.06,1398.89,10,21.11,Aplicativo,Débito,6,aprovado,Correios,Em trânsito
1999,PED-99125,2025-11-15,2026-01-16,227,Sophia Pimenta,marianafreitas@example.net,da Paz,MT,Eletrônicos,Sapiente,Nike,4,2738.02,2410.48,0,75.15,Site,Pix,1,Recusado,Total Express,Entregue
2000,PED-24771,2025-11-10,2025-08-06,813,Sr. Luiz Miguel Costela,mendesrafael@example.com,Leão de Goiás,PE,Beleza,Perferendis,Genérica,4,764.87,3234.63,0,57.5,App,Boleto,1,Pendente,Total Express,Atrasado
2001,PED-60790,2024-08-08,2024-11-25,1046,Dra. Hellena Costela,ana-clarada-cunha@example.org,Barbosa das Flores,MT,Casa,Fugit,Samsung,2,1352.05,1977.63,0,0.36,App,Débito,2,aprovado,Jadlog,Atrasado
2002,PED-39755,2024-04-29,2025-01-22,162,Laís Costa,anna-liz13@example.org,Sampaio da Serra,RS,Roupas,Aperiam,Adidas,2,2626.53,550.14,30,118.54,app,Crédito,6,aprovado,Jadlog,Entregue
2003,PED-60240,2025-08-10,2025-06-21,676,Júlia Cassiano,npinto@example.net,Cavalcante de Goiás,SP,Beleza,Neque,Apple,3,272.23,3182.06,0,45.25,SITE,Crédito,1,Pendente,Correios,Entregue
2004,PED-77313,2025-04-15,2024-02-17,322,Sr. Arthur Miguel da Mota,hbarbosa@example.com,Pires de Pereira,SP,Roupas,Doloremque,Nike,1,1839.15,120.46,20,13.71,app,Boleto,6,Aprovado,Jadlog,Em trânsito
2005,PED-98754,2025-01-09,2024-02-27,918,Luna Vargas,allanabrito@example.com,Campos de Goiás,AC,Beleza,Vel,Adidas,5,2313.78,2922.58,10,107.33,app,Boleto,3,Aprovado,Jadlog,Entregue
2006,PED-27671,2024-10-27,2024-12-01,219,Dra. Isadora Vieira,camposmatheus@example.net,Pimenta de Freitas,RR,Casa,Voluptatum,Samsung,1,1013.1,2995.15,0,118.54,App,Crédito,3,Aprovado,Correios,Em trânsito
2007,PED-20088,2024-08-13,2024-10-30,1009,Maria Fernanda Cavalcante,correianicolas@example.com,da Mata,PB,eletronicos,Quos,Genérica,3,1452.02,889.23,10,24.01,Site,Débito,3,Pendente,Jadlog,Em trânsito
2008,PED-68803,2025-02-25,2025-03-15,365,Lucas Pires,maria-clara69@example.net,Garcia Paulista,RO,Casa,Eaque,Samsung,4,2108.56,2150.37,0,58.56,app,Crédito,1,aprovado,Total Express,Atrasado
2009,PED-87329,2025-10-21,2025-04-17,1190,Jade da Paz,joseaparecida@example.org,Silva,RR,Beleza,Amet,Samsung,4,1879.88,3319.77,30,5.68,SITE,Crédito,2,Aprovado,Jadlog,Em trânsito
2010,PED-55620,2026-01-07,2024-11-17,387,Fernanda Sales,salesaylla@example.net,das Neves,RN,eletronicos,Magnam,Samsung,4,815.22,3443.66,0,50.59,Site,Débito,1,Pendente,Total Express,Atrasado
2011,PED-53178,2025-05-27,2024-08-16,549,Srta. Ana Vitória Barbosa,marianerocha@example.org,Camargo,AL,Beleza,Voluptates,Samsung,1,1121.13,2127.08,0,29.12,SITE,Pix,6,Recusado,Jadlog,Atrasado
2012,PED-53634,2024-04-12,2024-03-13,1032,Maria Fernanda Macedo,rodriguesmatheus@example.com,Pacheco,PI,eletronicos,Modi,LG,4,3168.13,2880.13,0,81.61,app,Crédito,1,Pendente,Jadlog,Atrasado
2013,PED-38551,2025-07-21,2024-11-25,316,Cauê Farias,mariane06@example.com,Caldeira de Pimenta,PB,eletronicos,Ex,LG,3,415.15,2840.09,0,100.04,SITE,Pix,3,Aprovado,Total Express,Atrasado
2014,PED-43300,2024-04-18,2025-02-14,1011,Evelyn Silveira,isadoravieira@example.org,Leão,PA,Casa,Reiciendis,Apple,1,2875.21,3470.53,30,22.54,Site,Crédito,6,Pendente,Correios,Atrasado
2015,PED-88411,2024-10-16,2025-06-19,535,Alexandre Gonçalves,sara59@example.org,da Conceição do Galho,CE,Roupas,Maxime,LG,1,2895.61,2545.48,20,30.2,SITE,Crédito,1,Pendente,Correios,Entregue
2016,PED-89050,2025-12-14,2024-05-27,497,Luiz Fernando Porto,davijesus@example.net,Porto de Costa,TO,Eletrônicos,Accusamus,Nike,5,1429.8,2332.1,0,93.02,app,Crédito,6,Pendente,Total Express,Atrasado
2017,PED-50088,2024-06-09,2024-06-18,743,Nina Fernandes,joaquim09@example.net,Nascimento da Serra,SE,Beleza,Ipsum,Adidas,4,517.86,1007.6,30,3.85,app,Débito,6,Aprovado,Jadlog,Em trânsito
2018,PED-93368,2025-10-05,2024-04-07,386,Larissa Sampaio,carvalhoarthur@example.org,Melo,RS,Roupas,Quo,Genérica,1,1493.95,1803.37,0,105.28,SITE,Boleto,1,Pendente,Jadlog,Entregue
2019,PED-72681,2025-09-11,2024-09-22,279,Srta. Melina Sá,augustocaldeira@example.com,Barros de Vieira,MG,Eletrônicos,Adipisci,Nike,2,2487.81,3412.44,30,110.39,App,Débito,6,aprovado,Total Express,Entregue
2020,PED-45438,2025-02-24,2025-09-26,193,Alexia Pastor,fsampaio@example.org,Pinto,RS,Beleza,Cupiditate,Adidas,2,2847.12,261.59,30,109.48,SITE,Débito,2,Recusado,Jadlog,Entregue
2021,PED-22339,2025-12-27,2024-02-05,1115,Dr. Thales Mendonça,ana-ceciliada-cunha@example.org,Campos da Serra,AP,Eletrônicos,Ducimus,Genérica,3,1051.15,630.28,20,104.71,App,Débito,6,Aprovado,Correios,Atrasado
2022,PED-46636,2024-07-15,2025-07-25,502,João Gabriel Lima,guerraluisa@example.com,Porto,AC,Roupas,Laudantium,Samsung,5,1111.39,1469.17,30,107.33,Site,Crédito,6,Pendente,Total Express,Entregue
2023,PED-54087,2025-07-29,2025-11-06,854,João Felipe Azevedo,carolina92@example.com,Monteiro,AL,Roupas,Hic,Samsung,5,2819.34,1033.27,0,59.4,SITE,Crédito,1,Pendente,Correios,Em trânsito
2024,PED-50769,2024-08-31,2024-09-20,275,Maitê Peixoto,da-matadaniel@example.net,Marques de das Neves,MG,Roupas,Eum,LG,1,2411.1,2201.38,20,109.12,SITE,Boleto,12,Aprovado,Total Express,Entregue
2025,PED-13560,2025-04-02,2024-04-13,409,Caleb da Rosa,erickcirino@example.com,Mendonça,TO,Roupas,Sed,Nike,3,2176.93,675.27,20,71.24,SITE,Crédito,6,aprovado,Correios,Em trânsito
2026,PED-60099,2025-07-25,2024-05-21,782,Maria Clara Novais,rebecaduarte@example.com,Aparecida,MS,Casa,Distinctio,Adidas,4,2119.82,2725.02,20,41.64,SITE,Boleto,1,Recusado,Correios,Entregue
2027,PED-91934,2024-10-04,2024-12-23,1110,Kamilly Vasconcelos,caldeiragabriela@example.com,Barros,SE,eletronicos,Illo,Adidas,1,2933.42,2786.02,0,15.22,SITE,Pix,1,Pendente,Jadlog,Atrasado
2028,PED-33288,2025-09-13,2024-06-30,1050,Maria Julia Barbosa,zgoncalves@example.net,Fonseca,PR,eletronicos,Quasi,LG,4,710.04,2830.54,30,62.09,app,Débito,1,Recusado,Correios,Em trânsito
2029,PED-58618,2025-01-21,2024-09-16,210,Dra. Ester Albuquerque,liam47@example.com,Nogueira Paulista,PE,Beleza,Nemo,Nike,4,3163.73,927.69,0,60.93,App,Pix,1,Recusado,Correios,Atrasado
2030,PED-83665,2025-05-04,2024-02-27,362,Dr. João Guilherme Macedo,bella52@example.net,Cirino,CE,Casa,Amet,Adidas,2,1962.97,1235.16,10,32.28,App,Crédito,3,Recusado,Correios,Atrasado
2031,PED-93047,2024-03-29,2024-11-26,1072,Cauê Gonçalves,benicio14@example.com,Rios do Amparo,CE,Beleza,Odio,LG,5,988.33,3449.99,10,101.22,Site,Débito,3,Pendente,Total Express,Em trânsito
2032,PED-47143,2025-08-18,2024-08-25,670,Mariah Mendes,lorena67@example.com,da Cruz,MT,eletronicos,Iusto,LG,5,381.64,3023.51,10,39.38,App,Boleto,1,aprovado,Correios,Entregue
2033,PED-87583,2024-07-15,2024-04-23,697,Stella Ramos,bmoreira@example.net,da Paz,MT,Roupas,Quisquam,Apple,5,1804.87,1620.89,0,118.31,app,Boleto,6,Pendente,Total Express,Em trânsito
2034,PED-66321,2025-11-28,2024-12-12,922,Fernando Pires,yribeiro@example.com,Lopes do Campo,GO,Beleza,Quo,Adidas,5,2048.9,1626.6,10,84.1,Aplicativo,Crédito,12,Pendente,Total Express,Entregue
2035,PED-21141,2024-02-10,2024-08-24,535,Ana Liz Aparecida,kcamara@example.org,Dias,RJ,Beleza,Velit,Nike,1,328.74,3373.64,0,95.81,App,Boleto,1,Recusado,Jadlog,Em trânsito
2036,PED-56988,2025-03-16,2026-01-31,858,Sarah Nascimento,joao-pedro57@example.net,Sousa,SC,Casa,Est,Genérica,3,50.18,1218.54,20,87.36,Aplicativo,Crédito,6,Aprovado,Jadlog,Em trânsito
2037,PED-96794,2024-02-08,2024-12-20,600,Fernanda da Luz,santosrael@example.net,Rodrigues,RO,Roupas,Minima,Adidas,2,755.22,2445.32,0,73.28,Aplicativo,Pix,1,Recusado,Jadlog,Entregue
2038,PED-94634,2024-04-17,2025-04-28,687,Luan Duarte,luiz-fernandofonseca@example.org,Sá Alegre,PA,Casa,A,Nike,5,2778.91,841.18,0,37.3,SITE,Pix,1,Pendente,Correios,Em trânsito
2039,PED-80393,2025-03-22,2025-01-13,344,Lorenzo Aparecida,maria-helena60@example.com,Araújo,MG,Roupas,Porro,Nike,1,1087.29,164.86,0,39.65,SITE,Pix,12,Pendente,Jadlog,Atrasado
2040,PED-32600,2025-06-28,2024-11-14,771,Maria Laura Nunes,moraesarthur-gabriel@example.net,Pimenta de Rezende,RR,Roupas,Dignissimos,Adidas,1,2220.69,2674.04,0,62.08,App,Débito,12,Pendente,Total Express,Entregue
2041,PED-97972,2024-04-28,2025-12-13,790,Camila Siqueira,heloisa63@example.org,Correia da Mata,AC,eletronicos,Iure,LG,5,1260.24,115.36,0,2.61,Site,Débito,2,Pendente,Total Express,Em trânsito
2042,PED-21017,2025-09-12,2024-07-23,427,Juliana Nunes,isis58@example.com,Pacheco da Prata,RJ,Eletrônicos,Quod,LG,5,3015.81,558.63,30,58.77,App,Boleto,12,Pendente,Correios,Entregue
2043,PED-60763,2025-04-04,2025-04-28,671,Luiz Otávio Abreu,liviada-costa@example.net,Macedo da Prata,RJ,Casa,Eligendi,Apple,1,3311.47,2628.38,0,30.45,App,Débito,6,Recusado,Jadlog,Atrasado
2044,PED-88348,2024-12-05,2025-03-13,774,Henry da Rosa,kaiquevargas@example.com,Fogaça da Prata,MS,eletronicos,Repellendus,Apple,1,1903.4,2376.22,0,23.54,App,Boleto,6,Pendente,Correios,Em trânsito
2045,PED-16267,2025-09-11,2026-01-27,919,Evelyn Novaes,ester63@example.org,Cassiano,AL,eletronicos,Doloribus,Samsung,4,1090.01,3039.04,10,55.39,Aplicativo,Débito,6,Pendente,Correios,Em trânsito
2046,PED-42113,2025-08-16,2024-04-01,804,Aurora Rios,joao-gabrielcasa-grande@example.com,Azevedo de Minas,PI,Casa,Eaque,Adidas,3,2453.34,1807.57,20,109.78,app,Boleto,12,Pendente,Jadlog,Em trânsito
2047,PED-59064,2025-09-29,2024-05-10,559,Sophie Campos,benjamimpires@example.org,Casa Grande,TO,Roupas,Error,Genérica,2,3296.27,2945.62,30,40.11,app,Pix,12,aprovado,Jadlog,Atrasado
2048,PED-70253,2024-06-30,2026-01-12,520,Ian Pacheco,maria-flor34@example.org,da Cruz,TO,Eletrônicos,Odio,Apple,4,1393.06,1498.63,10,33.77,App,Débito,1,Pendente,Jadlog,Em trânsito
2049,PED-56490,2025-12-01,2024-10-01,165,Sr. Davi Peixoto,vicenteborges@example.com,Caldeira do Galho,PI,Roupas,Distinctio,Adidas,4,1260.03,1078.26,0,38.05,Aplicativo,Débito,6,aprovado,Correios,Atrasado
2050,PED-87117,2025-08-05,2025-05-26,120,Pedro Aparecida,luararodrigues@example.net,Melo,MA,Eletrônicos,Rerum,Genérica,1,2019.87,1008.28,0,95.56,App,Boleto,1,aprovado,Correios,Atrasado
2051,PED-48077,2025-01-01,2024-07-14,540,Julia Andrade,cirinoluiz-fernando@example.net,Rodrigues da Praia,RN,Roupas,Aut,Apple,5,3442.01,2811.69,30,78.87,App,Débito,1,aprovado,Correios,Atrasado
2052,PED-27056,2025-02-17,2025-01-16,843,Davi Miguel Brito,lfonseca@example.net,Alves dos Dourados,CE,Casa,Illum,Samsung,1,3022.87,177.03,10,3.47,app,Crédito,1,Aprovado,Total Express,Entregue
2053,PED-50326,2025-01-26,2025-06-27,1198,Yan Rodrigues,valentina93@example.org,Cavalcanti,GO,Roupas,Ut,Nike,1,321.39,2428.55,20,60.22,app,Boleto,12,Recusado,Correios,Entregue
2054,PED-81777,2025-05-29,2026-01-19,209,Henry Gabriel Rocha,hmelo@example.org,Cirino,AM,Roupas,Eligendi,Adidas,2,2633.62,1594.99,0,48.22,Site,Pix,6,Recusado,Jadlog,Em trânsito
2055,PED-65712,2025-01-13,2025-01-09,191,Sr. João Lucas Correia,costelayan@example.net,Moura,CE,Beleza,Nulla,Genérica,4,1813.37,2357.81,0,86.47,app,Boleto,2,Pendente,Total Express,Entregue
2056,PED-90492,2025-04-15,2024-08-27,33,Mathias Leão,leaoluiz-felipe@example.com,Costa Verde,PE,Roupas,Doloremque,Genérica,2,1322.57,1233.67,20,70.34,Site,Crédito,1,aprovado,Total Express,Entregue
2057,PED-40350,2024-10-10,2024-12-25,8,Renan Câmara,ana-liviada-conceicao@example.org,Ramos de Cirino,RN,eletronicos,Sit,Adidas,2,1762.51,3183.53,0,37.87,Aplicativo,Débito,3,Pendente,Correios,Entregue
2058,PED-18793,2025-10-05,2025-01-25,519,José Pedro Pires,garcialuna@example.net,Brito,RS,Eletrônicos,Ea,LG,1,796.17,354.43,10,45.13,App,Boleto,1,Pendente,Correios,Entregue
2059,PED-82320,2024-05-08,2024-10-15,185,Júlia Novaes,otto39@example.com,Jesus,AM,Roupas,Voluptates,Nike,5,1221.57,950.97,0,103.77,SITE,Crédito,1,Recusado,Total Express,Em trânsito
2060,PED-46965,2024-12-30,2025-04-14,212,Olívia Abreu,tgomes@example.com,Machado de Teixeira,AP,Eletrônicos,Incidunt,Genérica,2,3211.32,829.46,20,57.7,SITE,Pix,1,Pendente,Jadlog,Em trânsito
2061,PED-75129,2024-11-12,2024-07-18,982,Maria Sophia Silva,da-pazjoao-felipe@example.org,Rocha das Flores,SE,Roupas,Similique,Samsung,2,361.1,752.27,0,9.16,SITE,Crédito,1,Recusado,Total Express,Em trânsito
2062,PED-35637,2025-07-03,2025-09-12,548,Ana Vitória da Luz,albuquerquematheus@example.org,Sá,AC,Casa,Totam,LG,5,2860.77,1254.95,20,112.28,app,Pix,6,aprovado,Total Express,Entregue
2063,PED-74088,2025-02-06,2024-04-12,1128,Dra. Maya Mendonça,pimentaleticia@example.com,Oliveira,AL,Beleza,Aperiam,LG,3,3075.04,2833.22,0,97.06,app,Pix,6,Aprovado,Correios,Atrasado
2064,PED-59166,2024-10-15,2025-05-29,677,Daniel Fernandes,bellanascimento@example.org,Marques da Prata,DF,Roupas,Mollitia,Adidas,1,1349.92,1240.81,20,21.34,app,Débito,12,Aprovado,Total Express,Entregue
2065,PED-50769,2025-09-28,2024-02-23,1091,Pedro Henrique Barbosa,arthur-gabrielaraujo@example.com,Mendonça,SC,Beleza,Cumque,Samsung,5,3125.77,2690.73,30,6.66,SITE,Crédito,12,Recusado,Jadlog,Entregue
2066,PED-43962,2024-09-14,2025-03-19,261,Luiza Cardoso,bsampaio@example.com,Fernandes,TO,Beleza,Illum,Apple,3,3205.81,404.65,20,105.16,app,Boleto,6,aprovado,Correios,Atrasado
2067,PED-23317,2024-07-09,2024-03-25,356,Asafe Sampaio,kcavalcante@example.org,Castro Verde,RO,Eletrônicos,Ipsam,Adidas,3,583.84,3170.88,0,10.88,Site,Pix,6,Pendente,Correios,Entregue
2068,PED-42697,2025-11-30,2025-02-20,172,Eduarda Gomes,apollomendonca@example.com,Rios Alegre,AM,Roupas,Nobis,Genérica,3,1300.43,2978.96,0,38.49,Site,Débito,1,Recusado,Jadlog,Entregue
2069,PED-68953,2025-08-18,2024-07-19,904,Leonardo Melo,davi-miguelfogaca@example.org,Barros,RN,Beleza,Vel,Samsung,1,3133.28,2177.4,30,48.87,app,Pix,6,Recusado,Jadlog,Em trânsito
2070,PED-63317,2024-09-14,2024-11-24,886,Maria Clara Melo,alice78@example.org,Oliveira,PR,eletronicos,Eligendi,Genérica,3,1173.1,3107.89,0,93.97,SITE,Crédito,1,Pendente,Total Express,Atrasado
2071,PED-44983,2025-07-04,2025-11-16,699,Lucca Nunes,xcastro@example.com,Siqueira,BA,eletronicos,Architecto,Samsung,4,1108.41,333.02,20,110.08,Site,Crédito,2,Aprovado,Total Express,Atrasado
2072,PED-60127,2025-08-28,2025-03-14,780,Dr. Vitor Teixeira,rafaelasouza@example.org,Leão de Cunha,SE,Beleza,Sed,Samsung,1,253.11,2650.46,30,87.21,SITE,Débito,6,Recusado,Correios,Atrasado
2073,PED-26187,2024-07-19,2025-04-20,829,Ravy Nogueira,ravi02@example.net,Lopes Grande,SP,Beleza,Rerum,Apple,4,2893.58,3241.44,0,82.44,Aplicativo,Pix,6,Pendente,Correios,Atrasado
2074,PED-59942,2025-08-30,2025-12-22,1165,Dr. Francisco Siqueira,larissa41@example.org,Siqueira de Araújo,MG,Casa,Doloribus,Apple,1,1875.32,2228.42,10,68.75,Site,Crédito,1,Recusado,Total Express,Entregue
2075,PED-28238,2025-10-12,2024-08-15,721,Josué Dias,mvasconcelos@example.org,Ribeiro,GO,Casa,Voluptatem,Apple,2,1951.88,1622.73,30,24.15,SITE,Crédito,1,Pendente,Jadlog,Atrasado
2076,PED-54512,2025-01-04,2025-09-15,1011,Bryan Abreu,fborges@example.net,Lima,PE,eletronicos,Aliquam,LG,2,1969.93,3290.5,0,73.21,Site,Pix,1,aprovado,Total Express,Entregue
2077,PED-53408,2024-04-19,2025-10-15,1049,Raul Silveira,isabela05@example.com,da Cunha das Flores,AP,Eletrônicos,Fugiat,Genérica,2,3201.67,3319.65,10,1.91,Aplicativo,Crédito,1,Aprovado,Correios,Entregue
2078,PED-44360,2024-12-05,2024-08-20,27,Mariah Moura,valentimda-rocha@example.org,Montenegro,RN,Casa,Eum,LG,3,3108.11,959.04,10,83.11,app,Pix,1,Aprovado,Jadlog,Entregue
2079,PED-93173,2024-06-04,2024-12-19,1030,Sr. Marcos Vinicius Moreira,rafael21@example.com,Fernandes de Pereira,BA,Beleza,Possimus,Adidas,3,1553.0,3372.13,0,24.51,Site,Boleto,1,Recusado,Jadlog,Entregue
2080,PED-38908,2025-11-12,2024-07-28,1055,Rafael Castro,vianagiovanna@example.net,Araújo de Borges,TO,Beleza,Libero,Nike,5,1804.87,1811.05,30,105.61,App,Boleto,6,aprovado,Correios,Entregue
2081,PED-61033,2026-01-28,2024-06-02,108,Otávio Pimenta,arthur-miguel51@example.com,Oliveira,RN,Casa,Aut,Genérica,2,3103.42,526.28,20,2.76,Site,Crédito,12,aprovado,Total Express,Em trânsito
2082,PED-11195,2025-06-10,2024-10-03,573,Emilly Pacheco,maria-julia78@example.com,Moura de da Conceição,PI,Casa,Odio,Adidas,3,2345.66,1592.9,0,90.44,app,Crédito,1,Aprovado,Correios,Em trânsito
2083,PED-25892,2025-02-28,2024-02-28,526,Beatriz Pereira,emanuellamartins@example.net,Cunha,RN,Beleza,Nobis,Adidas,3,2567.99,1982.41,30,68.34,App,Crédito,3,Aprovado,Jadlog,Em trânsito
2084,PED-83840,2024-03-19,2024-06-07,98,Ayla Sousa,davi-luccacasa-grande@example.com,Monteiro,BA,Roupas,Facilis,Apple,3,1569.72,1984.74,20,43.01,Site,Boleto,2,aprovado,Total Express,Entregue
2085,PED-83976,2025-06-29,2025-05-03,679,Natália Sales,pduarte@example.org,Silveira Verde,AM,eletronicos,Accusantium,Apple,4,1752.31,2837.01,0,103.74,app,Boleto,12,Pendente,Jadlog,Em trânsito
2086,PED-96616,2025-09-25,2025-06-04,306,Davi Lucas Jesus,bellamontenegro@example.org,Fonseca de Goiás,GO,Beleza,Maxime,Apple,3,2721.33,3290.45,20,79.63,SITE,Débito,6,Aprovado,Correios,Atrasado
2087,PED-38617,2025-08-23,2024-12-16,316,Daniel Câmara,cassianoana-julia@example.org,Vargas,SP,eletronicos,Reiciendis,LG,2,193.98,3149.06,20,41.14,app,Pix,6,Pendente,Jadlog,Em trânsito
2088,PED-93773,2024-08-26,2024-03-23,1015,Letícia Rios,jaragao@example.com,Pereira,AL,Beleza,Necessitatibus,Samsung,5,3324.36,1010.97,20,26.26,App,Pix,3,Recusado,Total Express,Em trânsito
2089,PED-53872,2025-09-06,2024-09-19,301,Lívia Camargo,jda-conceicao@example.org,Martins,DF,Eletrônicos,Eos,Apple,3,2244.82,330.01,10,38.69,App,Pix,3,aprovado,Total Express,Atrasado
2090,PED-91612,2025-12-14,2025-03-31,1001,Vitor da Luz,mvieira@example.net,Cassiano,RR,Roupas,Doloremque,Adidas,4,3380.52,350.1,30,7.72,App,Boleto,6,aprovado,Jadlog,Em trânsito
2091,PED-52366,2024-08-23,2025-05-18,247,Luiz Felipe Costa,vitoriacavalcante@example.net,Dias,RS,Eletrônicos,Eius,Adidas,5,1750.92,937.24,0,32.19,Aplicativo,Pix,12,Recusado,Correios,Em trânsito
2092,PED-94059,2025-04-20,2024-03-17,893,Arthur Miguel da Cunha,jmarques@example.net,Barros do Sul,PB,Roupas,Ipsam,Samsung,5,1441.39,1876.39,10,28.51,Site,Crédito,3,aprovado,Jadlog,Atrasado
2093,PED-76101,2024-03-05,2024-03-30,377,Brenda Macedo,lunaaragao@example.com,Sousa de Santos,MG,Eletrônicos,Cum,Samsung,4,2755.78,2938.08,0,91.03,App,Boleto,6,aprovado,Correios,Em trânsito
2094,PED-28950,2025-12-04,2024-07-25,259,João Gabriel Gonçalves,lunajesus@example.net,Carvalho,PE,Beleza,Officiis,LG,5,2781.99,791.63,30,72.02,Aplicativo,Boleto,2,Aprovado,Total Express,Atrasado
2095,PED-78144,2024-03-11,2025-09-01,521,Daniel da Paz,manuela48@example.org,Rocha de Goiás,SC,Casa,Totam,Genérica,1,3344.47,2825.4,20,116.5,App,Crédito,12,aprovado,Correios,Em trânsito
2096,PED-82554,2025-05-23,2024-11-12,11,Srta. Esther Silva,abreucaroline@example.net,Costa da Prata,RJ,Eletrônicos,Illum,LG,2,1563.29,884.94,20,47.9,Aplicativo,Crédito,1,Recusado,Jadlog,Em trânsito
2097,PED-64634,2024-02-09,2025-07-20,33,Maria Cecília Pires,gabriellyleao@example.org,Pereira,SE,Roupas,Excepturi,Apple,5,582.13,1405.68,20,106.86,Aplicativo,Pix,6,Pendente,Total Express,Atrasado
2098,PED-28059,2024-06-17,2025-12-22,1016,Arthur Rocha,ynascimento@example.net,Carvalho do Amparo,ES,eletronicos,Dicta,Samsung,3,2635.38,1413.05,30,102.31,App,Crédito,1,aprovado,Total Express,Atrasado
2099,PED-55747,2025-09-06,2024-07-29,838,Antônio Duarte,albuquerquevitoria@example.org,Castro,RN,Casa,Modi,Genérica,2,2820.42,1307.29,0,20.49,Site,Pix,1,aprovado,Total Express,Entregue
2100,PED-12570,2025-05-28,2024-10-29,1019,Maria Fernanda Rezende,ramoscecilia@example.net,Nunes,PB,Casa,Dolor,LG,3,1944.13,358.23,0,46.35,Aplicativo,Pix,1,Recusado,Jadlog,Em trânsito
2101,PED-94062,2024-08-30,2025-10-30,1049,Pedro Miguel Caldeira,abreujade@example.com,Viana,BA,Roupas,Facere,LG,4,58.72,1986.07,0,99.74,App,Crédito,6,Aprovado,Total Express,Atrasado
2102,PED-18476,2025-03-06,2026-01-12,935,Cecília Teixeira,davi16@example.com,Fonseca do Amparo,SP,Casa,Reiciendis,LG,3,286.4,2025.42,30,33.28,Site,Pix,3,aprovado,Jadlog,Entregue
2103,PED-98104,2025-04-18,2024-08-16,206,Antony Lopes,moraesantonella@example.net,Vieira da Praia,PR,Casa,Quidem,LG,5,1918.17,1844.05,30,91.19,app,Pix,6,Pendente,Jadlog,Em trânsito
2104,PED-68319,2025-12-29,2024-07-09,890,Luara Correia,leticiamendes@example.com,Sampaio das Pedras,BA,Roupas,Voluptatum,Nike,3,2059.1,176.62,0,43.4,App,Pix,6,aprovado,Total Express,Em trânsito
2105,PED-39183,2025-10-18,2025-08-10,885,João Miguel Cassiano,fonsecaamanda@example.org,Martins do Campo,PE,Beleza,Ad,Nike,4,401.38,3016.39,20,20.97,SITE,Crédito,12,Recusado,Total Express,Entregue
2106,PED-73815,2025-03-19,2025-05-27,830,Larissa Viana,arthur-miguelda-paz@example.net,Rodrigues de Sá,RR,eletronicos,Dolorum,LG,1,1242.92,1291.8,10,55.99,Site,Crédito,1,Aprovado,Jadlog,Atrasado
2107,PED-43064,2024-06-20,2024-09-04,947,Bernardo Costela,fernando53@example.org,Campos do Norte,RS,Casa,Harum,Apple,3,2170.24,956.77,30,8.61,App,Boleto,1,aprovado,Jadlog,Em trânsito
2108,PED-71380,2025-12-05,2024-03-21,1025,Lavínia da Costa,rcorreia@example.net,Câmara de Novais,DF,Roupas,Fugiat,Nike,3,408.33,1232.0,30,115.97,Aplicativo,Pix,1,Pendente,Total Express,Em trânsito
2109,PED-95026,2024-10-13,2025-06-03,767,Cauê da Cunha,ana-liviasa@example.net,Lima de Minas,BA,Casa,Itaque,Apple,5,2344.91,573.19,0,64.37,App,Pix,3,Aprovado,Total Express,Atrasado
2110,PED-86293,2024-07-12,2024-04-23,705,Sr. José Miguel da Mata,maria-sophiacastro@example.net,Fernandes,PB,Casa,Cumque,Genérica,5,1089.87,1732.91,20,11.73,Aplicativo,Boleto,1,aprovado,Total Express,Em trânsito
2111,PED-92322,2025-01-22,2024-12-19,241,Maria Laura Pereira,danielarodrigues@example.org,da Mota da Serra,AC,eletronicos,Eligendi,Nike,2,872.26,2608.74,30,94.45,App,Boleto,1,Recusado,Correios,Em trânsito
2112,PED-23338,2024-08-02,2024-09-16,516,Cauã Rodrigues,tteixeira@example.org,Freitas de Costela,PB,Casa,Repellendus,Adidas,4,2235.91,381.26,30,117.49,app,Boleto,6,aprovado,Jadlog,Entregue
2113,PED-82872,2024-11-01,2025-06-23,716,Hadassa Martins,luiz-gustavo65@example.org,Novais,SP,Roupas,Accusantium,Adidas,3,3481.69,1837.8,0,59.92,App,Pix,6,Pendente,Correios,Entregue
2114,PED-70487,2025-02-15,2026-01-01,53,Alexandre Viana,antoniopimenta@example.com,Monteiro Paulista,MS,eletronicos,Saepe,Adidas,4,397.67,318.52,0,73.89,Site,Crédito,12,Aprovado,Jadlog,Atrasado
2115,PED-14622,2025-09-21,2024-11-07,785,João Gabriel Macedo,ravy37@example.org,Pastor do Galho,RN,Casa,Corrupti,Adidas,3,2032.45,1736.64,10,84.09,SITE,Pix,1,Aprovado,Jadlog,Atrasado
2116,PED-30459,2025-12-20,2025-10-24,225,Clarice Ferreira,antonella80@example.org,Araújo,RO,Roupas,Minus,Adidas,2,2342.81,2708.74,20,50.91,Aplicativo,Débito,1,aprovado,Jadlog,Em trânsito
2117,PED-41477,2026-02-01,2025-12-17,754,Nicole Mendonça,ana-laura73@example.org,Pimenta de Pacheco,GO,Roupas,Provident,Genérica,5,2100.49,206.89,0,54.53,SITE,Débito,1,Aprovado,Correios,Entregue
2118,PED-55273,2025-04-01,2026-01-09,219,Gael Henrique Costela,beniciomoura@example.com,Moura do Sul,SP,eletronicos,Cupiditate,Adidas,1,306.72,703.99,20,56.17,App,Débito,2,Recusado,Total Express,Entregue
2119,PED-66651,2025-09-10,2026-02-01,830,Allana da Mata,kamillycirino@example.net,Lima de Minas,BA,eletronicos,Dolorum,LG,4,2507.32,2558.77,10,53.0,Site,Pix,3,Aprovado,Correios,Atrasado
2120,PED-97498,2025-12-01,2024-07-28,23,Nicole Siqueira,dcorreia@example.net,Montenegro Grande,RR,Eletrônicos,Voluptates,Nike,2,2825.84,2720.92,10,101.22,app,Débito,2,Aprovado,Total Express,Entregue
2121,PED-54919,2025-11-08,2024-09-02,372,Sr. Vitor Rezende,kjesus@example.net,Aparecida,SE,Casa,Minus,Apple,4,2843.73,3313.62,30,93.41,Site,Débito,3,Pendente,Jadlog,Atrasado
2122,PED-23590,2024-06-27,2025-08-29,182,Amanda Viana,ryansouza@example.org,Correia,PI,eletronicos,Nesciunt,Genérica,2,3351.35,2798.84,0,9.07,SITE,Pix,12,aprovado,Jadlog,Entregue
2123,PED-24182,2025-09-02,2025-09-06,1200,Sofia Siqueira,gomesdante@example.com,Oliveira,PR,Casa,Quod,Genérica,5,2008.25,3425.65,0,97.2,App,Boleto,12,Recusado,Jadlog,Em trânsito
2124,PED-92467,2025-01-06,2024-09-20,559,Mateus Camargo,olivia55@example.net,Leão de Goiás,PR,Casa,Cumque,LG,2,673.98,2418.22,0,33.62,Site,Crédito,3,Aprovado,Total Express,Atrasado
2125,PED-97258,2025-07-27,2025-09-17,702,Danilo da Cunha,lsales@example.net,Nunes da Praia,SE,Eletrônicos,Tempore,Apple,4,3228.71,697.15,0,82.46,SITE,Crédito,1,Aprovado,Total Express,Atrasado
2126,PED-38362,2024-12-30,2024-12-14,911,Evelyn Oliveira,heloisa80@example.com,Ribeiro das Flores,RN,Casa,Ipsum,Adidas,3,2742.11,1902.85,0,103.43,Site,Pix,2,aprovado,Correios,Entregue
2127,PED-19764,2024-09-24,2024-04-03,535,Luiz Gustavo Rocha,lucca47@example.com,da Cruz,PR,Beleza,Illum,Apple,2,888.12,971.02,0,107.93,Site,Débito,2,aprovado,Total Express,Entregue
2128,PED-61008,2025-12-17,2024-04-30,24,Arthur Cavalcanti,barbara61@example.org,Monteiro de das Neves,RN,eletronicos,Velit,Samsung,5,1711.81,2733.1,0,56.25,Aplicativo,Crédito,6,Aprovado,Jadlog,Atrasado
2129,PED-97164,2024-06-12,2024-06-03,990,Sr. Davi Lucca Nascimento,rezendeclarice@example.com,Montenegro,SP,Casa,Voluptates,Samsung,5,868.47,1654.36,0,88.86,App,Crédito,2,Pendente,Total Express,Em trânsito
2130,PED-18608,2024-04-24,2025-12-13,853,Benício Andrade,lsales@example.org,Almeida,RJ,eletronicos,Perferendis,Samsung,4,558.12,1022.69,20,101.47,Aplicativo,Crédito,6,Recusado,Correios,Atrasado
2131,PED-61109,2024-06-29,2025-08-05,1177,Otto Sampaio,costelahenry@example.com,Pimenta,CE,eletronicos,Occaecati,Samsung,2,3106.87,2365.94,10,101.39,App,Boleto,1,Pendente,Jadlog,Em trânsito
2132,PED-24311,2025-02-08,2024-05-05,171,Srta. Ágatha Borges,yancostela@example.org,Garcia,SC,Casa,Quam,Samsung,3,2526.84,2412.17,0,73.11,Site,Boleto,12,Recusado,Total Express,Entregue
2133,PED-83997,2025-01-04,2024-08-29,997,Mirella Souza,vitor-hugo93@example.com,Vargas,RR,Eletrônicos,Voluptatum,Apple,3,500.87,2859.51,0,84.62,app,Boleto,6,Aprovado,Correios,Atrasado
2134,PED-19063,2024-10-07,2025-01-18,766,Antony Ramos,nbarros@example.net,Rios da Mata,MS,Beleza,Voluptatum,Adidas,1,698.01,3477.47,0,69.55,Aplicativo,Crédito,2,Recusado,Correios,Entregue
2135,PED-53530,2024-12-09,2025-08-10,506,Davi Câmara,jmonteiro@example.org,Caldeira de Abreu,GO,Eletrônicos,Voluptates,Adidas,2,2249.78,1423.01,0,93.72,App,Débito,2,Aprovado,Correios,Entregue
2136,PED-24821,2024-11-02,2025-01-02,868,Sr. Dante Andrade,lopeslorena@example.org,Viana,MT,Beleza,Reiciendis,Genérica,1,1948.89,1809.65,0,95.12,app,Crédito,1,aprovado,Correios,Em trânsito
2137,PED-81465,2025-07-03,2024-05-23,473,Srta. Lívia Moreira,freitasgabrielly@example.com,Rocha do Campo,MT,Beleza,Porro,LG,2,2404.43,2194.37,0,0.51,App,Boleto,1,Recusado,Correios,Em trânsito
2138,PED-50828,2025-12-25,2025-07-31,693,Oliver Campos,rcostela@example.net,Freitas de Azevedo,PR,Roupas,Porro,Nike,5,800.97,2431.42,0,14.65,SITE,Crédito,1,Aprovado,Correios,Entregue
2139,PED-81182,2025-01-18,2024-05-23,501,Ana Júlia Mendonça,luiz-fernando12@example.net,Garcia do Campo,AC,eletronicos,Architecto,Samsung,5,1189.95,1820.63,30,69.95,Aplicativo,Crédito,1,Recusado,Total Express,Em trânsito
2140,PED-23102,2024-08-24,2026-01-04,1010,Maria Luiza Sales,enzo-gabriel83@example.net,Sá,ES,Casa,Accusamus,Samsung,4,2462.44,713.25,0,49.3,Aplicativo,Crédito,3,Recusado,Correios,Entregue
2141,PED-43246,2025-12-04,2025-06-02,783,Sofia Silva,catarina29@example.com,Barbosa,GO,Eletrônicos,Natus,LG,1,3372.96,924.13,0,91.29,app,Pix,1,aprovado,Jadlog,Em trânsito
2142,PED-83218,2025-01-03,2026-01-04,531,Sr. João Viana,augusto19@example.net,Teixeira Paulista,AC,Eletrônicos,Voluptate,Adidas,4,2685.68,1442.81,10,103.88,Aplicativo,Crédito,1,Pendente,Jadlog,Entregue
2143,PED-50653,2024-07-14,2024-03-11,665,Matheus Fogaça,barbara62@example.org,Rodrigues da Mata,PR,Beleza,Vel,Genérica,4,2383.31,2355.62,0,101.13,Aplicativo,Débito,1,aprovado,Correios,Entregue
2144,PED-44628,2025-12-31,2026-01-02,1189,Ana Julia Macedo,lopesdavi-lucas@example.net,Pimenta do Amparo,PB,Casa,Voluptatem,Genérica,4,1199.99,2654.51,10,107.54,App,Pix,1,Aprovado,Jadlog,Atrasado
2145,PED-46818,2025-04-20,2024-02-04,1093,Sr. Heitor Mendonça,benjamin16@example.com,Araújo Grande,MG,Eletrônicos,Ab,Adidas,3,2468.14,3442.11,30,96.24,Site,Crédito,1,Pendente,Correios,Em trânsito
2146,PED-47946,2024-11-23,2024-02-18,333,Apollo Sales,ribeiromathias@example.org,Correia das Pedras,RN,Casa,Tempora,Samsung,4,2100.51,2978.05,0,98.12,App,Boleto,2,Aprovado,Correios,Entregue
2147,PED-16714,2025-10-29,2025-07-27,992,Renan Andrade,alice34@example.org,Barbosa,SC,Beleza,Asperiores,Nike,4,1108.02,1601.03,0,80.83,App,Boleto,1,Pendente,Correios,Atrasado
2148,PED-84091,2026-01-04,2026-01-01,934,Alexandre da Luz,ayla75@example.com,Cunha de Borges,MS,eletronicos,Consequatur,Apple,4,2406.78,774.8,20,40.54,Site,Débito,3,Aprovado,Total Express,Atrasado
2149,PED-43793,2025-08-08,2025-03-12,779,Sofia Borges,da-costavinicius@example.com,Abreu,TO,Beleza,Eligendi,LG,4,89.36,1546.86,30,70.82,app,Débito,12,Pendente,Correios,Entregue
2150,PED-78079,2024-06-06,2025-05-17,271,Sr. José Silva,vcosta@example.com,da Mata,MS,Casa,A,Adidas,4,166.51,2697.98,10,105.98,Aplicativo,Boleto,3,Recusado,Jadlog,Entregue
2151,PED-95754,2024-08-11,2024-11-15,421,Arthur Gabriel Pires,riosarthur-gabriel@example.org,Pires de Abreu,GO,Beleza,Magnam,Adidas,4,547.89,818.73,10,70.71,Aplicativo,Crédito,6,Aprovado,Correios,Em trânsito
2152,PED-41242,2025-02-05,2025-11-12,733,Luiz Otávio Fernandes,imartins@example.net,Aparecida de Fonseca,AC,Eletrônicos,Nobis,Apple,5,2109.91,644.75,30,95.16,Aplicativo,Débito,1,aprovado,Correios,Entregue
2153,PED-35243,2024-12-10,2025-04-01,496,Alícia Freitas,davi-miguel96@example.com,Borges,PI,Eletrônicos,Magni,Apple,2,2177.9,3255.3,0,33.59,Site,Boleto,12,Aprovado,Jadlog,Atrasado
2154,PED-43893,2024-05-18,2025-01-03,465,Eduardo das Neves,asampaio@example.net,Souza Alegre,MG,Eletrônicos,Suscipit,Nike,5,1236.07,500.28,0,52.52,Aplicativo,Pix,12,aprovado,Total Express,Em trânsito
2155,PED-21841,2024-02-19,2024-06-26,280,Clarice Pinto,rezendeana-beatriz@example.org,Guerra,SE,Beleza,Nam,LG,2,1714.26,2929.52,0,94.26,App,Pix,3,Recusado,Jadlog,Atrasado
2156,PED-72767,2025-09-30,2025-06-20,698,Lavínia Siqueira,maria-florpeixoto@example.org,da Paz,PA,eletronicos,Eveniet,Samsung,1,3368.37,2229.54,20,94.0,App,Débito,1,Recusado,Jadlog,Entregue
2157,PED-79390,2025-08-02,2025-01-30,14,Danilo Oliveira,eloahvargas@example.com,Machado dos Dourados,DF,Roupas,Fugit,Apple,4,1465.18,3477.08,0,43.82,Site,Boleto,3,Pendente,Total Express,Atrasado
2158,PED-93563,2025-04-04,2024-08-12,915,Alexia da Cunha,castroanna-liz@example.com,Pastor,DF,Beleza,Minima,Nike,1,2391.64,195.05,30,70.81,SITE,Débito,1,aprovado,Correios,Em trânsito
2159,PED-14480,2025-06-15,2024-11-09,191,Vitória Sales,uvargas@example.org,Machado de Silveira,TO,Beleza,Deserunt,Genérica,3,1982.63,3377.38,0,114.17,app,Débito,3,Pendente,Total Express,Atrasado
2160,PED-73443,2024-12-30,2024-11-13,327,Léo da Rocha,alexandrepereira@example.org,Duarte,MA,Beleza,Blanditiis,Nike,2,2900.96,2463.85,0,96.17,App,Pix,12,Pendente,Correios,Atrasado
2161,PED-24824,2025-12-23,2024-09-28,971,Gael Henrique Pinto,raulguerra@example.org,da Cunha,AL,Beleza,Provident,Nike,3,1086.44,1523.53,0,23.36,SITE,Crédito,2,Aprovado,Correios,Em trânsito
2162,PED-20299,2024-11-14,2024-04-20,85,Marina Rocha,luigicirino@example.net,Cavalcanti do Galho,AP,eletronicos,Enim,Adidas,4,1127.16,2412.47,0,112.68,SITE,Débito,6,Aprovado,Correios,Atrasado
2163,PED-74107,2024-03-31,2024-05-25,740,Rhavi Costa,ravy17@example.net,Martins do Sul,SP,Roupas,Porro,LG,3,280.54,1000.22,10,74.34,Site,Crédito,12,Recusado,Jadlog,Em trânsito
2164,PED-27250,2024-02-06,2024-11-16,956,João Mendes,laurada-conceicao@example.com,Santos,BA,Roupas,Odio,Genérica,1,2740.72,1276.52,10,81.71,app,Boleto,1,Recusado,Correios,Entregue
2165,PED-40121,2024-06-12,2024-11-07,816,Maria Luiza Sousa,igor77@example.org,Moreira,ES,Eletrônicos,Nulla,Nike,5,3184.49,1228.71,30,65.14,SITE,Débito,1,Recusado,Total Express,Em trânsito
2166,PED-28580,2024-12-14,2024-11-07,488,Srta. Rebeca da Rocha,xvargas@example.com,Mendes,PA,Beleza,Dolores,Apple,4,1895.44,2272.71,10,5.88,Site,Pix,1,Pendente,Total Express,Entregue
2167,PED-40031,2024-11-13,2024-08-05,276,Ana Sophia Cirino,costasofia@example.com,Jesus,AM,Casa,Commodi,Nike,1,974.22,2339.63,0,60.02,Site,Boleto,1,Aprovado,Jadlog,Entregue
2168,PED-24006,2026-01-07,2026-01-13,1159,Lara Sampaio,kaique30@example.net,Vasconcelos da Serra,AP,Casa,Quas,Nike,5,3435.2,3415.24,30,15.87,app,Débito,1,Aprovado,Total Express,Entregue
2169,PED-16058,2024-05-27,2025-08-23,245,Felipe Borges,ufernandes@example.net,Ribeiro,BA,Beleza,Neque,Apple,5,2547.19,1267.27,0,27.22,SITE,Boleto,12,Aprovado,Jadlog,Atrasado
2170,PED-94861,2025-10-04,2024-07-17,405,Maysa da Rosa,lunasilva@example.net,Macedo de Silva,RJ,Casa,Dicta,Adidas,3,1794.05,2097.19,0,41.24,App,Pix,12,Aprovado,Correios,Em trânsito
2171,PED-37657,2025-12-14,2026-01-21,909,Vitória Costela,joao-guilhermecampos@example.net,Camargo,MT,Eletrônicos,Libero,LG,5,618.81,116.92,10,40.11,Aplicativo,Pix,6,Aprovado,Jadlog,Entregue
2172,PED-49194,2025-12-12,2025-03-08,1150,Davi Lucca da Mota,llima@example.com,Freitas Paulista,RN,Casa,Dolorem,Apple,5,1471.56,1379.9,0,72.15,app,Débito,6,Aprovado,Correios,Em trânsito
2173,PED-95607,2024-03-18,2025-07-07,1178,Luiz Otávio Farias,zoe42@example.net,Rocha,CE,Casa,Harum,Genérica,4,862.94,3237.81,10,84.99,Aplicativo,Boleto,1,Recusado,Jadlog,Entregue
2174,PED-93277,2024-11-18,2025-01-15,627,Yuri Porto,jda-mata@example.com,Nogueira,RJ,eletronicos,Officiis,Genérica,3,3016.75,2198.09,10,62.27,SITE,Boleto,1,Pendente,Correios,Em trânsito
2175,PED-63228,2024-11-06,2024-12-30,630,Enzo Caldeira,nunesdiogo@example.org,Monteiro do Norte,PB,eletronicos,Eveniet,Adidas,1,2930.47,2166.17,20,5.63,SITE,Pix,3,Aprovado,Total Express,Em trânsito
2176,PED-26431,2025-02-19,2025-03-25,601,Vinicius Jesus,luiz-otavio21@example.org,Pinto,RS,Casa,Suscipit,Adidas,4,3365.48,2211.37,30,5.98,App,Crédito,3,Aprovado,Jadlog,Atrasado
2177,PED-56443,2024-03-31,2024-07-05,990,Olivia Costa,marianebarbosa@example.com,Monteiro da Mata,TO,eletronicos,Hic,Nike,4,489.68,3082.48,10,45.83,SITE,Débito,1,Recusado,Total Express,Entregue
2178,PED-14332,2025-06-30,2025-07-06,453,Anna Liz Rocha,novaismariane@example.org,Araújo do Norte,PE,Casa,Reiciendis,Adidas,2,233.03,2673.64,30,114.9,Site,Crédito,6,Recusado,Correios,Em trânsito
2179,PED-41683,2024-02-13,2025-08-08,223,Lavínia Teixeira,vicenteguerra@example.com,da Cunha dos Dourados,CE,Eletrônicos,Inventore,Nike,2,2877.59,1416.21,0,31.03,App,Boleto,3,Aprovado,Correios,Atrasado
2180,PED-18621,2025-04-14,2024-07-20,1069,João Miguel das Neves,hellena18@example.net,Oliveira,GO,Roupas,Iusto,Apple,5,2800.29,800.13,0,73.3,App,Boleto,12,Recusado,Correios,Entregue
2181,PED-85393,2024-11-07,2024-09-18,1104,José Sousa,scavalcante@example.com,Barbosa,AP,eletronicos,Iusto,Genérica,3,2176.78,2411.15,30,57.76,Aplicativo,Crédito,1,aprovado,Total Express,Entregue
2182,PED-32126,2025-10-15,2025-06-11,341,Danilo Monteiro,mariahmoura@example.com,Cassiano,AL,Casa,Velit,Apple,3,1654.16,2738.83,10,38.93,Site,Débito,1,Aprovado,Total Express,Entregue
2183,PED-93382,2025-10-09,2025-06-12,114,Sr. Enrico Araújo,alicia55@example.net,Ramos Paulista,RO,Casa,Minus,LG,4,1452.7,3033.1,30,37.41,SITE,Boleto,3,Pendente,Correios,Atrasado
2184,PED-52583,2025-01-29,2024-10-12,652,Julia da Rosa,zda-rocha@example.net,Teixeira de Minas,SE,Roupas,Eius,Genérica,1,2514.68,1030.28,30,29.83,Aplicativo,Boleto,3,aprovado,Total Express,Atrasado
2185,PED-18017,2024-10-14,2025-07-27,887,Sr. Theodoro Fogaça,araujojose-pedro@example.net,Casa Grande,SP,Casa,Eius,LG,3,3314.01,824.99,0,36.69,SITE,Boleto,3,Aprovado,Jadlog,Em trânsito
2186,PED-37788,2024-03-02,2025-09-13,376,Maria Vitória Freitas,ana-luiza82@example.net,da Mata,SP,Roupas,Praesentium,Apple,5,1667.39,2444.0,0,54.8,SITE,Crédito,1,aprovado,Correios,Em trânsito
2187,PED-40466,2025-04-13,2025-05-28,568,Joana Cassiano,araujoemanuelly@example.com,Correia,RJ,Roupas,Illum,Apple,2,224.13,3450.87,10,37.23,SITE,Débito,1,Pendente,Jadlog,Entregue
2188,PED-93039,2025-11-08,2025-06-29,1168,Heitor Aparecida,moraespedro-henrique@example.net,Sampaio,GO,Beleza,Modi,LG,2,2515.3,1632.3,0,29.01,App,Crédito,1,Aprovado,Jadlog,Entregue
2189,PED-26451,2024-06-25,2025-10-05,510,Benjamin Porto,aylla92@example.net,Aparecida,PR,eletronicos,Maiores,LG,1,2875.04,1731.78,0,43.88,App,Pix,3,Pendente,Correios,Atrasado
2190,PED-44966,2024-09-24,2024-12-03,108,Catarina Teixeira,britomatheus@example.net,Andrade,RN,Roupas,In,Apple,2,3139.0,2871.48,30,35.9,App,Boleto,1,Aprovado,Correios,Atrasado
2191,PED-91349,2024-04-28,2025-06-05,321,Dr. Mateus da Mata,portosabrina@example.org,Costa,AL,Roupas,Repellendus,LG,1,504.01,852.37,0,112.97,app,Crédito,3,Aprovado,Correios,Atrasado
2192,PED-55253,2025-03-03,2025-10-19,44,Bruna Vieira,alexiaoliveira@example.com,Oliveira de Fernandes,PE,Roupas,In,Genérica,2,2565.83,1119.71,0,111.79,Site,Boleto,1,Recusado,Total Express,Em trânsito
2193,PED-51164,2024-04-20,2025-08-04,734,Benjamin Pires,bernardo86@example.com,Novaes do Amparo,PA,Casa,Voluptas,Samsung,4,1541.24,845.62,20,75.82,SITE,Pix,2,aprovado,Correios,Em trânsito
2194,PED-25771,2025-03-19,2025-11-13,841,Vinicius da Rocha,pachecomaria-julia@example.org,Sá,PR,eletronicos,Ex,Samsung,5,2317.11,3126.63,30,51.91,App,Débito,1,Aprovado,Jadlog,Em trânsito
2195,PED-19588,2025-10-03,2025-03-27,641,João Pedro Jesus,henrycampos@example.net,Teixeira das Flores,AM,Eletrônicos,A,LG,2,238.84,2144.54,30,46.25,App,Boleto,3,Pendente,Jadlog,Entregue
2196,PED-50117,2025-06-03,2025-02-17,389,Diego Rezende,luiz-felipemartins@example.org,Vargas,PE,eletronicos,Culpa,Genérica,4,132.73,3269.79,0,89.42,app,Crédito,1,Aprovado,Correios,Em trânsito
2197,PED-64735,2025-01-01,2025-02-28,197,Sra. Hellena Mendes,lopessara@example.org,Fonseca Grande,RN,Eletrônicos,Nobis,Genérica,2,2119.64,1725.29,20,62.93,app,Crédito,3,aprovado,Correios,Em trânsito
2198,PED-61214,2025-04-12,2025-09-17,235,Sara Peixoto,mariane32@example.net,Souza,SP,Casa,Minima,Apple,5,1854.36,1456.33,20,56.78,app,Pix,1,Recusado,Jadlog,Atrasado
2199,PED-15996,2024-08-10,2025-06-04,718,Lorenzo Câmara,silvaamanda@example.org,Souza do Galho,MT,Eletrônicos,Amet,Genérica,5,1367.24,3476.75,20,64.36,SITE,Boleto,2,aprovado,Total Express,Entregue
2200,PED-11576,2024-06-17,2025-03-20,982,Dr. Diogo Gonçalves,vasconcelosjose-miguel@example.com,Almeida,ES,eletronicos,Atque,Genérica,4,590.25,56.13,30,118.02,Site,Pix,2,aprovado,Total Express,Entregue
2201,PED-70044,2024-10-24,2024-09-06,432,Bianca Costa,rpimenta@example.org,Guerra,RS,Roupas,Doloremque,Nike,3,111.21,1829.39,30,86.93,Site,Débito,1,Pendente,Total Express,Em trânsito
2202,PED-78213,2024-08-03,2025-04-25,1197,Noah Sá,montenegrotheodoro@example.net,Novais do Sul,PI,Beleza,Excepturi,LG,1,2263.32,1246.04,0,72.91,SITE,Boleto,2,Aprovado,Jadlog,Em trânsito
2203,PED-73020,2025-09-03,2025-09-15,540,Gabriela Ramos,pintoravi@example.net,da Rosa,PE,Beleza,Veniam,Samsung,4,1357.27,1827.1,10,53.93,Site,Pix,12,Pendente,Correios,Entregue
2204,PED-65703,2025-01-09,2024-11-04,624,Allana Sá,anthony-gabrielfonseca@example.com,da Rosa da Praia,AM,Roupas,Doloremque,Nike,1,1261.28,2146.29,0,98.52,SITE,Pix,1,Aprovado,Total Express,Entregue
2205,PED-92027,2024-11-30,2025-06-06,899,Josué Porto,tbarbosa@example.net,Nascimento,MG,eletronicos,Occaecati,Adidas,2,106.09,161.68,0,63.51,App,Boleto,1,aprovado,Correios,Em trânsito
2206,PED-72497,2024-10-10,2025-10-03,988,Vinicius Fernandes,yurilima@example.net,Nascimento do Campo,DF,eletronicos,Atque,Samsung,2,393.0,1758.2,20,57.72,app,Débito,12,Pendente,Correios,Em trânsito
2207,PED-47115,2024-05-04,2025-04-29,1122,Thiago Mendes,amanda90@example.org,Costela,PE,Casa,Reprehenderit,Genérica,2,93.52,407.06,0,79.77,SITE,Pix,12,Recusado,Jadlog,Em trânsito
2208,PED-13116,2024-09-17,2025-06-03,119,Fernanda das Neves,davi-miguelpinto@example.org,Rios,AL,Roupas,Impedit,LG,5,3474.31,1800.12,30,86.39,app,Débito,3,Pendente,Jadlog,Atrasado
2209,PED-70063,2024-04-30,2024-09-26,486,Rafaela Camargo,novaisenzo@example.com,Machado,AC,Beleza,Sequi,Adidas,4,516.11,1352.4,10,25.75,SITE,Pix,1,aprovado,Total Express,Entregue
2210,PED-13604,2024-04-09,2025-08-14,62,Maysa Sá,pmarques@example.net,Macedo,SE,Beleza,Quam,Samsung,3,820.74,592.99,0,74.22,SITE,Crédito,2,Recusado,Correios,Em trânsito
2211,PED-84467,2024-03-17,2025-04-04,1160,Gabrielly Costa,samuel73@example.com,Costela de Rios,AC,Casa,Doloremque,LG,3,1475.93,1386.83,20,74.3,SITE,Pix,1,Pendente,Correios,Entregue
2212,PED-54148,2025-09-08,2026-01-10,318,José Miguel Teixeira,rda-luz@example.net,Nogueira de Siqueira,MS,Casa,Quis,LG,4,242.12,622.47,0,4.48,SITE,Pix,1,Recusado,Jadlog,Atrasado
2213,PED-71354,2025-12-18,2024-11-20,925,Juliana das Neves,eduardo59@example.com,Pinto,AL,Eletrônicos,Exercitationem,Apple,3,321.9,1322.92,20,88.39,App,Crédito,3,aprovado,Total Express,Entregue
2214,PED-54146,2025-01-22,2025-07-25,143,Gael Henrique Vasconcelos,larateixeira@example.net,Freitas,PI,Casa,Ipsam,Nike,4,199.88,1920.81,0,101.98,SITE,Débito,2,Recusado,Jadlog,Em trânsito
2215,PED-93215,2024-09-08,2025-01-14,69,Joana das Neves,sophiacamara@example.com,Barbosa,AM,Beleza,Natus,Adidas,4,2808.82,1486.18,0,16.86,Aplicativo,Pix,12,Recusado,Jadlog,Em trânsito
2216,PED-30354,2024-03-07,2025-05-21,31,Sophie Campos,walbuquerque@example.org,Lima,MS,eletronicos,Expedita,Apple,3,2444.57,564.65,20,65.31,Aplicativo,Débito,6,Aprovado,Correios,Em trânsito
2217,PED-40763,2025-08-09,2025-07-04,947,Marina Sampaio,cirinoluna@example.com,Moraes Grande,DF,Eletrônicos,Maxime,LG,3,193.36,3303.43,0,109.61,Site,Débito,2,Pendente,Total Express,Atrasado
2218,PED-25962,2024-05-08,2025-09-01,540,Aylla Andrade,qsiqueira@example.com,Pereira da Mata,DF,Eletrônicos,Consectetur,Adidas,2,2359.9,1460.24,10,10.23,App,Boleto,12,Aprovado,Total Express,Atrasado
2219,PED-26271,2025-09-27,2024-10-15,209,Marcelo Garcia,rlopes@example.net,Sousa,GO,Beleza,In,Adidas,2,2581.05,2972.15,10,114.77,app,Débito,1,Pendente,Jadlog,Atrasado
2220,PED-82379,2024-08-02,2024-06-02,433,Oliver Souza,eloapimenta@example.org,Mendes,RN,Roupas,Nemo,Samsung,1,810.53,320.8,0,23.76,Site,Crédito,1,Aprovado,Jadlog,Entregue
2221,PED-54801,2024-11-29,2025-03-02,176,Juan Dias,jade68@example.com,das Neves da Mata,ES,eletronicos,Eligendi,Apple,3,2244.82,1585.02,20,80.22,App,Pix,2,Aprovado,Total Express,Em trânsito
2222,PED-64273,2026-01-15,2025-06-18,3,Noah Fogaça,matteovieira@example.net,Rodrigues,RS,Beleza,Adipisci,Genérica,3,2783.73,2833.02,10,54.39,App,Boleto,3,aprovado,Correios,Entregue
2223,PED-35943,2025-03-22,2024-03-14,215,Liam Mendonça,guerraanthony@example.org,Vasconcelos do Campo,AL,Roupas,Reprehenderit,LG,4,987.59,1684.61,0,54.93,Aplicativo,Pix,12,Aprovado,Jadlog,Atrasado
2224,PED-45091,2024-02-28,2024-04-26,56,Renan Machado,apolloazevedo@example.net,Andrade,SP,eletronicos,Dolores,Apple,4,966.06,2182.92,20,73.61,app,Boleto,1,aprovado,Correios,Atrasado
2225,PED-23964,2025-05-20,2025-01-22,469,Maysa Camargo,portoantonio@example.com,Martins de Sá,PR,Casa,Consectetur,Genérica,5,1046.81,691.09,30,48.54,App,Crédito,1,Pendente,Correios,Entregue
2226,PED-31997,2024-12-01,2024-10-09,874,Vinícius da Luz,caldeiraleo@example.net,Camargo,RN,Casa,Distinctio,LG,2,3294.05,2474.74,20,5.46,Aplicativo,Boleto,1,Aprovado,Total Express,Entregue
2227,PED-20644,2025-04-17,2024-09-30,55,Pietra Machado,abreunicole@example.com,Castro de Cirino,CE,Beleza,Est,Adidas,4,2271.82,1068.86,0,19.89,SITE,Boleto,1,Pendente,Jadlog,Entregue
2228,PED-18052,2024-06-24,2025-03-31,576,Théo Porto,matteofonseca@example.org,Souza,SE,Casa,Repudiandae,LG,5,1430.02,2118.09,20,45.43,app,Pix,3,Recusado,Total Express,Entregue
2229,PED-71249,2025-02-28,2024-03-18,25,João Rios,ana-luiza59@example.org,Duarte,AC,eletronicos,Rerum,Nike,1,137.47,234.77,10,95.75,Site,Crédito,2,Pendente,Correios,Atrasado
2230,PED-72976,2024-09-15,2025-10-05,642,Ian Duarte,nascimentopedro-miguel@example.com,Aparecida de Pereira,BA,Beleza,Adipisci,LG,5,730.58,746.86,0,53.3,Site,Crédito,1,Pendente,Correios,Atrasado
2231,PED-65459,2024-12-30,2024-12-11,107,Davi Miguel Borges,lunacamara@example.org,Abreu,PE,Eletrônicos,Quisquam,LG,5,131.51,3230.6,0,34.39,Site,Pix,1,Pendente,Jadlog,Em trânsito
2232,PED-39812,2025-05-27,2025-01-02,476,Bárbara Lopes,juanalves@example.com,Rezende,PE,eletronicos,Aliquid,Genérica,5,1095.48,1998.02,10,118.19,App,Pix,1,aprovado,Total Express,Entregue
2233,PED-72920,2026-01-02,2025-02-20,55,Luiz Gustavo da Conceição,ferreirabenicio@example.net,Farias da Praia,DF,eletronicos,Sapiente,Genérica,2,1292.67,3178.71,0,37.33,app,Débito,2,Pendente,Jadlog,Entregue
2234,PED-60582,2025-10-01,2025-01-18,229,Sr. Josué Ribeiro,rebecamoreira@example.com,Ribeiro,RS,Beleza,Possimus,Nike,4,861.99,3480.85,0,115.38,App,Boleto,6,aprovado,Jadlog,Atrasado
2235,PED-74921,2024-05-06,2024-02-06,312,Ian Ribeiro,ana-liz82@example.org,Cardoso,BA,eletronicos,Debitis,Genérica,5,2888.26,2968.0,10,102.94,SITE,Débito,12,Pendente,Total Express,Em trânsito
2236,PED-82536,2025-05-18,2024-10-27,929,Bruna Rezende,bfarias@example.com,Borges do Campo,PB,Eletrônicos,Pariatur,LG,1,3469.06,3358.41,0,69.18,Site,Boleto,3,Pendente,Jadlog,Entregue
2237,PED-66416,2025-08-18,2024-07-12,13,Ana Monteiro,caua90@example.org,Silva,ES,Roupas,Eos,LG,5,2261.74,1698.03,0,98.97,Aplicativo,Débito,1,Aprovado,Jadlog,Entregue
2238,PED-54433,2024-09-20,2024-09-11,51,Esther Rocha,jrodrigues@example.net,da Conceição das Flores,PR,Casa,Aperiam,Genérica,5,1972.66,698.52,0,90.01,Aplicativo,Pix,2,aprovado,Total Express,Atrasado
2239,PED-88114,2024-10-22,2025-05-04,918,Davi Azevedo,goncalvesisabelly@example.net,Azevedo Verde,CE,Eletrônicos,Officia,Samsung,3,2336.04,2217.95,0,43.27,Site,Débito,3,aprovado,Jadlog,Atrasado
2240,PED-27343,2024-10-30,2024-06-21,974,Manuela Dias,brunocaldeira@example.com,Silva de da Mota,MT,Eletrônicos,Suscipit,Genérica,5,3450.2,1421.49,30,69.98,SITE,Pix,1,aprovado,Total Express,Atrasado
2241,PED-17177,2025-11-09,2024-12-02,675,Heitor Souza,arthur-gabriel20@example.net,Peixoto,RO,Eletrônicos,Tempora,Adidas,2,1393.53,234.91,0,80.02,Site,Crédito,1,Recusado,Jadlog,Entregue
2242,PED-64431,2024-02-29,2025-07-25,145,Dra. Maria Vitória Jesus,liviafreitas@example.com,Vieira,MA,Beleza,Dignissimos,Nike,2,1988.38,2767.85,30,74.82,app,Crédito,1,Aprovado,Correios,Entregue
2243,PED-16144,2024-05-10,2024-05-20,1139,Dr. Henry Aragão,alice25@example.net,da Paz de Mendes,RS,Beleza,Sit,Apple,2,1881.45,1095.2,10,99.86,app,Crédito,12,Pendente,Jadlog,Entregue
2244,PED-35774,2024-11-16,2025-06-20,447,Maria Luísa Viana,rodrigocavalcanti@example.net,Barros,PR,Eletrônicos,Cum,Samsung,3,2345.32,1875.83,10,81.15,Aplicativo,Débito,6,Pendente,Jadlog,Em trânsito
2245,PED-64917,2024-02-10,2025-07-12,144,Srta. Rebeca Cunha,sapedro-lucas@example.com,das Neves do Sul,PI,Beleza,Labore,Apple,2,3458.0,2713.75,20,65.63,SITE,Crédito,2,aprovado,Correios,Atrasado
2246,PED-62118,2025-11-18,2026-01-19,589,Thiago Barros,znovais@example.org,Barros,RR,Eletrônicos,Rem,Nike,4,267.8,2222.44,30,26.8,Site,Débito,1,Pendente,Jadlog,Entregue
2247,PED-92285,2024-09-16,2024-05-07,894,Léo Monteiro,xnogueira@example.net,Borges,MA,Beleza,Nihil,Apple,4,1798.26,1143.18,30,73.14,Site,Boleto,12,Pendente,Jadlog,Em trânsito
2248,PED-11959,2026-01-14,2024-10-13,500,Sabrina Abreu,salesjoao-vitor@example.net,Lopes,TO,eletronicos,At,Apple,5,2349.17,2509.91,30,27.37,SITE,Pix,1,aprovado,Total Express,Em trânsito
2249,PED-69534,2025-06-10,2025-06-20,209,Benício Pereira,luiz-otavio33@example.com,Cavalcante de Minas,CE,eletronicos,Eius,Nike,5,879.38,2061.95,20,101.49,app,Pix,12,aprovado,Correios,Em trânsito
2250,PED-34249,2024-09-20,2024-04-23,849,Gabrielly Fonseca,bryanda-cunha@example.net,Câmara Verde,RJ,Roupas,Eveniet,LG,3,2409.09,1010.55,0,96.17,Aplicativo,Boleto,3,Aprovado,Correios,Entregue
2251,PED-50515,2025-08-09,2024-07-24,456,Carolina Rodrigues,noah19@example.com,Câmara,SC,eletronicos,Occaecati,Samsung,4,938.39,2137.25,20,2.94,app,Boleto,2,Aprovado,Jadlog,Em trânsito
2252,PED-55576,2025-01-17,2025-10-23,115,José Pedro Melo,arthur-miguel49@example.org,Alves,PB,Casa,Reprehenderit,Genérica,2,2741.0,1880.73,20,6.26,App,Crédito,6,aprovado,Correios,Atrasado
2253,PED-44923,2025-06-29,2026-02-02,800,Mariane Cavalcante,matteocavalcante@example.net,Pinto,SE,eletronicos,Possimus,Nike,2,450.99,666.09,30,116.0,Aplicativo,Crédito,1,aprovado,Correios,Em trânsito
2254,PED-76678,2025-09-15,2025-12-18,609,Pietra Macedo,daniela41@example.net,Mendes do Amparo,AP,Eletrônicos,Voluptates,Adidas,1,654.47,1152.19,30,74.31,app,Boleto,2,aprovado,Total Express,Em trânsito
2255,PED-84874,2024-06-23,2025-01-13,401,Maria Alice Teixeira,castrovicente@example.net,da Rosa,SP,Beleza,Doloribus,LG,4,2991.87,1139.67,0,8.09,SITE,Pix,6,Pendente,Jadlog,Atrasado
2256,PED-21185,2024-06-09,2024-12-20,151,Eduardo Araújo,goncalvesrodrigo@example.com,Aragão de Nunes,PE,Eletrônicos,Numquam,Nike,2,3457.35,3372.95,10,1.42,app,Boleto,1,Recusado,Jadlog,Atrasado
2257,PED-70688,2024-06-29,2025-02-22,883,Valentim Gonçalves,valentim99@example.org,Garcia,AC,Eletrônicos,Iste,Samsung,2,1308.45,1966.86,30,102.02,SITE,Débito,1,Aprovado,Total Express,Entregue
2258,PED-57381,2024-10-22,2024-10-23,815,Isis Rios,lda-paz@example.com,Porto,AL,eletronicos,Quasi,Samsung,5,2463.02,2044.23,0,75.39,app,Débito,3,Pendente,Correios,Entregue
2259,PED-24500,2025-03-16,2024-10-31,81,Ana Lívia Gomes,cunhaaylla@example.com,Campos de Minas,RR,Casa,Iusto,Genérica,5,1860.44,337.12,30,52.97,Aplicativo,Pix,12,Recusado,Total Express,Em trânsito
2260,PED-29575,2025-09-19,2025-07-03,377,Bárbara Mendes,paragao@example.net,Silveira,RO,Eletrônicos,Tempore,Nike,2,72.71,2179.28,0,66.05,SITE,Boleto,1,Aprovado,Jadlog,Atrasado
2261,PED-30993,2025-11-16,2025-03-16,1004,Dra. Marcela Caldeira,amontenegro@example.org,Melo Verde,PA,Beleza,Eos,Genérica,4,2679.01,772.23,10,39.15,SITE,Pix,1,Recusado,Correios,Atrasado
2262,PED-12553,2025-10-17,2024-04-16,38,Sr. Augusto Cardoso,davi44@example.com,Moraes Grande,AM,Roupas,Harum,Samsung,1,1820.77,2183.63,30,64.53,App,Débito,1,Pendente,Correios,Entregue
2263,PED-16246,2025-11-20,2025-05-21,27,Maria Clara Santos,mourajuliana@example.com,Machado,ES,eletronicos,Architecto,Nike,1,3486.31,514.51,0,38.67,SITE,Débito,1,aprovado,Total Express,Em trânsito
2264,PED-99496,2024-04-22,2025-08-24,292,Sr. Daniel da Cruz,catarina38@example.net,Sales de Marques,RO,Roupas,Et,Apple,4,1191.58,756.25,0,117.67,app,Débito,12,Aprovado,Total Express,Entregue
2265,PED-64466,2024-05-27,2024-10-30,812,Asafe Santos,beatrizrocha@example.net,Melo de Nogueira,RR,eletronicos,Aliquam,Samsung,4,2948.81,2756.73,20,46.26,app,Boleto,6,Recusado,Correios,Entregue
2266,PED-37045,2024-12-21,2024-07-21,3,Sr. Marcos Vinicius Souza,tfogaca@example.net,Pinto de Costela,SE,Roupas,Corrupti,LG,3,3189.09,271.76,0,46.74,Aplicativo,Boleto,1,Pendente,Correios,Entregue
2267,PED-99885,2024-08-27,2024-09-19,1120,Asafe Garcia,qcasa-grande@example.net,Aragão,RJ,Roupas,Id,LG,3,1955.5,394.49,30,78.71,Aplicativo,Boleto,1,aprovado,Total Express,Em trânsito
2268,PED-32276,2024-05-17,2024-04-15,1057,Dr. Eduardo Almeida,maria-helena72@example.com,Cavalcanti,RS,Eletrônicos,Aliquam,Adidas,2,1070.23,460.6,0,38.14,Site,Boleto,3,Pendente,Correios,Atrasado
2269,PED-35577,2024-07-26,2024-04-05,251,Levi Pimenta,imoreira@example.com,Garcia,MT,Roupas,Ullam,Apple,3,1335.05,2458.55,30,19.52,app,Crédito,1,aprovado,Jadlog,Atrasado
2270,PED-68334,2025-11-21,2025-02-28,623,Vitor Silva,wvieira@example.org,Marques de Goiás,ES,eletronicos,Saepe,LG,3,2603.59,3343.53,30,36.73,Aplicativo,Débito,1,aprovado,Total Express,Em trânsito
2271,PED-16124,2024-09-28,2024-09-10,219,Pedro Souza,da-luzkevin@example.org,Cunha,PR,Eletrônicos,Modi,Samsung,3,2728.21,2868.9,0,60.79,Aplicativo,Débito,2,Pendente,Total Express,Atrasado
2272,PED-82373,2025-04-05,2024-06-29,1103,Esther Carvalho,juliamarques@example.org,Barros,PB,eletronicos,Explicabo,Nike,1,812.62,3441.95,0,63.78,Site,Débito,1,Recusado,Jadlog,Atrasado
2273,PED-76518,2024-03-04,2024-09-15,15,Elisa Moreira,das-nevesaylla@example.net,Ribeiro do Norte,PB,Beleza,Itaque,Nike,1,2936.86,1539.59,0,99.22,SITE,Débito,3,aprovado,Jadlog,Atrasado
2274,PED-53054,2026-01-09,2024-03-06,605,Ana Lívia Cirino,yporto@example.com,Freitas Alegre,PI,Roupas,Veritatis,Adidas,2,205.92,2590.76,0,67.62,Aplicativo,Pix,2,Pendente,Total Express,Atrasado
2275,PED-21568,2025-07-22,2026-01-29,220,Dra. Alícia da Paz,arthur-gabriel70@example.net,Brito do Campo,PE,eletronicos,Facilis,Nike,5,2801.31,821.07,30,36.65,App,Boleto,2,aprovado,Jadlog,Em trânsito
2276,PED-52616,2025-01-05,2025-08-31,214,Maria Helena Campos,barbosalavinia@example.com,Nascimento de Araújo,PA,Eletrônicos,Quidem,Nike,1,1945.75,3427.23,0,116.16,app,Boleto,1,Aprovado,Jadlog,Atrasado
2277,PED-32005,2026-01-07,2024-04-01,372,Sara Gomes,gmarques@example.com,Martins,RO,Eletrônicos,Ipsa,Apple,2,1357.26,1849.82,10,7.29,app,Débito,1,Pendente,Jadlog,Atrasado
2278,PED-19220,2024-05-13,2025-06-01,267,Kaique Leão,da-luzcalebe@example.org,Siqueira,RS,Beleza,Dolores,Genérica,5,3114.02,2074.15,30,27.27,Aplicativo,Pix,2,Aprovado,Total Express,Entregue
2279,PED-42298,2025-05-08,2025-06-10,1172,Luiz Felipe Nascimento,caldeiraleonardo@example.net,Lima de Goiás,PB,Beleza,Voluptas,Genérica,4,2041.74,3018.04,20,15.2,Site,Pix,6,Pendente,Correios,Entregue
2280,PED-37688,2025-11-11,2025-05-10,1067,Lavínia Cirino,thiago43@example.org,Cavalcanti de Novaes,DF,Casa,Exercitationem,Genérica,5,3092.65,2384.36,0,61.6,app,Boleto,3,Aprovado,Total Express,Em trânsito
2281,PED-40782,2024-07-10,2024-08-29,1179,Manuela Lopes,silvaluiz-miguel@example.org,Albuquerque,AM,Casa,Error,Nike,2,226.47,3187.32,20,1.03,Site,Boleto,1,Pendente,Total Express,Em trânsito
2282,PED-90671,2025-03-23,2024-05-11,1193,Clara Sampaio,ccavalcanti@example.net,Câmara Alegre,SC,Beleza,Labore,Genérica,3,2747.33,1128.58,30,108.08,App,Pix,1,Aprovado,Correios,Em trânsito
2283,PED-62820,2024-02-24,2024-03-27,1191,Fernando Rezende,fernandesmatteo@example.net,Pires,RO,eletronicos,Nulla,Genérica,4,517.26,2258.86,0,34.18,SITE,Pix,12,Pendente,Jadlog,Atrasado
2284,PED-24303,2024-09-15,2024-05-28,801,Dra. Letícia Barbosa,danilo81@example.org,Costela de Mendes,SE,Eletrônicos,Quasi,Genérica,3,910.73,2050.1,20,25.12,app,Pix,6,Aprovado,Jadlog,Atrasado
2285,PED-85012,2024-03-21,2025-09-15,879,Pedro Henrique das Neves,azevedosamuel@example.org,Mendonça,PI,Roupas,Libero,Adidas,3,1604.02,2659.33,30,59.63,Aplicativo,Crédito,2,Pendente,Total Express,Em trânsito
2286,PED-38584,2024-06-21,2024-07-02,628,Jade Dias,ycarvalho@example.net,Sales de Montenegro,MS,Eletrônicos,Iusto,Nike,2,245.92,1577.86,30,11.74,Aplicativo,Boleto,2,Aprovado,Total Express,Atrasado
2287,PED-35336,2024-07-06,2024-06-06,648,Dr. Marcelo Mendes,milena88@example.org,da Luz,MS,Eletrônicos,Laudantium,Genérica,1,1747.16,1894.38,10,70.06,SITE,Débito,1,Recusado,Jadlog,Entregue
2288,PED-40971,2025-08-07,2025-04-04,388,Matheus Nascimento,luiz-otaviopereira@example.com,Almeida da Prata,AM,Casa,Laudantium,Adidas,5,2133.85,498.14,20,39.96,Site,Débito,1,Aprovado,Correios,Atrasado
2289,PED-61457,2025-02-01,2025-10-27,646,Maitê Ramos,henriquemoreira@example.com,Ramos Grande,CE,eletronicos,Autem,Apple,4,870.73,2445.53,30,39.72,Site,Pix,3,Pendente,Correios,Em trânsito
2290,PED-87887,2024-07-20,2024-03-29,110,Gabrielly Marques,mayaalmeida@example.com,Pinto de Minas,SE,eletronicos,Consequuntur,Apple,2,897.55,1713.15,0,35.04,app,Pix,1,aprovado,Total Express,Em trânsito
2291,PED-51151,2025-07-19,2025-05-10,754,Alice Costa,dalves@example.org,Correia dos Dourados,PA,Roupas,Rerum,Genérica,4,3454.1,194.56,0,4.41,Aplicativo,Crédito,2,Recusado,Correios,Entregue
2292,PED-64800,2025-11-10,2025-11-01,634,Maria Júlia Andrade,luiz-gustavo03@example.com,Castro de Goiás,PA,Roupas,Rerum,LG,5,995.63,1671.87,10,13.34,SITE,Crédito,3,aprovado,Total Express,Atrasado
2293,PED-22221,2025-04-01,2024-03-17,303,Allana Correia,pachecomathias@example.org,da Rocha do Galho,PR,Casa,Quasi,Genérica,1,2957.45,1171.0,10,88.19,Site,Débito,1,aprovado,Total Express,Atrasado
2294,PED-41045,2025-09-28,2024-10-15,55,Sophie Nunes,albuquerqueluara@example.com,Cavalcanti do Galho,AP,Roupas,Sequi,Nike,3,1027.33,1973.23,0,29.8,Site,Pix,1,Recusado,Jadlog,Em trânsito
2295,PED-86104,2025-07-01,2024-07-23,682,Henrique Marques,souzarafael@example.net,Sá da Mata,TO,Eletrônicos,Tempora,Apple,4,782.25,1198.26,0,59.97,Aplicativo,Pix,12,aprovado,Correios,Atrasado
2296,PED-27943,2025-02-17,2025-04-30,1000,Isaque da Luz,ana-laura94@example.net,Câmara,SE,Casa,Enim,Apple,5,2544.95,262.92,30,98.82,Site,Crédito,3,aprovado,Total Express,Atrasado
2297,PED-42007,2025-08-12,2025-06-15,820,João Pastor,mouraraul@example.net,Vargas das Pedras,TO,Beleza,Neque,Nike,2,3320.74,1513.11,20,2.08,SITE,Débito,1,Pendente,Jadlog,Em trânsito
2298,PED-98674,2024-06-17,2025-09-24,48,Sara Pastor,henriquebarros@example.net,Cirino,SE,Casa,Nihil,Samsung,4,2717.74,178.09,30,112.63,Aplicativo,Crédito,6,Aprovado,Jadlog,Atrasado
2299,PED-24131,2024-03-05,2025-10-21,354,Guilherme Sá,portoarthur-miguel@example.org,Campos,RJ,Eletrônicos,Inventore,Samsung,2,2064.86,770.31,0,73.39,Aplicativo,Boleto,3,Pendente,Correios,Entregue
2300,PED-60120,2025-07-24,2024-10-06,374,Benicio Dias,limavinicius@example.net,Casa Grande do Galho,TO,Eletrônicos,Numquam,Adidas,2,2416.24,2654.44,0,70.58,Site,Débito,3,Pendente,Total Express,Atrasado
2301,PED-29229,2025-06-22,2025-06-21,231,Arthur Miguel Rios,beniciojesus@example.com,Souza do Sul,AP,Eletrônicos,Est,LG,2,135.87,343.39,0,110.36,Site,Crédito,3,aprovado,Correios,Atrasado
2302,PED-40562,2025-04-18,2024-12-05,949,Ian Aparecida,hmoreira@example.net,Casa Grande de Pinto,SP,Casa,Quos,Genérica,3,677.32,2738.94,0,34.33,app,Pix,2,Pendente,Correios,Atrasado
2303,PED-29043,2025-05-02,2025-02-12,128,Srta. Ana Liz Gonçalves,kfarias@example.net,Macedo da Praia,DF,Casa,Nihil,Apple,2,597.79,2327.81,30,89.67,Site,Crédito,1,Pendente,Total Express,Atrasado
2304,PED-16948,2025-10-27,2024-06-24,597,Maria Clara Sousa,silvaclarice@example.org,Nascimento Grande,AP,Roupas,Consequuntur,Nike,4,1311.58,2049.59,0,88.88,App,Boleto,2,Aprovado,Total Express,Em trânsito
2305,PED-12549,2024-03-06,2025-11-06,874,Sra. Fernanda Castro,joaquimfreitas@example.net,Correia,AL,Roupas,Vitae,Nike,2,2446.97,936.89,0,21.23,Aplicativo,Débito,2,Pendente,Total Express,Em trânsito
2306,PED-71508,2024-04-27,2024-02-15,1014,Laura Dias,moreiraana-carolina@example.net,Siqueira,DF,Beleza,Amet,Adidas,3,98.62,62.43,30,83.89,App,Boleto,1,Pendente,Jadlog,Em trânsito
2307,PED-16928,2025-08-11,2024-12-29,889,Luiz Otávio da Rocha,sophia95@example.net,Ribeiro de Dias,PR,Eletrônicos,Ex,Apple,5,1823.12,2142.99,0,65.49,SITE,Boleto,3,Aprovado,Total Express,Entregue
2308,PED-77193,2024-09-08,2024-07-21,301,Isabel Cavalcanti,manuella52@example.com,Jesus das Pedras,ES,Casa,Maiores,Genérica,1,2490.68,2657.82,0,14.34,Site,Crédito,1,aprovado,Jadlog,Entregue
2309,PED-94603,2025-10-01,2025-04-07,1057,Rodrigo Cunha,melissa49@example.net,Vieira,CE,Casa,Necessitatibus,Samsung,3,1385.81,2524.46,20,61.84,SITE,Crédito,6,Pendente,Jadlog,Em trânsito
2310,PED-71859,2024-03-03,2024-10-21,1183,Joaquim Machado,sfarias@example.net,Duarte,SE,Roupas,Id,Genérica,1,547.99,2060.08,0,107.71,SITE,Pix,1,Recusado,Correios,Em trânsito
2311,PED-98113,2024-06-02,2024-12-31,554,Helena Sousa,lucca66@example.net,Cunha,DF,Eletrônicos,Voluptatibus,Nike,1,342.36,2133.56,20,66.76,App,Crédito,3,Pendente,Correios,Atrasado
2312,PED-25532,2024-04-19,2024-10-11,966,Dr. João Pedro da Mota,upereira@example.org,Cavalcante do Amparo,DF,Eletrônicos,Temporibus,Genérica,5,2739.08,2413.78,10,104.67,Site,Pix,1,Aprovado,Jadlog,Em trânsito
2313,PED-95047,2025-01-16,2025-02-11,212,Natália Aragão,caio12@example.com,Moreira,RS,Eletrônicos,Beatae,Nike,3,250.84,830.01,10,117.01,app,Pix,6,Pendente,Total Express,Em trânsito
2314,PED-69377,2025-01-31,2024-05-31,311,Dr. Matheus Gonçalves,mirella90@example.org,Oliveira do Norte,MT,Roupas,Necessitatibus,Nike,1,2360.43,1179.95,0,10.99,app,Crédito,1,Pendente,Correios,Entregue
2315,PED-75059,2025-11-10,2024-04-29,1138,Eloá Moreira,andradeanna-liz@example.com,Vargas de Novais,AL,Roupas,Quia,Samsung,2,90.78,215.83,0,79.81,app,Boleto,1,aprovado,Total Express,Atrasado
2316,PED-90972,2024-06-19,2024-10-07,360,Samuel das Neves,vitor57@example.org,Moraes da Praia,ES,Eletrônicos,Officia,Samsung,1,3464.66,643.91,10,43.74,app,Boleto,1,Pendente,Total Express,Atrasado
2317,PED-95714,2024-05-23,2025-08-07,684,Maysa Novais,aragaojose-miguel@example.net,Correia,PE,eletronicos,Quaerat,Adidas,4,1158.45,3041.39,10,89.78,App,Débito,1,aprovado,Jadlog,Atrasado
2318,PED-98893,2025-10-27,2025-07-02,529,Cecilia Santos,portoluara@example.org,Macedo de da Costa,SP,eletronicos,Perferendis,Samsung,3,337.66,1030.54,0,93.43,SITE,Boleto,1,Aprovado,Total Express,Em trânsito
2319,PED-22178,2025-01-09,2025-08-16,385,Ana Luiza Correia,da-rosabruno@example.com,da Costa,AC,eletronicos,Commodi,Nike,5,2697.36,3045.97,10,95.55,Aplicativo,Boleto,2,Aprovado,Total Express,Atrasado
2320,PED-59377,2024-11-01,2025-01-07,10,Eloá Melo,nogueiraeduardo@example.com,da Cunha,BA,Beleza,Voluptas,LG,3,1762.6,354.99,10,36.14,Site,Pix,3,Recusado,Total Express,Atrasado
2321,PED-61247,2024-12-21,2024-12-28,1058,Sophia Leão,gsantos@example.com,Marques,SE,Beleza,Unde,Samsung,3,991.4,2162.35,20,7.0,App,Boleto,1,Recusado,Total Express,Entregue
2322,PED-98321,2025-05-22,2025-02-19,729,Diogo Monteiro,brendada-cunha@example.org,Pereira,PE,Casa,Dolorum,LG,3,1190.92,1999.03,20,66.94,SITE,Débito,1,Recusado,Correios,Em trânsito
2323,PED-29052,2026-01-04,2025-09-25,904,Davi Rezende,joao-pedro03@example.net,Cavalcante do Campo,MG,Beleza,Tempore,Samsung,1,3159.7,362.33,0,109.33,app,Pix,12,Aprovado,Total Express,Em trânsito
2324,PED-63786,2025-09-12,2025-09-08,869,Breno da Paz,hborges@example.org,Macedo de Rios,AC,Beleza,Et,Adidas,5,2355.68,2557.79,20,26.68,SITE,Crédito,1,Recusado,Total Express,Em trânsito
2325,PED-25438,2024-07-10,2025-01-17,1025,Gael Pereira,nataliasales@example.net,Fonseca de Cassiano,AP,eletronicos,Facilis,Samsung,4,2545.08,735.03,0,83.18,app,Crédito,12,Aprovado,Correios,Entregue
2326,PED-96067,2025-10-17,2025-10-10,858,Antonella Martins,correiabarbara@example.com,Sá,SC,Roupas,Eaque,Apple,3,2175.89,3321.53,30,111.89,Site,Pix,12,Recusado,Jadlog,Atrasado
2327,PED-31491,2025-12-28,2024-08-18,1177,Dra. Brenda Brito,ana-juliacaldeira@example.org,Fonseca do Campo,CE,Beleza,Pariatur,Nike,5,3032.4,2528.0,0,116.21,App,Boleto,6,Recusado,Total Express,Atrasado
2328,PED-80756,2024-12-15,2025-03-28,574,Sra. Joana Pires,joao-miguel53@example.net,Marques do Oeste,RS,Casa,Similique,LG,4,66.97,652.04,0,112.26,Site,Boleto,6,Recusado,Total Express,Em trânsito
2329,PED-33624,2025-07-02,2025-10-20,166,Ana Vitória Macedo,trodrigues@example.com,Pacheco,RO,Roupas,Nesciunt,Nike,1,1630.14,1771.68,20,5.69,App,Pix,12,aprovado,Total Express,Entregue
2330,PED-65551,2026-01-23,2024-08-10,914,Maria Alice da Cunha,aurora62@example.net,Cavalcante do Sul,RS,Casa,Eaque,Adidas,5,1838.72,2184.37,20,119.18,app,Boleto,2,Recusado,Jadlog,Em trânsito
2331,PED-53173,2025-02-28,2024-08-18,1051,Maria Eduarda Nogueira,santossabrina@example.net,Freitas,PA,Roupas,Harum,Nike,3,3384.34,862.82,0,13.87,app,Débito,6,aprovado,Jadlog,Entregue
2332,PED-53030,2024-07-30,2024-03-04,891,Lunna Ribeiro,paulo08@example.org,Pereira,PR,eletronicos,Animi,Genérica,4,1198.41,3469.11,30,69.77,App,Boleto,1,Aprovado,Correios,Entregue
2333,PED-46542,2025-02-22,2024-05-03,1082,Gabriela Leão,asa@example.net,Dias,RN,Roupas,Earum,LG,4,2133.95,1505.67,30,41.94,Site,Crédito,1,Pendente,Total Express,Em trânsito
2334,PED-27839,2024-10-09,2025-10-20,271,Dra. Ana Luiza Pastor,kpacheco@example.net,Albuquerque da Serra,SC,eletronicos,Dolorem,Samsung,4,147.37,1495.16,20,30.28,Site,Pix,1,Aprovado,Jadlog,Entregue
2335,PED-27212,2024-12-24,2026-01-05,268,Nina Guerra,ana33@example.net,Macedo,PB,Casa,Provident,Genérica,3,882.39,232.36,10,115.23,SITE,Boleto,1,Pendente,Total Express,Atrasado
2336,PED-31227,2025-12-13,2024-07-20,583,Manuela Duarte,fariasmiguel@example.org,Souza,RJ,Roupas,Ipsam,Nike,3,1493.38,3022.44,0,15.61,Site,Débito,3,Aprovado,Jadlog,Atrasado
2337,PED-34380,2025-01-09,2025-04-30,1142,Maria Luiza Moura,maria-luisada-paz@example.com,Araújo do Amparo,RS,Casa,Saepe,Adidas,1,3176.29,1485.88,0,83.63,App,Pix,3,Recusado,Total Express,Em trânsito
2338,PED-59375,2025-02-20,2025-04-14,475,Luan Freitas,srocha@example.org,Barbosa,RJ,Roupas,A,Nike,3,2494.85,1072.76,20,111.61,SITE,Débito,1,aprovado,Correios,Entregue
2339,PED-96870,2025-09-27,2024-03-21,1072,Luana Nascimento,cassianokamilly@example.org,Gonçalves de Albuquerque,TO,Beleza,Consequatur,Nike,4,2064.8,3194.1,0,100.1,app,Pix,2,Recusado,Correios,Atrasado
2340,PED-75732,2025-08-31,2024-02-21,321,Dr. Dante Nascimento,mirellamontenegro@example.net,Montenegro,PI,Beleza,Delectus,LG,4,3097.83,1182.77,0,29.1,SITE,Débito,12,Pendente,Correios,Atrasado
2341,PED-31965,2025-06-29,2025-05-15,430,Srta. Bruna Casa Grande,gustavo24@example.org,Machado,DF,eletronicos,Aliquid,Samsung,2,3042.74,3309.03,20,52.38,App,Débito,12,Pendente,Total Express,Em trânsito
2342,PED-81452,2025-05-10,2025-08-30,798,Mariane Vargas,drocha@example.net,da Cruz,AL,eletronicos,Expedita,Nike,5,2473.36,2733.4,0,56.54,app,Boleto,6,Pendente,Correios,Atrasado
2343,PED-41876,2024-05-26,2024-04-15,307,Luiz Fernando Sampaio,nicole12@example.com,Pimenta,RJ,Eletrônicos,Rem,Adidas,4,1598.48,831.41,0,52.52,Site,Crédito,2,aprovado,Total Express,Atrasado
2344,PED-39826,2024-12-07,2024-09-23,455,Raquel Sales,leaomatheus@example.com,da Rocha da Prata,SE,Roupas,Praesentium,Genérica,3,2855.77,2652.65,30,84.51,Aplicativo,Débito,1,Pendente,Correios,Entregue
2345,PED-95245,2024-03-05,2025-06-11,265,Sarah Aragão,matteonovaes@example.com,Araújo,CE,Casa,Laborum,Nike,1,242.97,1190.54,0,63.69,app,Boleto,1,Aprovado,Correios,Em trânsito
2346,PED-38917,2025-09-03,2025-08-26,260,Cauã Monteiro,da-cruzpedro-lucas@example.com,Ramos,GO,eletronicos,Omnis,Adidas,3,2864.56,2844.87,0,37.46,SITE,Pix,1,aprovado,Jadlog,Em trânsito
2347,PED-54269,2024-03-06,2025-02-15,595,João Gabriel Aparecida,luiz-gustavosa@example.net,Melo,AM,Casa,Libero,Adidas,5,2556.24,2466.23,0,117.73,Aplicativo,Boleto,6,Aprovado,Jadlog,Entregue
2348,PED-23631,2024-04-16,2024-04-09,852,Théo Ribeiro,dcamargo@example.net,Mendes,AP,Casa,Cum,Adidas,5,2995.64,288.57,20,50.56,App,Boleto,12,Pendente,Correios,Atrasado
2349,PED-61245,2024-06-12,2024-06-09,704,Dr. Miguel Vasconcelos,antonio64@example.org,Cunha Paulista,MA,Casa,Distinctio,Adidas,1,1074.72,3380.45,20,80.54,App,Boleto,2,aprovado,Correios,Entregue
2350,PED-33372,2024-05-10,2025-09-26,145,Mirella Nunes,rnunes@example.net,Pires da Prata,RS,eletronicos,Mollitia,LG,5,2127.89,1265.26,10,110.16,Aplicativo,Crédito,1,Pendente,Correios,Entregue
2351,PED-98786,2025-01-19,2025-04-18,537,Maria Luísa das Neves,ana-luiza98@example.org,Caldeira do Norte,PR,Roupas,Rem,Adidas,5,2387.34,1012.71,0,50.61,Site,Boleto,2,Aprovado,Total Express,Atrasado
2352,PED-87940,2025-08-23,2024-06-18,662,Théo Fernandes,melina53@example.org,Mendes das Pedras,PI,eletronicos,Modi,Samsung,1,494.27,2528.52,0,103.13,SITE,Crédito,6,Aprovado,Correios,Atrasado
2353,PED-76132,2024-05-17,2024-03-11,1022,Sr. Davi Miguel Rezende,scavalcanti@example.org,Abreu de Goiás,AC,Eletrônicos,Repellendus,Nike,2,1927.84,904.74,10,65.97,Site,Pix,3,Aprovado,Correios,Atrasado
2354,PED-98297,2024-12-11,2024-04-23,35,Pedro Siqueira,dcirino@example.com,Duarte do Sul,GO,Eletrônicos,Ex,LG,2,763.14,1016.7,0,39.13,Aplicativo,Crédito,1,Pendente,Jadlog,Entregue
2355,PED-77042,2024-05-16,2025-10-10,944,Ana Júlia Ramos,ana-liz66@example.net,Sales da Prata,MA,Eletrônicos,Quia,LG,4,1312.06,1538.65,20,44.17,app,Pix,1,Pendente,Jadlog,Atrasado
2356,PED-54991,2025-05-27,2025-07-27,1168,Ana Luiza Castro,eloagomes@example.com,Oliveira Grande,SC,Roupas,Minima,LG,1,3124.06,1168.52,30,28.8,Aplicativo,Débito,3,Aprovado,Jadlog,Entregue
2357,PED-49369,2025-11-27,2024-07-11,1053,Maitê Santos,ana-ceciliaduarte@example.net,Santos das Flores,AL,Roupas,Veniam,LG,1,1979.07,2203.72,0,82.76,SITE,Pix,1,Aprovado,Jadlog,Atrasado
2358,PED-79414,2025-08-19,2025-02-19,1026,Ana Cecília Vasconcelos,rcaldeira@example.com,Fernandes,SC,eletronicos,Eligendi,Samsung,4,2292.88,382.17,0,73.23,SITE,Crédito,1,Recusado,Jadlog,Em trânsito
2359,PED-48777,2024-09-07,2024-09-29,655,Francisco Pires,rhavida-cunha@example.org,da Paz,PB,eletronicos,Quae,Samsung,2,189.24,2833.57,0,56.83,Aplicativo,Pix,2,aprovado,Correios,Atrasado
2360,PED-81686,2025-10-16,2024-07-29,290,Daniel Albuquerque,tandrade@example.com,Silveira Paulista,PI,Roupas,Ad,Samsung,2,2887.74,1300.2,0,20.68,Site,Débito,6,Recusado,Jadlog,Entregue
2361,PED-32658,2025-08-20,2025-04-10,1194,Sara Rios,agathasa@example.org,Araújo,RS,eletronicos,Commodi,Nike,2,1048.99,2932.46,0,69.1,Site,Débito,12,Aprovado,Total Express,Entregue
2362,PED-57408,2024-07-25,2025-09-26,338,Antonella Freitas,bento04@example.net,Dias Verde,SP,Roupas,Atque,Nike,5,1143.6,2010.23,30,3.23,Aplicativo,Pix,1,aprovado,Total Express,Entregue
2363,PED-30167,2025-03-28,2024-04-06,666,Pedro Lucas Santos,marianamonteiro@example.net,Cavalcante,ES,Roupas,Enim,Nike,1,347.89,3155.15,0,114.58,Site,Débito,12,Recusado,Total Express,Atrasado
2364,PED-40569,2024-09-07,2025-02-17,537,Gabriela das Neves,yoliveira@example.org,Costela dos Dourados,PB,Beleza,Distinctio,Genérica,3,1681.82,747.34,20,92.06,app,Boleto,6,aprovado,Jadlog,Em trânsito
2365,PED-81678,2024-03-12,2024-06-18,852,Eloah Moura,costasabrina@example.net,Cardoso,PR,Eletrônicos,Occaecati,Apple,4,875.3,2876.88,0,92.16,SITE,Crédito,12,aprovado,Total Express,Entregue
2366,PED-36714,2025-05-02,2024-09-08,1030,Ravi Gomes,maria77@example.net,Cunha Verde,MS,Eletrônicos,Magnam,Apple,1,368.32,2092.62,0,67.26,SITE,Crédito,3,Aprovado,Total Express,Em trânsito
2367,PED-98791,2025-12-02,2024-03-26,845,João Guilherme Garcia,luiz-otavio81@example.org,da Paz,SE,Roupas,Eligendi,LG,2,699.48,2894.53,0,81.13,app,Crédito,3,aprovado,Correios,Atrasado
2368,PED-38437,2025-02-05,2024-07-16,394,João Vitor Duarte,luccaoliveira@example.net,Dias,CE,Roupas,Minus,Nike,5,2558.36,2451.86,0,53.07,SITE,Débito,12,Pendente,Total Express,Em trânsito
2369,PED-74101,2024-03-19,2025-11-22,111,Srta. Gabrielly Rios,mdas-neves@example.org,Nunes das Pedras,PI,Roupas,Esse,Genérica,1,3193.93,343.51,30,26.12,app,Crédito,3,Aprovado,Total Express,Em trânsito
2370,PED-48084,2025-09-27,2025-11-15,74,Sofia Nogueira,wdias@example.net,Duarte,DF,Roupas,Officia,Samsung,1,875.16,760.51,0,2.75,SITE,Pix,12,Recusado,Total Express,Em trânsito
2371,PED-66342,2024-08-13,2025-10-29,57,Gael Henrique Farias,julia06@example.net,da Rocha,RN,Casa,Quae,Samsung,3,3135.56,1687.88,10,41.39,Aplicativo,Boleto,1,aprovado,Jadlog,Atrasado
2372,PED-95592,2026-01-02,2025-04-23,941,Liz Pimenta,bento84@example.net,Santos da Serra,ES,eletronicos,Alias,Apple,1,2898.01,2657.86,0,14.12,Site,Débito,6,Pendente,Total Express,Atrasado
2373,PED-20070,2026-01-06,2024-03-03,191,Sr. Rael Macedo,ofogaca@example.com,Caldeira das Pedras,AP,Eletrônicos,Voluptatibus,LG,4,3419.11,3400.1,0,91.16,app,Boleto,12,aprovado,Correios,Em trânsito
2374,PED-62289,2024-09-20,2024-05-26,946,Dra. Maria Júlia Novais,orios@example.org,Aragão,ES,Eletrônicos,Quos,Samsung,3,2098.64,1019.23,20,103.52,Aplicativo,Boleto,6,aprovado,Total Express,Entregue
2375,PED-42482,2025-06-02,2024-07-30,447,Lorena Oliveira,ana-beatrizrezende@example.com,Silveira,AP,Casa,Libero,Samsung,1,1751.38,2610.55,0,62.75,Site,Crédito,3,Pendente,Correios,Em trânsito
2376,PED-95978,2025-08-26,2024-06-19,100,Maria Luiza Gonçalves,da-cruzantony@example.org,Pereira da Serra,PR,Beleza,Sit,Nike,2,911.28,795.9,0,101.33,Aplicativo,Pix,3,Pendente,Jadlog,Em trânsito
2377,PED-81003,2024-09-17,2024-10-29,1078,Sarah Vieira,joao-guilherme98@example.com,da Rocha,PB,Beleza,Doloremque,Apple,5,3069.69,640.29,10,40.21,Site,Boleto,1,aprovado,Total Express,Em trânsito
2378,PED-81006,2025-09-09,2024-08-23,290,Luana Lima,vitoria07@example.com,Silveira do Norte,ES,Roupas,Nisi,Adidas,3,2612.3,1278.44,0,25.39,Site,Boleto,12,Aprovado,Correios,Em trânsito
2379,PED-78076,2025-10-11,2024-12-14,339,Srta. Sabrina Cavalcante,nduarte@example.org,Araújo,TO,eletronicos,Quibusdam,Nike,4,1922.18,3185.62,20,85.25,SITE,Boleto,3,aprovado,Correios,Entregue
2380,PED-79715,2025-03-24,2025-08-20,35,Bárbara Silveira,xmarques@example.com,Pacheco,RO,Eletrônicos,Consectetur,LG,2,1468.62,1564.47,20,37.34,Aplicativo,Pix,3,Pendente,Total Express,Em trânsito
2381,PED-44832,2024-09-27,2025-11-08,202,Eloah Barbosa,gustavo-henriquegomes@example.org,Gonçalves Verde,DF,Casa,Exercitationem,Apple,4,2695.2,499.43,10,27.36,Aplicativo,Pix,1,aprovado,Total Express,Em trânsito
2382,PED-73017,2024-04-23,2024-09-02,819,Ísis Novaes,gustavo-henrique56@example.org,Peixoto,PR,Eletrônicos,Quo,Samsung,3,1286.31,1091.59,20,12.41,App,Pix,12,Aprovado,Jadlog,Em trânsito
2383,PED-33365,2024-07-07,2025-12-18,1115,Calebe Cavalcanti,thiagosouza@example.net,Duarte Alegre,AP,Eletrônicos,Odio,Genérica,3,2504.12,2475.51,0,8.72,app,Boleto,1,Aprovado,Jadlog,Em trânsito
2384,PED-14069,2024-09-06,2024-06-25,407,Maria Helena Mendonça,yramos@example.org,da Rocha de Campos,AP,Casa,Hic,Samsung,1,1831.57,624.03,30,89.8,App,Pix,1,Recusado,Jadlog,Em trânsito
2385,PED-43843,2024-10-21,2024-07-20,360,Vitor Gabriel Cavalcanti,mateusmendes@example.net,Garcia,GO,Casa,Aut,Adidas,2,1360.22,2648.06,0,59.98,Site,Pix,12,Aprovado,Correios,Em trânsito
2386,PED-98690,2024-09-24,2025-12-24,559,Mathias Costa,novaesbenicio@example.org,Leão da Serra,MA,Roupas,Delectus,LG,3,2974.22,1271.89,10,94.55,Site,Crédito,1,Aprovado,Correios,Entregue
2387,PED-88770,2024-07-02,2025-10-14,848,Caio Monteiro,britoluisa@example.org,Vasconcelos,PE,eletronicos,Laborum,Apple,4,2725.26,3349.79,20,45.17,app,Boleto,1,aprovado,Total Express,Entregue
2388,PED-95410,2024-12-09,2025-09-28,912,Leonardo Viana,scaldeira@example.org,Fonseca,GO,eletronicos,Quaerat,Nike,5,849.55,1318.39,0,113.08,App,Boleto,1,aprovado,Jadlog,Entregue
2389,PED-89240,2024-02-24,2025-12-21,1175,Maria Julia Silva,xdas-neves@example.net,Correia,DF,Eletrônicos,Doloremque,Nike,3,164.35,441.58,0,49.42,App,Crédito,1,Recusado,Total Express,Atrasado
2390,PED-43014,2025-08-06,2024-08-17,1151,Aurora Cavalcante,clarice99@example.com,Pimenta,AL,Roupas,Perspiciatis,Apple,4,2854.68,167.05,30,50.4,Aplicativo,Pix,6,Recusado,Total Express,Entregue
2391,PED-49961,2025-04-22,2024-02-10,372,Eloá Barros,da-rochaana-livia@example.org,Cavalcanti do Galho,MA,Beleza,Quae,LG,3,1033.54,2633.52,10,69.13,App,Débito,12,Aprovado,Total Express,Atrasado
2392,PED-72387,2024-05-14,2024-09-16,725,João Miguel Peixoto,luiz-fernando49@example.com,Caldeira de Minas,RO,Casa,Nulla,Apple,4,1232.64,1776.69,0,13.47,Site,Boleto,1,Recusado,Jadlog,Em trânsito
2393,PED-86016,2024-04-21,2025-03-05,583,Srta. Raquel Freitas,maria-alice25@example.org,Andrade,PB,Roupas,Repellat,Adidas,2,858.11,2375.84,10,85.39,app,Débito,12,aprovado,Jadlog,Em trânsito
2394,PED-77421,2025-05-06,2024-05-01,997,Fernanda Pires,kabreu@example.net,Cardoso Grande,PB,Eletrônicos,Dicta,Genérica,1,232.92,1585.1,10,66.74,Site,Débito,6,Recusado,Total Express,Atrasado
2395,PED-54281,2025-10-26,2025-05-21,919,Sra. Luana da Cruz,knogueira@example.org,Pereira,AL,Casa,Minima,Samsung,2,191.29,983.51,20,36.21,App,Crédito,6,Recusado,Correios,Atrasado
2396,PED-93505,2025-12-03,2025-01-25,503,Maria Liz Sampaio,nmontenegro@example.org,Novaes,RN,Roupas,Dolorum,Genérica,3,2719.85,2765.76,20,24.24,SITE,Boleto,1,Pendente,Total Express,Em trânsito
2397,PED-63134,2024-10-12,2024-06-23,1008,Dr. Bento Viana,portoisaque@example.com,Souza do Sul,SC,Beleza,Occaecati,Adidas,1,2325.43,216.56,0,49.75,App,Boleto,1,Pendente,Total Express,Em trânsito
2398,PED-22564,2024-09-19,2024-11-07,170,Alexandre Sampaio,ribeiromaria-laura@example.org,da Luz,TO,Roupas,Repudiandae,Adidas,5,498.14,2564.22,0,100.3,Aplicativo,Crédito,6,Recusado,Correios,Atrasado
2399,PED-10265,2025-07-29,2024-08-03,999,Dra. Beatriz Viana,emanuellypinto@example.com,Moreira,SP,Beleza,Tenetur,Samsung,1,3461.52,461.45,0,111.96,App,Pix,2,Aprovado,Correios,Atrasado
2400,PED-76170,2025-05-29,2024-06-27,494,Alícia das Neves,hda-conceicao@example.org,Almeida,RJ,Eletrônicos,Odio,Adidas,4,1303.18,1096.84,30,92.09,Aplicativo,Débito,6,Recusado,Total Express,Entregue
2401,PED-41611,2024-07-06,2024-04-20,1018,Raquel Oliveira,silvafelipe@example.com,Novaes de Rocha,PI,Casa,Quos,LG,5,2377.68,3400.94,10,55.02,Site,Boleto,3,Aprovado,Total Express,Entregue
2402,PED-54647,2024-11-07,2025-08-11,497,Evelyn Cavalcante,luigisantos@example.com,Mendonça do Campo,MT,eletronicos,Sit,LG,1,591.04,2640.83,30,92.51,Site,Débito,12,aprovado,Jadlog,Em trânsito
2403,PED-84940,2025-04-12,2024-03-25,1200,Igor Marques,vjesus@example.org,Farias,RN,Eletrônicos,Sit,Adidas,4,2347.16,1471.17,0,17.81,Aplicativo,Pix,6,aprovado,Total Express,Entregue
2404,PED-84854,2025-03-19,2024-02-27,740,Dr. Vitor Hugo Rocha,sampaiopietro@example.net,Vasconcelos,DF,Casa,Ducimus,Samsung,4,1110.66,2665.03,30,63.55,Site,Crédito,12,Aprovado,Correios,Atrasado
2405,PED-71916,2024-10-11,2025-11-06,20,Raquel Mendes,nicolaslopes@example.com,Machado,PB,Beleza,Perferendis,Samsung,4,210.92,898.59,20,93.21,app,Boleto,6,Pendente,Total Express,Entregue
2406,PED-31524,2025-02-25,2025-11-15,75,Daniela Camargo,maria55@example.com,Pastor,RR,Casa,Illum,Genérica,1,2018.7,3118.09,20,28.15,app,Pix,3,aprovado,Total Express,Atrasado
2407,PED-67041,2025-04-28,2026-01-06,1008,Anna Liz Abreu,moreiraheloisa@example.com,Oliveira de Lima,CE,Roupas,Eligendi,Adidas,4,3035.05,3271.85,0,73.88,App,Crédito,12,Pendente,Jadlog,Atrasado
2408,PED-45261,2025-11-06,2024-04-29,697,Luísa Cardoso,eduardoporto@example.com,da Luz,GO,Casa,Atque,LG,4,509.65,1674.57,0,81.24,Site,Débito,3,Aprovado,Jadlog,Atrasado
2409,PED-45579,2024-10-24,2025-07-15,1021,Sr. Asafe Andrade,joao-felipecavalcante@example.org,da Cunha do Galho,PA,Casa,Quod,Adidas,3,62.05,3222.06,0,23.26,App,Débito,12,aprovado,Correios,Entregue
2410,PED-67339,2024-04-16,2025-07-29,368,Beatriz Sampaio,psa@example.org,Freitas,MA,Casa,Incidunt,Adidas,2,251.3,481.28,30,46.67,App,Pix,1,Recusado,Jadlog,Entregue
2411,PED-41656,2025-10-22,2026-01-07,21,Dra. Lívia Rezende,maria-clara07@example.com,Lima dos Dourados,RJ,Beleza,Quae,Genérica,1,3496.88,1641.99,0,93.07,Site,Boleto,1,Recusado,Correios,Em trânsito
2412,PED-77494,2024-02-15,2024-10-20,703,Olívia Fonseca,cassianoluara@example.net,da Mata,ES,eletronicos,Tenetur,Genérica,2,987.58,1429.01,10,44.17,SITE,Pix,6,aprovado,Jadlog,Atrasado
2413,PED-85334,2025-04-18,2024-03-21,51,Ana Vitória Teixeira,pintoana-laura@example.com,Leão,SC,Eletrônicos,Corrupti,Genérica,3,2949.94,3085.11,10,86.8,Aplicativo,Débito,1,aprovado,Jadlog,Em trânsito
2414,PED-40218,2025-11-25,2025-12-22,445,Cecilia Gomes,tcosta@example.net,Farias,AP,Roupas,Placeat,Apple,2,1888.13,1274.59,10,19.12,app,Débito,2,aprovado,Correios,Em trânsito
2415,PED-98364,2025-08-01,2024-10-07,362,Murilo Pinto,razevedo@example.com,Caldeira,PR,eletronicos,Quisquam,LG,5,767.25,171.94,0,86.1,Site,Crédito,3,Recusado,Correios,Atrasado
2416,PED-37212,2024-09-13,2024-05-25,515,Hadassa Azevedo,maria-luisa85@example.org,Siqueira,SE,Eletrônicos,Omnis,Apple,4,88.43,731.42,0,106.43,SITE,Crédito,6,aprovado,Total Express,Em trânsito
2417,PED-58121,2025-10-25,2025-02-25,817,Vicente Albuquerque,luiz-henrique90@example.net,Araújo do Campo,RN,Eletrônicos,Animi,Apple,3,2277.56,3123.44,30,110.63,App,Boleto,1,Pendente,Correios,Atrasado
2418,PED-78650,2024-10-11,2025-02-22,762,Liz Novaes,salesemanuel@example.com,Sampaio dos Dourados,SE,Eletrônicos,Distinctio,Nike,4,2021.22,1380.47,0,107.24,Aplicativo,Pix,1,Recusado,Jadlog,Em trânsito
2419,PED-28884,2025-07-24,2024-08-20,197,Olivia Cavalcante,gsouza@example.net,Camargo de Minas,PA,Roupas,Vitae,Nike,5,2780.85,1649.31,30,18.88,App,Crédito,1,aprovado,Total Express,Entregue
2420,PED-92475,2025-12-14,2024-02-15,923,Ana Laura Sampaio,rodriguesgustavo-henrique@example.net,Pires,BA,eletronicos,Facere,Genérica,5,1528.93,1876.15,20,24.5,SITE,Débito,6,Aprovado,Correios,Atrasado
2421,PED-69875,2026-02-01,2025-12-06,960,Maria Eduarda da Rosa,oliveirajoao@example.org,Pimenta de Minas,TO,Beleza,Veritatis,Apple,2,327.04,1334.42,0,19.8,app,Pix,12,Pendente,Jadlog,Em trânsito
2422,PED-20577,2024-05-20,2024-02-10,62,Laís Montenegro,matheus12@example.com,Sales,MA,eletronicos,Dolores,LG,1,1416.62,1548.69,30,77.92,Aplicativo,Crédito,2,Pendente,Correios,Em trânsito
2423,PED-74777,2024-02-04,2025-04-05,856,André Pinto,barrosjoao-miguel@example.com,Aparecida Verde,SC,Casa,Praesentium,Samsung,3,2909.49,2040.67,20,51.43,SITE,Pix,6,Aprovado,Total Express,Entregue
2424,PED-40292,2024-05-05,2025-09-28,1081,Luiz Gustavo Sales,hsiqueira@example.org,Moreira de da Rosa,RO,Roupas,Amet,Apple,3,555.9,1670.47,0,18.32,App,Pix,3,Pendente,Correios,Atrasado
2425,PED-67903,2024-08-11,2025-01-23,605,Cauê Siqueira,cauenogueira@example.net,Gomes do Amparo,GO,eletronicos,Asperiores,Adidas,4,836.09,2132.83,20,40.42,app,Pix,1,aprovado,Total Express,Atrasado
2426,PED-55595,2024-12-12,2024-05-14,657,Stephany Montenegro,antonella08@example.com,Dias,PB,Roupas,Deleniti,Nike,3,1552.41,2335.7,0,23.81,Aplicativo,Crédito,3,Pendente,Correios,Entregue
2427,PED-17022,2024-07-04,2026-01-27,307,Sr. Alexandre Lopes,isaque74@example.com,Borges da Praia,SP,Eletrônicos,Aliquid,Samsung,2,2590.24,3309.93,0,45.62,Aplicativo,Débito,6,aprovado,Jadlog,Atrasado
2428,PED-61186,2024-02-13,2025-06-29,945,Sra. Sophie Caldeira,qcarvalho@example.org,Sampaio Verde,MG,eletronicos,Vitae,Genérica,2,636.54,2567.51,0,110.17,Aplicativo,Pix,3,aprovado,Total Express,Entregue
2429,PED-65847,2025-01-03,2024-10-13,802,Vinícius Rocha,da-costavalentina@example.org,Sampaio,AC,Eletrônicos,Vitae,Samsung,5,477.26,2131.07,0,65.85,Aplicativo,Boleto,6,Aprovado,Total Express,Em trânsito
2430,PED-37246,2025-08-19,2025-01-17,316,Bruno Fernandes,davi81@example.net,Ribeiro da Praia,PA,Casa,Deleniti,LG,3,3237.71,1593.1,20,106.39,SITE,Boleto,3,Recusado,Total Express,Em trânsito
2431,PED-92588,2025-07-31,2025-09-19,573,Laís Garcia,vasconcelosmaria-laura@example.net,da Rocha,AM,Eletrônicos,Assumenda,Nike,4,2792.61,2764.78,20,80.51,app,Débito,2,Aprovado,Jadlog,Em trânsito
2432,PED-96105,2025-05-02,2024-04-07,750,Camila Martins,anna-liz84@example.com,Fernandes,PR,Beleza,Ab,Samsung,1,1035.2,2641.73,0,85.89,Aplicativo,Boleto,3,Recusado,Jadlog,Em trânsito
2433,PED-37971,2024-06-06,2024-05-24,479,Dom Peixoto,franciscoborges@example.net,Sá,RR,Beleza,Eius,Nike,5,3093.53,2617.49,30,39.07,app,Crédito,6,Recusado,Jadlog,Em trânsito
2434,PED-55189,2025-07-09,2025-11-17,180,Eduarda Gomes,fernandesbella@example.org,Casa Grande de Minas,DF,Beleza,Dolore,Apple,4,1921.01,3134.06,30,53.92,Site,Débito,2,Recusado,Correios,Em trânsito
2435,PED-56499,2024-02-10,2024-05-26,89,Heloísa da Mota,esteraragao@example.net,Monteiro,SE,Beleza,Dolores,Nike,5,1150.24,789.41,0,47.41,App,Crédito,1,aprovado,Correios,Atrasado
2436,PED-84796,2024-11-16,2024-10-14,799,Gabriel da Costa,carvalhovitoria@example.com,da Mata Alegre,AL,Roupas,Ipsam,Nike,5,3335.44,620.63,0,35.78,SITE,Pix,1,Pendente,Total Express,Em trânsito
2437,PED-33174,2025-04-30,2026-01-11,230,Ana Cecília Ramos,ana-laurafernandes@example.net,Teixeira,PE,eletronicos,Distinctio,Samsung,3,1391.62,2887.78,20,54.22,Site,Crédito,1,Recusado,Jadlog,Em trânsito
2438,PED-91513,2025-07-29,2025-07-15,596,Ana Liz Alves,luaracunha@example.com,Silva,RS,Casa,Itaque,Nike,1,3171.25,2076.55,0,25.43,Aplicativo,Pix,2,Recusado,Jadlog,Em trânsito
2439,PED-86393,2024-08-11,2024-04-24,251,Sra. Maria Sophia Costa,raraujo@example.org,Vargas de Andrade,SP,Eletrônicos,Accusamus,Nike,1,692.61,449.48,0,5.31,SITE,Boleto,6,Recusado,Jadlog,Atrasado
2440,PED-63578,2024-04-06,2025-08-03,1030,Bryan Cunha,aazevedo@example.com,da Mota,PR,Eletrônicos,Tempora,Genérica,5,3165.15,203.23,0,14.71,app,Débito,1,aprovado,Jadlog,Entregue
2441,PED-81278,2024-11-07,2024-02-07,852,Anthony da Rocha,cpimenta@example.com,da Luz,MG,Casa,Asperiores,Samsung,1,2861.48,1828.91,0,89.9,Site,Débito,3,Recusado,Jadlog,Entregue
2442,PED-77981,2024-10-29,2025-04-29,24,Isis Dias,wda-mota@example.org,Pastor,RS,Eletrônicos,Quam,Samsung,1,686.04,1065.35,0,102.74,Site,Crédito,1,Aprovado,Jadlog,Atrasado
2443,PED-95730,2024-08-20,2024-03-22,186,Marcela Barros,monteirobianca@example.net,Montenegro,AM,Beleza,Quidem,LG,5,2010.31,2045.47,0,109.6,App,Crédito,1,Recusado,Correios,Atrasado
2444,PED-22437,2025-08-14,2025-08-06,456,Hellena Montenegro,camilacunha@example.com,Macedo,PR,Beleza,Impedit,Nike,5,1561.18,1780.75,30,59.09,Aplicativo,Crédito,3,Aprovado,Total Express,Em trânsito
2445,PED-89995,2024-03-07,2025-04-02,303,Heloisa Rocha,helena56@example.com,Ribeiro,AL,Beleza,Porro,Apple,2,2641.69,3319.65,20,108.86,App,Crédito,2,Aprovado,Total Express,Em trânsito
2446,PED-20974,2025-01-07,2025-12-19,315,João Miguel da Conceição,nmarques@example.net,da Costa,SP,Beleza,Dicta,Apple,2,2854.09,306.08,0,33.53,App,Débito,1,Aprovado,Total Express,Em trânsito
2447,PED-15419,2024-12-17,2025-02-13,107,Luiz Henrique Barbosa,tcostela@example.com,Barros dos Dourados,SE,eletronicos,Pariatur,Nike,1,3277.94,1675.59,0,62.66,App,Boleto,1,Pendente,Jadlog,Atrasado
2448,PED-10905,2024-12-10,2026-01-07,796,Samuel da Cunha,ycastro@example.com,Nunes Paulista,AL,Casa,Necessitatibus,Samsung,1,2432.25,3142.22,0,108.61,SITE,Crédito,6,aprovado,Correios,Em trânsito
2449,PED-87582,2025-08-26,2024-04-17,759,João Vitor Fogaça,bfreitas@example.org,da Mata,DF,Eletrônicos,Numquam,Nike,3,1741.83,371.89,0,14.15,Aplicativo,Crédito,12,Aprovado,Total Express,Entregue
2450,PED-25917,2024-05-02,2024-02-25,270,Ian Souza,gsantos@example.com,Caldeira do Campo,SP,eletronicos,Ipsum,Genérica,5,2960.96,3245.27,0,7.11,App,Pix,3,Pendente,Total Express,Atrasado
2451,PED-27780,2024-08-01,2025-07-20,122,Maria Vitória Siqueira,joao-felipepeixoto@example.com,Almeida,PA,Casa,Consectetur,Apple,2,446.83,1031.49,30,40.9,Aplicativo,Crédito,12,Aprovado,Total Express,Atrasado
2452,PED-60712,2024-08-28,2025-06-03,221,Yan Fonseca,novaesraul@example.net,Cavalcante,SP,Beleza,Impedit,Nike,5,216.99,1044.32,0,41.25,Site,Crédito,1,Aprovado,Correios,Em trânsito
2453,PED-10771,2024-11-01,2025-06-20,1063,Maria Cecília da Cruz,lda-costa@example.org,Nascimento,MS,Eletrônicos,Dolorem,Nike,3,2727.11,3297.92,20,92.24,App,Pix,6,Pendente,Correios,Atrasado
2454,PED-19879,2024-02-12,2025-01-20,1024,Sarah Machado,clara63@example.net,Vasconcelos,SE,Eletrônicos,Adipisci,LG,1,2825.33,1953.75,0,32.78,app,Pix,1,Recusado,Total Express,Em trânsito
2455,PED-13910,2024-08-14,2024-06-20,828,Maria Cecília Duarte,maria83@example.net,Alves,MS,Eletrônicos,Ex,Adidas,3,2908.79,3195.44,0,49.68,SITE,Boleto,1,Recusado,Jadlog,Em trânsito
2456,PED-87872,2025-10-23,2024-12-22,1142,Ravi Lucca Mendonça,da-luzmelissa@example.net,Campos do Galho,AM,eletronicos,Amet,Genérica,5,2249.99,3205.21,0,68.58,Site,Boleto,1,aprovado,Total Express,Em trânsito
2457,PED-20246,2024-08-22,2024-07-24,625,Danilo da Conceição,silveiramaria-eduarda@example.org,Cassiano,GO,eletronicos,Optio,Genérica,5,2319.84,1051.73,0,54.52,Aplicativo,Boleto,1,Recusado,Correios,Atrasado
2458,PED-92195,2025-07-10,2025-02-10,1093,Lívia Duarte,maria-luizagoncalves@example.org,Cassiano Alegre,AC,Roupas,Sed,Nike,4,2646.99,2136.63,20,96.77,SITE,Crédito,1,Pendente,Jadlog,Em trânsito
2459,PED-28216,2025-05-08,2025-01-22,1075,Davi Luiz Dias,sophiemarques@example.net,Ribeiro,MT,Casa,Dolor,Samsung,4,3462.84,2369.42,10,106.82,App,Crédito,1,Pendente,Correios,Atrasado
2460,PED-68456,2024-06-25,2025-12-28,795,Olivia Borges,prios@example.org,Fogaça dos Dourados,PE,Eletrônicos,Dolore,Samsung,4,1384.96,2702.11,20,47.88,Site,Débito,1,aprovado,Jadlog,Em trânsito
2461,PED-81878,2024-05-19,2024-05-04,846,Olívia Barbosa,luccaaparecida@example.org,Farias,AL,Casa,Vero,Genérica,1,481.03,1325.04,0,100.7,Aplicativo,Pix,1,aprovado,Correios,Em trânsito
2462,PED-75174,2025-02-26,2025-04-16,271,Marcelo Santos,joao-felipeda-luz@example.org,da Paz,SE,eletronicos,Enim,Samsung,2,1161.9,993.63,0,40.82,App,Boleto,12,Aprovado,Correios,Atrasado
2463,PED-52077,2026-01-12,2025-04-15,1071,Dra. Sophia Macedo,pmendes@example.net,Sousa,AP,Beleza,Esse,LG,5,1397.15,265.69,0,12.96,Site,Pix,12,aprovado,Correios,Atrasado
2464,PED-57183,2025-02-19,2025-04-14,467,André Campos,bellaborges@example.com,Abreu,AP,Roupas,Ab,Apple,1,700.04,460.64,0,44.58,Aplicativo,Crédito,1,aprovado,Jadlog,Atrasado
2465,PED-29583,2024-07-08,2025-07-04,497,Bryan Vasconcelos,britovitor-hugo@example.net,Aragão,MT,eletronicos,Est,Apple,1,72.87,343.93,0,110.56,app,Pix,1,aprovado,Total Express,Entregue
2466,PED-46328,2024-12-26,2026-01-30,154,Mateus Albuquerque,vitorda-rocha@example.net,Novaes das Flores,AM,Roupas,Eveniet,Samsung,5,3245.52,1724.9,0,31.83,SITE,Boleto,12,Pendente,Total Express,Atrasado
2467,PED-29808,2025-08-17,2024-05-22,623,Vitor Hugo Mendes,vcostela@example.com,Ferreira Verde,PE,Eletrônicos,Dolorem,Apple,1,3251.5,1523.44,20,17.67,Site,Débito,2,Aprovado,Total Express,Entregue
2468,PED-95608,2025-10-02,2025-04-07,32,Bianca Santos,saheitor@example.com,Cardoso,DF,Eletrônicos,Illum,Genérica,5,1370.89,3022.23,0,116.81,App,Boleto,3,Pendente,Correios,Atrasado
2469,PED-53580,2025-10-04,2024-04-13,741,Luan Sampaio,isabellasouza@example.net,Sousa do Oeste,BA,Beleza,Harum,Nike,4,3404.79,2728.24,0,104.02,Aplicativo,Débito,12,Recusado,Total Express,Atrasado
2470,PED-79885,2024-06-01,2024-04-15,295,Luana da Mota,alvesanna-liz@example.com,Barbosa de Silveira,PB,eletronicos,Aliquam,Genérica,4,2892.68,564.37,0,35.45,SITE,Débito,6,Recusado,Correios,Em trânsito
2471,PED-25303,2025-08-06,2024-02-24,139,Srta. Fernanda Souza,ana-vitoria49@example.org,Borges,PB,Casa,Adipisci,Adidas,5,2662.43,1959.71,0,5.53,SITE,Pix,1,Recusado,Correios,Atrasado
2472,PED-79109,2025-06-04,2024-03-16,383,Dra. Maria Sophia Cassiano,augusto41@example.org,Novais de Dias,RO,Beleza,Labore,Nike,2,74.55,953.89,10,56.74,Aplicativo,Boleto,6,Aprovado,Total Express,Entregue
2473,PED-80822,2025-08-03,2024-09-22,1119,Júlia Mendonça,pedroalmeida@example.net,Campos,PB,Casa,Ipsum,LG,3,2488.35,2905.89,10,9.48,SITE,Crédito,6,Pendente,Jadlog,Entregue
2474,PED-19470,2026-01-28,2024-11-25,441,Raquel Castro,ian60@example.com,Araújo da Praia,RR,Casa,Beatae,Adidas,3,2134.41,404.39,30,16.35,SITE,Crédito,6,Aprovado,Jadlog,Em trânsito
2475,PED-20774,2025-06-25,2025-10-17,527,Evelyn Azevedo,da-luzemanuelly@example.com,Rodrigues,AP,Roupas,Dolor,Apple,1,2242.72,470.15,10,9.79,App,Pix,1,Pendente,Jadlog,Em trânsito
2476,PED-70471,2024-07-07,2024-12-08,639,Evelyn Moreira,maite41@example.org,Aragão,MG,Roupas,Voluptatem,Apple,2,288.49,2795.15,10,11.6,Site,Pix,1,aprovado,Correios,Em trânsito
2477,PED-86104,2024-03-23,2025-12-21,924,Heloisa Jesus,maria-lizlopes@example.com,Almeida de Aparecida,ES,eletronicos,Molestiae,Adidas,4,2954.9,1662.54,0,3.02,Site,Débito,12,Recusado,Correios,Em trânsito
2478,PED-49521,2024-09-08,2025-09-27,1017,Arthur Miguel Fernandes,pedro-lucas52@example.net,Carvalho,MT,Roupas,Labore,Genérica,5,2468.5,2857.34,30,49.6,Site,Crédito,12,Pendente,Total Express,Em trânsito
2479,PED-17036,2025-01-10,2024-02-07,268,Diogo Cirino,fariasmaria-cecilia@example.org,da Mota Paulista,MA,Eletrônicos,Eligendi,LG,5,2088.13,1772.04,0,26.08,Aplicativo,Débito,3,aprovado,Jadlog,Em trânsito
2480,PED-86463,2026-01-07,2026-01-17,93,Dom Costa,francisco48@example.com,Andrade do Norte,RO,eletronicos,Ad,Apple,1,602.61,692.45,20,38.58,app,Crédito,2,Aprovado,Jadlog,Em trânsito
2481,PED-37097,2024-09-14,2025-05-07,241,Dra. Luara Almeida,valentimda-luz@example.org,Peixoto,PI,Roupas,Non,Genérica,5,803.28,1417.38,10,37.16,Aplicativo,Boleto,1,Aprovado,Jadlog,Entregue
2482,PED-38990,2025-10-27,2025-01-14,825,Ravi Lopes,andrecassiano@example.com,Lima,AM,Casa,Eaque,Nike,3,1437.65,62.87,10,45.32,SITE,Débito,12,aprovado,Correios,Entregue
2483,PED-94543,2024-03-30,2024-12-28,1104,Luiz Felipe Pires,novaisana-liz@example.net,Sá Paulista,RN,eletronicos,Suscipit,Samsung,5,2910.03,783.22,20,49.84,app,Débito,2,Recusado,Jadlog,Entregue
2484,PED-65923,2025-09-11,2024-12-20,536,Pietra Melo,lorena42@example.com,Vargas,CE,eletronicos,Dignissimos,Adidas,2,731.59,88.27,0,86.63,App,Boleto,3,aprovado,Total Express,Entregue
2485,PED-62729,2025-01-23,2025-05-08,822,Aylla Rios,jferreira@example.com,Barbosa,RN,Casa,Itaque,Samsung,3,1923.63,3460.45,0,21.8,App,Pix,1,Recusado,Total Express,Atrasado
2486,PED-46322,2024-05-11,2024-12-20,1185,Leandro Leão,peixotohellena@example.net,Abreu,RS,Beleza,Iste,Samsung,1,3384.72,2319.49,10,42.18,SITE,Pix,1,Aprovado,Correios,Em trânsito
2487,PED-40807,2025-11-02,2024-07-27,958,Davi Lucca da Conceição,erick02@example.org,Oliveira,RJ,Beleza,Ea,Genérica,1,1684.75,2490.95,0,67.09,SITE,Boleto,1,Aprovado,Correios,Atrasado
2488,PED-63840,2024-07-16,2025-11-24,693,Amanda Fernandes,rramos@example.net,Porto do Galho,PR,Beleza,Architecto,LG,3,2596.49,2879.92,30,85.17,app,Pix,1,Aprovado,Total Express,Entregue
2489,PED-75488,2024-05-09,2025-09-02,1176,Stephany Sales,larissa19@example.net,Silveira,PE,eletronicos,Ipsum,Samsung,2,2682.57,1464.89,30,47.27,app,Boleto,1,Pendente,Jadlog,Em trânsito
2490,PED-66055,2024-08-13,2024-04-14,1065,Léo Araújo,renan59@example.net,Correia do Norte,AM,Casa,Ea,Nike,4,1313.07,773.12,20,51.02,SITE,Pix,1,Pendente,Jadlog,Atrasado
2491,PED-19564,2024-04-23,2025-11-06,1198,Guilherme Rezende,da-motaravi-lucca@example.org,Cassiano de Goiás,RR,Roupas,Tenetur,Apple,5,131.03,1939.65,20,95.93,SITE,Boleto,12,Pendente,Correios,Entregue
2492,PED-36277,2024-03-21,2024-03-24,27,Asafe da Cruz,bryancamara@example.org,Jesus,RS,Casa,Eveniet,Nike,1,1303.45,145.11,0,9.0,SITE,Crédito,1,Recusado,Total Express,Entregue
2493,PED-50346,2024-02-23,2025-09-13,580,Felipe Marques,lgoncalves@example.com,Silveira de Cassiano,SC,eletronicos,Illo,Genérica,2,1473.81,916.34,20,18.75,Site,Pix,3,Aprovado,Correios,Entregue
2494,PED-78757,2025-12-12,2024-07-28,807,Ísis Cavalcanti,mpimenta@example.com,Sá,RN,Eletrônicos,Ullam,Nike,3,2898.04,2478.92,0,37.42,app,Crédito,1,Pendente,Correios,Atrasado
2495,PED-96701,2024-04-27,2024-02-11,55,Yasmin Aragão,leandro62@example.org,Castro da Praia,RN,Casa,Quod,Nike,5,3288.19,1364.07,30,27.74,Aplicativo,Débito,1,Pendente,Correios,Entregue
2496,PED-33753,2025-12-16,2024-08-30,397,Maria Luísa Jesus,pedro-henriquepereira@example.net,Mendonça de Lima,RR,Casa,Ipsa,Apple,4,1104.16,2377.46,0,43.66,Aplicativo,Boleto,1,Recusado,Jadlog,Atrasado
2497,PED-71469,2025-06-22,2024-11-21,213,Anna Liz Pimenta,maria-fernandarezende@example.com,das Neves de Duarte,MA,Roupas,Sint,LG,4,2182.32,591.5,10,56.03,Site,Crédito,6,Recusado,Jadlog,Atrasado
2498,PED-91078,2025-01-11,2024-10-03,197,Sr. Renan Garcia,benjamin61@example.com,Souza,TO,Casa,Cum,Genérica,4,759.33,2838.89,30,100.4,Aplicativo,Crédito,12,Pendente,Total Express,Em trânsito
2499,PED-63254,2024-07-17,2025-02-24,1042,Marina Nogueira,dfonseca@example.net,Costela do Oeste,MT,Beleza,Consequuntur,Genérica,5,3042.82,2419.0,10,90.52,Site,Pix,6,Pendente,Correios,Em trânsito
2500,PED-75661,2024-03-03,2025-08-19,776,Zoe Nascimento,riosmaria-clara@example.net,Gonçalves da Praia,RS,Casa,Magnam,Adidas,3,2911.01,3323.68,0,119.14,Aplicativo,Pix,1,Pendente,Correios,Entregue
2501,PED-60158,2024-05-20,2024-03-31,412,Diogo Ferreira,jda-mata@example.com,Marques,BA,eletronicos,Sapiente,Nike,4,2946.82,2319.59,0,71.34,App,Pix,3,Pendente,Total Express,Atrasado
2502,PED-60757,2025-06-15,2025-11-01,789,Igor Moraes,dmendes@example.org,da Costa,MA,Beleza,A,LG,5,2233.9,3404.94,30,9.4,App,Débito,1,Pendente,Jadlog,Em trânsito
2503,PED-94905,2024-06-22,2025-01-28,74,Srta. Ana Júlia Leão,zmelo@example.com,Rodrigues,AC,eletronicos,Enim,LG,1,2722.55,882.61,10,20.36,Site,Pix,6,Pendente,Jadlog,Entregue
2504,PED-94106,2025-03-01,2024-03-17,530,Nathan Sousa,thiagosampaio@example.org,Leão das Pedras,AP,Roupas,Vero,Samsung,2,1571.2,2860.86,0,66.48,Site,Boleto,3,Aprovado,Jadlog,Entregue
2505,PED-79742,2025-09-14,2025-05-19,443,Larissa Ramos,ianda-mota@example.org,Borges,MS,eletronicos,Officia,Genérica,5,1332.96,1440.05,0,22.38,app,Crédito,1,Pendente,Total Express,Em trânsito
2506,PED-49707,2025-06-01,2025-08-06,1075,Samuel Porto,macedobernardo@example.org,Porto,BA,Eletrônicos,Fugiat,Genérica,3,2849.41,150.66,0,55.03,Site,Pix,1,Recusado,Correios,Atrasado
2507,PED-60636,2025-10-07,2025-03-08,448,Marcela Mendes,fogacamarcela@example.net,Silveira dos Dourados,PR,eletronicos,Dolorum,Genérica,3,2942.59,1134.08,0,96.26,SITE,Boleto,1,aprovado,Total Express,Em trânsito
2508,PED-92790,2024-06-16,2025-12-02,1191,Allana Borges,calbuquerque@example.com,Rezende de Minas,GO,Casa,Iusto,Apple,2,3123.44,3239.61,10,33.74,Aplicativo,Pix,6,Pendente,Jadlog,Atrasado
2509,PED-14894,2024-02-21,2024-08-06,508,Ayla Aragão,rochaisabella@example.com,Freitas do Campo,AC,eletronicos,Blanditiis,Apple,4,728.15,2754.08,20,56.94,Site,Pix,3,aprovado,Correios,Atrasado
2510,PED-85440,2024-11-02,2024-03-04,581,Murilo Ribeiro,tmacedo@example.com,Fernandes,RJ,Eletrônicos,Rerum,Samsung,1,122.96,2217.58,10,5.39,app,Crédito,6,Recusado,Correios,Em trânsito
2511,PED-49194,2025-08-07,2025-02-05,1061,Maria Clara Costa,ana-luiza11@example.org,Farias do Amparo,SC,Roupas,Corrupti,Adidas,4,1691.43,2236.77,0,62.2,SITE,Crédito,2,Aprovado,Jadlog,Em trânsito
2512,PED-38175,2024-10-25,2026-01-29,659,Lucas Gabriel da Paz,noahpastor@example.org,Guerra,AP,Casa,Quia,Genérica,3,980.09,3315.36,20,70.81,App,Crédito,12,Recusado,Total Express,Atrasado
2513,PED-99949,2024-10-23,2025-06-07,376,Sr. Vicente Albuquerque,hbarbosa@example.com,Oliveira de Goiás,SP,Casa,Reiciendis,Samsung,2,2673.82,150.03,10,103.29,Aplicativo,Pix,2,Pendente,Correios,Em trânsito
2514,PED-21166,2025-09-07,2025-02-22,1110,Dra. Ana Sophia Lima,raul13@example.org,da Conceição,AP,Eletrônicos,Voluptatum,Apple,5,679.05,3096.51,10,110.69,SITE,Crédito,1,aprovado,Jadlog,Em trânsito
2515,PED-43233,2024-10-05,2024-08-17,746,Antonella Rodrigues,tcamara@example.net,Costela,AL,Beleza,Vero,Genérica,5,1847.16,1076.71,30,12.29,SITE,Débito,2,Pendente,Total Express,Em trânsito
2516,PED-11177,2025-05-24,2024-12-13,685,Yuri Oliveira,taraujo@example.org,Castro,AC,Beleza,Aperiam,Samsung,4,2046.79,2666.81,30,96.32,Aplicativo,Pix,1,Aprovado,Jadlog,Em trânsito
2517,PED-15351,2024-06-13,2024-10-06,1016,Cauê Farias,lucca66@example.com,Nascimento de Pereira,ES,Eletrônicos,Suscipit,Nike,5,757.2,1905.55,30,36.17,app,Pix,3,aprovado,Correios,Entregue
2518,PED-43332,2024-02-11,2024-08-11,1060,Camila Silveira,asafe85@example.com,da Mota,RR,Roupas,Cupiditate,Nike,2,1543.37,3037.94,30,34.17,Site,Pix,1,aprovado,Jadlog,Entregue
2519,PED-77380,2024-09-05,2025-09-11,119,Davi Lucca Melo,rsales@example.com,Montenegro da Serra,RO,Beleza,Doloremque,Samsung,2,456.01,1608.32,20,29.38,Aplicativo,Pix,1,Aprovado,Jadlog,Em trânsito
2520,PED-78060,2024-06-12,2024-06-29,667,João Felipe Silveira,rochaenrico@example.net,Cunha,TO,Beleza,Reprehenderit,Adidas,3,3321.17,3478.77,0,66.1,app,Pix,6,aprovado,Correios,Entregue
2521,PED-34404,2024-11-30,2024-04-14,69,Lorenzo Gomes,ryan19@example.net,Abreu,RJ,Casa,Assumenda,Genérica,3,1553.21,2964.36,0,18.54,app,Crédito,1,Recusado,Correios,Entregue
2522,PED-95062,2025-03-20,2025-09-24,78,Anna Liz das Neves,ribeiroyasmin@example.org,Andrade,MT,eletronicos,Vel,Adidas,5,2321.47,1437.61,0,26.27,app,Débito,1,Recusado,Jadlog,Em trânsito
2523,PED-44699,2025-05-23,2024-11-20,7,Theodoro Moura,nrocha@example.org,Gonçalves,PR,eletronicos,Quis,Samsung,4,2110.49,2096.43,0,33.02,Site,Débito,6,Pendente,Correios,Entregue
2524,PED-13375,2025-06-11,2025-07-29,241,Maria Isis Costela,kaiquemoura@example.org,Siqueira,MS,eletronicos,Deleniti,Genérica,5,1282.62,372.29,0,0.53,App,Débito,1,Aprovado,Total Express,Atrasado
2525,PED-28354,2025-06-13,2024-11-18,80,Juan Nunes,isabellacardoso@example.com,Pastor,MA,Casa,Quas,Adidas,2,2836.73,241.36,20,104.94,Site,Débito,1,Recusado,Jadlog,Atrasado
2526,PED-47733,2024-04-05,2025-10-04,919,Bianca Vargas,estermartins@example.net,Sousa,MG,eletronicos,Nulla,Adidas,3,1579.95,2894.71,20,53.65,SITE,Débito,1,Recusado,Total Express,Atrasado
2527,PED-52915,2025-01-22,2024-11-17,485,Gabriel da Rosa,das-nevesstella@example.net,Aragão,SC,Beleza,Deserunt,Samsung,3,3010.17,1898.46,10,17.44,SITE,Débito,2,Recusado,Correios,Atrasado
2528,PED-56535,2025-01-06,2024-03-02,202,Diogo Pacheco,ncastro@example.net,Rios do Oeste,DF,Beleza,Perferendis,LG,2,3054.34,1309.7,10,82.27,app,Crédito,1,Recusado,Total Express,Entregue
2529,PED-41939,2025-02-03,2024-11-10,110,Lara Montenegro,emanuel71@example.net,Freitas,RN,Beleza,Neque,Samsung,5,1510.12,2557.18,20,39.4,App,Pix,6,Pendente,Jadlog,Entregue
2530,PED-98500,2025-02-07,2024-08-15,694,Luiz Fernando Teixeira,ceciliacosta@example.com,Siqueira,SP,Eletrônicos,Iusto,Genérica,3,1818.12,1021.95,30,13.82,App,Crédito,3,aprovado,Total Express,Em trânsito
2531,PED-47762,2025-11-20,2024-03-28,834,Otto da Conceição,thomasbarros@example.net,Leão de Minas,AP,Roupas,Cum,Samsung,2,3215.2,142.33,10,71.48,App,Pix,12,Recusado,Total Express,Atrasado
2532,PED-37568,2025-06-05,2024-12-24,755,Leandro Vieira,gabriel69@example.net,Abreu de Freitas,AL,Roupas,Veniam,Adidas,5,318.42,263.91,30,16.09,SITE,Boleto,2,Recusado,Jadlog,Em trânsito
2533,PED-69247,2024-11-10,2024-05-09,1018,Sofia Fonseca,alicecardoso@example.net,Cavalcante do Norte,PB,Casa,Veniam,LG,3,2031.76,670.72,0,105.53,Site,Débito,1,Pendente,Correios,Em trânsito
2534,PED-86912,2024-04-26,2025-01-25,509,Benjamin Alves,maria-luiza50@example.com,Costela do Galho,CE,Casa,Pariatur,Adidas,4,2174.15,108.74,0,85.28,App,Pix,3,Recusado,Total Express,Em trânsito
2535,PED-84604,2025-12-11,2024-08-23,853,Benjamin Sá,mouraana-sophia@example.com,Freitas,MA,Casa,Omnis,LG,1,1555.5,507.37,30,67.64,Aplicativo,Boleto,1,aprovado,Jadlog,Em trânsito
2536,PED-86824,2024-11-28,2024-03-18,453,Vitor Hugo Camargo,matheusmacedo@example.org,Macedo,RJ,Roupas,Eaque,Samsung,2,2729.01,1536.69,0,74.89,Site,Boleto,1,Aprovado,Correios,Entregue
2537,PED-74332,2024-05-15,2026-01-10,303,Sr. Lucas Fernandes,duartebruno@example.com,da Luz,SP,Casa,Voluptatum,Nike,3,730.84,266.5,0,98.04,Site,Débito,1,Aprovado,Jadlog,Atrasado
2538,PED-16478,2026-01-05,2025-11-27,115,Maria Clara da Mata,anthony57@example.org,Aragão,BA,Roupas,Accusamus,LG,3,1210.55,880.28,0,42.38,app,Pix,12,Recusado,Jadlog,Entregue
2539,PED-26125,2024-04-25,2025-05-04,869,Sophie Monteiro,sazevedo@example.org,das Neves,PR,Beleza,Facilis,Genérica,2,752.2,2790.45,30,58.04,Aplicativo,Boleto,3,Aprovado,Total Express,Atrasado
2540,PED-56677,2025-05-12,2025-06-11,16,Srta. Ana Almeida,pcavalcante@example.net,Rezende,MG,Roupas,Ex,Genérica,5,366.22,1784.46,30,6.1,SITE,Crédito,2,Aprovado,Jadlog,Em trânsito
2541,PED-99193,2025-12-23,2025-11-14,966,Felipe Borges,upires@example.org,Novaes,ES,Beleza,Numquam,LG,2,372.54,2527.78,10,69.97,SITE,Boleto,3,Pendente,Correios,Atrasado
2542,PED-99345,2025-03-10,2024-03-24,497,Breno Mendes,silvanicolas@example.net,Alves,BA,Eletrônicos,Adipisci,Genérica,4,174.36,2036.35,20,118.0,app,Pix,6,Aprovado,Correios,Entregue
2543,PED-58307,2025-02-14,2025-12-19,762,Sr. Guilherme Pimenta,da-cunhamatheus@example.net,Cavalcanti da Serra,AM,Beleza,Atque,Apple,5,320.06,422.69,0,20.79,SITE,Boleto,1,Aprovado,Correios,Atrasado
2544,PED-34885,2024-08-14,2025-05-15,487,Raul Nascimento,kevin47@example.com,Cavalcante,AL,eletronicos,Modi,Adidas,4,888.33,2076.65,0,109.16,SITE,Boleto,3,aprovado,Total Express,Entregue
2545,PED-83347,2025-11-08,2024-08-23,1091,Yuri Teixeira,vitor-gabrielabreu@example.org,Vieira Verde,PR,Beleza,Nihil,Apple,5,1075.18,3336.44,10,62.37,Aplicativo,Boleto,2,Pendente,Correios,Atrasado
2546,PED-45778,2024-07-17,2024-02-17,277,Igor Cunha,agathacampos@example.net,Santos,MA,Eletrônicos,Culpa,Adidas,2,1081.47,2462.79,0,35.27,Aplicativo,Boleto,1,Pendente,Jadlog,Entregue
2547,PED-64136,2024-12-21,2024-09-26,629,Dra. Alana Cirino,novaesarthur@example.org,Moraes,SP,Roupas,Similique,Samsung,3,1647.7,1977.88,30,91.8,Aplicativo,Boleto,2,aprovado,Jadlog,Atrasado
2548,PED-95354,2024-04-12,2024-11-22,671,Rhavi da Conceição,evasconcelos@example.org,Peixoto,TO,Beleza,A,Samsung,5,1686.58,2895.52,0,32.72,app,Débito,1,Pendente,Total Express,Em trânsito
2549,PED-96999,2024-12-23,2025-09-13,181,Eduardo Freitas,eloahmelo@example.com,Santos,GO,Roupas,Consectetur,LG,4,2863.29,799.43,20,73.99,App,Débito,1,Recusado,Jadlog,Em trânsito
2550,PED-62871,2025-09-06,2024-11-07,637,Davi Carvalho,xcarvalho@example.net,Nascimento,RN,eletronicos,Dolorum,Apple,5,1013.06,3298.34,30,45.46,app,Crédito,12,Pendente,Jadlog,Atrasado
2551,PED-60934,2025-12-03,2025-02-07,800,Manuela Rodrigues,yanvargas@example.net,Ribeiro,MA,Casa,Praesentium,Genérica,5,270.37,3145.94,30,118.36,SITE,Débito,3,aprovado,Correios,Atrasado
2552,PED-95187,2026-01-26,2025-10-21,280,Amanda Araújo,catarinamacedo@example.org,Lima,RS,Roupas,Accusantium,Nike,5,1742.73,690.8,0,27.19,SITE,Débito,2,Recusado,Correios,Em trânsito
2553,PED-98537,2025-06-25,2025-03-13,132,Aylla Pires,maria-luizavargas@example.com,Gonçalves da Praia,AM,eletronicos,Iure,Adidas,4,1747.19,1087.77,20,115.64,Aplicativo,Débito,1,Recusado,Jadlog,Em trânsito
2554,PED-86561,2024-09-11,2025-12-10,789,Srta. Clara Cirino,maria-isisnunes@example.com,Rios,BA,Roupas,Aliquam,Genérica,4,2335.94,2298.46,30,109.93,App,Boleto,3,Pendente,Total Express,Atrasado
2555,PED-10279,2024-04-25,2024-06-13,111,Maria Laura da Mata,pedro-miguelferreira@example.net,Rezende,SP,Roupas,Reprehenderit,LG,1,2981.57,504.59,10,76.46,Aplicativo,Boleto,1,Recusado,Total Express,Em trânsito
2556,PED-38158,2024-11-29,2024-07-10,849,Dante Moraes,maria-cecilialeao@example.org,Andrade,RR,eletronicos,Nisi,Apple,4,175.65,1468.25,0,115.46,App,Débito,1,Recusado,Correios,Entregue
2557,PED-18054,2025-11-28,2024-06-10,598,Ana Júlia Dias,mramos@example.net,Correia de Casa Grande,RJ,eletronicos,Nihil,Samsung,5,1537.96,912.71,30,11.97,App,Débito,1,aprovado,Jadlog,Entregue
2558,PED-92781,2024-06-10,2025-05-08,1177,Evelyn da Cunha,mathiaspeixoto@example.net,Dias de Carvalho,PI,Eletrônicos,Tenetur,Adidas,5,1249.23,3306.99,0,96.54,Aplicativo,Pix,6,Aprovado,Correios,Entregue
2559,PED-51497,2024-07-04,2024-09-16,1121,Gustavo Henrique Sales,elopes@example.com,Moura,SP,Roupas,Maxime,Samsung,5,352.19,957.73,0,109.49,SITE,Boleto,2,Pendente,Total Express,Entregue
2560,PED-34401,2025-03-08,2025-06-08,1004,Joaquim Siqueira,dgomes@example.org,Leão de Costa,MA,Beleza,At,Genérica,1,2738.98,494.56,0,65.76,Site,Boleto,1,Aprovado,Total Express,Em trânsito
2561,PED-15664,2024-11-18,2026-01-03,79,Luana da Cunha,snovaes@example.net,Pastor,RS,Roupas,Corrupti,Apple,2,2130.83,1874.17,0,55.1,App,Boleto,1,Aprovado,Jadlog,Entregue
2562,PED-72007,2025-04-23,2025-03-12,39,Cecilia Nogueira,manuellacostela@example.com,Fogaça,BA,eletronicos,Ipsa,LG,5,2190.51,380.1,0,96.21,SITE,Pix,3,aprovado,Correios,Em trânsito
2563,PED-10817,2025-10-21,2024-08-18,992,Valentina Azevedo,thomasvargas@example.org,Macedo,SP,Casa,Eligendi,Genérica,3,476.08,188.51,0,1.3,SITE,Débito,1,Pendente,Total Express,Atrasado
2564,PED-69739,2024-02-25,2024-11-01,589,Luiz Henrique Duarte,nicolascunha@example.net,Fernandes,MG,Roupas,Dicta,Apple,4,430.3,3494.28,0,115.97,SITE,Crédito,1,aprovado,Correios,Atrasado
2565,PED-26549,2024-06-04,2026-01-07,909,Sr. Ravi Lucca da Rosa,novaisjoaquim@example.com,Ramos da Praia,AL,Roupas,Molestias,Apple,1,669.67,1516.2,0,47.78,Site,Débito,1,aprovado,Jadlog,Entregue
2566,PED-64240,2025-11-08,2024-06-09,729,Luísa Dias,gda-paz@example.org,Mendes,MT,Roupas,Sequi,Adidas,1,1493.89,552.13,10,39.1,App,Débito,2,Pendente,Correios,Entregue
2567,PED-98401,2024-08-03,2024-12-15,496,Clarice Souza,ana85@example.net,Sales de da Cunha,RO,Casa,Sed,Genérica,4,2628.49,546.71,30,37.69,Site,Crédito,1,Pendente,Total Express,Em trânsito
2568,PED-15461,2025-04-23,2025-10-06,873,Fernando das Neves,luizapires@example.net,Gomes da Prata,SP,Beleza,Quae,Samsung,3,1645.14,312.25,0,116.58,Site,Crédito,12,Pendente,Jadlog,Atrasado
2569,PED-88489,2025-05-22,2025-12-08,415,Dr. Felipe Caldeira,santosesther@example.com,Oliveira,AM,eletronicos,Quidem,Apple,3,2808.06,697.3,0,91.23,SITE,Crédito,6,Recusado,Jadlog,Atrasado
2570,PED-46946,2026-02-02,2024-02-22,1194,Manuella Garcia,scarvalho@example.org,Costela,PR,Roupas,Aspernatur,Samsung,4,1191.42,2871.06,10,69.8,SITE,Débito,12,Aprovado,Total Express,Atrasado
2571,PED-39779,2025-03-27,2024-11-22,66,Sarah Moreira,moraesana-cecilia@example.com,Carvalho dos Dourados,SE,eletronicos,Corporis,LG,2,1416.01,964.48,30,63.4,App,Pix,6,Aprovado,Total Express,Entregue
2572,PED-28701,2024-08-31,2024-05-02,71,Léo Araújo,talves@example.com,Pacheco,AL,Roupas,Quas,Samsung,1,1164.33,1101.5,20,3.93,App,Crédito,1,aprovado,Correios,Em trânsito
2573,PED-61295,2025-09-26,2025-05-10,748,Ana Clara Andrade,maria-lizda-costa@example.com,Ferreira das Flores,AP,eletronicos,Et,Apple,4,750.64,871.5,0,57.84,App,Pix,1,Pendente,Total Express,Entregue
2574,PED-10379,2024-03-13,2025-09-24,1184,Enrico Pimenta,matteo76@example.org,Freitas,RN,Beleza,Ipsa,LG,1,1449.39,3468.45,0,54.1,Aplicativo,Crédito,6,aprovado,Correios,Em trânsito
2575,PED-11405,2024-08-28,2024-04-01,553,Dra. Lívia Macedo,levi67@example.net,Pacheco,MG,Casa,Deleniti,Samsung,1,2875.26,1226.48,30,104.86,SITE,Débito,12,aprovado,Total Express,Atrasado
2576,PED-71695,2024-05-26,2024-09-11,190,Sr. José Miguel Castro,rda-mota@example.org,Cassiano,RN,Casa,Eius,Genérica,5,1340.69,1875.69,10,45.43,Aplicativo,Pix,1,Recusado,Total Express,Entregue
2577,PED-74694,2025-06-28,2025-05-18,485,Maya Camargo,sofiaferreira@example.org,Azevedo,MA,Beleza,Fugiat,Apple,1,2683.98,288.7,0,82.28,App,Crédito,12,Pendente,Total Express,Atrasado
2578,PED-34799,2025-03-07,2024-04-22,507,Davi Luiz Machado,aragaorodrigo@example.org,Araújo,RJ,Eletrônicos,Recusandae,Nike,5,780.99,3118.31,0,77.23,Site,Pix,6,Recusado,Correios,Em trânsito
2579,PED-55925,2024-11-17,2025-03-10,607,Sr. Emanuel Cavalcante,pintorafaela@example.com,Almeida,ES,Roupas,Modi,Apple,3,2019.72,3263.32,0,56.05,Aplicativo,Boleto,12,Recusado,Correios,Atrasado
2580,PED-44204,2024-10-15,2025-11-10,803,Sra. Maria Clara Viana,xaraujo@example.com,da Conceição,AC,eletronicos,Adipisci,Samsung,4,1906.05,2285.71,10,17.66,SITE,Boleto,1,aprovado,Jadlog,Entregue
2581,PED-26865,2024-09-07,2025-05-18,785,Maria Flor Dias,teixeirajoao-gabriel@example.net,da Rocha,PB,Eletrônicos,Doloremque,Samsung,5,1554.58,3019.56,0,88.74,Site,Débito,2,Aprovado,Total Express,Atrasado
2582,PED-18913,2024-03-06,2024-11-01,571,Sr. Theodoro Albuquerque,saraalmeida@example.org,Moraes,SP,Beleza,Nostrum,Samsung,5,281.99,1662.37,0,104.68,SITE,Boleto,6,Pendente,Total Express,Entregue
2583,PED-79124,2024-08-12,2024-11-03,50,Mariane Fernandes,mariane93@example.net,Alves,AP,Roupas,Quas,Genérica,5,1643.32,2890.32,10,94.19,Site,Pix,6,Pendente,Correios,Atrasado
2584,PED-60554,2024-07-16,2025-07-12,1038,Pietra Nascimento,theocardoso@example.net,Farias,RN,eletronicos,Maxime,Samsung,1,1992.93,1522.47,30,92.75,app,Boleto,1,Pendente,Correios,Em trânsito
2585,PED-68929,2024-02-15,2025-08-01,415,Danilo Barbosa,montenegrovinicius@example.net,Teixeira de Sales,AM,Roupas,Necessitatibus,Adidas,3,1396.68,2803.64,30,13.45,app,Débito,1,Aprovado,Jadlog,Entregue
2586,PED-36824,2024-08-13,2024-06-25,755,Mateus Guerra,carvalhojade@example.org,Teixeira Alegre,RN,Casa,Ullam,Apple,5,3271.44,2336.99,0,87.67,app,Débito,1,Aprovado,Correios,Em trânsito
2587,PED-56782,2025-06-03,2025-09-11,217,André Guerra,manuella61@example.org,Cunha de Monteiro,ES,Casa,Aliquid,Nike,3,3083.52,2542.55,10,76.68,SITE,Pix,3,Aprovado,Total Express,Entregue
2588,PED-24811,2025-07-20,2024-12-21,1004,Ágatha Cavalcanti,luaracostela@example.com,Barros,DF,Casa,Vitae,LG,5,1600.0,3432.3,10,54.14,SITE,Pix,12,Recusado,Total Express,Atrasado
2589,PED-50225,2025-07-12,2025-02-27,443,Rafael Moreira,britohelena@example.com,Cavalcanti de Câmara,RJ,Beleza,Repellendus,Apple,3,1383.87,2046.48,10,90.21,SITE,Pix,1,Aprovado,Correios,Atrasado
2590,PED-36233,2024-11-09,2025-11-03,127,Stella Rios,pedro-miguel47@example.net,Sousa,RS,Casa,Maiores,LG,4,2259.42,474.66,10,97.18,Site,Crédito,3,Pendente,Total Express,Atrasado
2591,PED-34792,2025-08-14,2025-02-24,432,Maria Cecília Sousa,hda-mata@example.net,Ramos,SC,Roupas,Atque,Apple,1,784.46,313.24,20,57.41,SITE,Crédito,1,Pendente,Total Express,Entregue
2592,PED-77580,2024-08-06,2024-08-02,978,Maria Eduarda Mendes,albuquerqueeduarda@example.com,Rocha das Flores,AL,Roupas,Sequi,Apple,2,1186.51,1193.62,10,82.75,Site,Débito,3,Recusado,Total Express,Em trânsito
2593,PED-43237,2024-12-07,2025-06-15,984,Gabriel Oliveira,bernardorezende@example.com,Costela dos Dourados,TO,Beleza,Debitis,Samsung,1,692.72,593.87,20,102.54,app,Débito,1,Recusado,Correios,Em trânsito
2594,PED-40245,2024-06-22,2024-08-27,1169,Lucas Moura,goncalvesbenjamim@example.net,Sousa,SE,eletronicos,Sit,Apple,2,2047.58,335.33,30,55.21,Aplicativo,Pix,1,aprovado,Total Express,Atrasado
2595,PED-46294,2025-05-23,2025-01-20,900,Davi da Costa,zoe53@example.org,Farias de Andrade,DF,Roupas,Nam,Genérica,1,1141.12,3380.75,30,79.22,Aplicativo,Crédito,2,Recusado,Correios,Entregue
2596,PED-26454,2025-02-04,2024-04-15,617,Maitê Almeida,mariafernandes@example.net,Camargo do Norte,PB,eletronicos,Provident,LG,3,762.07,904.34,30,9.18,App,Boleto,1,Aprovado,Total Express,Entregue
2597,PED-70218,2024-08-09,2025-04-16,324,Maria Santos,obarros@example.net,Gonçalves,TO,Eletrônicos,Voluptatum,Adidas,3,1828.71,2579.1,0,45.66,App,Boleto,6,Recusado,Jadlog,Entregue
2598,PED-90191,2025-12-12,2026-01-09,526,Leonardo Siqueira,pimentaenzo-gabriel@example.net,Gomes,RS,eletronicos,Magnam,Apple,5,396.45,1898.65,10,117.18,app,Pix,1,Aprovado,Jadlog,Atrasado
2599,PED-45687,2025-08-06,2024-05-06,467,Mariah Cardoso,qferreira@example.com,Marques Grande,CE,Beleza,Dolorum,Genérica,3,967.78,416.24,30,8.1,App,Débito,12,Pendente,Total Express,Atrasado
2600,PED-72120,2025-11-30,2024-06-09,534,Dra. Lara Rezende,camposraquel@example.com,Rios,ES,Beleza,Itaque,Apple,3,1010.5,2066.65,0,110.5,Site,Crédito,12,Aprovado,Total Express,Atrasado
2601,PED-93935,2025-05-06,2025-04-28,852,Srta. Maria Clara Viana,da-cunhatheo@example.org,Peixoto da Praia,MG,Beleza,Molestias,Adidas,1,788.74,586.9,30,70.35,App,Boleto,1,aprovado,Total Express,Em trânsito
2602,PED-75902,2024-09-10,2024-08-26,159,Luan Sampaio,ana-liz84@example.net,Sales,SE,Eletrônicos,Nam,Samsung,3,2522.41,179.66,0,35.95,App,Boleto,1,Aprovado,Jadlog,Em trânsito
2603,PED-31151,2024-09-03,2024-10-21,788,Vitor Gabriel Borges,benjamim80@example.org,Duarte das Pedras,AC,eletronicos,Sunt,LG,3,3184.64,1029.22,0,0.39,SITE,Crédito,12,aprovado,Jadlog,Atrasado
2604,PED-42854,2025-10-09,2026-01-03,798,Erick Duarte,julia62@example.com,Alves,SC,Beleza,Excepturi,Genérica,2,547.1,912.36,0,0.48,Site,Boleto,1,Recusado,Correios,Em trânsito
2605,PED-60452,2024-05-23,2025-10-09,785,Guilherme Pacheco,bryanmelo@example.net,da Costa,BA,Eletrônicos,Labore,Adidas,3,2924.54,944.2,30,5.95,Site,Boleto,1,aprovado,Total Express,Atrasado
2606,PED-20091,2025-04-30,2025-01-14,106,Kevin Vasconcelos,jcirino@example.net,Siqueira da Mata,RR,Casa,Aliquid,Adidas,3,423.83,705.11,0,8.95,Site,Débito,1,aprovado,Correios,Em trânsito
2607,PED-92982,2024-09-22,2025-06-25,219,Ana Sophia Cunha,luizamoreira@example.org,Pinto Alegre,MS,Casa,Nam,LG,4,282.44,1825.35,20,40.49,App,Crédito,3,Recusado,Jadlog,Entregue
2608,PED-35132,2025-11-08,2025-11-15,448,Luiz Felipe Rocha,eloahrocha@example.com,Cavalcanti,ES,eletronicos,Nulla,Nike,4,1290.81,2822.49,0,62.15,app,Crédito,1,Pendente,Total Express,Em trânsito
2609,PED-82341,2025-10-22,2024-09-24,239,Vinícius Andrade,asampaio@example.net,Barbosa da Prata,DF,Casa,Magnam,Genérica,5,391.22,1337.58,10,65.86,app,Crédito,6,Recusado,Correios,Atrasado
2610,PED-49848,2024-06-28,2024-05-18,366,Laura Pereira,eduardo22@example.com,Pacheco Grande,AL,eletronicos,Labore,Samsung,5,3026.62,2268.78,0,78.05,SITE,Pix,3,Aprovado,Jadlog,Entregue
2611,PED-47256,2025-01-02,2024-08-24,15,Enrico Farias,bento35@example.net,Mendonça de Lopes,SE,Eletrônicos,Blanditiis,Apple,5,3367.1,2442.12,10,108.15,app,Débito,3,Aprovado,Jadlog,Entregue
2612,PED-64026,2025-10-28,2024-03-18,659,Lucas Gabriel Porto,machadodiego@example.net,Araújo,DF,eletronicos,Nemo,Samsung,1,2909.53,2881.73,0,12.97,App,Crédito,1,Aprovado,Total Express,Atrasado
2613,PED-94751,2024-05-14,2025-07-14,620,João Miguel Ribeiro,britobella@example.com,Cirino do Amparo,PA,Roupas,Accusantium,Nike,5,3429.94,1821.54,20,46.92,App,Pix,3,Aprovado,Total Express,Atrasado
2614,PED-29251,2024-08-28,2025-11-23,949,Dra. Lavínia Sampaio,vinicius83@example.com,Moura,MG,eletronicos,Nesciunt,Adidas,1,903.16,1380.27,30,39.23,app,Crédito,2,Recusado,Jadlog,Atrasado
2615,PED-93789,2025-03-18,2024-12-10,1182,Marcelo Pastor,emillyfogaca@example.net,Dias da Serra,RS,Eletrônicos,Eos,LG,2,2795.84,2531.66,20,78.56,Site,Crédito,1,Aprovado,Total Express,Em trânsito
2616,PED-28008,2025-04-24,2025-04-24,446,Bianca Marques,maria-aliceda-conceicao@example.org,Pires,TO,Eletrônicos,Tempore,LG,4,2909.43,1890.99,0,106.47,SITE,Pix,1,Recusado,Total Express,Entregue
2617,PED-26434,2024-05-21,2024-03-08,303,Maria Isis Leão,aparecidaclara@example.org,Monteiro,AC,Roupas,Delectus,Nike,2,3302.21,1694.32,0,75.57,SITE,Crédito,1,Recusado,Correios,Em trânsito
2618,PED-30830,2025-09-24,2025-01-07,496,Caleb Santos,luanramos@example.net,Caldeira Paulista,SC,Beleza,Tempora,Nike,4,2809.45,2856.72,10,46.18,App,Débito,3,aprovado,Total Express,Atrasado
2619,PED-96653,2025-12-11,2025-04-17,1097,Vitor Vasconcelos,gborges@example.com,Andrade da Praia,SE,Casa,Nostrum,Genérica,4,2493.73,3189.34,0,6.22,app,Boleto,2,aprovado,Correios,Entregue
2620,PED-68827,2025-10-08,2024-11-24,693,Srta. Clara Cunha,laviniateixeira@example.org,Oliveira do Galho,GO,eletronicos,Dolore,LG,1,120.6,2922.33,30,4.3,App,Crédito,1,Pendente,Correios,Em trânsito
2621,PED-70548,2024-03-07,2025-01-14,282,Isaac Jesus,cfonseca@example.org,Pimenta das Pedras,PA,Roupas,Fugiat,LG,2,1541.3,1048.22,0,52.42,app,Débito,3,aprovado,Jadlog,Em trânsito
2622,PED-40662,2025-05-07,2024-10-16,1190,Sarah Araújo,borgesotavio@example.net,Moreira,SP,Beleza,Cupiditate,LG,2,807.38,2318.6,20,20.31,app,Débito,2,aprovado,Total Express,Atrasado
2623,PED-31811,2026-01-29,2025-01-07,941,Henry Ferreira,erick04@example.org,Costela de Andrade,RN,Beleza,Eius,Genérica,4,1830.11,1699.46,30,110.23,App,Débito,6,aprovado,Jadlog,Em trânsito
2624,PED-95254,2024-04-07,2025-12-18,474,Pedro Henrique da Cunha,da-pazjoao@example.com,Cavalcanti de Pacheco,AC,Eletrônicos,Deserunt,Adidas,5,2127.19,2046.91,0,98.47,Aplicativo,Débito,6,Aprovado,Total Express,Entregue
2625,PED-51779,2025-01-30,2024-12-23,511,Sara Almeida,lucas66@example.org,Leão,SC,Roupas,Ad,Genérica,4,2533.71,1244.32,10,118.01,Site,Boleto,2,Recusado,Correios,Atrasado
2626,PED-83215,2024-09-11,2025-08-17,1130,Bruna Rezende,ribeiroravi@example.org,Camargo,RS,Roupas,Adipisci,Adidas,3,2322.25,2152.5,10,23.74,App,Boleto,2,Pendente,Total Express,Em trânsito
2627,PED-26416,2024-02-22,2025-11-24,145,Maria Silveira,henry-gabriel71@example.com,Carvalho,BA,eletronicos,Dolorem,Adidas,1,2850.94,3196.24,0,8.76,App,Pix,6,Recusado,Jadlog,Atrasado
2628,PED-32454,2025-01-14,2024-04-18,334,Cecília da Paz,vianajoao-guilherme@example.org,Duarte Paulista,PI,Roupas,Reiciendis,Adidas,3,1211.43,726.7,0,84.96,App,Crédito,1,Recusado,Correios,Atrasado
2629,PED-64194,2024-12-13,2024-10-15,427,Maria Laura Pimenta,gustavo-henrique08@example.com,Siqueira,CE,Roupas,Mollitia,Samsung,1,139.39,1466.99,0,41.11,SITE,Boleto,1,Pendente,Jadlog,Atrasado
2630,PED-89351,2024-03-06,2024-04-09,21,Sr. Luiz Fernando Borges,andreda-mata@example.com,Novais,AL,Roupas,Non,Genérica,1,918.74,1744.77,10,105.95,SITE,Débito,1,Recusado,Correios,Em trânsito
2631,PED-73814,2025-10-11,2025-12-05,1029,Breno Silveira,samuel67@example.org,Nogueira,PE,Casa,Fugiat,Samsung,2,3098.14,2899.9,0,25.98,app,Crédito,1,Aprovado,Jadlog,Entregue
2632,PED-78986,2026-01-16,2025-03-20,1168,Sr. Enrico Nunes,machadoliz@example.net,Pastor,GO,eletronicos,Velit,LG,3,2377.87,2608.95,30,38.42,SITE,Crédito,1,aprovado,Jadlog,Atrasado
2633,PED-51572,2024-04-30,2025-03-24,1191,Lorenzo Nogueira,qpires@example.org,Campos de Silva,SP,Casa,Commodi,Apple,4,3124.46,800.23,0,36.7,SITE,Débito,1,Aprovado,Total Express,Atrasado
2634,PED-62789,2025-12-18,2025-01-10,332,Yuri Santos,pedro-henrique72@example.org,Araújo de Araújo,MG,eletronicos,Impedit,Samsung,4,2575.41,1203.44,20,106.63,Site,Crédito,1,Aprovado,Total Express,Entregue
2635,PED-41910,2025-06-25,2025-09-19,856,André Marques,gabrielacostela@example.org,Moreira do Norte,MS,Roupas,Repellat,Adidas,3,2517.66,2387.41,0,15.48,app,Débito,1,Aprovado,Total Express,Em trânsito
2636,PED-13111,2025-05-27,2025-03-29,1115,Jade Camargo,anna-lizda-cruz@example.com,Vargas,PI,Eletrônicos,Ratione,Nike,1,514.77,953.18,10,7.52,app,Boleto,3,Pendente,Total Express,Atrasado
2637,PED-35108,2024-05-23,2024-04-12,377,Emanuella Monteiro,carlos-eduardogoncalves@example.org,da Cruz Verde,RR,Eletrônicos,Velit,LG,5,2142.71,1699.95,0,25.15,SITE,Crédito,1,aprovado,Total Express,Em trânsito
2638,PED-97070,2024-02-09,2024-08-09,1015,Srta. Mariah da Luz,mariana36@example.net,Andrade,MG,Roupas,Quibusdam,Apple,2,1108.41,497.5,0,49.36,Site,Crédito,12,Aprovado,Jadlog,Em trânsito
2639,PED-10254,2024-08-25,2024-09-01,135,Arthur Gabriel Macedo,bruno69@example.net,Sampaio,PR,Eletrônicos,Similique,Genérica,3,431.31,470.76,0,43.97,Aplicativo,Pix,1,Aprovado,Total Express,Em trânsito
2640,PED-29233,2024-09-11,2024-05-11,262,Ana Julia Almeida,camargosophie@example.net,Barros,MG,eletronicos,Inventore,Adidas,3,1510.26,3019.16,30,55.71,Site,Boleto,2,Aprovado,Total Express,Atrasado
2641,PED-88631,2024-04-13,2024-09-20,1146,Dante da Mota,aurorapires@example.org,Porto,RR,Beleza,Corporis,Adidas,4,2517.83,3176.47,10,58.93,Aplicativo,Boleto,1,Aprovado,Correios,Atrasado
2642,PED-72964,2026-01-12,2025-05-01,952,Sr. Matheus Albuquerque,jose-miguelpeixoto@example.net,Teixeira,PR,Eletrônicos,Reiciendis,Apple,2,2142.33,339.88,20,26.78,Aplicativo,Débito,1,Recusado,Total Express,Em trânsito
2643,PED-39468,2026-01-01,2024-03-29,80,Rebeca Andrade,ravi-luccacastro@example.org,Silveira do Sul,SE,Roupas,Ipsa,LG,1,2074.9,1150.84,30,60.15,app,Crédito,6,Pendente,Total Express,Entregue
2644,PED-46772,2026-01-20,2025-11-23,233,Alexandre Pires,gustavo-henriquebarbosa@example.com,Rocha do Norte,SC,Beleza,Nulla,Adidas,1,1770.28,3411.96,30,48.33,App,Crédito,1,Aprovado,Jadlog,Em trânsito
2645,PED-51811,2025-05-12,2024-10-26,1045,Eduardo Novaes,camilamoreira@example.org,Jesus dos Dourados,RN,Roupas,Harum,Adidas,2,3179.75,415.85,20,76.51,SITE,Boleto,6,aprovado,Correios,Em trânsito
2646,PED-46559,2024-02-14,2024-07-28,627,Pedro Henrique Nascimento,lucas90@example.net,da Paz Paulista,PB,Beleza,Quos,Apple,2,2063.18,1595.8,30,67.62,App,Crédito,2,aprovado,Total Express,Em trânsito
2647,PED-65112,2025-12-30,2024-04-28,935,Fernando Fernandes,luiz-otavioribeiro@example.com,Monteiro do Campo,RR,Eletrônicos,Iusto,Apple,1,2599.14,3374.19,0,92.13,SITE,Boleto,3,Recusado,Correios,Entregue
2648,PED-55398,2025-02-06,2025-05-09,736,Sr. Paulo Moreira,eduardo58@example.com,da Rosa do Campo,AP,Roupas,Sequi,Genérica,3,2657.38,2374.51,0,33.89,Site,Boleto,12,Pendente,Jadlog,Em trânsito
2649,PED-75973,2025-01-24,2025-03-27,1077,Maria Luiza Garcia,yaraujo@example.org,Campos,PE,Beleza,Officiis,Adidas,2,2272.99,3146.33,0,116.99,Site,Crédito,6,Aprovado,Jadlog,Entregue
2650,PED-99015,2024-04-27,2025-03-26,19,Emanuel Sales,labreu@example.net,Araújo do Norte,AP,Roupas,Libero,Samsung,5,1120.73,2671.36,0,118.46,SITE,Pix,2,Aprovado,Total Express,Em trânsito
2651,PED-58111,2025-04-19,2026-01-12,1008,Sr. Daniel Araújo,kfreitas@example.org,Fernandes,PR,Beleza,Aspernatur,Genérica,1,3129.14,1014.24,0,114.31,App,Boleto,2,Pendente,Correios,Atrasado
2652,PED-64845,2025-09-04,2024-05-06,527,Ravy Câmara,benjamimcavalcanti@example.net,Barbosa do Oeste,MT,Roupas,Enim,Apple,4,484.99,1058.59,10,7.12,App,Boleto,2,Aprovado,Correios,Entregue
2653,PED-25397,2024-05-26,2024-10-16,1029,Ana Julia Pires,vicente94@example.org,Cassiano,AC,Casa,Ea,Nike,1,846.71,591.75,10,93.19,App,Pix,1,Aprovado,Jadlog,Entregue
2654,PED-27642,2024-03-12,2024-05-16,631,Josué Teixeira,cavalcantemaria-julia@example.net,Rios,PI,Casa,Laborum,Genérica,4,2715.74,2003.72,20,104.98,App,Crédito,12,aprovado,Total Express,Entregue
2655,PED-44181,2024-04-02,2025-06-12,467,Joaquim Moreira,ida-rosa@example.org,Costela Paulista,MA,Beleza,Quia,Samsung,4,1575.97,2102.06,30,60.03,app,Débito,1,Pendente,Total Express,Entregue
2656,PED-47175,2024-09-12,2024-02-24,957,Levi Souza,maysa27@example.com,Guerra,TO,Eletrônicos,Accusamus,LG,5,468.18,3255.36,30,23.0,Site,Boleto,12,Recusado,Correios,Entregue
2657,PED-42435,2024-02-21,2024-04-23,172,Dr. Gustavo Henrique Lopes,nmoraes@example.org,Castro,RO,Roupas,Ea,LG,4,2863.79,384.3,0,19.93,App,Crédito,12,Pendente,Correios,Entregue
2658,PED-42208,2026-01-26,2025-11-08,556,Sabrina Sá,vasconcelosenzo@example.net,Costa da Mata,PE,eletronicos,Eaque,Nike,3,732.45,2957.92,0,106.6,Aplicativo,Pix,1,Recusado,Correios,Em trânsito
2659,PED-28097,2025-05-07,2025-02-09,646,Mariah Nascimento,waragao@example.net,Novaes,PB,Eletrônicos,Ullam,Genérica,2,758.99,301.99,0,30.94,Site,Crédito,3,Aprovado,Total Express,Entregue
2660,PED-13639,2025-09-06,2024-09-18,777,Sra. Olívia Lima,nunesstephany@example.com,Duarte do Amparo,BA,Eletrônicos,Rem,Nike,1,905.07,1436.94,20,24.47,Site,Pix,12,aprovado,Correios,Entregue
2661,PED-98460,2025-04-07,2024-08-03,634,Lorenzo Montenegro,lalves@example.com,Camargo,RN,Roupas,Eveniet,Apple,4,2755.41,1560.2,0,89.79,App,Débito,3,Recusado,Total Express,Entregue
2662,PED-51413,2025-03-23,2025-02-17,870,Sabrina da Conceição,vitor-hugo91@example.net,Cavalcante de Goiás,AC,Eletrônicos,Dolorum,Samsung,4,424.9,2414.7,30,91.73,app,Pix,1,aprovado,Jadlog,Atrasado
2663,PED-21176,2025-12-28,2025-11-02,1094,Luan Martins,aurora29@example.org,Nunes de Goiás,AM,Roupas,Eos,LG,3,773.31,2683.0,0,64.24,SITE,Boleto,3,aprovado,Total Express,Atrasado
2664,PED-91902,2025-02-03,2026-01-31,756,Alice Souza,da-cruzraul@example.com,Viana de Sá,PE,Eletrônicos,Aliquid,Adidas,1,980.5,2161.54,30,37.31,Site,Débito,12,aprovado,Correios,Entregue
2665,PED-55526,2024-03-07,2024-09-01,1137,Olívia Fonseca,helenamoura@example.net,Rodrigues,MA,Roupas,Reiciendis,Adidas,2,2897.9,1813.56,30,24.75,App,Débito,3,Aprovado,Jadlog,Entregue
2666,PED-74990,2025-10-24,2025-03-04,648,Rafael Nunes,leaoarthur-miguel@example.com,Silveira,SP,Eletrônicos,Cum,Nike,5,353.7,2417.13,30,98.55,SITE,Pix,1,Recusado,Correios,Em trânsito
2667,PED-33702,2024-04-01,2025-09-01,575,Juliana Sampaio,maria-laura14@example.net,Cardoso,RR,Casa,Culpa,Nike,4,1714.36,1034.2,0,67.86,App,Débito,1,Recusado,Jadlog,Em trânsito
2668,PED-16929,2025-01-25,2026-01-23,100,Lorena Sousa,ninamacedo@example.net,das Neves das Pedras,AC,Casa,Exercitationem,Samsung,4,2010.64,3064.57,0,46.82,app,Boleto,1,Pendente,Jadlog,Em trânsito
2669,PED-37248,2024-09-10,2025-04-17,1018,Marcela Guerra,gmonteiro@example.net,Rodrigues Grande,MG,Casa,Occaecati,Adidas,2,2758.79,2863.73,20,42.2,App,Boleto,1,Aprovado,Correios,Entregue
2670,PED-12901,2024-09-09,2025-06-18,521,Valentina Cassiano,manuela92@example.net,Rezende,AP,Eletrônicos,Hic,Nike,2,3015.99,923.82,0,87.74,app,Boleto,1,Aprovado,Jadlog,Entregue
2671,PED-85170,2025-04-23,2026-01-21,456,Hellena Pimenta,camargomariah@example.net,Mendonça do Oeste,DF,eletronicos,Libero,Genérica,3,1667.13,1569.24,0,47.66,SITE,Pix,6,Aprovado,Total Express,Em trânsito
2672,PED-48882,2025-04-27,2024-08-10,413,Leonardo Porto,agomes@example.com,Albuquerque,MA,Eletrônicos,At,Genérica,4,2719.79,800.74,0,7.05,SITE,Pix,1,Recusado,Jadlog,Entregue
2673,PED-70283,2024-04-12,2026-01-08,1141,Lucas Monteiro,juliafogaca@example.net,Castro dos Dourados,RN,Beleza,Voluptatibus,LG,2,2415.59,887.65,0,94.36,Aplicativo,Pix,3,Pendente,Total Express,Em trânsito
2674,PED-54056,2024-02-05,2024-11-28,628,Luiza Borges,leonardomonteiro@example.org,Almeida do Campo,SC,Beleza,Illum,Genérica,3,2503.83,1271.44,10,87.97,Site,Débito,2,aprovado,Total Express,Entregue
2675,PED-74620,2025-08-26,2025-10-13,590,Vinicius da Luz,oalbuquerque@example.net,Rodrigues,SP,eletronicos,Velit,Nike,1,1875.34,507.89,0,111.81,App,Crédito,1,aprovado,Total Express,Entregue
2676,PED-61660,2024-10-01,2025-08-25,265,Manuella Sá,portomaria@example.com,da Cunha de Minas,AC,Casa,Repellendus,Nike,1,1642.76,3217.52,0,85.26,App,Crédito,1,Pendente,Jadlog,Atrasado
2677,PED-58048,2024-07-25,2025-08-26,204,Pedro Miguel Moreira,fernanda74@example.org,Almeida,BA,Eletrônicos,Sunt,Apple,5,1353.32,1791.01,0,115.78,App,Crédito,1,aprovado,Total Express,Atrasado
2678,PED-89049,2024-04-10,2024-12-28,332,Dr. Joaquim Oliveira,felipefernandes@example.net,Araújo,MA,Eletrônicos,Laboriosam,Nike,3,2393.14,1217.86,0,20.36,app,Débito,2,Pendente,Jadlog,Em trânsito
2679,PED-45770,2024-03-08,2026-01-12,374,Rebeca Cassiano,raelrodrigues@example.org,Fonseca,CE,eletronicos,Animi,Adidas,2,1148.29,964.23,0,98.39,Aplicativo,Débito,6,aprovado,Total Express,Em trânsito
2680,PED-78161,2024-10-15,2025-01-29,443,Maria Luísa Monteiro,melinaoliveira@example.net,Marques da Mata,RS,Beleza,Maiores,Nike,5,695.52,2895.81,0,14.36,Site,Débito,2,Aprovado,Jadlog,Em trânsito
2681,PED-31644,2025-11-16,2025-07-30,139,Aylla Casa Grande,juliaduarte@example.org,Silveira,TO,Roupas,Maiores,Apple,3,3340.47,2454.33,10,114.77,app,Boleto,12,Recusado,Correios,Em trânsito
2682,PED-18950,2025-11-17,2025-07-03,740,Diego Gonçalves,portomaria-flor@example.com,Mendes do Amparo,BA,Roupas,Doloribus,Nike,2,434.33,140.89,0,0.52,app,Débito,1,Pendente,Correios,Entregue
2683,PED-97197,2025-04-18,2025-03-22,1164,Ana Liz Alves,duartevinicius@example.net,Siqueira,PR,Roupas,Saepe,Samsung,4,2198.3,2952.47,10,53.92,SITE,Crédito,1,Pendente,Correios,Em trânsito
2684,PED-21224,2024-07-02,2024-10-13,638,Dr. Miguel Sá,pvieira@example.net,Moreira,MT,Beleza,Tempora,LG,1,3133.35,2696.82,30,82.84,App,Crédito,3,aprovado,Jadlog,Atrasado
2685,PED-12429,2024-06-29,2025-01-10,1,Bruna Cirino,pedro-henrique25@example.net,das Neves da Praia,SC,Beleza,Laboriosam,Samsung,4,570.06,144.94,30,75.39,Site,Débito,12,Aprovado,Total Express,Atrasado
2686,PED-46605,2024-09-30,2024-10-24,712,José Pedro da Cunha,lmontenegro@example.net,Correia do Oeste,RO,eletronicos,Alias,Apple,5,3486.08,2463.88,20,49.62,Site,Débito,1,aprovado,Correios,Em trânsito
2687,PED-91353,2025-02-13,2024-02-06,1057,Vitória Monteiro,vinicius78@example.net,Caldeira,PE,Casa,Nulla,LG,1,1637.84,1586.91,20,3.55,SITE,Débito,1,Aprovado,Jadlog,Entregue
2688,PED-89299,2024-09-15,2025-07-18,580,Dr. Benjamim Pimenta,fariasana-laura@example.net,Carvalho de Minas,SE,Eletrônicos,Facere,Nike,3,90.67,3343.87,30,33.56,SITE,Crédito,1,Pendente,Total Express,Atrasado
2689,PED-81599,2024-09-16,2025-07-29,867,Vitória Rios,xpacheco@example.org,Peixoto,SP,Casa,Accusamus,Genérica,3,1829.08,2745.73,0,40.88,app,Pix,1,Recusado,Total Express,Entregue
2690,PED-49801,2024-02-16,2025-07-04,687,Léo Cunha,ssampaio@example.com,Vargas,ES,Eletrônicos,Aut,LG,5,2909.52,1560.2,0,46.9,app,Pix,6,Pendente,Correios,Em trânsito
2691,PED-33328,2024-12-16,2025-10-30,1028,Maria Azevedo,kaique89@example.org,Fernandes de Pastor,GO,Casa,Fugiat,LG,1,1913.61,480.7,30,16.12,App,Débito,6,Recusado,Total Express,Em trânsito
2692,PED-16027,2025-04-01,2025-06-12,531,Dr. Guilherme Cardoso,zcorreia@example.com,Fernandes dos Dourados,ES,Casa,Quos,Apple,1,1730.13,1381.93,30,23.21,App,Débito,12,Recusado,Correios,Em trânsito
2693,PED-59500,2025-01-13,2024-03-21,920,Luara da Rocha,joao-guilherme53@example.com,Araújo do Oeste,MA,Roupas,Magni,Samsung,4,1967.9,2391.81,30,105.24,Aplicativo,Pix,3,Recusado,Jadlog,Em trânsito
2694,PED-91342,2025-01-04,2025-06-26,155,Maria Júlia Barbosa,heitorsa@example.org,Vargas da Praia,MS,Eletrônicos,Laboriosam,Samsung,4,2277.42,3283.48,10,76.93,Aplicativo,Pix,1,Pendente,Total Express,Entregue
2695,PED-95605,2024-06-18,2025-05-22,1186,Oliver Castro,elisa47@example.org,da Mata de Ribeiro,SE,Casa,Cupiditate,Adidas,5,3130.05,797.36,10,6.29,SITE,Pix,3,aprovado,Correios,Em trânsito
2696,PED-44861,2024-09-21,2024-11-10,730,Maria Fernanda Lopes,monteiroana-beatriz@example.org,Camargo da Mata,SE,Beleza,Temporibus,Adidas,2,3245.74,942.45,0,118.39,Aplicativo,Crédito,1,Pendente,Correios,Em trânsito
2697,PED-15148,2025-10-07,2025-09-15,989,Dr. Igor Gomes,portosophie@example.org,Santos do Sul,PR,Beleza,Atque,Apple,4,1238.73,2816.21,10,44.79,app,Débito,2,aprovado,Correios,Entregue
2698,PED-97586,2024-02-05,2024-11-14,326,Lucas Gabriel Moura,eduardadias@example.net,Siqueira de Vieira,SC,Casa,Eum,Apple,3,2728.28,456.44,0,46.73,Aplicativo,Débito,1,aprovado,Correios,Entregue
2699,PED-13521,2026-01-05,2025-09-03,1132,Maria Liz Borges,maysapires@example.com,Ferreira,AL,Roupas,Soluta,Nike,5,3025.7,1253.8,20,13.82,SITE,Débito,6,Recusado,Correios,Em trânsito
2700,PED-60903,2025-11-07,2024-03-07,780,Larissa Lopes,joao-miguelmoraes@example.org,Barbosa,MA,Eletrônicos,Hic,Samsung,5,1911.8,2547.72,0,105.06,App,Boleto,12,aprovado,Jadlog,Atrasado
2701,PED-89396,2025-05-19,2025-12-18,95,Amanda Fogaça,danielrodrigues@example.net,Aragão,MG,eletronicos,Praesentium,Samsung,2,3161.47,976.9,0,98.62,Aplicativo,Pix,6,aprovado,Correios,Atrasado
2702,PED-77578,2025-07-11,2024-04-21,662,Pietra Jesus,ravi-lucca10@example.org,Monteiro da Serra,RO,Casa,Minima,Genérica,5,971.04,3120.59,20,119.76,Aplicativo,Boleto,12,Aprovado,Total Express,Em trânsito
2703,PED-15702,2025-04-14,2025-02-27,873,Dr. Nathan Barros,julia59@example.org,Campos da Praia,PB,Eletrônicos,Quaerat,Samsung,4,989.63,1351.78,0,94.46,SITE,Boleto,1,Aprovado,Jadlog,Atrasado
2704,PED-87496,2025-03-24,2024-05-16,163,Yan Abreu,camposjoao-miguel@example.com,Araújo,AM,Casa,Quae,LG,3,729.56,1981.38,0,79.24,Aplicativo,Débito,3,Pendente,Jadlog,Entregue
2705,PED-20398,2025-08-14,2025-02-20,733,Rhavi Cavalcanti,siqueiragabriel@example.net,da Rosa Verde,AC,Casa,Molestiae,Genérica,4,2809.97,2921.95,30,39.0,App,Boleto,2,Aprovado,Total Express,Entregue
2706,PED-48072,2025-10-14,2026-01-09,1105,Srta. Larissa Pires,lucasabreu@example.com,Novaes,ES,Casa,Et,LG,1,995.49,1737.16,0,105.89,Site,Pix,1,Pendente,Correios,Em trânsito
2707,PED-37163,2025-07-05,2025-05-12,529,Júlia Abreu,rafaela18@example.net,Nunes da Prata,PE,Beleza,Atque,Apple,1,2233.83,520.42,30,26.26,app,Débito,1,Recusado,Total Express,Entregue
2708,PED-11874,2024-05-26,2025-07-17,945,Luiza Rezende,ianjesus@example.com,Monteiro da Prata,PR,Eletrônicos,Assumenda,Apple,2,2333.27,73.19,30,32.77,app,Pix,12,Recusado,Jadlog,Em trânsito
2709,PED-73304,2025-03-31,2025-05-23,146,Beatriz Carvalho,marcelada-rocha@example.net,Porto de Câmara,RS,Roupas,Laboriosam,Genérica,3,431.1,3329.62,30,83.49,Aplicativo,Crédito,1,Recusado,Jadlog,Atrasado
2710,PED-87214,2024-04-14,2024-12-11,473,Rhavi Pacheco,britobarbara@example.com,Teixeira da Mata,PA,Beleza,Sit,Samsung,1,1436.45,2874.83,0,44.47,Aplicativo,Boleto,12,Pendente,Jadlog,Em trânsito
2711,PED-72106,2024-10-19,2024-07-06,887,Leandro Montenegro,camargoisaac@example.org,Monteiro de Fonseca,MG,Casa,Nam,Nike,3,1708.27,1409.47,20,42.33,Site,Pix,12,aprovado,Total Express,Em trânsito
2712,PED-50743,2025-06-20,2025-07-10,675,Alice Novais,danilo80@example.com,Pastor do Oeste,MG,Roupas,Qui,Apple,1,1743.99,263.98,20,74.78,app,Boleto,3,aprovado,Total Express,Atrasado
2713,PED-75703,2025-09-03,2025-06-15,999,Matheus Monteiro,isabel36@example.org,Lopes,MS,eletronicos,Eligendi,Nike,3,1081.85,1001.77,0,0.59,Site,Pix,6,Aprovado,Jadlog,Atrasado
2714,PED-32304,2025-03-12,2024-11-11,1099,Ayla Borges,xsousa@example.com,Souza,MT,Casa,Mollitia,Genérica,2,2276.47,1539.69,30,33.08,Site,Boleto,12,Pendente,Correios,Em trânsito
2715,PED-64379,2025-08-07,2025-04-01,885,Otávio Pinto,henriqueandrade@example.com,Santos Grande,MG,eletronicos,Veritatis,Adidas,1,897.85,2810.35,0,30.83,Site,Débito,1,aprovado,Total Express,Entregue
2716,PED-41695,2024-07-02,2024-03-09,41,Sophia Pastor,luiz-gustavoalbuquerque@example.com,Santos,RS,Eletrônicos,Ad,Samsung,1,2813.35,1803.67,30,2.57,App,Pix,3,Recusado,Jadlog,Atrasado
2717,PED-75293,2024-08-20,2025-04-03,655,Sara Pereira,alana15@example.org,Albuquerque Paulista,PI,Roupas,Tempora,Apple,3,1276.4,2014.82,0,41.23,App,Débito,2,Pendente,Jadlog,Em trânsito
2718,PED-69614,2025-01-25,2024-07-02,1072,Benício Lopes,uaraujo@example.org,Alves Grande,RS,eletronicos,Laboriosam,LG,1,3284.23,3353.88,20,23.97,app,Boleto,6,Aprovado,Total Express,Entregue
2719,PED-53015,2025-08-14,2024-07-03,715,Isabelly Melo,camposaurora@example.net,Rezende,AC,Casa,Aliquid,Nike,5,1540.49,3074.85,30,118.44,app,Pix,6,Pendente,Total Express,Em trânsito
2720,PED-18951,2026-01-15,2025-04-18,951,Liz Porto,xcavalcanti@example.com,Campos,MG,Beleza,Iure,Apple,3,3308.7,1385.41,0,83.1,app,Crédito,12,Pendente,Correios,Em trânsito
2721,PED-65649,2025-09-27,2025-12-13,628,Dra. Maria Laura Montenegro,mmoreira@example.org,Moreira do Campo,ES,Casa,Expedita,Nike,2,2092.09,1407.0,30,112.3,App,Débito,2,Recusado,Correios,Em trânsito
2722,PED-87313,2025-01-27,2024-07-14,938,Liz Rocha,apollo87@example.org,Farias,PR,eletronicos,Similique,Nike,4,1997.83,2942.68,0,10.85,Site,Débito,6,Pendente,Correios,Atrasado
2723,PED-17618,2024-12-26,2024-04-22,641,Danilo Moraes,zgomes@example.com,Azevedo de Cirino,AC,eletronicos,Voluptatum,Samsung,2,1913.09,2328.41,0,12.1,SITE,Crédito,12,Recusado,Total Express,Entregue
2724,PED-84990,2025-08-30,2025-05-07,85,Danilo Silva,rmelo@example.net,Macedo do Oeste,GO,Roupas,In,LG,4,641.75,1101.37,30,32.48,SITE,Débito,1,Aprovado,Jadlog,Em trânsito
2725,PED-65708,2026-01-09,2025-09-04,836,Lara Cavalcanti,malves@example.net,Moura de Souza,PE,eletronicos,Error,Genérica,2,2125.61,3449.67,0,4.38,SITE,Pix,1,aprovado,Jadlog,Entregue
2726,PED-52340,2025-07-10,2024-07-14,493,Liam Costa,lorenzofonseca@example.org,Andrade dos Dourados,SC,Beleza,Amet,Samsung,3,100.0,235.11,10,37.67,app,Pix,1,Recusado,Correios,Entregue
2727,PED-28499,2024-12-12,2025-07-28,580,Sophie da Costa,machadoaurora@example.com,Viana Grande,PR,Beleza,Molestiae,LG,2,2647.93,1245.51,10,33.6,Site,Débito,6,aprovado,Correios,Atrasado
2728,PED-17092,2026-01-20,2024-08-09,1197,Léo Azevedo,unovaes@example.com,Sá Grande,AL,Beleza,Eaque,Adidas,4,134.33,964.24,0,36.27,SITE,Crédito,1,Aprovado,Jadlog,Em trânsito
2729,PED-22608,2024-04-10,2025-03-05,1142,Gustavo Henrique Porto,caueda-cunha@example.net,Sousa,SE,eletronicos,Ab,Apple,3,2473.98,883.27,0,90.78,Aplicativo,Boleto,6,aprovado,Jadlog,Em trânsito
2730,PED-56477,2025-11-12,2024-12-07,703,Isabela Camargo,eduardo40@example.org,Montenegro das Pedras,RR,Roupas,Voluptates,Nike,4,273.81,489.09,0,57.1,SITE,Pix,1,Recusado,Total Express,Entregue
2731,PED-47761,2024-11-20,2024-04-15,959,João Felipe Moura,cda-mata@example.com,Vargas de Barros,SC,Eletrônicos,Fugiat,Apple,4,1451.69,414.85,30,29.65,SITE,Débito,3,Recusado,Correios,Em trânsito
2732,PED-16685,2025-02-06,2025-05-22,285,Henry Gabriel Costela,calebda-mota@example.com,Moraes,SE,Eletrônicos,Architecto,LG,1,3271.39,388.87,0,99.66,SITE,Débito,3,Aprovado,Jadlog,Entregue
2733,PED-71938,2025-08-28,2024-12-02,1106,Sofia Novais,icarvalho@example.org,Pereira do Oeste,SC,Beleza,Incidunt,Genérica,3,1789.65,3126.15,10,56.78,SITE,Crédito,12,aprovado,Total Express,Atrasado
2734,PED-15688,2025-01-25,2026-02-02,453,Ágatha Campos,vianaisis@example.com,Ribeiro,PR,Casa,Alias,Samsung,5,428.27,3453.07,0,71.93,app,Pix,1,Pendente,Total Express,Entregue
2735,PED-47725,2024-11-19,2025-11-13,371,Marina Montenegro,elisaduarte@example.net,Rodrigues Verde,PA,Eletrônicos,Repellat,Genérica,1,1503.91,2373.02,0,4.03,Aplicativo,Pix,3,Aprovado,Correios,Entregue
2736,PED-46189,2024-04-26,2024-04-03,515,Srta. Catarina Albuquerque,xleao@example.org,Porto da Serra,MA,eletronicos,Necessitatibus,Nike,3,3074.11,1403.42,0,30.12,SITE,Boleto,3,Aprovado,Jadlog,Entregue
2737,PED-30487,2024-09-20,2024-05-13,16,João Lucas Freitas,cardosoana-clara@example.org,Aragão do Sul,PA,Eletrônicos,Nisi,Nike,2,619.77,3117.71,10,47.76,app,Débito,1,aprovado,Jadlog,Atrasado
2738,PED-16154,2025-08-19,2025-06-20,1039,João Pedro Freitas,baragao@example.net,Cavalcanti,RR,Casa,Esse,Adidas,3,2356.86,417.16,20,109.92,SITE,Pix,1,Aprovado,Correios,Entregue
2739,PED-87070,2024-10-31,2025-08-17,89,Davi Nogueira,maria-luisa22@example.net,Câmara da Prata,PB,Eletrônicos,Maiores,Genérica,4,780.39,3415.37,0,61.74,Aplicativo,Boleto,2,Recusado,Jadlog,Em trânsito
2740,PED-58454,2024-10-24,2025-04-20,1130,João Gabriel Casa Grande,nicoleaparecida@example.net,Melo,PR,Casa,Similique,Samsung,4,621.66,2320.34,10,78.51,SITE,Pix,1,Pendente,Total Express,Entregue
2741,PED-38864,2025-11-18,2024-04-07,377,Julia Araújo,aparecidakevin@example.com,Costa de Rocha,RN,Roupas,Nobis,Nike,3,2287.35,3403.88,30,49.57,app,Pix,12,Aprovado,Jadlog,Em trânsito
2742,PED-63846,2024-08-04,2024-06-17,412,Heloisa Carvalho,ylopes@example.org,Montenegro do Norte,PB,Roupas,Ipsam,Samsung,4,1128.5,753.84,0,98.12,app,Pix,1,Pendente,Jadlog,Atrasado
2743,PED-98423,2025-02-27,2025-08-16,792,Gael Teixeira,martinsmaria-flor@example.org,Novais,RS,Roupas,Ea,Genérica,5,1295.21,2050.71,0,94.69,Site,Crédito,12,aprovado,Total Express,Entregue
2744,PED-68681,2025-03-06,2025-11-16,645,Maria Clara Silva,caue11@example.com,Marques do Oeste,AM,eletronicos,Quis,Apple,5,2958.38,2591.83,20,30.75,SITE,Crédito,1,aprovado,Correios,Entregue
2745,PED-52738,2025-11-21,2025-06-25,190,Giovanna Moura,wgarcia@example.org,Almeida,MG,Roupas,Dolore,LG,3,1705.85,2078.16,0,100.7,SITE,Boleto,6,aprovado,Correios,Em trânsito
2746,PED-61969,2025-12-23,2025-06-14,847,Josué Duarte,mourasofia@example.org,Sampaio de da Rocha,AP,Eletrônicos,Illo,LG,1,1032.35,3278.21,0,25.68,SITE,Boleto,1,Aprovado,Correios,Em trânsito
2747,PED-30349,2025-02-17,2025-06-21,367,Sr. Enzo Gabriel da Mota,benjamin17@example.com,Sales das Flores,RO,Beleza,Saepe,Adidas,2,470.42,2188.77,0,43.4,SITE,Pix,6,aprovado,Total Express,Entregue
2748,PED-31783,2024-08-01,2024-04-18,757,Isaque Costela,leonardo48@example.org,Duarte da Mata,AL,Eletrônicos,Nisi,Samsung,3,2008.79,3147.31,20,31.24,Aplicativo,Boleto,6,Recusado,Correios,Atrasado
2749,PED-17134,2025-08-14,2024-06-04,1118,Sabrina Campos,theodorocassiano@example.net,Cirino da Serra,TO,Casa,Illo,Adidas,2,2324.35,2314.14,10,48.34,app,Crédito,1,Pendente,Total Express,Entregue
2750,PED-50724,2025-01-22,2025-08-15,622,Igor Novais,oliveiraalexia@example.net,Ferreira de Machado,PA,Casa,Quisquam,Nike,4,1351.64,1114.7,20,26.64,Site,Pix,1,Pendente,Total Express,Entregue
2751,PED-99427,2024-10-19,2024-02-17,730,Mirella Vieira,uborges@example.org,Gonçalves do Campo,ES,Eletrônicos,Aut,Adidas,3,1207.1,673.65,30,51.26,app,Boleto,12,aprovado,Jadlog,Em trânsito
2752,PED-84129,2025-08-14,2024-12-09,300,Lucas Camargo,ymachado@example.org,Pires,MS,eletronicos,Consectetur,Apple,3,1595.34,2860.43,10,29.41,App,Boleto,3,aprovado,Jadlog,Entregue
2753,PED-99394,2024-12-15,2024-06-15,554,Ana Cecília Novaes,avargas@example.org,Aparecida do Amparo,SE,Casa,Beatae,Apple,2,2744.3,2395.78,0,76.56,Aplicativo,Boleto,2,Aprovado,Correios,Em trânsito
2754,PED-23124,2024-03-24,2024-10-27,611,João Miguel Pinto,yago22@example.net,Sales do Norte,MS,Beleza,Maiores,Genérica,4,349.92,216.28,10,104.41,Aplicativo,Débito,3,Pendente,Total Express,Atrasado
2755,PED-78151,2025-10-08,2024-06-21,1069,Brayan Barbosa,ysilveira@example.com,Peixoto,TO,Casa,Totam,Adidas,2,987.85,914.5,0,106.74,SITE,Pix,1,Pendente,Total Express,Atrasado
2756,PED-52468,2024-04-02,2024-05-20,855,Srta. Ana Sophia Teixeira,ana-livia26@example.org,Monteiro Paulista,SC,Eletrônicos,Dolorem,Apple,3,992.1,2982.83,20,27.34,SITE,Crédito,3,aprovado,Total Express,Entregue
2757,PED-25899,2024-10-05,2025-04-27,810,Elisa Albuquerque,dantealmeida@example.org,Guerra da Serra,DF,Beleza,Ullam,Genérica,2,974.1,1501.86,0,96.54,SITE,Boleto,2,aprovado,Total Express,Atrasado
2758,PED-82225,2025-12-01,2024-06-17,5,Bella Teixeira,mendoncamaria-laura@example.net,Porto Grande,TO,Eletrônicos,Sunt,Genérica,2,601.8,2809.3,0,46.27,Site,Pix,1,Aprovado,Correios,Atrasado
2759,PED-30091,2026-01-22,2025-02-14,493,Dra. Laís Vargas,maria-helenasampaio@example.net,Ramos,PI,Beleza,Molestiae,Samsung,3,574.06,302.53,0,29.08,Aplicativo,Débito,6,Aprovado,Jadlog,Entregue
2760,PED-87810,2025-07-12,2024-12-04,1134,Yasmin Cavalcanti,mateus39@example.net,Cirino,CE,eletronicos,Possimus,Samsung,2,1723.37,683.39,0,65.91,Aplicativo,Boleto,1,Aprovado,Correios,Entregue
2761,PED-91582,2024-08-30,2024-03-26,713,Igor Ribeiro,nsouza@example.net,Cardoso das Flores,ES,Beleza,Corrupti,Samsung,2,387.01,2717.83,10,76.27,Aplicativo,Crédito,1,Aprovado,Total Express,Entregue
2762,PED-96003,2026-01-11,2024-03-01,1192,Noah da Rocha,allanamendes@example.net,Campos,PI,Eletrônicos,In,Nike,4,3047.43,2957.99,0,98.5,SITE,Pix,12,Recusado,Total Express,Entregue
2763,PED-43708,2024-03-03,2025-08-02,448,Maria Isis Pastor,ucunha@example.com,da Mata,BA,Beleza,Architecto,Nike,1,1335.88,300.92,0,86.25,App,Boleto,3,Aprovado,Correios,Em trânsito
2764,PED-92097,2024-09-08,2025-12-16,120,Aylla Albuquerque,caldeiraluara@example.net,Garcia,AL,Beleza,Dolorum,Nike,1,510.14,535.18,0,108.73,App,Crédito,1,aprovado,Total Express,Atrasado
2765,PED-78114,2025-10-27,2025-04-01,20,Ayla da Cunha,renanda-rosa@example.com,Camargo de Cavalcante,PE,Beleza,Nobis,Genérica,2,1026.46,2511.22,30,13.68,SITE,Débito,1,Pendente,Total Express,Atrasado
2766,PED-11653,2025-11-28,2024-06-15,52,Luigi Nogueira,diaseduardo@example.com,Duarte de Marques,RJ,Roupas,Quae,Adidas,2,663.92,2457.73,20,28.01,App,Débito,6,Pendente,Jadlog,Entregue
2767,PED-57309,2024-11-30,2025-10-12,303,Gustavo Henrique Nogueira,pietrofreitas@example.com,Borges,TO,Eletrônicos,Totam,Apple,1,809.84,390.61,10,67.68,App,Débito,3,aprovado,Correios,Em trânsito
2768,PED-74763,2025-10-19,2025-06-11,55,Isabela da Costa,larissamoura@example.org,Fogaça,CE,Eletrônicos,Incidunt,Genérica,1,1433.08,1794.1,0,96.38,Aplicativo,Boleto,6,aprovado,Total Express,Entregue
2769,PED-33529,2025-09-29,2024-10-17,656,Sara das Neves,heloisa31@example.net,Mendes,RR,Eletrônicos,Fugiat,LG,2,1799.84,3067.62,0,51.88,SITE,Crédito,1,aprovado,Correios,Atrasado
2770,PED-85153,2025-08-01,2024-05-16,613,Sra. Ana Laura Novaes,raquel96@example.net,Almeida de Cirino,PR,Eletrônicos,Facere,Nike,3,770.07,3007.1,0,113.45,Site,Pix,12,aprovado,Correios,Atrasado
2771,PED-78407,2025-02-24,2025-09-27,576,Eloá Cassiano,leticiarios@example.net,da Mata de Porto,RS,Eletrônicos,Eligendi,Samsung,3,144.77,1162.11,0,0.32,App,Pix,1,Recusado,Jadlog,Em trânsito
2772,PED-68534,2024-02-11,2024-06-07,128,Rael Porto,da-matarael@example.org,Andrade da Serra,MT,eletronicos,Voluptate,Nike,5,914.24,1609.69,10,5.94,Site,Débito,1,Pendente,Jadlog,Em trânsito
2773,PED-96491,2025-12-23,2025-08-03,603,Caio Barros,vasconcelosjuan@example.net,Fernandes de Minas,PA,Eletrônicos,In,LG,5,851.41,1180.47,0,10.11,SITE,Boleto,1,Pendente,Total Express,Atrasado
2774,PED-68024,2024-06-01,2024-03-20,497,Gael Henrique Sales,vianajoao-guilherme@example.com,Azevedo Alegre,RR,eletronicos,Nam,Adidas,2,1998.24,456.43,30,65.66,SITE,Débito,1,Recusado,Correios,Entregue
2775,PED-30663,2025-06-04,2025-03-05,130,Srta. Ana Luiza Marques,rochasara@example.org,da Paz,TO,eletronicos,Sit,LG,1,1523.76,724.29,10,64.1,Site,Crédito,1,Aprovado,Correios,Em trânsito
2776,PED-15433,2024-03-25,2024-03-14,822,Francisco Ramos,maria-sophia94@example.net,Araújo,AL,Roupas,Eveniet,Samsung,1,2376.71,2251.23,0,102.7,Aplicativo,Crédito,6,Aprovado,Jadlog,Entregue
2777,PED-97594,2025-06-26,2025-07-11,805,Maria Júlia Sá,dante12@example.org,Mendonça,AL,Roupas,Quos,Adidas,3,3290.1,3009.44,20,52.28,app,Boleto,1,Aprovado,Correios,Em trânsito
2778,PED-17341,2025-01-13,2024-10-31,918,Dr. Luigi Macedo,da-rosamarcelo@example.com,Cavalcanti,PB,Beleza,Aut,Samsung,3,2239.78,1923.44,0,112.8,app,Crédito,3,Aprovado,Correios,Entregue
2779,PED-45962,2025-08-10,2025-02-10,687,Luiza Aragão,ryan70@example.com,Oliveira Grande,BA,Casa,Numquam,Nike,4,1653.29,1485.52,0,70.14,App,Débito,1,Pendente,Total Express,Entregue
2780,PED-22639,2024-04-01,2025-05-12,992,Ana Cecília Correia,sampaioantony@example.com,Dias do Norte,RR,Eletrônicos,Maiores,Adidas,2,2776.01,1601.98,0,39.73,Aplicativo,Boleto,12,Aprovado,Correios,Entregue
2781,PED-97225,2024-12-28,2026-01-20,422,Gabriela Gomes,heitorcunha@example.org,Pimenta,MG,Beleza,Magni,Samsung,3,2478.69,1257.52,0,36.64,app,Débito,2,Pendente,Total Express,Entregue
2782,PED-52283,2024-09-18,2025-03-16,389,Ana Clara Lopes,zcorreia@example.org,Alves,TO,eletronicos,Similique,Samsung,5,3215.05,2244.58,30,82.77,app,Pix,3,Pendente,Correios,Em trânsito
2783,PED-75802,2024-06-03,2026-01-21,1022,Stephany Gonçalves,fmonteiro@example.com,Fonseca de Lopes,PA,eletronicos,Vitae,Nike,2,2186.93,3073.61,0,25.8,App,Boleto,6,Aprovado,Correios,Atrasado
2784,PED-43414,2024-08-03,2025-07-07,62,Enrico Ribeiro,heloisa33@example.com,Mendes,PB,Beleza,Iste,Apple,5,1785.45,2347.62,0,85.66,app,Pix,12,Pendente,Jadlog,Atrasado
2785,PED-47486,2024-10-31,2024-06-13,546,Isis Machado,bmontenegro@example.org,Machado,MA,eletronicos,Nisi,Genérica,4,907.19,1972.47,0,86.74,Aplicativo,Pix,1,aprovado,Total Express,Entregue
2786,PED-82492,2024-07-14,2024-08-14,1133,Antônio Nascimento,da-pazjade@example.com,Camargo,AL,Casa,Soluta,Genérica,4,1448.15,2772.17,0,56.8,App,Débito,12,aprovado,Jadlog,Entregue
2787,PED-61174,2024-09-16,2025-03-30,324,Lara Cunha,helena76@example.com,da Paz das Flores,SP,Eletrônicos,Ullam,Samsung,4,1513.24,898.16,0,14.0,SITE,Crédito,1,Pendente,Total Express,Entregue
2788,PED-43479,2024-08-22,2025-08-10,704,Samuel Costa,pachecomatteo@example.org,Nogueira de Minas,GO,eletronicos,Recusandae,Nike,2,1433.97,2809.0,20,66.79,SITE,Débito,1,Recusado,Jadlog,Entregue
2789,PED-47134,2024-06-11,2025-07-31,566,Rafaela Cavalcanti,apollomoreira@example.org,Moraes do Amparo,SE,Roupas,Delectus,LG,3,2807.28,454.32,30,113.2,SITE,Pix,12,Recusado,Correios,Entregue
2790,PED-20157,2026-02-01,2025-06-13,216,Fernanda Garcia,amendes@example.org,Nogueira,DF,Casa,Possimus,LG,3,3118.46,964.17,20,39.89,App,Débito,12,Aprovado,Total Express,Atrasado
2791,PED-79661,2025-02-05,2025-01-05,613,Ayla da Rosa,yagomacedo@example.com,Duarte da Prata,SC,eletronicos,Laudantium,Genérica,3,1356.05,1794.55,0,8.95,app,Crédito,1,Pendente,Jadlog,Em trânsito
2792,PED-94106,2025-11-01,2024-10-31,356,Ana Luiza Sousa,cassianodaniela@example.com,Sales,PA,Roupas,Beatae,Genérica,4,1044.54,2073.89,20,118.88,SITE,Pix,2,aprovado,Jadlog,Entregue
2793,PED-95434,2025-09-06,2025-01-23,1082,Ana Vasconcelos,lorenzo72@example.com,Ribeiro de Minas,ES,Casa,Et,LG,5,2851.34,1292.46,0,7.34,App,Crédito,1,Recusado,Total Express,Entregue
2794,PED-79341,2024-06-03,2024-10-20,452,Thales da Rocha,nicolasmarques@example.com,Mendes,AL,Roupas,Distinctio,Nike,5,662.11,2421.41,0,5.85,Aplicativo,Débito,1,Recusado,Total Express,Entregue
2795,PED-19990,2024-09-24,2024-05-15,53,Marcos Vinicius Moraes,pereiraluisa@example.com,Duarte do Campo,RS,Beleza,Aperiam,Samsung,2,915.93,3429.94,0,89.13,app,Boleto,1,Recusado,Correios,Atrasado
2796,PED-16218,2024-09-27,2024-08-24,146,Zoe Machado,joao-lucascamara@example.com,Brito de da Rocha,RS,Roupas,Accusantium,Genérica,4,95.7,1501.48,30,70.84,Site,Crédito,2,Pendente,Correios,Atrasado
2797,PED-68441,2025-08-29,2025-01-17,634,Marcela Cavalcante,lopesjulia@example.net,Câmara,DF,Beleza,Qui,Samsung,2,2806.48,2795.51,20,109.54,app,Crédito,2,Recusado,Correios,Em trânsito
2798,PED-20161,2025-11-07,2025-02-28,546,Sra. Raquel Costela,borgesjoao-pedro@example.com,Novaes de Almeida,MS,Casa,Magnam,Samsung,3,2055.51,403.19,0,38.21,SITE,Débito,1,Pendente,Correios,Entregue
2799,PED-43334,2025-09-20,2025-10-10,108,Srta. Alexia Azevedo,da-pazstella@example.org,Pimenta de Mendes,MA,eletronicos,Accusamus,Nike,2,1974.83,2849.18,20,49.87,app,Débito,6,aprovado,Correios,Entregue
2800,PED-17874,2024-08-21,2025-11-25,1135,Theo Peixoto,juanferreira@example.org,Camargo de Sá,CE,Casa,Illo,Samsung,3,2628.99,2178.99,0,16.92,Site,Boleto,3,Pendente,Jadlog,Atrasado
2801,PED-89234,2025-08-05,2025-02-22,928,Maria Clara Duarte,zsouza@example.org,Pires,PR,Beleza,Voluptates,LG,2,161.85,262.71,0,34.31,App,Pix,1,Recusado,Jadlog,Entregue
2802,PED-94100,2025-06-24,2024-12-09,975,Julia Silva,martinshellena@example.net,Cirino das Flores,TO,eletronicos,Sapiente,Nike,2,901.08,2961.6,10,8.13,App,Pix,1,Recusado,Total Express,Atrasado
2803,PED-88593,2025-11-12,2025-09-24,560,Sra. Maria Luísa Andrade,marcelaguerra@example.net,Nogueira de da Cunha,MT,Casa,Exercitationem,LG,4,2456.48,786.02,10,84.28,app,Débito,3,aprovado,Correios,Em trânsito
2804,PED-51207,2024-07-30,2025-03-25,1022,Raul da Cruz,ovieira@example.net,da Cruz,DF,Casa,Dolore,Adidas,4,2327.27,2122.82,20,101.83,SITE,Boleto,2,Pendente,Correios,Em trânsito
2805,PED-50879,2024-11-05,2024-04-09,205,Maria Júlia Martins,caleb73@example.com,Casa Grande do Campo,GO,Eletrônicos,Voluptates,LG,5,803.54,990.45,30,64.26,App,Crédito,12,Recusado,Correios,Atrasado
2806,PED-17297,2025-10-01,2025-09-23,485,Sr. Théo Cavalcante,bfarias@example.org,Nunes de Goiás,RS,Roupas,Similique,Nike,1,3067.28,1881.05,20,75.92,app,Boleto,2,Aprovado,Total Express,Em trânsito
2807,PED-37718,2024-03-16,2024-08-04,732,Dra. Maria Júlia Borges,enricoda-mota@example.org,Costela,BA,Roupas,Occaecati,Genérica,4,3179.85,1405.15,10,39.2,Site,Débito,1,Aprovado,Correios,Atrasado
2808,PED-48137,2026-01-04,2025-01-01,266,Maria Isis Aragão,brendaborges@example.com,da Cruz,SE,Casa,Placeat,Apple,2,1359.93,2942.69,0,109.79,app,Crédito,12,aprovado,Jadlog,Em trânsito
2809,PED-86339,2024-05-30,2025-03-21,601,Dr. Ian Cavalcanti,baparecida@example.net,Costela de Cavalcante,MA,Eletrônicos,Cumque,Adidas,3,3440.2,2142.58,0,38.6,App,Débito,1,aprovado,Jadlog,Atrasado
2810,PED-42004,2025-09-03,2024-03-17,964,Danilo Garcia,calebe86@example.com,Sousa,ES,Casa,Adipisci,Genérica,5,1191.44,2889.2,30,107.34,App,Pix,2,aprovado,Jadlog,Em trânsito
2811,PED-83417,2024-03-14,2025-01-16,723,Yan da Cruz,ramosamanda@example.com,Montenegro Alegre,RS,eletronicos,Ratione,LG,1,638.1,3303.93,30,66.1,App,Boleto,2,Aprovado,Correios,Atrasado
2812,PED-74457,2024-08-16,2025-01-15,665,Ana Beatriz Barbosa,cavalcanteanthony@example.com,Vieira de da Cruz,PB,eletronicos,Occaecati,Apple,4,2082.01,2239.15,0,74.54,app,Boleto,1,aprovado,Correios,Atrasado
2813,PED-62089,2024-08-11,2024-07-05,1017,Bruno Fonseca,benjaminmarques@example.net,Freitas,MT,Roupas,Repellat,Genérica,5,3328.22,1994.9,0,17.07,SITE,Pix,1,Aprovado,Jadlog,Entregue
2814,PED-17713,2024-08-29,2024-05-01,1148,Julia Brito,erickpeixoto@example.com,Casa Grande,AL,Roupas,Repellendus,Samsung,3,2017.71,333.41,0,33.94,Aplicativo,Pix,2,Recusado,Correios,Atrasado
2815,PED-81218,2024-12-22,2025-11-09,698,Sr. Luiz Henrique Sousa,vda-conceicao@example.net,Leão,GO,Eletrônicos,Impedit,Genérica,2,2381.22,2148.54,10,45.01,SITE,Pix,1,Recusado,Jadlog,Entregue
2816,PED-50932,2024-11-22,2025-07-15,268,Olívia Fogaça,oribeiro@example.net,Fernandes,SP,Casa,Sequi,Genérica,2,125.09,255.45,0,16.89,Aplicativo,Débito,1,Recusado,Jadlog,Entregue
2817,PED-19037,2025-12-05,2024-07-20,1080,Thiago Pires,theo79@example.net,Martins da Praia,RO,Beleza,A,Nike,5,1761.29,1598.44,20,21.55,Aplicativo,Pix,3,aprovado,Total Express,Entregue
2818,PED-76530,2024-12-14,2024-05-26,85,Luan Moreira,smontenegro@example.com,Correia,PE,Roupas,Quis,Samsung,5,277.55,343.35,10,5.79,SITE,Débito,12,aprovado,Correios,Atrasado
2819,PED-58982,2024-10-26,2025-03-19,598,Olivia Aragão,gustavo60@example.com,Pereira,MA,Roupas,Suscipit,Samsung,5,2292.86,911.81,30,96.52,Aplicativo,Crédito,6,aprovado,Total Express,Entregue
2820,PED-92635,2025-01-21,2025-02-09,408,Brenda Sampaio,sophieandrade@example.org,Correia Alegre,AM,Eletrônicos,Qui,Apple,4,3191.55,1913.99,30,19.0,Site,Crédito,3,aprovado,Jadlog,Em trânsito
2821,PED-64158,2024-09-13,2025-02-05,1022,Dr. Benjamin Nunes,freitasenzo@example.com,Gomes,RJ,Casa,Ipsam,Nike,4,878.58,1485.33,10,45.3,App,Pix,1,Recusado,Total Express,Entregue
2822,PED-37266,2025-07-17,2025-03-05,513,Sr. Yuri Cirino,dmoraes@example.net,da Cunha,RJ,Beleza,Accusamus,Samsung,5,1191.34,3019.99,0,24.25,Site,Crédito,1,aprovado,Jadlog,Atrasado
2823,PED-36780,2024-05-14,2025-06-04,1176,Mariane Costela,guilherme51@example.com,Mendonça do Galho,PR,Roupas,Ullam,LG,2,860.89,220.14,20,87.79,SITE,Débito,6,aprovado,Correios,Atrasado
2824,PED-20780,2024-06-24,2025-04-05,422,Sra. Lorena Novaes,enzofogaca@example.org,Lopes Verde,AL,Roupas,Laborum,Genérica,1,1124.07,2309.15,0,40.36,Site,Boleto,1,aprovado,Jadlog,Em trânsito
2825,PED-12275,2025-06-21,2025-07-20,886,Maria Flor da Cruz,gcostela@example.org,da Costa,MT,eletronicos,Ipsa,Nike,1,1380.0,1020.97,0,38.38,Site,Pix,1,Pendente,Jadlog,Entregue
2826,PED-24072,2025-03-01,2024-03-06,861,Larissa Freitas,pauloalmeida@example.org,Brito do Amparo,AL,Roupas,Soluta,Adidas,2,2584.92,929.67,0,54.38,app,Boleto,1,Aprovado,Correios,Atrasado
2827,PED-46945,2024-08-17,2025-03-23,110,Sr. Mateus Aragão,tsampaio@example.net,Caldeira de Costa,RN,Casa,Amet,Adidas,3,2896.43,3217.88,0,20.13,Site,Débito,1,Recusado,Total Express,Atrasado
2828,PED-37032,2025-10-02,2025-07-19,930,Luigi Cavalcante,mpeixoto@example.com,Fogaça de Brito,RR,Casa,Aspernatur,Samsung,2,1341.13,673.54,0,63.69,app,Crédito,3,Recusado,Total Express,Em trânsito
2829,PED-20820,2024-05-18,2024-03-18,787,Emanuella Santos,uaragao@example.org,Garcia,MA,Roupas,Nostrum,Adidas,5,281.91,2488.7,20,33.16,Aplicativo,Pix,1,Pendente,Jadlog,Em trânsito
2830,PED-28924,2025-05-09,2024-12-01,488,Maria Cecília Garcia,juan55@example.org,da Luz de Leão,MA,Beleza,Expedita,Samsung,1,939.5,3391.44,0,36.38,SITE,Boleto,2,Recusado,Jadlog,Em trânsito
2831,PED-74711,2024-12-21,2024-09-28,20,Anna Liz Pastor,cmoraes@example.org,Cassiano da Prata,MA,Eletrônicos,Illo,Adidas,5,1671.24,1733.83,30,41.6,Site,Crédito,6,Recusado,Jadlog,Em trânsito
2832,PED-15700,2025-08-02,2024-04-29,468,Luigi Aparecida,davi-miguel14@example.net,Ferreira da Mata,RO,Casa,Deserunt,Nike,2,2667.76,3338.04,0,89.15,app,Crédito,1,Recusado,Total Express,Entregue
2833,PED-70480,2024-12-15,2024-04-19,991,Júlia Ferreira,luiz-gustavocassiano@example.net,Santos,PI,Eletrônicos,Magni,Genérica,4,882.53,2468.63,10,5.15,SITE,Crédito,2,Aprovado,Correios,Atrasado
2834,PED-49068,2024-05-17,2025-09-27,26,Kamilly Peixoto,beniciomachado@example.org,Jesus,BA,Casa,Similique,Adidas,5,489.88,2414.05,0,46.24,App,Pix,2,Recusado,Correios,Em trânsito
2835,PED-55260,2025-04-13,2024-02-21,592,Dr. Danilo Silva,domrodrigues@example.com,Gomes,MA,eletronicos,Sequi,Genérica,5,2505.13,2349.91,0,104.3,app,Boleto,2,Recusado,Correios,Em trânsito
2836,PED-99136,2025-03-16,2026-01-23,107,Laís Gonçalves,sampaiomaria-eduarda@example.com,Sá,RR,Casa,Exercitationem,Nike,5,3277.6,292.32,0,89.13,Site,Pix,1,Pendente,Total Express,Em trânsito
2837,PED-20610,2024-08-01,2025-08-09,863,Miguel Sales,leandrosales@example.org,Melo de Cassiano,AL,Casa,Est,Adidas,5,3125.63,3432.22,20,28.74,SITE,Boleto,1,Pendente,Total Express,Entregue
2838,PED-54778,2025-11-07,2024-12-20,1165,Juliana Abreu,silvayuri@example.org,da Cunha dos Dourados,RR,Roupas,Sed,LG,1,2449.83,452.16,0,26.29,app,Pix,2,aprovado,Correios,Entregue
2839,PED-44183,2024-05-07,2024-08-06,761,Matteo Montenegro,qfogaca@example.com,Ribeiro de da Cunha,RN,Eletrônicos,Provident,Adidas,2,1337.52,2144.12,0,71.22,Site,Débito,6,Pendente,Total Express,Em trânsito
2840,PED-50880,2025-05-04,2025-10-13,1143,Antônio Leão,pimentaeduarda@example.com,Andrade da Prata,AP,Casa,Eveniet,Adidas,4,1959.39,1863.3,20,90.44,app,Boleto,6,aprovado,Correios,Atrasado
2841,PED-65686,2026-01-02,2024-12-08,460,Camila Mendonça,moraesantony@example.net,Correia das Flores,RO,Eletrônicos,Minus,LG,2,1756.58,225.78,30,24.58,app,Débito,1,Recusado,Total Express,Atrasado
2842,PED-20299,2025-02-06,2025-03-10,865,Sr. Rodrigo da Mata,anthony74@example.org,Duarte,MT,Roupas,Magni,Apple,2,64.92,465.73,10,33.79,app,Crédito,1,Pendente,Jadlog,Entregue
2843,PED-24145,2025-06-11,2025-01-12,186,Heloisa Viana,carvalholuisa@example.org,Porto,AC,Beleza,Nihil,Adidas,4,890.82,3486.87,30,2.04,app,Pix,6,Recusado,Correios,Em trânsito
2844,PED-10580,2025-11-06,2025-06-11,861,Helena Moura,clarice01@example.org,Correia do Sul,RO,eletronicos,Aspernatur,Apple,2,91.64,700.54,10,56.45,App,Boleto,2,Recusado,Jadlog,Atrasado
2845,PED-47923,2025-05-25,2024-02-20,341,Alice Monteiro,dante47@example.net,Albuquerque de Viana,RJ,Beleza,Iusto,Adidas,3,2811.34,56.44,0,105.58,Site,Débito,12,aprovado,Jadlog,Entregue
2846,PED-12420,2025-02-09,2025-03-05,447,Antony Correia,ceciliada-cruz@example.com,Moura,AC,eletronicos,Dolor,LG,5,650.7,1583.49,30,118.43,SITE,Pix,1,aprovado,Jadlog,Em trânsito
2847,PED-20598,2025-11-19,2024-05-29,238,Yago Silva,bda-costa@example.net,da Rosa,AP,Beleza,Laudantium,Adidas,2,94.39,887.78,20,0.4,Aplicativo,Pix,3,Pendente,Correios,Atrasado
2848,PED-18795,2024-05-09,2024-09-14,1152,Breno Cirino,joanasousa@example.net,Viana do Norte,SE,Roupas,Perferendis,Apple,1,2500.09,373.91,0,60.3,Site,Boleto,2,Aprovado,Correios,Atrasado
2849,PED-61289,2024-04-12,2025-03-08,869,Ana Beatriz Farias,oliveiradaniela@example.org,Aparecida de Minas,PA,Casa,Hic,Nike,2,1403.38,2534.14,20,36.45,SITE,Crédito,6,aprovado,Correios,Em trânsito
2850,PED-52777,2024-06-09,2025-08-14,1191,Benício Almeida,pnunes@example.org,Aparecida da Praia,PE,Beleza,Voluptates,LG,3,85.09,743.63,30,58.96,Site,Débito,6,Recusado,Correios,Entregue
2851,PED-74299,2024-02-22,2024-03-03,740,Igor Gonçalves,gael-henriquenovaes@example.com,Campos Verde,PE,eletronicos,Vero,LG,2,2348.72,421.41,0,18.64,App,Pix,1,Pendente,Total Express,Em trânsito
2852,PED-64336,2025-03-12,2025-08-10,925,Maria Alice Azevedo,xcorreia@example.org,Rodrigues,SE,Eletrônicos,Dicta,Adidas,3,213.66,2831.52,30,29.94,App,Boleto,3,Pendente,Total Express,Entregue
2853,PED-69779,2024-11-07,2025-08-31,138,Ísis Santos,qmartins@example.net,Mendes das Pedras,ES,eletronicos,Aspernatur,Genérica,4,1187.68,1029.93,20,35.05,app,Crédito,3,Recusado,Correios,Atrasado
2854,PED-88563,2025-01-03,2025-07-18,1035,Bruno Moraes,hmoraes@example.org,Lopes,RS,eletronicos,Maxime,Adidas,5,3153.14,3187.16,30,8.86,Site,Pix,3,Pendente,Jadlog,Em trânsito
2855,PED-64218,2024-11-27,2024-12-25,550,Sra. Cecília Ramos,das-nevesliam@example.net,Peixoto,RR,Beleza,Ullam,Samsung,2,1429.86,342.9,0,52.86,App,Débito,3,aprovado,Correios,Atrasado
2856,PED-60689,2024-09-27,2025-10-18,223,José Pedro Mendonça,antonio77@example.com,Moura,MA,Beleza,Hic,Genérica,3,2315.09,2494.1,20,79.97,Site,Débito,3,Recusado,Total Express,Em trânsito
2857,PED-86074,2026-01-09,2024-08-05,608,Maria Alice Gomes,fpimenta@example.org,Freitas,DF,eletronicos,Occaecati,Genérica,3,2604.22,1153.45,10,100.04,Aplicativo,Boleto,1,aprovado,Total Express,Atrasado
2858,PED-67269,2025-10-25,2024-12-31,703,Sr. Otto Castro,cunhaelisa@example.org,da Mata,TO,Roupas,Maxime,Samsung,1,2489.27,2060.04,0,83.69,app,Pix,6,Pendente,Total Express,Em trânsito
2859,PED-77576,2024-02-28,2024-08-14,385,Ana Luiza Freitas,dporto@example.net,Cardoso de Macedo,RS,eletronicos,Velit,Apple,5,2454.53,3406.76,0,115.11,app,Débito,2,Aprovado,Correios,Atrasado
2860,PED-47326,2024-12-08,2024-10-01,179,Bryan Barros,oazevedo@example.com,Moura,SC,eletronicos,Animi,Genérica,4,155.88,1370.87,20,93.0,SITE,Boleto,1,Pendente,Total Express,Entregue
2861,PED-67454,2025-12-17,2024-07-13,279,Caroline Marques,nunesmaria-clara@example.com,Andrade da Serra,DF,Eletrônicos,Repellat,Genérica,2,150.28,3009.81,0,111.17,SITE,Crédito,1,aprovado,Correios,Atrasado
2862,PED-90976,2025-07-13,2025-03-28,875,Luísa Rocha,macedoantony@example.net,da Mota da Praia,AM,Casa,Tempore,Nike,4,3425.83,1577.92,0,23.92,Aplicativo,Débito,1,Recusado,Total Express,Entregue
2863,PED-59195,2024-04-18,2025-09-26,741,Breno Azevedo,gabrielly53@example.com,Rocha,MT,Casa,Facere,Nike,1,1637.0,397.21,30,83.58,App,Boleto,6,Recusado,Jadlog,Em trânsito
2864,PED-35400,2024-09-09,2025-01-26,836,Valentim Mendes,sofia13@example.com,Cardoso de Fogaça,PA,Casa,Consectetur,Nike,1,1145.88,1399.27,10,24.15,SITE,Crédito,2,Recusado,Total Express,Atrasado
2865,PED-10738,2024-10-08,2025-06-06,700,Bruno Pires,isaacborges@example.com,Pimenta de Souza,PB,Roupas,Quibusdam,Nike,5,2305.62,1758.28,0,86.24,Site,Pix,3,Pendente,Total Express,Entregue
2866,PED-17619,2024-09-11,2025-07-08,330,Mariane Brito,murilo87@example.org,Monteiro,PA,Roupas,Dicta,Apple,1,521.26,2084.8,0,50.69,Aplicativo,Débito,1,Recusado,Jadlog,Atrasado
2867,PED-16383,2026-01-27,2025-05-22,67,Sr. Diogo da Rosa,agatha52@example.com,Marques dos Dourados,PB,Beleza,Architecto,LG,5,228.53,98.75,0,93.55,Aplicativo,Crédito,12,Recusado,Total Express,Em trânsito
2868,PED-11703,2024-07-13,2024-10-19,84,Dra. Maria Cecília Aparecida,leo48@example.net,Cirino,PA,Eletrônicos,Praesentium,Samsung,5,2366.75,3383.31,0,54.09,app,Pix,1,Pendente,Jadlog,Atrasado
2869,PED-40381,2024-04-06,2026-01-02,633,Carlos Eduardo Farias,paulopinto@example.net,Silveira,RN,Casa,Dolorem,LG,2,2963.7,2648.67,0,98.43,Site,Pix,1,aprovado,Correios,Atrasado
2870,PED-79616,2024-08-11,2025-12-09,652,Bento Pastor,augusto14@example.net,Rezende,RS,Beleza,Iusto,Nike,4,283.51,805.67,0,24.14,Site,Pix,1,aprovado,Total Express,Atrasado
2871,PED-93545,2025-01-08,2024-02-13,519,José Ferreira,fmacedo@example.com,das Neves,PE,eletronicos,Nisi,LG,1,407.3,3384.34,20,78.75,SITE,Pix,3,Recusado,Total Express,Entregue
2872,PED-85736,2025-05-15,2025-03-23,602,Juan Porto,rhavi57@example.org,Mendes,RN,eletronicos,Numquam,Genérica,5,1025.27,2898.64,0,67.77,app,Crédito,6,aprovado,Correios,Entregue
2873,PED-83114,2024-10-23,2025-10-14,1111,Sofia Cunha,heitorcaldeira@example.org,Vasconcelos,RJ,Casa,Enim,Genérica,4,3456.04,1392.7,10,4.35,Aplicativo,Débito,12,Recusado,Correios,Entregue
2874,PED-50598,2025-06-25,2025-09-10,35,Maria Julia Cassiano,antonioda-cunha@example.org,Moraes,PB,eletronicos,Asperiores,Adidas,5,2872.47,1672.83,0,64.05,App,Pix,6,aprovado,Correios,Atrasado
2875,PED-23096,2024-05-29,2024-11-27,1046,Júlia Monteiro,levi32@example.org,Marques,RN,eletronicos,Laudantium,Nike,2,605.73,2658.98,30,24.54,app,Boleto,6,Aprovado,Correios,Em trânsito
2876,PED-60053,2024-10-22,2025-10-29,497,Ana Duarte,camaraeloah@example.org,Novais,CE,Beleza,Nemo,Apple,1,1678.14,1251.47,0,67.11,app,Pix,1,aprovado,Correios,Entregue
2877,PED-20181,2024-07-13,2025-01-03,963,Srta. Maitê Novais,da-costalivia@example.com,Dias,RO,Beleza,Eligendi,Nike,1,1226.86,2910.77,10,101.07,Aplicativo,Crédito,3,aprovado,Total Express,Atrasado
2878,PED-83227,2026-01-13,2024-11-19,1132,Aurora Pereira,davi-luccamonteiro@example.org,Vasconcelos,AL,Beleza,Adipisci,Apple,1,3067.27,253.81,0,63.68,Aplicativo,Pix,12,Pendente,Jadlog,Entregue
2879,PED-56861,2024-08-02,2024-10-03,1032,Stephany Fernandes,caleb89@example.org,Câmara,PB,Beleza,Commodi,Apple,2,2394.54,94.64,10,1.56,Aplicativo,Boleto,3,Pendente,Correios,Atrasado
2880,PED-94332,2024-12-25,2024-04-29,348,Alícia Albuquerque,isissouza@example.net,Albuquerque do Galho,TO,Roupas,Inventore,Adidas,4,2335.25,653.64,0,40.99,Aplicativo,Crédito,1,Pendente,Jadlog,Atrasado
2881,PED-64290,2025-03-27,2025-07-26,977,Matteo Lopes,rcamara@example.org,Silva Verde,PA,Roupas,Excepturi,Genérica,3,376.87,2620.6,0,27.47,App,Débito,1,Pendente,Total Express,Em trânsito
2882,PED-48950,2024-03-23,2024-04-04,1062,Lorena Silva,joaquim23@example.com,da Costa,RS,Beleza,Consequuntur,Apple,3,531.26,1496.45,20,68.81,Site,Crédito,12,Recusado,Correios,Entregue
2883,PED-24708,2024-07-04,2024-10-20,645,Lorena Silveira,aandrade@example.org,da Rocha,MA,Casa,Assumenda,Nike,2,2766.35,1924.89,0,8.95,Aplicativo,Boleto,1,Pendente,Jadlog,Entregue
2884,PED-95066,2025-08-26,2024-08-02,755,Camila Camargo,xvargas@example.net,Guerra Paulista,SC,Eletrônicos,Placeat,Genérica,4,2640.63,2970.15,20,1.11,app,Débito,3,aprovado,Correios,Atrasado
2885,PED-39273,2025-02-07,2024-07-08,531,Luísa Garcia,stephany64@example.net,Cassiano da Mata,RN,Casa,Facilis,LG,1,662.3,1722.79,20,114.37,Site,Débito,6,Recusado,Total Express,Atrasado
2886,PED-55102,2025-02-12,2025-08-06,772,Srta. Ágatha Vargas,jsantos@example.com,Pinto da Mata,SC,eletronicos,Neque,Genérica,2,2996.68,2732.12,20,18.09,App,Pix,1,Recusado,Jadlog,Em trânsito
2887,PED-17025,2025-04-26,2025-04-19,695,Kevin Correia,urocha@example.org,Silva,DF,Eletrônicos,Quos,LG,3,2542.51,2993.64,30,16.02,SITE,Crédito,12,aprovado,Correios,Em trânsito
2888,PED-98766,2024-03-04,2025-02-17,298,Dra. Stephany Pinto,maria-luiza16@example.com,Brito Verde,SE,Casa,Vero,Samsung,4,429.85,1862.4,30,46.76,SITE,Boleto,3,Pendente,Total Express,Em trânsito
2889,PED-73098,2025-08-03,2025-03-06,856,Ana Cunha,lucas45@example.org,Duarte,PE,eletronicos,Eos,Apple,4,134.82,2411.63,0,78.17,App,Boleto,3,Pendente,Total Express,Entregue
2890,PED-64160,2024-04-07,2024-12-08,1079,Bárbara Martins,agomes@example.org,Teixeira Grande,GO,Eletrônicos,Id,Adidas,2,3217.12,2798.01,0,21.46,app,Pix,1,aprovado,Total Express,Entregue
2891,PED-28284,2024-10-26,2024-07-02,1046,Clarice Vargas,laura25@example.com,Pacheco das Flores,BA,Eletrônicos,Cumque,Nike,2,1252.39,2413.95,0,104.1,Site,Pix,1,Recusado,Jadlog,Em trânsito
2892,PED-18444,2024-06-03,2025-03-19,1105,Lorena Azevedo,ccarvalho@example.net,Rodrigues,DF,Beleza,Consequuntur,Apple,3,1908.76,1877.94,0,10.26,Site,Crédito,1,Recusado,Jadlog,Entregue
2893,PED-13668,2024-09-27,2024-12-11,416,Luiza Abreu,lmoraes@example.com,da Mata Alegre,ES,eletronicos,Voluptatem,Adidas,2,1537.27,708.2,30,36.33,app,Crédito,1,Pendente,Total Express,Atrasado
2894,PED-59847,2025-05-12,2025-09-17,738,Dra. Sabrina Pimenta,gabrielabarros@example.net,Rodrigues,AM,Casa,Perspiciatis,Samsung,4,2907.7,1787.92,30,52.4,SITE,Crédito,1,aprovado,Total Express,Em trânsito
2895,PED-17822,2024-02-12,2025-07-03,1075,Davi Lucca Moura,hviana@example.net,Azevedo,MS,Casa,Modi,Apple,5,1456.85,1900.05,10,35.06,SITE,Pix,2,Pendente,Correios,Atrasado
2896,PED-99139,2024-04-30,2024-08-04,1073,Théo Pereira,zoecavalcanti@example.com,Ribeiro,AM,Beleza,Impedit,Apple,2,119.98,636.49,0,65.32,SITE,Pix,2,Pendente,Total Express,Entregue
2897,PED-61502,2024-05-17,2025-12-04,429,Luiz Gustavo Montenegro,hcorreia@example.com,Campos do Sul,TO,Eletrônicos,Voluptas,Nike,2,892.1,2989.16,0,46.49,Site,Boleto,1,Pendente,Correios,Atrasado
2898,PED-11871,2025-07-21,2024-03-18,483,João Felipe Sales,kaiquefonseca@example.com,Casa Grande,PA,eletronicos,Laborum,Genérica,4,1125.01,219.4,0,93.95,Aplicativo,Pix,3,Aprovado,Total Express,Entregue
2899,PED-66768,2024-08-01,2025-03-13,491,Maria Cecília Camargo,luanrezende@example.net,Pinto de Teixeira,AL,Roupas,Eligendi,Genérica,2,3011.64,2395.35,0,113.13,Site,Crédito,2,Pendente,Correios,Em trânsito
2900,PED-66561,2024-02-09,2025-10-11,367,Mariana Vieira,pintodavi-luiz@example.net,Pinto da Prata,AM,eletronicos,Libero,Adidas,3,1301.77,1147.63,0,34.81,Site,Pix,2,Pendente,Correios,Entregue
2901,PED-85358,2025-10-05,2024-04-11,721,Manuella Araújo,mirellanovais@example.com,Abreu do Amparo,SE,Eletrônicos,Error,Samsung,1,1814.5,1868.32,0,4.37,Aplicativo,Crédito,6,Aprovado,Correios,Em trânsito
2902,PED-10803,2024-04-28,2024-05-19,607,Bryan Pereira,heloisacasa-grande@example.org,Farias,RS,Casa,Deleniti,Adidas,1,2248.14,1575.58,20,79.21,SITE,Crédito,12,Pendente,Correios,Em trânsito
2903,PED-46366,2024-10-11,2024-05-01,149,Nicolas Andrade,uvargas@example.net,Cavalcante das Flores,CE,Eletrônicos,Voluptates,Nike,4,2211.38,1932.63,0,38.33,Aplicativo,Débito,12,aprovado,Correios,Em trânsito
2904,PED-55763,2025-05-19,2025-06-26,115,Júlia Casa Grande,mfogaca@example.com,Pimenta,MT,eletronicos,Voluptatem,Genérica,3,577.42,779.53,20,68.67,App,Pix,6,Recusado,Correios,Em trânsito
2905,PED-19996,2025-06-29,2024-06-02,139,Alexia Albuquerque,kaiqueviana@example.com,Martins,PR,Eletrônicos,Cupiditate,Genérica,4,2658.03,2177.08,0,2.88,SITE,Crédito,1,Aprovado,Jadlog,Em trânsito
2906,PED-68262,2024-07-12,2024-06-25,194,Thomas Pacheco,wgarcia@example.org,Nogueira de Guerra,DF,Roupas,Odit,Adidas,3,857.25,817.19,0,93.14,Aplicativo,Crédito,1,Pendente,Total Express,Em trânsito
2907,PED-56770,2025-07-30,2025-06-16,524,Dr. Emanuel Moreira,antonella76@example.org,Barros,MT,Eletrônicos,Ipsa,Apple,5,3220.93,3038.96,30,19.9,app,Débito,1,Aprovado,Correios,Atrasado
2908,PED-98011,2025-10-15,2025-01-08,1125,Dra. Emanuelly Vargas,gpereira@example.org,Correia,MS,Eletrônicos,Iusto,LG,2,214.08,2073.46,30,42.51,Site,Boleto,12,Pendente,Total Express,Entregue
2909,PED-25754,2024-02-27,2024-06-28,324,André Fogaça,aragaoleticia@example.com,Novais,SP,Casa,Iure,Adidas,4,623.54,3378.77,0,91.11,Aplicativo,Débito,6,aprovado,Jadlog,Atrasado
2910,PED-88661,2025-05-05,2025-12-06,130,Dr. Luiz Henrique Carvalho,lara76@example.net,Vieira da Serra,CE,eletronicos,Veritatis,Adidas,3,873.2,902.37,30,90.05,App,Crédito,6,aprovado,Jadlog,Em trânsito
2911,PED-88689,2025-03-02,2025-02-08,814,Mariane Sales,paulonovais@example.com,Cirino,DF,eletronicos,Est,Apple,5,844.72,3362.98,0,5.67,SITE,Boleto,6,Pendente,Jadlog,Em trânsito
2912,PED-37588,2024-02-08,2024-10-24,1197,Liam Araújo,alana11@example.net,Nogueira,RJ,Beleza,Error,LG,2,2958.27,1989.39,0,88.49,Site,Débito,1,Aprovado,Total Express,Em trânsito
2913,PED-93960,2025-07-03,2025-09-30,522,Sophie Alves,gcampos@example.net,Alves do Campo,RS,Eletrônicos,Perspiciatis,LG,5,1469.55,897.98,0,70.89,Site,Pix,12,Aprovado,Jadlog,Entregue
2914,PED-45701,2025-10-10,2025-04-28,1047,Yago Fernandes,mateus33@example.com,Sá de Alves,TO,Casa,Voluptas,Genérica,1,1204.3,145.67,0,14.15,SITE,Débito,2,Pendente,Correios,Entregue
2915,PED-17779,2025-12-06,2024-05-05,107,Vinícius Vieira,araujomaria@example.org,Fernandes,AM,Casa,Perferendis,LG,3,937.19,2024.74,0,68.16,Site,Boleto,1,Pendente,Jadlog,Atrasado
2916,PED-11295,2025-06-24,2025-11-30,61,Marcela Campos,joao-felipe29@example.com,Brito Alegre,AP,eletronicos,Qui,Genérica,3,1280.08,1871.16,20,82.54,app,Boleto,1,Pendente,Correios,Em trânsito
2917,PED-48505,2024-09-04,2025-09-29,570,Natália Fonseca,aliciasilva@example.org,Pires,GO,Beleza,Dolores,Nike,4,1350.78,66.95,0,26.29,Aplicativo,Crédito,12,Recusado,Jadlog,Em trânsito
2918,PED-23570,2025-05-19,2025-01-17,304,Lavínia Melo,wvieira@example.com,Oliveira da Serra,SP,Eletrônicos,Cumque,Adidas,1,1924.15,715.71,20,71.31,app,Débito,1,aprovado,Total Express,Atrasado
2919,PED-86759,2024-05-02,2024-08-18,578,Ian Costela,lda-luz@example.com,Montenegro de Goiás,RJ,Eletrônicos,Tempora,LG,2,2053.98,2719.32,0,48.26,SITE,Boleto,3,Recusado,Jadlog,Em trânsito
2920,PED-58951,2024-06-23,2025-06-07,272,Amanda Alves,rfarias@example.org,Rocha da Mata,AP,Casa,Quas,Nike,5,1049.36,1978.27,0,26.04,Site,Boleto,1,Pendente,Jadlog,Atrasado
2921,PED-19109,2025-01-15,2024-06-05,942,Sr. Enrico Pimenta,bianca89@example.com,Carvalho da Serra,RJ,Roupas,Itaque,Apple,3,2928.08,1959.49,0,40.6,Aplicativo,Boleto,1,aprovado,Total Express,Atrasado
2922,PED-40151,2024-05-26,2024-12-22,451,Thales Brito,peixotoasafe@example.net,Pastor de Gonçalves,BA,Eletrônicos,Fuga,Apple,5,2681.91,1284.74,20,44.0,Aplicativo,Crédito,3,Recusado,Correios,Entregue
2923,PED-88654,2025-09-09,2025-09-16,1145,Antony Rios,rodriguescecilia@example.net,da Cunha,MA,Casa,Fugiat,Apple,3,2481.62,154.17,0,30.48,app,Boleto,12,Recusado,Jadlog,Em trânsito
2924,PED-45695,2025-04-13,2025-10-23,1003,Melina Rocha,alexiasampaio@example.com,Alves da Prata,SC,eletronicos,Iste,Genérica,4,3003.94,177.45,20,114.33,Site,Boleto,2,Aprovado,Total Express,Em trânsito
2925,PED-57788,2024-03-27,2025-04-06,798,Liam Cavalcante,marceloaparecida@example.com,Teixeira do Campo,AC,Roupas,Tempore,Adidas,4,3313.04,853.9,10,11.29,Site,Débito,12,Recusado,Correios,Em trânsito
2926,PED-71622,2025-02-15,2025-01-10,422,Pedro Miguel Monteiro,xalmeida@example.net,Pinto,SE,Casa,Inventore,Adidas,5,383.17,226.57,30,2.42,Site,Boleto,1,Pendente,Total Express,Atrasado
2927,PED-46426,2025-08-31,2025-12-02,440,Mariane Marques,alanaalbuquerque@example.org,Garcia do Campo,MS,Eletrônicos,Sed,Nike,2,2827.65,3147.56,20,79.23,app,Boleto,6,Pendente,Correios,Atrasado
2928,PED-65619,2025-04-25,2024-05-30,1181,Aurora Nunes,borgescaroline@example.net,Moreira Alegre,PR,Beleza,Necessitatibus,Samsung,4,1154.95,1645.95,0,49.22,App,Crédito,1,Aprovado,Jadlog,Atrasado
2929,PED-53491,2025-07-27,2024-07-18,901,Lucca Pinto,theodoro90@example.com,da Luz,MG,Beleza,Ea,Genérica,4,1599.93,3199.54,0,46.2,Aplicativo,Débito,3,Aprovado,Total Express,Entregue
2930,PED-86919,2024-09-30,2025-02-24,241,Davi Brito,kbrito@example.org,Santos Grande,AC,eletronicos,Tempora,Nike,5,2202.08,2975.14,20,44.04,SITE,Pix,3,Aprovado,Total Express,Em trânsito
2931,PED-13385,2024-03-08,2024-11-14,1086,Sr. Liam Fernandes,freitastheo@example.com,da Cunha,MT,Roupas,Sed,Samsung,3,2386.99,1982.89,0,105.08,SITE,Boleto,6,aprovado,Correios,Atrasado
2932,PED-46451,2024-09-19,2025-11-23,440,Apollo Abreu,maria-alicepastor@example.net,Fernandes,AM,Casa,Doloribus,Nike,2,477.73,1156.98,20,48.43,Aplicativo,Crédito,2,Aprovado,Jadlog,Atrasado
2933,PED-43482,2025-07-17,2025-09-22,523,Theo Alves,ravi-luccagomes@example.org,Pacheco Grande,RN,Beleza,Maxime,Genérica,1,984.89,1103.72,0,7.09,App,Crédito,12,Pendente,Jadlog,Em trânsito
2934,PED-15916,2024-12-14,2025-07-23,306,Camila Casa Grande,da-luzmaria-sophia@example.net,Aragão,MS,eletronicos,In,Samsung,1,2556.72,1127.6,0,53.34,app,Boleto,1,Pendente,Total Express,Atrasado
2935,PED-31145,2025-08-30,2024-04-06,362,Alexia Araújo,zdas-neves@example.com,da Luz de Aparecida,PE,Beleza,Provident,Adidas,3,2634.6,1103.99,10,110.87,App,Pix,3,Pendente,Total Express,Atrasado
2936,PED-88539,2024-08-31,2025-11-11,306,Maria Fernanda Novaes,drios@example.org,Abreu do Amparo,GO,Roupas,Nulla,Samsung,5,1707.52,722.43,10,48.94,App,Pix,2,Recusado,Total Express,Em trânsito
2937,PED-83438,2024-02-07,2024-02-20,499,Isaque Pastor,ramoscarlos-eduardo@example.com,Rocha da Serra,BA,Casa,Recusandae,Samsung,1,2946.3,1163.02,20,89.38,SITE,Pix,6,Aprovado,Jadlog,Atrasado
2938,PED-74954,2024-09-27,2025-03-04,942,Dom Monteiro,gramos@example.org,Câmara,MA,Eletrônicos,Culpa,Adidas,3,722.89,1434.49,30,12.82,App,Débito,6,Aprovado,Jadlog,Entregue
2939,PED-30683,2024-12-16,2025-01-17,718,Dr. Ravi da Rosa,da-cunhaluiz-miguel@example.org,Campos,PA,Casa,Laboriosam,Samsung,1,1062.63,743.37,0,49.08,Aplicativo,Boleto,2,Recusado,Correios,Em trânsito
2940,PED-10078,2025-12-10,2024-09-06,897,Ayla Campos,beniciodas-neves@example.net,Duarte de Goiás,TO,Eletrônicos,Numquam,Apple,4,2036.0,2487.85,30,56.25,Aplicativo,Boleto,1,Recusado,Correios,Em trânsito
2941,PED-48748,2025-07-08,2024-10-28,366,Lorenzo Lima,thomas42@example.com,Cardoso,PB,Casa,Molestiae,Apple,5,2536.42,3212.87,30,35.29,app,Crédito,2,Pendente,Jadlog,Em trânsito
2942,PED-27759,2024-02-17,2025-03-06,344,Emanuelly Rezende,rda-mota@example.org,Fernandes do Galho,DF,Casa,Debitis,Samsung,2,2596.94,1126.44,0,47.55,SITE,Crédito,1,Recusado,Jadlog,Em trânsito
2943,PED-73241,2024-06-27,2024-02-08,259,Maria Cecília das Neves,kcamargo@example.com,Martins,PB,Roupas,Dignissimos,Nike,1,2900.26,1374.63,10,118.66,app,Débito,6,Aprovado,Total Express,Entregue
2944,PED-67126,2026-01-14,2025-10-16,44,Caleb Fernandes,silvaeduarda@example.org,Silveira,AP,Casa,Quia,Genérica,1,1154.94,2794.61,0,3.94,SITE,Boleto,1,aprovado,Jadlog,Entregue
2945,PED-91766,2024-06-26,2025-09-04,966,Helena Mendonça,brendagoncalves@example.org,Rios do Oeste,AM,eletronicos,Voluptatum,Samsung,2,583.81,2709.27,0,97.86,Aplicativo,Boleto,2,Pendente,Jadlog,Em trânsito
2946,PED-47550,2025-12-09,2024-07-16,9,Dr. João Machado,wda-cruz@example.com,Gomes Verde,RJ,Roupas,Neque,Apple,2,1008.12,2213.87,30,13.67,Aplicativo,Pix,1,Recusado,Correios,Atrasado
2947,PED-31845,2024-10-23,2024-12-14,1026,Maria Cecília Rocha,maria-sophiamartins@example.net,da Rosa de Cardoso,RO,Casa,Cupiditate,Samsung,4,1948.02,91.49,20,106.74,SITE,Crédito,1,Pendente,Correios,Entregue
2948,PED-25170,2024-12-17,2024-09-12,458,Sr. Ravy Pimenta,tda-mota@example.com,Porto,PB,Casa,Minus,Nike,5,2662.37,3198.53,20,46.18,App,Pix,12,Recusado,Correios,Em trânsito
2949,PED-24445,2025-06-04,2024-10-21,646,Otto Vasconcelos,pereiraarthur@example.com,da Paz,AM,Eletrônicos,Provident,Samsung,4,88.41,2586.0,30,43.85,Aplicativo,Crédito,1,aprovado,Total Express,Em trânsito
2950,PED-14734,2025-07-17,2024-08-08,1152,Antony Teixeira,drocha@example.net,Barros,AL,Casa,Ea,Adidas,4,3118.72,970.93,0,15.2,SITE,Pix,6,Pendente,Total Express,Entregue
2951,PED-51676,2025-12-30,2025-08-31,1150,João Lucas Borges,barbara61@example.com,Silveira,ES,Casa,Magnam,Adidas,2,3066.18,900.46,10,2.99,Aplicativo,Débito,1,Recusado,Correios,Em trânsito
2952,PED-21454,2024-07-30,2024-04-17,989,Levi Fernandes,fariasjose@example.com,Sousa,AM,Beleza,Ab,Nike,3,310.67,2068.35,10,105.3,App,Pix,1,Aprovado,Correios,Em trânsito
2953,PED-35937,2025-03-08,2025-02-24,548,Gustavo Henrique Lopes,vaparecida@example.com,Andrade,AC,Roupas,Corrupti,LG,5,2279.96,2358.18,20,119.23,Aplicativo,Débito,1,aprovado,Jadlog,Em trânsito
2954,PED-21688,2024-07-18,2026-01-26,813,Ana Lívia da Cunha,ana-carolinafernandes@example.com,Moraes,RR,Roupas,Esse,Genérica,4,315.46,563.0,30,96.54,Aplicativo,Pix,1,aprovado,Correios,Entregue
2955,PED-98492,2025-09-02,2026-02-02,536,Renan Albuquerque,leonardo65@example.net,Lopes,AM,Casa,Id,Samsung,5,376.99,3464.0,0,32.37,Site,Débito,3,Pendente,Correios,Atrasado
2956,PED-83186,2025-01-28,2025-08-15,1097,Yasmin da Mata,mayalima@example.org,Monteiro,AP,Roupas,Exercitationem,Samsung,5,2123.76,3387.66,0,29.55,App,Crédito,12,aprovado,Jadlog,Atrasado
2957,PED-24413,2024-10-20,2025-02-20,999,Isaque Vargas,diego69@example.org,Novaes das Pedras,DF,Beleza,Aperiam,Apple,1,2561.01,1848.12,0,38.84,app,Crédito,1,Aprovado,Total Express,Entregue
2958,PED-45097,2024-02-22,2025-04-01,33,Emanuel Farias,wpastor@example.com,Fernandes de Freitas,PB,eletronicos,Perspiciatis,Apple,3,2507.77,136.81,0,66.34,Site,Crédito,1,Pendente,Total Express,Entregue
2959,PED-54731,2025-10-27,2024-08-12,1062,Samuel Mendonça,gvieira@example.org,da Luz,AP,Casa,Veritatis,Adidas,5,181.23,686.1,0,93.35,Site,Crédito,2,Pendente,Total Express,Em trânsito
2960,PED-64790,2024-04-01,2026-01-19,46,Maria Alice Rezende,tborges@example.com,Souza Grande,PR,eletronicos,Temporibus,Genérica,1,604.63,3348.23,0,108.69,Aplicativo,Boleto,12,Recusado,Correios,Atrasado
2961,PED-25040,2025-11-19,2024-11-03,306,Sra. Liz Nascimento,silveiraaylla@example.com,Lima,TO,Roupas,Nesciunt,Adidas,5,3030.63,1418.06,0,6.19,App,Pix,3,Recusado,Total Express,Entregue
2962,PED-32565,2024-07-24,2024-10-08,797,Cecília Teixeira,vinicius62@example.com,Campos Alegre,MA,Eletrônicos,Eum,Adidas,2,51.68,823.12,30,101.21,Aplicativo,Pix,2,Recusado,Jadlog,Atrasado
2963,PED-25726,2024-03-01,2025-11-06,860,Davi Lucca Nogueira,nathanda-cunha@example.org,Nascimento,MA,Casa,Debitis,LG,4,2984.64,3220.61,30,11.59,Site,Pix,3,Recusado,Correios,Em trânsito
2964,PED-40817,2024-07-23,2026-01-10,1027,Gabriela Nogueira,wfarias@example.org,Carvalho,PA,Beleza,Provident,Genérica,4,1052.92,396.47,0,42.21,app,Boleto,1,Recusado,Correios,Entregue
2965,PED-26656,2024-11-28,2025-08-18,464,Ravi Viana,benjaminfonseca@example.net,Farias,RO,Eletrônicos,Nulla,Nike,2,3476.6,3132.04,20,110.1,Aplicativo,Pix,1,aprovado,Jadlog,Entregue
2966,PED-38517,2024-05-20,2024-07-27,1165,Melina Vieira,rcavalcante@example.net,Nascimento da Serra,GO,Roupas,Placeat,LG,4,916.97,1927.1,0,60.48,Site,Pix,12,aprovado,Total Express,Entregue
2967,PED-50932,2025-06-11,2024-11-22,75,Diogo da Conceição,fsousa@example.org,Macedo,PA,Beleza,Cum,Apple,3,985.97,2863.75,0,100.85,Aplicativo,Pix,3,Aprovado,Total Express,Entregue
2968,PED-11989,2025-09-16,2025-12-01,888,Dr. Davi Lucca da Rosa,barbarapimenta@example.org,da Cunha,AC,Beleza,Repellat,Nike,3,1364.07,726.7,0,79.72,app,Boleto,12,aprovado,Jadlog,Em trânsito
2969,PED-31395,2025-12-07,2025-03-27,285,Melissa Siqueira,eribeiro@example.net,Farias Paulista,DF,eletronicos,Ut,Nike,5,864.05,2831.39,10,40.85,App,Crédito,3,aprovado,Total Express,Atrasado
2970,PED-89604,2024-12-12,2025-09-10,706,Alexia da Paz,lara04@example.com,Montenegro do Campo,MG,Roupas,Ratione,Genérica,4,2930.85,2883.11,0,19.32,SITE,Crédito,1,Pendente,Jadlog,Entregue
2971,PED-98859,2025-08-07,2025-02-20,55,Dr. Cauã da Paz,jleao@example.com,Leão de Garcia,RN,Casa,Sunt,Apple,5,1071.89,3043.04,0,16.02,Aplicativo,Pix,1,Pendente,Correios,Em trânsito
2972,PED-97417,2025-11-25,2025-09-11,438,Ravi Barros,lleao@example.net,Siqueira,AL,Roupas,Voluptate,Samsung,3,2452.98,2193.43,0,89.16,SITE,Débito,6,Aprovado,Total Express,Em trânsito
2973,PED-96898,2025-02-15,2025-04-30,875,Jade Albuquerque,lucca50@example.com,Lopes,BA,Casa,Cupiditate,Adidas,1,3115.1,1506.0,10,115.16,App,Boleto,2,aprovado,Correios,Atrasado
2974,PED-22791,2024-07-11,2024-12-28,163,Sr. Vitor Pires,nicoleviana@example.org,Fogaça Verde,SP,Eletrônicos,Unde,LG,1,1952.0,1807.07,0,89.0,app,Débito,2,Aprovado,Correios,Atrasado
2975,PED-81599,2024-03-07,2024-02-14,916,Sofia Almeida,frezende@example.com,Pimenta,PA,Casa,Consequatur,Genérica,4,2761.18,2647.63,30,26.6,App,Débito,1,Recusado,Correios,Atrasado
2976,PED-39619,2025-02-13,2025-10-02,266,João Pedro Freitas,gabrielalbuquerque@example.org,Sá,TO,eletronicos,Sapiente,LG,2,1292.29,2686.41,10,54.12,SITE,Boleto,2,Recusado,Jadlog,Em trânsito
2977,PED-98401,2024-10-17,2024-03-21,695,Ana Cecília das Neves,theocasa-grande@example.com,Pinto Verde,AL,Eletrônicos,Libero,Apple,1,2321.37,1848.02,0,22.4,Site,Pix,3,Recusado,Jadlog,Entregue
2978,PED-39789,2025-06-13,2025-05-08,776,Allana da Mata,heloisaalves@example.com,Rocha,RR,eletronicos,Perferendis,Adidas,2,2059.4,1417.01,20,58.7,app,Pix,1,Aprovado,Total Express,Atrasado
2979,PED-47402,2025-01-23,2025-10-31,947,Nicole Pereira,ana-sophia74@example.org,da Rosa,BA,Roupas,Pariatur,Genérica,5,2712.91,900.72,30,60.36,app,Pix,2,Pendente,Correios,Em trânsito
2980,PED-85527,2025-01-13,2025-10-08,501,Sra. Maria Liz Costela,saracostela@example.com,Sampaio de Gomes,AM,Beleza,Amet,Apple,5,1224.15,501.27,30,6.55,App,Pix,2,Aprovado,Jadlog,Atrasado
2981,PED-97184,2025-11-05,2024-10-02,972,Bento Borges,casa-grandeyasmin@example.org,da Cunha,AM,Beleza,Magni,LG,4,2624.15,1585.61,10,63.04,Site,Boleto,1,Pendente,Total Express,Entregue
2982,PED-39468,2025-07-10,2025-04-18,1176,João Gabriel Moura,henriquemonteiro@example.com,Pinto,BA,Roupas,Necessitatibus,Adidas,3,2741.92,1181.7,20,16.21,Site,Crédito,6,Recusado,Total Express,Em trânsito
2983,PED-32664,2024-11-19,2025-04-14,471,Olivia Porto,isadorarocha@example.com,Souza,ES,Roupas,Asperiores,Genérica,1,351.48,1018.71,0,59.32,app,Boleto,1,Pendente,Total Express,Entregue
2984,PED-76215,2025-02-10,2025-08-12,1195,Ana Laura Mendonça,felipeda-rosa@example.net,Santos do Sul,PI,Casa,Quod,LG,3,2691.98,1991.4,20,105.34,Aplicativo,Crédito,6,Pendente,Total Express,Atrasado
2985,PED-92793,2024-08-05,2025-01-23,315,Maria Alice Pinto,davi-lucasmoreira@example.net,Rodrigues,MS,eletronicos,Tenetur,Samsung,1,1947.99,2274.58,0,94.68,Site,Pix,1,Pendente,Total Express,Em trânsito
2986,PED-88138,2024-12-15,2025-01-16,119,Srta. Alícia Rios,maria-helenada-cruz@example.com,Oliveira Verde,RO,Casa,Iste,Apple,3,346.03,1735.13,20,40.82,App,Crédito,3,Pendente,Jadlog,Entregue
2987,PED-92898,2025-07-31,2024-09-28,29,Srta. Emanuella Novais,da-luzesther@example.org,Sousa Paulista,BA,Beleza,Incidunt,Samsung,1,2510.45,2227.51,0,61.78,Aplicativo,Débito,1,aprovado,Total Express,Entregue
2988,PED-73408,2024-03-07,2025-05-29,601,Dr. Vitor Gabriel Borges,bento76@example.com,Garcia,RN,Beleza,Molestias,Nike,4,1256.02,2324.34,20,35.69,app,Débito,12,Aprovado,Jadlog,Entregue
2989,PED-69852,2025-10-11,2024-07-29,255,Maria Isis Rios,da-luznicole@example.org,Novais de Costela,DF,Beleza,Temporibus,Nike,2,2613.15,270.61,30,26.06,App,Débito,12,aprovado,Jadlog,Entregue
2990,PED-66625,2024-09-20,2025-12-13,949,Ana Cecília Nunes,lavinia40@example.org,Vasconcelos do Oeste,AC,Roupas,Maxime,Genérica,4,2395.47,1767.09,0,30.08,SITE,Boleto,12,Recusado,Total Express,Em trânsito
2991,PED-52293,2025-02-19,2025-01-06,99,Sr. Caleb das Neves,kcampos@example.org,Siqueira,MT,eletronicos,Modi,Genérica,1,81.31,2495.56,20,52.51,Site,Pix,1,Pendente,Jadlog,Entregue
2992,PED-92516,2025-09-04,2024-08-28,374,Maria Cecília Viana,fogacaravi-lucca@example.org,Alves do Oeste,SP,Beleza,Et,Samsung,4,344.42,2328.25,20,71.56,Aplicativo,Pix,2,Pendente,Total Express,Em trânsito
2993,PED-89199,2025-09-27,2026-01-10,1019,Sophia Fonseca,da-cunhatheo@example.net,Rodrigues do Campo,RJ,Roupas,Vitae,Nike,2,2788.11,3147.84,30,10.81,Site,Débito,1,aprovado,Jadlog,Em trânsito
2994,PED-65469,2025-01-22,2024-12-30,1025,Augusto da Conceição,barbosavitor-hugo@example.net,Correia,PE,eletronicos,Labore,Genérica,1,802.18,1251.51,0,46.42,app,Pix,6,aprovado,Jadlog,Em trânsito
2995,PED-79732,2024-02-27,2025-08-02,913,Mariane Aragão,sophiabrito@example.com,Moreira da Mata,RR,Casa,Asperiores,Nike,2,1154.61,86.29,20,91.11,Site,Boleto,1,aprovado,Total Express,Atrasado
2996,PED-48998,2024-12-13,2024-12-27,945,Olívia Porto,olima@example.org,Aparecida,PA,Casa,Laborum,LG,4,2634.62,3379.72,0,22.01,Aplicativo,Crédito,1,aprovado,Total Express,Em trânsito
2997,PED-97841,2024-02-19,2024-03-16,485,Lavínia Sampaio,matheusfonseca@example.net,Silva,SC,Eletrônicos,Quo,Adidas,4,657.39,3369.15,10,40.05,App,Pix,1,Aprovado,Total Express,Em trânsito
2998,PED-18340,2025-01-23,2024-04-26,690,Marcela Castro,barbosazoe@example.com,Pimenta,BA,Casa,Molestias,Nike,2,3495.99,262.74,10,24.1,SITE,Crédito,12,Aprovado,Jadlog,Atrasado
2999,PED-20121,2025-09-15,2025-12-29,797,Felipe Aragão,pedropastor@example.org,Machado da Mata,RR,Roupas,Fuga,Samsung,4,1810.94,3051.94,30,101.62,Site,Pix,12,Aprovado,Correios,Entregue
3000,PED-95725,2024-05-09,2024-03-10,746,Dr. Kevin Mendes,domnovais@example.com,Dias,PR,eletronicos,Culpa,Genérica,4,2632.76,3477.93,30,29.56,Aplicativo,Pix,1,Pendente,Total Express,Entregue
3001,PED-88079,2024-06-17,2024-03-10,650,Anthony Gabriel Cavalcante,abreuluiz-miguel@example.com,Alves,MG,Beleza,Hic,Genérica,5,1404.36,1639.8,30,7.34,App,Pix,3,Aprovado,Jadlog,Entregue
3002,PED-33874,2025-05-09,2024-09-25,787,Milena Cavalcanti,mendesleandro@example.com,Mendes,PB,Beleza,Minus,Adidas,1,1173.52,2478.12,0,116.87,Aplicativo,Crédito,1,aprovado,Total Express,Entregue
3003,PED-38428,2025-07-29,2025-07-22,215,Bento Rezende,joaomendes@example.net,Andrade da Serra,SC,eletronicos,Voluptatem,Apple,4,1807.14,722.87,0,50.48,SITE,Crédito,1,Pendente,Total Express,Atrasado
3004,PED-47634,2024-04-25,2025-10-27,156,Giovanna Barros,da-matabrenda@example.net,Sales Alegre,AP,Roupas,Perferendis,Nike,4,338.39,517.16,20,118.9,app,Pix,1,Recusado,Correios,Atrasado
3005,PED-87389,2025-04-04,2025-02-24,724,Vinicius Cunha,sara20@example.org,Marques Grande,RJ,Casa,Unde,Samsung,4,1553.28,3457.56,0,40.32,app,Débito,1,aprovado,Total Express,Em trânsito
3006,PED-57386,2025-01-26,2026-01-23,266,Julia Gonçalves,marcelagomes@example.com,Andrade de Leão,MT,Beleza,A,LG,5,1741.35,139.12,10,23.4,SITE,Débito,3,aprovado,Total Express,Entregue
3007,PED-40872,2025-06-12,2025-04-20,731,Vinicius Araújo,mpinto@example.com,Cardoso da Praia,PB,eletronicos,Ullam,Adidas,4,1868.69,1767.59,0,87.14,SITE,Pix,12,Pendente,Jadlog,Em trânsito
3008,PED-30532,2024-06-02,2025-01-10,841,Carolina Andrade,luiz-henrique51@example.com,Sales,SC,Beleza,Unde,Genérica,3,2984.2,1770.99,10,33.24,App,Pix,1,Pendente,Total Express,Entregue
3009,PED-78147,2024-10-20,2025-12-13,503,Thales Azevedo,yduarte@example.net,da Rosa,AC,Eletrônicos,Odio,Samsung,1,3495.55,3324.7,30,82.12,app,Crédito,3,Pendente,Jadlog,Em trânsito
3010,PED-50697,2024-06-07,2024-03-22,719,Srta. Maria Isis Ferreira,mcunha@example.net,da Rocha,AC,Eletrônicos,Quis,Genérica,3,1923.13,2294.26,0,63.57,Site,Crédito,3,Pendente,Jadlog,Atrasado
3011,PED-74464,2025-09-11,2025-08-02,533,Diego da Costa,cavalcantiluiz-miguel@example.org,Borges do Galho,AM,Roupas,Cum,Nike,4,323.86,781.9,20,97.36,app,Boleto,2,aprovado,Jadlog,Atrasado
3012,PED-48755,2025-02-10,2024-08-04,796,Caio Silva,leonardo45@example.net,Santos Paulista,RJ,Roupas,Laborum,Apple,2,857.2,2869.47,10,33.18,app,Boleto,1,aprovado,Jadlog,Atrasado
3013,PED-29385,2025-06-07,2024-11-03,320,Yasmin Camargo,da-cunhamaria-laura@example.com,da Rosa do Norte,MA,Casa,Unde,Apple,5,444.83,3240.8,0,0.06,SITE,Boleto,1,aprovado,Total Express,Atrasado
3014,PED-75370,2024-03-08,2025-05-29,502,Arthur Nunes,barroscaio@example.org,Barros,MA,Roupas,Dolor,LG,1,1164.81,617.83,20,34.78,App,Crédito,1,Pendente,Correios,Em trânsito
3015,PED-13463,2024-11-06,2024-11-28,980,Sra. Sofia Garcia,mariahvieira@example.net,das Neves de Farias,TO,Beleza,Hic,Nike,2,2103.34,980.4,20,58.42,SITE,Boleto,2,Aprovado,Total Express,Atrasado
3016,PED-51560,2025-02-23,2025-04-02,1190,Théo da Paz,silvadante@example.net,Correia da Mata,MS,Eletrônicos,Atque,Adidas,5,371.31,2642.25,10,117.24,SITE,Boleto,2,Recusado,Correios,Atrasado
3017,PED-67831,2025-11-23,2024-09-09,1083,Lorena Moraes,casa-grandevalentim@example.com,Barros,RO,Beleza,Eum,LG,5,1603.88,1083.06,30,71.47,App,Pix,2,Aprovado,Correios,Entregue
3018,PED-92804,2025-07-10,2024-07-13,1097,Caroline Sá,rpinto@example.org,Gonçalves de Minas,BA,Roupas,Quasi,LG,3,3355.43,2543.57,10,7.74,Aplicativo,Débito,12,Recusado,Correios,Em trânsito
3019,PED-72769,2024-08-05,2024-02-06,514,Apollo Pastor,azevedohellena@example.com,Rodrigues,AL,Casa,Natus,Nike,4,1007.95,1563.13,0,9.52,SITE,Pix,3,Pendente,Jadlog,Em trânsito
3020,PED-60264,2024-08-16,2024-10-27,149,Enzo Gabriel Cunha,azevedoluiz-fernando@example.com,Caldeira de Sá,CE,Beleza,Quibusdam,Samsung,5,2658.04,2922.49,10,39.85,Aplicativo,Débito,1,aprovado,Total Express,Entregue
3021,PED-93787,2025-03-11,2024-12-28,59,Alice Lopes,pedro-henrique88@example.net,Rios de Montenegro,AC,Eletrônicos,Nesciunt,LG,5,92.42,1038.95,30,13.6,SITE,Boleto,1,Recusado,Jadlog,Entregue
3022,PED-52273,2024-11-30,2025-05-18,1162,Luiza Rocha,znovais@example.net,Ribeiro,AL,Eletrônicos,Perspiciatis,Adidas,2,1006.51,3243.18,0,49.05,Aplicativo,Crédito,1,aprovado,Total Express,Entregue
3023,PED-42369,2025-04-25,2024-08-29,114,Isabela Novaes,barrosana-clara@example.com,Aparecida de Andrade,PR,Casa,Officia,LG,2,747.52,3076.62,0,105.21,App,Boleto,1,Aprovado,Total Express,Em trânsito
3024,PED-30503,2024-05-18,2024-07-25,1032,Laura Andrade,thiagorios@example.net,Rodrigues de Jesus,AL,eletronicos,Labore,Genérica,1,2100.72,3210.98,20,58.81,Aplicativo,Pix,6,Pendente,Total Express,Atrasado
3025,PED-82355,2024-02-09,2024-07-14,300,Benjamin da Conceição,arthur32@example.com,Silva do Sul,RR,Casa,Consequuntur,Apple,4,2989.19,1515.99,0,70.56,Aplicativo,Boleto,1,aprovado,Jadlog,Em trânsito
3026,PED-63990,2025-08-20,2024-09-22,56,Apollo Monteiro,heloisa35@example.net,Melo Verde,CE,Beleza,Vel,Nike,5,3485.4,1786.19,0,111.59,Site,Crédito,6,Recusado,Jadlog,Em trânsito
3027,PED-96738,2024-06-25,2025-11-13,95,Ana Julia Dias,portoasafe@example.net,Porto,PA,Casa,Ipsa,Genérica,2,2122.07,591.92,20,107.37,Site,Crédito,1,Pendente,Total Express,Entregue
3028,PED-33850,2025-02-08,2024-11-30,303,Isaque Pereira,sabrina90@example.net,Ferreira de Peixoto,PE,Casa,Odit,LG,2,1597.8,596.27,0,46.3,Site,Pix,3,Recusado,Total Express,Entregue
3029,PED-56036,2024-03-13,2024-04-18,872,Larissa Mendonça,evelynrios@example.com,Pastor,ES,Casa,Dolorem,Samsung,1,1632.9,1152.23,20,66.14,Aplicativo,Débito,1,Recusado,Total Express,Entregue
3030,PED-87373,2024-09-28,2025-08-26,1133,Caroline Peixoto,manuelamelo@example.net,Cavalcante de Martins,RR,Casa,Beatae,Genérica,1,3438.66,2365.83,0,0.86,App,Pix,12,aprovado,Total Express,Atrasado
3031,PED-10290,2024-08-11,2025-01-22,747,Yan Barbosa,da-cruzleandro@example.net,Guerra,GO,eletronicos,Accusamus,Genérica,4,1218.62,2211.96,0,52.49,SITE,Pix,1,Pendente,Total Express,Atrasado
3032,PED-13150,2025-12-14,2024-07-05,716,Sr. Nicolas Duarte,tda-cruz@example.net,Sampaio,PE,Eletrônicos,Consequuntur,Apple,1,1460.17,1483.16,0,7.78,SITE,Crédito,1,Pendente,Total Express,Entregue
3033,PED-82455,2025-06-06,2024-08-26,922,Alice Câmara,heloisasousa@example.net,Vargas,SC,Eletrônicos,Modi,Apple,4,3034.43,1846.39,0,26.93,app,Débito,1,Recusado,Total Express,Atrasado
3034,PED-32367,2024-10-24,2024-08-06,636,Allana Lima,sophia57@example.org,Costela de Vasconcelos,ES,Eletrônicos,Voluptates,Apple,4,406.82,882.6,10,82.62,app,Crédito,12,Recusado,Total Express,Entregue
3035,PED-14369,2025-05-28,2024-11-24,836,Maria Júlia Cardoso,luiz-henriquecamara@example.com,Sales Paulista,AM,Beleza,Pariatur,LG,5,754.45,3018.22,20,111.46,Aplicativo,Boleto,1,aprovado,Total Express,Em trânsito
3036,PED-65779,2024-09-17,2025-10-22,689,Gustavo Henrique Gomes,maria-sophia44@example.net,Costa dos Dourados,SP,Casa,Voluptatem,Samsung,4,1688.07,1331.31,0,67.69,Aplicativo,Débito,6,Recusado,Jadlog,Entregue
3037,PED-10393,2025-03-24,2025-08-31,653,Gabriela Cunha,icasa-grande@example.com,Almeida das Flores,PI,Casa,Rem,Nike,2,1270.58,91.19,0,21.46,app,Crédito,1,Recusado,Jadlog,Atrasado
3038,PED-68661,2024-10-15,2025-10-04,310,Marcelo Pacheco,ana-livia96@example.net,da Rocha,GO,eletronicos,Totam,LG,4,1788.28,2658.45,10,75.51,Site,Crédito,1,Recusado,Correios,Entregue
3039,PED-47520,2026-01-15,2025-04-21,176,Augusto Carvalho,beatriz85@example.com,Pinto,MT,Roupas,Maiores,Samsung,4,2586.24,3280.3,0,69.58,Site,Boleto,2,Aprovado,Total Express,Atrasado
3040,PED-25582,2025-09-21,2024-06-30,877,Dra. Emilly Mendonça,waraujo@example.com,Campos,AM,Eletrônicos,Eveniet,Samsung,3,2241.48,2222.42,10,10.72,App,Crédito,6,Recusado,Jadlog,Atrasado
3041,PED-95774,2024-09-29,2025-04-18,730,Diego Ribeiro,maria-luizanovais@example.com,Rios Alegre,DF,Eletrônicos,Rerum,Samsung,1,3057.3,1126.02,20,36.1,app,Débito,1,Pendente,Correios,Em trânsito
3042,PED-84800,2024-10-06,2025-06-14,77,Davi Lucca Monteiro,gabrielmoraes@example.org,Azevedo,RN,Casa,Occaecati,LG,5,2774.23,2202.16,0,52.45,App,Crédito,6,aprovado,Total Express,Em trânsito
3043,PED-37677,2025-09-11,2025-12-06,1152,Raquel Campos,caroline90@example.net,Vieira do Sul,AL,eletronicos,Tempora,Nike,3,1730.97,3054.36,0,43.54,app,Crédito,2,Aprovado,Total Express,Atrasado
3044,PED-38957,2025-05-28,2026-01-31,483,Juan Costa,isaac97@example.org,Carvalho de Minas,MA,Roupas,Doloribus,Samsung,3,3055.56,2354.2,0,32.66,app,Boleto,2,aprovado,Total Express,Atrasado
3045,PED-14616,2024-03-07,2025-11-07,84,Dr. Heitor Duarte,rbarros@example.com,Moura da Mata,AL,Eletrônicos,Quam,LG,3,780.43,3179.78,30,65.85,App,Boleto,2,aprovado,Jadlog,Entregue
3046,PED-49530,2025-01-09,2025-02-16,21,Diogo Siqueira,bryan81@example.org,Cassiano de Câmara,SE,Beleza,Soluta,Nike,1,2598.65,225.71,20,60.24,Aplicativo,Débito,1,Pendente,Correios,Atrasado
3047,PED-75678,2024-09-11,2024-10-18,237,Sra. Pietra Andrade,da-cruzcarolina@example.org,Gonçalves do Oeste,RJ,Casa,Eaque,Nike,5,3193.06,404.13,0,27.58,app,Pix,2,Aprovado,Total Express,Entregue
3048,PED-82026,2025-03-09,2024-03-25,197,Dra. Júlia Rodrigues,albuquerqueana@example.net,Oliveira,PI,Roupas,Repellendus,Samsung,1,1364.53,1173.03,10,46.21,SITE,Pix,2,aprovado,Correios,Entregue
3049,PED-55767,2024-05-12,2025-02-10,449,Gabriel Câmara,enzovargas@example.com,Rocha de Nascimento,MA,Casa,Repellat,Samsung,2,1572.74,2097.59,10,47.36,SITE,Pix,2,Recusado,Jadlog,Em trânsito
3050,PED-57691,2024-05-10,2025-05-28,77,Clarice Porto,lorenzo32@example.net,da Paz de Goiás,GO,Beleza,Soluta,Samsung,5,2284.09,2178.29,10,14.37,SITE,Débito,1,Recusado,Jadlog,Entregue
3051,PED-65614,2025-07-01,2025-01-29,76,Srta. Isabelly Pires,theo07@example.org,Nogueira,PB,Roupas,Officia,Apple,4,3285.49,2903.08,0,100.11,App,Boleto,1,Pendente,Jadlog,Entregue
3052,PED-44722,2024-11-29,2024-09-01,538,Sr. José Silva,marianenovais@example.com,Vasconcelos de Minas,PI,Eletrônicos,Adipisci,LG,2,1533.98,1029.55,0,81.86,app,Débito,3,Pendente,Total Express,Atrasado
3053,PED-47461,2024-02-23,2025-12-27,756,Clara Montenegro,zsampaio@example.net,da Paz de Monteiro,PI,Roupas,Tenetur,Samsung,5,2803.66,445.04,0,111.84,Aplicativo,Crédito,1,Pendente,Jadlog,Entregue
3054,PED-12741,2025-07-23,2026-01-30,388,Giovanna Caldeira,raulcasa-grande@example.org,da Cruz Alegre,MA,Beleza,Commodi,Apple,4,900.53,1403.01,0,88.31,App,Débito,12,Pendente,Total Express,Em trânsito
3055,PED-10318,2026-01-09,2024-07-25,996,João Albuquerque,kcardoso@example.org,Dias do Amparo,RS,Roupas,Doloribus,Genérica,1,1122.93,952.28,0,0.41,SITE,Boleto,6,Aprovado,Correios,Em trânsito
3056,PED-35071,2025-09-08,2025-11-20,579,Ian Marques,vieiraana-liz@example.org,Gomes de Goiás,BA,eletronicos,Libero,LG,3,1228.13,347.78,0,17.21,Aplicativo,Débito,12,Aprovado,Correios,Atrasado
3057,PED-43532,2024-08-02,2024-07-13,252,Esther Sales,camargomelissa@example.org,da Mota,SC,Roupas,Possimus,LG,1,2956.51,2035.96,0,32.78,SITE,Pix,12,aprovado,Jadlog,Em trânsito
3058,PED-10868,2025-06-26,2024-02-12,754,João Guilherme Câmara,luiz-gustavomoura@example.org,Pacheco,MA,Casa,Nulla,Adidas,5,2253.21,1811.41,0,77.67,app,Débito,6,Aprovado,Jadlog,Entregue
3059,PED-71710,2025-07-31,2025-05-15,148,Bruna Farias,catarina63@example.net,Martins,SE,eletronicos,Repudiandae,Nike,2,759.05,162.54,30,22.12,app,Débito,2,Aprovado,Total Express,Entregue
3060,PED-29850,2025-04-18,2024-05-02,833,Bella Pacheco,giovanna54@example.org,da Rocha,RR,Casa,Sapiente,Apple,4,903.73,583.55,10,15.04,Aplicativo,Boleto,2,Recusado,Jadlog,Atrasado
3061,PED-54006,2025-01-30,2024-04-01,1038,Milena Fogaça,xnovais@example.org,Moraes do Norte,RN,Beleza,Possimus,Samsung,5,2239.23,1060.49,10,64.49,Aplicativo,Boleto,12,Recusado,Total Express,Atrasado
3062,PED-29798,2025-10-28,2025-04-29,1178,Diogo da Mata,maitefreitas@example.net,Macedo Verde,RN,Roupas,Molestias,LG,5,2156.48,2766.41,0,50.05,App,Boleto,1,Pendente,Jadlog,Atrasado
3063,PED-44161,2025-11-20,2024-11-22,10,Sr. Caio Sá,ccasa-grande@example.com,Peixoto,CE,Roupas,Similique,Apple,4,2289.52,3146.6,30,60.17,SITE,Crédito,1,Aprovado,Jadlog,Entregue
3064,PED-37052,2024-05-14,2024-03-26,220,Henry Novaes,pietro48@example.net,Viana da Prata,RR,Casa,Et,Nike,5,101.11,889.47,0,109.82,app,Débito,1,aprovado,Correios,Atrasado
3065,PED-51798,2025-02-07,2024-12-17,197,Noah Cirino,leopeixoto@example.com,da Luz das Pedras,CE,Beleza,Corporis,Samsung,1,1423.15,1014.44,0,18.9,Aplicativo,Débito,3,Aprovado,Correios,Atrasado
3066,PED-39108,2025-11-13,2025-11-15,1026,João Felipe da Costa,zmelo@example.net,Novaes,PB,Beleza,Aut,Genérica,5,2273.35,1310.51,0,8.64,App,Pix,12,aprovado,Total Express,Em trânsito
3067,PED-81326,2025-11-28,2025-01-27,194,Giovanna Camargo,tnovaes@example.org,Cunha de Montenegro,CE,Roupas,Rem,Nike,2,947.31,348.72,0,69.58,Site,Crédito,6,Pendente,Jadlog,Entregue
3068,PED-75550,2024-04-16,2025-04-20,861,Theo das Neves,da-cunhaeduardo@example.com,Fogaça da Serra,RJ,eletronicos,Ex,Apple,4,1268.6,1049.48,0,114.07,Aplicativo,Débito,12,aprovado,Jadlog,Em trânsito
3069,PED-82377,2025-08-10,2024-06-07,270,Dra. Gabriela Sampaio,wda-mata@example.net,Araújo dos Dourados,PE,eletronicos,Libero,LG,1,2252.23,1948.41,30,17.57,Aplicativo,Crédito,12,aprovado,Jadlog,Entregue
3070,PED-64501,2025-05-19,2025-02-12,257,Antony Aragão,rsilveira@example.com,Cardoso de Cirino,SP,Eletrônicos,Magni,Samsung,5,1047.36,316.98,10,101.32,app,Boleto,6,Aprovado,Jadlog,Entregue
3071,PED-90626,2025-11-27,2024-02-28,1073,Sr. Ian Mendonça,diegoazevedo@example.org,Abreu do Sul,AC,Eletrônicos,Modi,Samsung,5,3495.97,1697.77,0,22.07,Aplicativo,Boleto,2,Recusado,Correios,Atrasado
3072,PED-38104,2025-10-03,2025-10-19,858,Hellena Caldeira,carvalhoana-julia@example.org,Vieira do Campo,RN,Beleza,Iusto,Samsung,4,1972.18,2842.86,0,13.65,Site,Boleto,1,Pendente,Correios,Entregue
3073,PED-78872,2025-02-23,2025-11-08,929,Guilherme Aparecida,cirinovalentina@example.org,Dias,GO,Eletrônicos,Earum,LG,2,2046.05,722.79,0,72.33,SITE,Crédito,1,Recusado,Total Express,Atrasado
3074,PED-61269,2025-08-14,2024-06-26,363,Helena Pinto,costaantonio@example.com,Vieira,PR,Casa,Et,Samsung,4,75.09,661.59,30,112.29,Aplicativo,Pix,3,Recusado,Total Express,Em trânsito
3075,PED-91749,2024-08-18,2025-11-17,1072,Letícia Nunes,jabreu@example.org,Nunes,AP,Beleza,Error,Adidas,5,642.65,847.08,10,27.41,Site,Pix,1,aprovado,Total Express,Entregue
3076,PED-32665,2024-08-21,2025-04-19,277,Diego da Rosa,maria-laura99@example.net,Fogaça,RO,Beleza,Illo,Nike,2,3376.04,1181.51,0,13.46,app,Débito,3,Recusado,Jadlog,Em trânsito
3077,PED-48225,2024-02-08,2025-01-12,481,Davi Siqueira,pietragoncalves@example.org,da Costa,MT,Eletrônicos,Repellendus,Adidas,5,1436.27,1123.94,20,32.19,app,Crédito,1,Pendente,Total Express,Atrasado
3078,PED-32767,2024-08-24,2024-12-20,553,Isabel Moura,da-luzlucas-gabriel@example.com,Farias,SP,Casa,Neque,Apple,4,1468.26,2115.35,20,29.06,App,Pix,6,Recusado,Total Express,Entregue
3079,PED-46718,2025-04-30,2025-03-23,689,Clarice Casa Grande,gustavo-henrique71@example.net,Ribeiro,RS,Beleza,Non,Apple,5,1750.29,183.49,30,59.98,Aplicativo,Crédito,3,Aprovado,Total Express,Entregue
3080,PED-25147,2025-10-24,2025-06-11,909,Srta. Ana Liz Moura,jbarros@example.org,da Mota do Oeste,PA,eletronicos,Labore,Samsung,1,2787.92,2692.3,20,84.79,Site,Pix,1,aprovado,Correios,Entregue
3081,PED-59120,2024-05-02,2025-02-24,862,Luan da Rocha,onovaes@example.com,Vasconcelos,AM,Beleza,Eaque,Nike,3,113.43,218.23,0,48.68,Site,Débito,1,Recusado,Correios,Entregue
3082,PED-66987,2025-01-02,2025-08-18,341,Caroline da Mota,pnascimento@example.org,Teixeira,SE,eletronicos,Odio,Nike,1,2418.69,764.38,10,89.19,SITE,Boleto,2,aprovado,Correios,Entregue
3083,PED-59694,2025-01-08,2025-06-21,194,Igor Azevedo,borgesdaniela@example.org,Carvalho de Vargas,RO,Roupas,Sapiente,Samsung,5,3339.35,706.54,0,7.66,Site,Boleto,1,Recusado,Jadlog,Em trânsito
3084,PED-42774,2024-05-30,2025-04-04,95,Dr. João Miguel Campos,guerramarcos-vinicius@example.com,Viana,SC,Roupas,Corporis,Samsung,5,2347.28,2025.67,0,66.49,app,Crédito,1,Recusado,Jadlog,Em trânsito
3085,PED-40507,2025-11-19,2024-04-05,734,Maria Fernanda Caldeira,ecassiano@example.com,Carvalho de Goiás,RJ,eletronicos,Saepe,Nike,2,1308.57,1323.33,10,95.97,SITE,Pix,1,Recusado,Correios,Entregue
3086,PED-95479,2024-09-17,2025-05-25,58,Maria Isis Porto,rgarcia@example.org,Campos,TO,eletronicos,Quaerat,Genérica,2,2831.69,3405.62,10,57.47,Site,Crédito,2,Pendente,Jadlog,Atrasado
3087,PED-65499,2024-04-30,2025-04-24,45,Erick Cavalcante,castroarthur-gabriel@example.org,Cardoso das Pedras,MT,eletronicos,Aspernatur,LG,5,628.25,716.78,10,52.84,App,Crédito,6,Recusado,Total Express,Entregue
3088,PED-58130,2024-05-24,2024-08-23,965,Ana Lívia Freitas,esther08@example.net,Gomes,AP,Eletrônicos,Asperiores,Nike,3,711.17,493.34,10,103.65,app,Boleto,6,Recusado,Correios,Em trânsito
3089,PED-25993,2025-12-25,2024-11-16,647,Stephany Novaes,hdias@example.com,Sá,RN,Beleza,Occaecati,Nike,5,2204.34,3189.9,20,71.37,Site,Boleto,12,aprovado,Correios,Em trânsito
3090,PED-23879,2024-11-17,2024-04-28,650,Luiz Felipe Vieira,mendoncaleo@example.com,Vasconcelos de Leão,PI,Eletrônicos,Ab,Samsung,1,940.3,2545.45,0,18.87,app,Pix,1,Recusado,Jadlog,Em trânsito
3091,PED-38420,2024-09-14,2024-06-06,153,Lucas Gabriel Sá,claradas-neves@example.net,Fogaça Paulista,DF,eletronicos,Commodi,Nike,1,3234.66,1671.37,30,31.64,app,Crédito,6,Pendente,Jadlog,Atrasado
3092,PED-52097,2025-01-21,2024-02-15,636,Dra. Maria Julia Melo,cgomes@example.com,Cunha,PR,Roupas,Aliquam,Genérica,1,1922.48,1690.77,0,23.05,Site,Crédito,6,Aprovado,Jadlog,Em trânsito
3093,PED-21709,2026-01-16,2024-08-21,946,Sra. Mirella Cavalcante,sophiemoura@example.com,Machado de Goiás,RN,Eletrônicos,Deserunt,Nike,1,761.72,3075.09,0,12.42,SITE,Boleto,1,aprovado,Correios,Atrasado
3094,PED-78465,2024-03-02,2025-12-27,180,Kevin Sá,fariasaylla@example.com,da Mata da Praia,RS,Casa,Eligendi,Apple,1,3284.46,3378.59,10,70.46,App,Boleto,1,Aprovado,Correios,Entregue
3095,PED-84676,2025-05-12,2025-06-02,131,Dra. Larissa Cassiano,heitor74@example.org,Mendes,PR,Roupas,Illum,LG,2,2744.96,2543.65,30,107.32,Aplicativo,Débito,12,Recusado,Correios,Entregue
3096,PED-65200,2025-08-17,2024-06-23,574,Pedro Miguel Farias,xmendonca@example.com,Mendonça,PA,eletronicos,Ipsum,LG,2,1095.2,2329.73,0,100.35,App,Boleto,1,Recusado,Total Express,Em trânsito
3097,PED-67212,2024-11-04,2026-01-19,296,Natália Mendes,valentimfonseca@example.com,Santos de Caldeira,MS,Roupas,Reiciendis,Adidas,2,487.91,3335.54,0,77.31,App,Débito,6,Aprovado,Correios,Em trânsito
3098,PED-77005,2025-05-12,2024-07-11,536,Pietra Sales,tdas-neves@example.com,Cavalcante,CE,Casa,Odit,Samsung,2,1838.89,3325.0,20,97.07,Site,Pix,3,aprovado,Correios,Em trânsito
3099,PED-65387,2024-09-05,2025-01-11,801,Maria Eduarda Vasconcelos,brunofernandes@example.org,Fernandes de Minas,RN,Roupas,Mollitia,Apple,1,2966.98,1758.6,10,30.85,SITE,Débito,1,Pendente,Jadlog,Atrasado
3100,PED-51218,2024-10-14,2024-04-05,20,Pietro Andrade,sofialeao@example.org,Mendes Grande,GO,Casa,Itaque,Samsung,3,2277.23,1043.57,0,82.92,SITE,Boleto,6,Aprovado,Correios,Atrasado
3101,PED-98381,2025-07-10,2024-12-23,596,Anthony Gabriel Monteiro,nogueiraeduardo@example.com,Azevedo,MG,Casa,Amet,Genérica,2,2232.94,2661.35,0,113.58,app,Crédito,6,Pendente,Total Express,Em trânsito
3102,PED-85576,2024-08-30,2025-11-25,658,Srta. Manuela Silva,tcirino@example.org,Cardoso de Minas,RN,Casa,Nam,Genérica,4,234.62,1973.13,20,27.29,Site,Pix,1,Recusado,Total Express,Em trânsito
3103,PED-93719,2025-12-16,2025-02-10,581,Yago Peixoto,ninacassiano@example.org,Vargas,PA,Casa,Minima,LG,4,879.54,972.75,0,44.53,app,Boleto,1,Pendente,Total Express,Em trânsito
3104,PED-14512,2024-11-22,2025-12-02,193,Sra. Brenda Barbosa,da-rosalevi@example.org,Costela do Campo,AM,Casa,Nostrum,Adidas,3,589.02,3331.52,0,9.18,Aplicativo,Pix,1,Recusado,Correios,Atrasado
3105,PED-38084,2025-12-21,2025-12-15,971,Emanuelly Pimenta,sadavi-lucas@example.com,Nunes,PA,Eletrônicos,Temporibus,Samsung,1,1838.27,2193.76,20,68.68,Aplicativo,Pix,6,Aprovado,Total Express,Atrasado
3106,PED-56985,2024-06-03,2024-02-07,347,Alexandre Martins,pereiraarthur-gabriel@example.org,Teixeira,PB,Beleza,Laudantium,Samsung,3,2548.7,2317.35,0,3.9,App,Boleto,3,aprovado,Total Express,Entregue
3107,PED-79551,2024-12-16,2026-01-14,547,Aylla Castro,yda-mota@example.net,Brito de Minas,AL,Casa,Amet,Genérica,2,1397.47,1793.38,10,113.56,app,Débito,1,Aprovado,Jadlog,Atrasado
3108,PED-22432,2025-12-05,2024-04-17,186,Heloisa Marques,pietro88@example.com,Ribeiro de Araújo,BA,Beleza,Temporibus,LG,3,171.56,2430.49,30,110.67,Aplicativo,Débito,6,Pendente,Total Express,Atrasado
3109,PED-90139,2024-08-13,2025-12-17,54,Fernando Andrade,bryan37@example.net,Moura do Norte,AC,Beleza,Quisquam,Adidas,1,1408.45,2806.75,0,91.46,SITE,Crédito,2,Recusado,Total Express,Entregue
3110,PED-82667,2024-05-24,2025-03-06,305,Matheus Cardoso,gomeseduarda@example.org,da Paz,AL,eletronicos,Rerum,Apple,2,3346.72,689.55,10,58.33,SITE,Pix,1,aprovado,Total Express,Em trânsito
3111,PED-66219,2024-09-06,2025-06-22,253,Luan Moreira,pmartins@example.org,Rezende,MA,Casa,Quo,Apple,4,2462.6,3355.01,0,11.03,App,Débito,2,Pendente,Correios,Entregue
3112,PED-36417,2024-05-14,2024-09-14,647,Lucas Gabriel Vieira,melissacarvalho@example.com,Machado,AC,Casa,Cupiditate,Apple,4,3027.07,670.65,0,81.15,App,Débito,1,Recusado,Correios,Entregue
3113,PED-67578,2025-11-08,2025-12-23,489,Rafaela Gonçalves,nathanmendes@example.com,Barros,PB,Casa,Et,LG,1,1325.17,1803.24,0,74.11,app,Pix,1,Recusado,Correios,Atrasado
3114,PED-53160,2024-08-30,2025-06-22,1161,Maria Luísa Monteiro,ipimenta@example.org,Silva,PI,eletronicos,Illum,Genérica,3,830.48,3051.17,30,96.81,Site,Pix,1,Pendente,Jadlog,Atrasado
3115,PED-89544,2025-09-15,2025-04-21,459,Alexia Alves,ilopes@example.net,Moura,PR,Casa,Voluptates,LG,2,1735.54,1638.15,0,54.46,SITE,Crédito,2,Aprovado,Correios,Atrasado
3116,PED-29475,2025-06-20,2024-02-27,175,Mariah Vasconcelos,nfernandes@example.com,Gonçalves,RS,eletronicos,Voluptatem,LG,1,401.82,3114.1,0,28.73,SITE,Crédito,1,Aprovado,Jadlog,Em trânsito
3117,PED-34605,2025-07-23,2025-03-26,764,Ravi Vargas,sarah79@example.org,Gomes,RJ,Eletrônicos,Ut,Apple,3,1447.27,2039.86,20,99.87,App,Crédito,1,aprovado,Correios,Atrasado
3118,PED-26528,2025-02-15,2025-04-20,372,Melissa Andrade,nascimentokevin@example.com,Oliveira de Goiás,PR,eletronicos,Explicabo,Apple,1,1974.12,2759.46,20,90.31,Aplicativo,Crédito,12,Recusado,Correios,Atrasado
3119,PED-23739,2024-07-05,2025-04-09,510,Sr. Ravy Viana,lavinia81@example.com,Brito do Galho,DF,Casa,Minima,Samsung,5,3413.56,1988.41,10,115.05,SITE,Boleto,3,aprovado,Correios,Entregue
3120,PED-24628,2024-06-19,2024-02-04,869,Dra. Nicole Barros,msousa@example.org,Silveira,SP,Beleza,Nobis,Apple,2,1346.46,236.59,0,74.07,app,Débito,2,Aprovado,Jadlog,Entregue
3121,PED-91866,2025-09-11,2025-02-05,475,Dr. Josué Sá,gomesemanuelly@example.com,Casa Grande de Duarte,PR,Eletrônicos,Earum,Nike,5,1090.51,2514.57,20,67.09,SITE,Crédito,1,Pendente,Total Express,Em trânsito
3122,PED-95199,2025-11-27,2025-11-07,897,Elisa Vieira,bsouza@example.org,Fernandes de Minas,RN,eletronicos,Soluta,Adidas,1,380.23,2785.75,10,7.34,App,Pix,2,aprovado,Jadlog,Em trânsito
3123,PED-51046,2025-05-17,2025-12-16,632,Letícia Barros,novaisbrenda@example.org,Correia do Amparo,AC,Eletrônicos,Doloribus,Nike,4,3094.05,102.63,0,109.65,App,Pix,6,aprovado,Correios,Em trânsito
3124,PED-82321,2026-01-13,2025-02-21,208,Maria Vitória Brito,costelamarcelo@example.net,Lopes,RR,Eletrônicos,Vitae,Adidas,1,2353.74,2848.38,20,78.23,SITE,Pix,1,aprovado,Total Express,Atrasado
3125,PED-46743,2025-03-31,2024-10-17,1008,Cauã Pastor,albuquerquealice@example.net,Sousa de Minas,ES,Casa,Unde,Adidas,5,2684.99,3367.27,20,58.36,App,Débito,2,Aprovado,Jadlog,Em trânsito
3126,PED-48638,2024-04-15,2026-01-25,206,Vitor Alves,albuquerquerafaela@example.com,Silva de Barbosa,RS,Roupas,Numquam,Apple,2,2615.09,1589.56,0,45.76,Aplicativo,Boleto,1,Pendente,Correios,Entregue
3127,PED-21876,2024-03-13,2024-07-20,205,Maria Clara Dias,mpeixoto@example.net,Souza,ES,Beleza,Doloremque,Samsung,4,2454.52,3496.2,20,39.89,SITE,Crédito,3,aprovado,Jadlog,Entregue
3128,PED-24953,2025-09-07,2024-06-23,390,Danilo da Paz,ramosbianca@example.net,Lopes das Pedras,RR,Roupas,Quod,Genérica,1,844.76,1750.49,0,116.7,Site,Débito,2,aprovado,Correios,Em trânsito
3129,PED-22782,2025-03-24,2024-02-07,1103,Benicio Vasconcelos,benicionovais@example.com,da Paz de Minas,AM,Beleza,Ipsa,Apple,1,3141.74,1039.45,0,62.08,Site,Boleto,1,Aprovado,Jadlog,Entregue
3130,PED-45428,2025-11-01,2024-04-08,920,Dante Fogaça,danilo54@example.net,Carvalho do Galho,TO,Roupas,Quis,Apple,3,1539.02,981.56,10,29.26,App,Pix,1,Pendente,Jadlog,Entregue
3131,PED-85436,2025-07-03,2024-06-02,50,Sra. Letícia Rios,bramos@example.net,Martins,SE,Roupas,Quod,Genérica,2,1376.84,3207.42,10,74.91,Site,Débito,1,Pendente,Correios,Atrasado
3132,PED-14483,2024-07-14,2024-05-28,708,Davi Lucas Sales,ana-carolina66@example.org,Pereira do Campo,AC,Casa,Odio,Adidas,5,128.29,857.83,30,117.04,App,Crédito,3,Aprovado,Total Express,Atrasado
3133,PED-64317,2024-11-21,2025-04-03,1106,Vitor Albuquerque,cda-rosa@example.com,Aparecida,PR,Roupas,Aliquid,LG,3,1552.25,3332.54,10,119.87,app,Crédito,12,Pendente,Jadlog,Em trânsito
3134,PED-34307,2024-09-29,2024-07-17,69,Rafael Vargas,inascimento@example.com,Rodrigues do Amparo,TO,Roupas,Repellendus,LG,1,3246.59,2243.66,0,116.85,App,Pix,2,Pendente,Jadlog,Entregue
3135,PED-83921,2025-08-04,2025-08-12,357,Arthur Miguel Santos,alana49@example.net,Siqueira de Gonçalves,PE,Eletrônicos,Itaque,Samsung,4,2278.66,2806.18,20,88.36,SITE,Crédito,1,Aprovado,Correios,Em trânsito
3136,PED-92270,2024-08-31,2026-01-10,161,Benjamim da Luz,amandamacedo@example.org,Nunes da Praia,RJ,Roupas,Pariatur,Samsung,3,2595.16,1909.01,10,75.61,Site,Crédito,12,Recusado,Jadlog,Em trânsito
3137,PED-57100,2025-10-24,2025-01-24,634,Melina Lima,felipe46@example.org,Macedo das Flores,CE,Beleza,Eum,LG,1,3418.14,96.75,0,4.49,App,Boleto,1,Recusado,Jadlog,Atrasado
3138,PED-70550,2024-05-09,2024-05-08,789,Samuel Fernandes,abreueloah@example.net,Garcia,TO,Beleza,Ad,Apple,3,2574.7,1897.44,10,42.12,App,Boleto,1,Recusado,Total Express,Atrasado
3139,PED-89300,2024-09-25,2024-08-01,291,André Camargo,vargasthomas@example.net,Camargo do Campo,ES,Roupas,Corporis,Nike,4,514.2,1580.02,0,9.98,SITE,Crédito,6,Pendente,Total Express,Em trânsito
3140,PED-20370,2025-02-27,2025-01-22,183,Srta. Lunna Novais,viniciuscardoso@example.org,Fernandes,GO,Beleza,Inventore,Samsung,2,2353.18,418.35,10,42.35,App,Crédito,3,Aprovado,Jadlog,Atrasado
3141,PED-53240,2024-06-21,2025-04-09,47,João Felipe Viana,sophie00@example.net,Freitas,GO,Roupas,Ea,Apple,1,1216.78,124.29,0,93.11,App,Crédito,6,Pendente,Total Express,Em trânsito
3142,PED-73049,2025-07-22,2024-11-16,992,Thales Castro,daniel02@example.org,Nascimento,MT,Casa,Sunt,Apple,1,2209.16,2433.2,0,93.23,SITE,Débito,1,Pendente,Jadlog,Em trânsito
3143,PED-17590,2024-05-11,2025-10-07,333,Lucas Cavalcanti,abreumaria-julia@example.org,Fernandes,RO,Roupas,Impedit,LG,4,393.76,1809.14,0,33.37,app,Boleto,1,Recusado,Total Express,Atrasado
3144,PED-89552,2025-12-24,2025-03-13,369,Bárbara Azevedo,vianaana-laura@example.com,Cavalcanti,PR,Roupas,Nobis,Genérica,3,339.79,2341.76,0,22.23,Site,Crédito,12,aprovado,Jadlog,Atrasado
3145,PED-26645,2025-05-25,2025-10-16,557,Fernanda Montenegro,nalves@example.com,Albuquerque,BA,Roupas,Ratione,Nike,5,2868.72,592.06,20,54.91,App,Crédito,6,Recusado,Jadlog,Atrasado
3146,PED-85399,2025-06-20,2025-01-25,627,Leonardo Rios,stephany74@example.org,Sales,RR,Eletrônicos,Quia,Samsung,5,2328.9,1376.49,20,30.61,Aplicativo,Débito,12,aprovado,Total Express,Atrasado
3147,PED-47905,2024-12-18,2025-10-08,1148,José Pedro Cavalcante,qpeixoto@example.net,Dias de Pacheco,PA,Beleza,Hic,Nike,5,113.08,3353.61,0,57.41,Aplicativo,Boleto,12,Recusado,Total Express,Em trânsito
3148,PED-36971,2025-04-28,2024-08-12,928,Srta. Liz Cirino,tporto@example.com,Caldeira,AL,Beleza,Enim,Samsung,3,906.4,3004.82,0,13.38,Site,Boleto,1,Pendente,Correios,Atrasado
3149,PED-84927,2024-03-24,2025-05-12,915,Dr. Enzo Duarte,maria-julia89@example.com,Ribeiro,AP,Roupas,Provident,Nike,4,2833.22,1542.23,30,114.05,Site,Crédito,3,Aprovado,Total Express,Entregue
3150,PED-57812,2025-05-02,2025-10-26,336,Carolina Duarte,montenegroolivia@example.com,Teixeira de Minas,PE,Casa,Vitae,LG,2,1231.66,2319.48,20,25.27,Aplicativo,Boleto,12,Pendente,Correios,Atrasado
3151,PED-56535,2025-02-22,2025-06-21,862,Asafe Fernandes,epinto@example.net,Jesus do Oeste,AC,Casa,Corporis,LG,5,452.88,2217.81,30,52.33,SITE,Boleto,2,Aprovado,Total Express,Em trânsito
3152,PED-46368,2024-10-02,2024-12-23,913,Melina Machado,lorenamonteiro@example.org,Novaes do Amparo,SE,Casa,Exercitationem,Nike,1,987.34,1276.26,10,101.5,Aplicativo,Crédito,1,Recusado,Total Express,Entregue
3153,PED-21213,2026-01-22,2025-04-04,738,Alícia Peixoto,dmacedo@example.net,da Rosa,PE,Roupas,Mollitia,LG,3,2181.07,173.44,20,83.04,app,Pix,2,Recusado,Correios,Em trânsito
3154,PED-61045,2024-10-19,2024-06-21,444,Henry Cirino,emanuellateixeira@example.org,Rios,TO,Casa,Quo,LG,3,3271.58,1946.03,0,40.4,App,Boleto,2,Pendente,Correios,Entregue
3155,PED-54336,2025-12-05,2025-04-16,557,Luiz Fernando Fonseca,moreirapietro@example.net,Nascimento,RR,eletronicos,Deserunt,Samsung,3,141.03,2000.26,0,114.24,Site,Boleto,1,Pendente,Total Express,Em trânsito
3156,PED-27136,2026-01-27,2025-07-10,1082,Sara Silveira,joao-guilhermesales@example.com,da Mota,SE,eletronicos,Tempore,Nike,4,2022.66,2369.27,20,59.76,app,Pix,12,aprovado,Total Express,Atrasado
3157,PED-65886,2024-04-19,2025-07-08,826,Mariane Freitas,joao-vitor01@example.net,Costela,RR,Eletrônicos,Perspiciatis,Apple,4,3241.68,2847.8,20,3.73,SITE,Boleto,2,Recusado,Jadlog,Atrasado
3158,PED-32607,2024-05-04,2025-03-11,585,Nina Silva,sabrinaleao@example.com,da Rosa da Praia,PA,eletronicos,Iure,Genérica,3,209.33,3363.74,20,99.73,Site,Boleto,1,aprovado,Jadlog,Em trânsito
3159,PED-71215,2024-04-07,2024-06-25,1077,Liam Farias,liam13@example.org,Casa Grande das Flores,GO,Roupas,Aspernatur,Apple,3,1743.86,1499.26,0,67.71,Site,Crédito,2,aprovado,Total Express,Em trânsito
3160,PED-86276,2025-07-08,2024-05-12,684,Matheus Fernandes,marcelopastor@example.org,Sá dos Dourados,PA,Eletrônicos,Qui,Genérica,4,2819.72,1233.72,0,41.31,Site,Boleto,3,Aprovado,Jadlog,Em trânsito
3161,PED-90353,2024-05-09,2024-11-24,976,Catarina Caldeira,samuelazevedo@example.net,Nascimento,SC,Beleza,Numquam,Samsung,4,2205.84,539.64,0,57.39,Site,Crédito,3,Aprovado,Correios,Entregue
3162,PED-50353,2025-06-01,2024-09-11,1187,Dra. Lavínia Duarte,anthony65@example.net,Sousa,CE,Eletrônicos,Consectetur,Apple,2,3316.95,1707.12,0,21.34,Aplicativo,Débito,12,Recusado,Total Express,Em trânsito
3163,PED-22801,2024-10-04,2025-04-28,1131,Alexia Alves,aparecidaarthur@example.org,Aparecida de Guerra,MA,Eletrônicos,Illo,Samsung,4,2370.95,2253.54,20,73.58,Site,Débito,3,Recusado,Jadlog,Em trânsito
3164,PED-15167,2024-10-31,2024-08-25,507,Nicole Barbosa,marcelavieira@example.org,Sá de Cavalcanti,BA,Eletrônicos,Ullam,Samsung,5,587.13,1644.41,20,108.68,App,Boleto,1,Recusado,Correios,Entregue
3165,PED-95658,2025-01-18,2026-01-22,298,Sr. Murilo Sales,ebarbosa@example.com,Vasconcelos Paulista,AL,Eletrônicos,Totam,Apple,2,1991.94,3175.46,0,119.13,app,Boleto,2,Pendente,Total Express,Atrasado
3166,PED-43267,2024-12-09,2024-05-14,316,Arthur Miguel Barbosa,lorenacorreia@example.com,Mendes,CE,eletronicos,Ducimus,Adidas,3,2903.47,1973.8,0,86.52,App,Pix,1,Recusado,Jadlog,Entregue
3167,PED-72133,2025-08-13,2024-07-08,982,Emanuelly da Cunha,vargasbernardo@example.com,Siqueira de Santos,TO,eletronicos,Maxime,LG,5,2223.21,1169.54,30,29.24,SITE,Boleto,2,aprovado,Total Express,Entregue
3168,PED-69499,2025-04-22,2024-08-25,1179,Antônio da Conceição,ferreiraana-julia@example.org,Cunha da Prata,PB,eletronicos,Aperiam,Samsung,4,596.42,210.71,0,42.3,SITE,Boleto,2,aprovado,Jadlog,Atrasado
3169,PED-93058,2024-05-12,2024-12-26,626,Dra. Ana Carolina Nascimento,yagocirino@example.com,Pastor do Galho,PA,Beleza,Neque,Apple,4,545.36,3341.88,30,55.36,Aplicativo,Débito,6,Recusado,Total Express,Entregue
3170,PED-32474,2025-06-06,2024-09-26,1079,Sra. Ana Beatriz Aparecida,diascaua@example.org,Ferreira,ES,Casa,Minima,Nike,2,1797.17,1706.44,10,94.61,Aplicativo,Crédito,1,Recusado,Correios,Em trânsito
3171,PED-59728,2025-12-21,2025-08-22,339,Srta. Zoe Sampaio,gjesus@example.org,Porto,AP,Beleza,Quidem,Nike,5,3352.33,1364.1,0,100.18,App,Crédito,6,Recusado,Jadlog,Entregue
3172,PED-19739,2024-10-24,2025-11-09,1053,Eloá Rocha,rodrigo53@example.com,Correia,RJ,Eletrônicos,Consectetur,Apple,1,1035.53,960.36,30,107.5,Aplicativo,Crédito,3,Aprovado,Correios,Atrasado
3173,PED-46677,2024-11-02,2025-02-14,511,Kamilly da Paz,raquelda-mata@example.org,Lima da Praia,AP,eletronicos,Praesentium,Nike,1,3459.91,671.11,0,52.54,Site,Pix,3,Pendente,Correios,Em trânsito
3174,PED-51661,2024-04-09,2025-06-19,62,Thiago Castro,hellena88@example.com,Moreira de Goiás,MA,Eletrônicos,Optio,Adidas,2,1326.61,3164.11,30,9.54,Site,Pix,3,Recusado,Jadlog,Em trânsito
3175,PED-68054,2024-09-22,2024-11-07,462,Luiza Ribeiro,dantesilva@example.org,Novaes,RO,Eletrônicos,Earum,Apple,4,248.5,209.81,30,85.9,Aplicativo,Pix,3,aprovado,Correios,Em trânsito
3176,PED-57115,2025-08-27,2024-09-21,850,Cecília Sá,montenegrobenjamin@example.net,Azevedo de Siqueira,SC,Eletrônicos,Cum,Nike,2,73.5,3305.83,30,111.99,Aplicativo,Débito,2,aprovado,Correios,Atrasado
3177,PED-73055,2025-07-03,2024-12-18,91,Maria Julia Nogueira,ngarcia@example.org,Carvalho,PB,Eletrônicos,Maiores,Samsung,1,2328.82,3307.11,20,20.62,SITE,Crédito,12,aprovado,Correios,Atrasado
3178,PED-98770,2025-04-26,2025-07-01,535,Erick Moreira,nina51@example.org,da Cruz,PI,Eletrônicos,Iusto,Samsung,4,316.84,1858.55,0,32.39,app,Boleto,2,Aprovado,Correios,Atrasado
3179,PED-51037,2024-10-07,2025-11-27,175,Ana Beatriz Vargas,vieiramaria-sophia@example.com,Aparecida de da Mota,CE,Roupas,Porro,Apple,3,1921.57,192.92,0,99.44,Site,Crédito,12,Aprovado,Correios,Em trânsito
3180,PED-54428,2025-04-23,2024-11-16,108,Marina Freitas,fonsecasophie@example.org,Campos de Minas,MT,Eletrônicos,Officia,LG,2,3233.4,2491.67,20,113.25,app,Boleto,1,aprovado,Jadlog,Em trânsito
3181,PED-88698,2024-03-02,2024-10-26,391,Helena Fernandes,joao-miguel92@example.org,Câmara,AL,Roupas,Tenetur,Nike,4,2143.98,1489.13,0,30.8,app,Pix,2,aprovado,Jadlog,Em trânsito
3182,PED-55867,2025-10-16,2025-09-09,17,Mariane da Conceição,marianecamargo@example.net,Souza de Nogueira,AL,Roupas,Soluta,Apple,2,1118.17,3033.95,0,46.41,App,Boleto,12,Aprovado,Total Express,Em trânsito
3183,PED-54238,2025-08-10,2025-02-26,529,Lavínia Costa,duartemaria-liz@example.com,Vasconcelos,TO,Eletrônicos,Corrupti,Genérica,5,599.79,2731.26,0,95.2,App,Crédito,2,Aprovado,Jadlog,Atrasado
3184,PED-12760,2024-03-08,2024-12-16,155,Sr. João Guilherme Siqueira,iandrade@example.com,Leão dos Dourados,PB,Beleza,Dignissimos,Nike,3,1271.72,1740.88,20,20.45,Aplicativo,Boleto,12,Recusado,Correios,Em trânsito
3185,PED-45498,2024-09-10,2024-03-05,594,Ryan Rodrigues,thomas99@example.com,Porto,PE,Eletrônicos,Libero,LG,3,2625.77,2203.25,0,91.89,Aplicativo,Boleto,12,Aprovado,Total Express,Atrasado
3186,PED-17941,2025-01-25,2025-11-02,710,Raquel Montenegro,rviana@example.org,Teixeira,AL,Eletrônicos,Soluta,Samsung,3,2876.03,834.29,30,61.42,Aplicativo,Débito,2,Recusado,Total Express,Em trânsito
3187,PED-15636,2024-08-25,2025-12-13,601,Dr. Joaquim Machado,da-motajose@example.org,Lopes,RJ,eletronicos,Deleniti,LG,1,1467.88,1993.87,20,13.97,SITE,Crédito,2,Pendente,Total Express,Atrasado
3188,PED-20301,2025-02-10,2024-07-18,900,Sra. Eloá Novais,rodriguesdaniel@example.org,da Rosa,ES,Eletrônicos,Aspernatur,Samsung,4,1895.32,3160.77,0,51.11,app,Boleto,1,aprovado,Total Express,Atrasado
3189,PED-95269,2024-06-29,2024-10-09,958,Samuel Moura,bcarvalho@example.net,Rodrigues,TO,Casa,Excepturi,Nike,1,2406.94,1129.47,0,103.87,Site,Pix,1,Aprovado,Jadlog,Em trânsito
3190,PED-11822,2025-09-12,2025-12-29,165,Kamilly Casa Grande,noah44@example.org,Sá,CE,Casa,Delectus,LG,1,2500.74,1902.25,0,0.65,Aplicativo,Boleto,3,Recusado,Correios,Atrasado
3191,PED-47217,2024-09-02,2025-04-12,754,Liam Gonçalves,pietroferreira@example.net,Lopes,TO,Roupas,Libero,Nike,4,404.13,2206.71,10,57.87,Site,Boleto,2,Pendente,Correios,Atrasado
3192,PED-22103,2025-11-18,2024-12-28,327,José Pedro Borges,matheuscaldeira@example.org,Pimenta de Silva,DF,eletronicos,Provident,Adidas,2,1082.91,3031.26,0,24.64,app,Débito,1,Recusado,Correios,Em trânsito
3193,PED-33161,2024-11-12,2025-04-24,745,Rhavi Guerra,barbaramarques@example.org,Caldeira,SP,Beleza,Voluptates,Nike,5,816.07,1508.75,10,109.39,App,Crédito,3,Aprovado,Correios,Atrasado
3194,PED-15890,2025-07-13,2025-12-23,708,Sr. Benjamim Moraes,da-paznathan@example.net,Siqueira,BA,Beleza,Officiis,Adidas,3,2838.06,2423.85,30,105.39,Aplicativo,Crédito,1,aprovado,Total Express,Entregue
3195,PED-54858,2025-09-14,2024-11-21,830,Gael Henrique Casa Grande,rafaela45@example.net,Nascimento,RR,eletronicos,Quam,Samsung,5,795.82,381.33,0,103.16,app,Crédito,1,Recusado,Jadlog,Atrasado
3196,PED-15044,2024-11-09,2025-08-07,144,Isis Araújo,isisdas-neves@example.org,Pimenta do Oeste,MA,Casa,Vel,Genérica,2,2526.01,2586.52,10,86.19,Aplicativo,Crédito,1,Recusado,Jadlog,Atrasado
3197,PED-56103,2025-01-11,2024-06-28,217,José Miguel Moraes,da-rosaantonio@example.com,Jesus,DF,Roupas,Explicabo,Samsung,4,1561.48,1356.81,0,52.27,Aplicativo,Débito,3,Pendente,Jadlog,Atrasado
3198,PED-61978,2025-03-02,2025-01-28,395,Hadassa Câmara,riosalice@example.com,Brito,MG,Casa,Perspiciatis,Samsung,2,2742.89,889.97,10,61.61,SITE,Débito,12,Aprovado,Total Express,Entregue
3199,PED-33303,2024-11-01,2025-08-10,669,Bárbara Andrade,machadoagatha@example.net,Castro,BA,Roupas,Quos,LG,1,2827.5,3479.89,0,46.47,App,Crédito,3,Pendente,Total Express,Em trânsito
3200,PED-36778,2024-02-21,2024-05-31,1145,Vinicius Santos,gaelalves@example.com,Monteiro da Serra,AC,Casa,Quaerat,Samsung,5,3205.95,2244.2,0,107.04,Site,Crédito,6,Aprovado,Jadlog,Em trânsito
3201,PED-52285,2025-08-18,2025-08-22,1106,Alexandre Albuquerque,ana-carolina50@example.org,Borges,MS,Roupas,Eius,Adidas,3,3473.44,3388.42,0,102.2,app,Débito,1,Aprovado,Jadlog,Em trânsito
3202,PED-18123,2025-06-13,2025-10-06,462,Sr. Léo Azevedo,henry-gabriel56@example.org,Barros do Oeste,AP,Roupas,Explicabo,Genérica,4,54.53,1891.2,30,102.31,Aplicativo,Crédito,2,Recusado,Total Express,Atrasado
3203,PED-42109,2025-02-17,2024-09-27,964,Joana Azevedo,hfonseca@example.com,Sampaio,PB,Roupas,Quia,Adidas,1,1031.97,1662.8,20,117.3,App,Débito,1,Recusado,Jadlog,Entregue
3204,PED-26579,2024-08-13,2024-10-29,1001,Ana Lívia Duarte,franciscosilveira@example.com,Ferreira,AL,Beleza,Repellat,Adidas,1,601.33,1621.29,0,44.2,SITE,Crédito,6,Aprovado,Jadlog,Atrasado
3205,PED-16544,2025-02-27,2025-01-14,243,Gustavo Henrique Oliveira,maria-lauragoncalves@example.net,Jesus do Norte,PI,Beleza,Quasi,Adidas,3,3208.67,1182.99,10,25.17,app,Crédito,3,Recusado,Correios,Em trânsito
3206,PED-50298,2024-05-24,2025-10-13,50,Maria Cecília Peixoto,joao28@example.org,da Rosa,CE,Casa,Voluptate,Apple,5,617.9,1172.98,0,53.33,App,Pix,1,aprovado,Correios,Em trânsito
3207,PED-28354,2025-04-20,2025-01-04,1099,Léo Sá,pastoranthony@example.com,Rios da Mata,MS,Roupas,Eveniet,Samsung,3,2955.63,3149.36,0,22.62,SITE,Pix,2,Aprovado,Correios,Em trânsito
3208,PED-82464,2024-03-30,2024-07-22,1045,Mariah Nunes,moreiraravi-lucca@example.org,da Cunha de da Mota,CE,Casa,Laudantium,Genérica,3,96.43,1296.98,0,118.01,app,Crédito,3,Recusado,Correios,Atrasado
3209,PED-13212,2024-09-27,2025-10-01,735,Marcelo Pastor,gabriela60@example.org,Pastor,BA,Eletrônicos,Earum,LG,1,488.76,3388.82,0,59.11,Site,Pix,6,Recusado,Correios,Em trânsito
3210,PED-66075,2025-08-17,2025-01-25,1189,Manuela Pires,almeidajose-pedro@example.com,da Costa,TO,Beleza,Officiis,Apple,2,2817.65,581.39,10,84.02,SITE,Boleto,3,Recusado,Jadlog,Entregue
3211,PED-76968,2025-06-01,2024-09-30,954,Luiz Gustavo Brito,stellada-rocha@example.org,Cardoso de Vasconcelos,MG,Beleza,Nisi,Apple,1,2007.36,570.45,0,21.38,SITE,Crédito,2,Aprovado,Jadlog,Em trânsito
3212,PED-36043,2025-07-13,2025-09-01,843,Sr. Paulo Pires,ana-laurateixeira@example.com,das Neves do Galho,PB,Eletrônicos,Veritatis,Nike,1,563.06,2911.56,0,24.43,SITE,Pix,3,Aprovado,Correios,Atrasado
3213,PED-51017,2024-10-09,2025-09-23,1097,Sr. Pedro Gonçalves,da-rosaleticia@example.org,das Neves,CE,Eletrônicos,Id,Adidas,2,3132.87,1393.33,0,104.36,Aplicativo,Pix,1,Pendente,Jadlog,Atrasado
3214,PED-35553,2024-10-21,2025-03-28,173,Gael Henrique Montenegro,aparecidacarolina@example.net,Peixoto,SP,Roupas,Autem,Genérica,3,2440.79,2106.82,0,44.74,Aplicativo,Crédito,1,Aprovado,Total Express,Atrasado
3215,PED-51892,2025-02-22,2024-06-01,223,Pedro Lucas Cunha,davi-luiz74@example.net,Porto,RJ,Roupas,Temporibus,Nike,2,2774.72,3255.35,0,64.09,app,Boleto,2,aprovado,Correios,Atrasado
3216,PED-16077,2025-06-19,2025-01-15,264,Ana Clara Mendonça,eduardapimenta@example.net,Rodrigues da Prata,MT,eletronicos,Exercitationem,Samsung,3,587.01,2895.19,0,97.55,app,Débito,1,Pendente,Correios,Entregue
3217,PED-52519,2026-01-02,2024-07-06,56,Sr. Ryan da Cruz,moreiratheodoro@example.net,Cassiano,PB,Beleza,Optio,Genérica,2,1760.02,941.84,0,93.39,SITE,Boleto,2,Pendente,Total Express,Em trânsito
3218,PED-71250,2025-08-27,2025-07-04,83,Maitê Barbosa,macedobernardo@example.net,Guerra do Sul,MT,Casa,Explicabo,Genérica,2,1391.01,2596.87,10,37.74,app,Boleto,2,aprovado,Jadlog,Atrasado
3219,PED-13793,2025-06-13,2024-11-29,731,Antony Machado,xcampos@example.org,da Luz de Pimenta,MA,eletronicos,At,Nike,2,1878.21,2958.82,20,117.13,SITE,Débito,1,Aprovado,Total Express,Em trânsito
3220,PED-13872,2025-03-28,2026-01-03,192,Luiz Felipe Moraes,ana-lauravieira@example.com,Oliveira Verde,PB,Beleza,Amet,Adidas,5,635.55,1651.29,0,75.71,Aplicativo,Pix,1,Pendente,Correios,Entregue
3221,PED-10416,2024-05-23,2025-08-16,1154,Henrique Mendonça,catarina77@example.com,Lopes,PA,Beleza,Quia,Genérica,4,2946.26,1442.99,20,112.14,SITE,Crédito,2,Pendente,Correios,Entregue
3222,PED-59597,2025-05-03,2024-04-03,818,Rebeca das Neves,cpeixoto@example.com,Garcia de Rodrigues,RO,Beleza,Quis,Genérica,5,268.37,3178.73,10,70.56,App,Débito,1,aprovado,Total Express,Atrasado
3223,PED-44899,2025-07-10,2026-01-24,773,Ana Cecília Barbosa,enzo-gabrielnovais@example.org,Garcia do Amparo,CE,Roupas,Reiciendis,Adidas,1,1506.9,2728.04,30,53.95,SITE,Débito,6,Recusado,Correios,Atrasado
3224,PED-90104,2026-01-26,2024-03-16,935,Luiza Oliveira,martinsana-beatriz@example.net,Lima,MT,Beleza,Accusamus,Nike,1,798.46,192.44,0,63.74,App,Crédito,3,Recusado,Total Express,Em trânsito
3225,PED-43739,2024-05-07,2025-11-26,1087,Nicole Dias,eduardacaldeira@example.com,Almeida,PB,Casa,Dolores,Adidas,5,203.61,2878.74,0,107.69,app,Débito,1,Recusado,Jadlog,Em trânsito
3226,PED-80672,2025-11-28,2025-05-10,773,Allana Melo,cdias@example.com,Costa,ES,Casa,Perspiciatis,Genérica,2,1384.77,680.65,0,8.43,app,Crédito,2,Pendente,Total Express,Atrasado
3227,PED-64397,2025-07-10,2024-11-08,610,Heloisa da Cunha,davi-lucassales@example.net,Souza Grande,SC,Eletrônicos,Non,LG,5,3100.29,1694.05,30,36.44,Site,Boleto,6,Aprovado,Total Express,Entregue
3228,PED-68344,2024-11-14,2024-02-29,1074,Maria Fernandes,valentim88@example.com,Nascimento,PR,eletronicos,Doloribus,Genérica,3,2485.83,2951.29,10,12.83,Aplicativo,Boleto,1,Recusado,Correios,Em trânsito
3229,PED-51947,2025-04-10,2024-06-29,997,Pedro Henrique da Luz,macedolucas@example.org,Pacheco,MT,Beleza,Pariatur,Genérica,1,860.53,2582.29,0,85.73,App,Débito,1,Pendente,Total Express,Em trânsito
3230,PED-60816,2024-04-25,2025-03-19,282,Hellena Abreu,obarros@example.com,Ferreira,AM,Roupas,Dolorum,Nike,5,2127.9,3380.9,0,29.55,Site,Boleto,3,aprovado,Jadlog,Entregue
3231,PED-15114,2024-05-19,2024-06-01,721,Nina Rocha,antonellacamargo@example.org,Caldeira,RS,Beleza,Sint,Nike,4,1549.72,160.49,0,98.99,Aplicativo,Pix,6,Pendente,Jadlog,Entregue
3232,PED-25064,2025-10-19,2026-01-30,681,Ana Cecília Costela,benicioferreira@example.org,Gomes dos Dourados,RJ,Casa,Quisquam,Nike,3,1451.67,1382.37,0,71.99,Aplicativo,Pix,12,Pendente,Jadlog,Atrasado
3233,PED-26412,2024-05-12,2024-10-27,648,Aurora Barbosa,rafaelaabreu@example.net,Gonçalves,GO,Roupas,Dolores,Genérica,3,566.43,1202.65,10,48.23,SITE,Débito,3,Aprovado,Jadlog,Entregue
3234,PED-27730,2025-06-09,2025-10-21,861,Maria Helena Pastor,ian22@example.org,Farias,RR,Casa,Eos,Adidas,3,200.67,2348.41,0,37.73,App,Crédito,1,aprovado,Jadlog,Atrasado
3235,PED-40590,2025-12-02,2024-07-21,1141,Dom Albuquerque,gael-henrique35@example.org,Freitas Verde,RN,Casa,Sed,Genérica,5,1863.37,3462.13,20,16.2,SITE,Boleto,1,aprovado,Jadlog,Atrasado
3236,PED-43146,2024-03-05,2025-07-06,867,Pietra Cavalcanti,emanuella41@example.com,Macedo de Barros,SC,Beleza,Enim,Genérica,4,694.17,1472.37,10,117.95,Site,Débito,1,Pendente,Jadlog,Em trânsito
3237,PED-45217,2024-07-23,2025-12-18,1136,Enzo Gabriel Pastor,maria-fernandacunha@example.com,Lopes,RS,Eletrônicos,Cum,Adidas,3,742.66,2298.79,0,84.72,app,Débito,2,aprovado,Jadlog,Entregue
3238,PED-92168,2024-12-05,2024-04-12,749,Dr. Luan Peixoto,arthur-miguelsilva@example.net,Novaes do Galho,CE,Eletrônicos,Distinctio,Genérica,4,158.52,2567.62,0,98.63,Aplicativo,Pix,12,Pendente,Total Express,Entregue
3239,PED-86738,2025-12-17,2025-12-23,889,Sra. Mariah Camargo,tnunes@example.net,da Luz,RR,Eletrônicos,Accusantium,LG,5,2752.0,2004.65,0,0.76,app,Crédito,2,Pendente,Jadlog,Atrasado
3240,PED-87709,2025-10-28,2025-02-17,662,Bernardo Gonçalves,bruna46@example.net,Borges das Pedras,AP,Roupas,Vitae,LG,3,3277.45,907.73,0,11.53,app,Pix,12,Pendente,Correios,Atrasado
3241,PED-74345,2024-07-01,2024-12-25,611,Eloah Alves,osouza@example.com,Siqueira de Ferreira,MG,eletronicos,Dolores,Samsung,3,674.1,2513.59,0,79.83,app,Boleto,6,aprovado,Correios,Em trânsito
3242,PED-35990,2025-02-02,2024-04-30,324,Cecilia Nunes,isadoracostela@example.org,Jesus,ES,Eletrônicos,Exercitationem,Nike,4,1338.63,2720.74,10,68.35,Site,Crédito,6,Pendente,Correios,Atrasado
3243,PED-79758,2025-06-11,2024-10-01,828,Sr. Enrico Peixoto,marianasa@example.org,Barbosa,TO,Eletrônicos,Possimus,Samsung,4,371.56,2357.86,0,0.11,SITE,Pix,1,Aprovado,Jadlog,Em trânsito
3244,PED-33087,2024-06-22,2024-08-22,303,Vinícius Machado,thalesrodrigues@example.net,Machado,SC,Casa,Sed,Nike,3,895.94,2920.57,30,36.79,Aplicativo,Pix,1,Pendente,Total Express,Atrasado
3245,PED-56678,2025-05-20,2024-02-14,125,Dr. Eduardo Camargo,maria-juliacostela@example.net,Cavalcanti do Norte,RJ,Roupas,Quis,Apple,3,1771.85,1741.69,0,9.54,Aplicativo,Crédito,1,Recusado,Total Express,Atrasado
3246,PED-56184,2025-08-11,2024-05-19,394,Ana Clara Farias,silvamariah@example.net,das Neves,PE,Beleza,Optio,Adidas,4,1234.6,2118.29,20,59.23,App,Débito,1,Recusado,Total Express,Entregue
3247,PED-98225,2025-01-09,2025-05-12,706,Nicolas Peixoto,almeidaravy@example.com,Mendes do Campo,CE,Roupas,Assumenda,Apple,5,2595.26,2949.81,0,91.52,Site,Crédito,2,Recusado,Total Express,Entregue
3248,PED-12683,2024-09-26,2025-10-17,505,Caio Rezende,frios@example.net,Vasconcelos da Mata,RJ,eletronicos,Illum,Adidas,4,1630.05,1013.41,30,92.94,SITE,Débito,12,aprovado,Total Express,Atrasado
3249,PED-50512,2024-06-05,2025-03-14,707,Dr. Luan Pacheco,arthur-gabrielfarias@example.net,Dias,AM,Casa,Id,Adidas,4,3323.01,3207.37,30,77.23,App,Crédito,1,Pendente,Jadlog,Entregue
3250,PED-44318,2026-01-15,2024-03-30,806,Francisco da Mota,sabrina76@example.com,Aparecida,PI,Roupas,Consectetur,Adidas,4,568.67,3044.09,30,96.66,SITE,Pix,1,Aprovado,Jadlog,Em trânsito
3251,PED-92289,2024-02-14,2025-10-01,153,Luna da Cruz,isaac83@example.org,Cavalcanti,MA,Eletrônicos,Dolorem,Samsung,5,2024.45,1978.68,0,118.12,app,Débito,3,aprovado,Correios,Em trânsito
3252,PED-93368,2026-01-23,2026-01-04,532,Diogo Machado,lda-rosa@example.com,da Costa da Mata,BA,eletronicos,Hic,Samsung,2,1784.53,1511.67,20,41.84,app,Boleto,12,Aprovado,Correios,Em trânsito
3253,PED-77596,2024-04-22,2024-11-13,147,João Felipe Pereira,da-matamaite@example.net,Macedo,PR,Eletrônicos,Culpa,LG,3,1670.02,2026.77,0,43.4,app,Pix,1,Recusado,Total Express,Em trânsito
3254,PED-59663,2025-12-09,2024-08-07,718,Eduardo Fernandes,da-pazana-laura@example.com,Casa Grande de Goiás,MG,Eletrônicos,Veniam,Genérica,2,3478.96,819.19,0,110.3,App,Crédito,6,Pendente,Total Express,Entregue
3255,PED-77385,2024-08-11,2024-02-08,42,Emanuelly Camargo,zvieira@example.org,Gomes dos Dourados,DF,Casa,Voluptatum,Genérica,2,295.35,2581.43,20,39.45,App,Débito,1,Pendente,Total Express,Atrasado
3256,PED-95959,2025-10-26,2025-03-28,552,Maria Helena Sales,joao99@example.org,da Mota da Praia,CE,Roupas,Vero,Adidas,1,2611.37,771.99,30,87.39,Site,Débito,3,aprovado,Correios,Atrasado
3257,PED-23206,2024-11-20,2024-09-16,147,Benício Monteiro,maria-lauracirino@example.com,Campos,AC,eletronicos,Maxime,Nike,3,2248.99,376.58,30,61.3,App,Pix,1,Pendente,Total Express,Atrasado
3258,PED-86496,2025-06-25,2025-02-25,446,Ana Lívia Andrade,theo49@example.org,Fogaça de Leão,MS,Casa,Dolorum,Genérica,4,228.88,250.93,0,53.27,app,Pix,6,Aprovado,Total Express,Em trânsito
3259,PED-27058,2024-12-20,2025-08-10,789,Maria Liz da Costa,joao-lucas82@example.com,Santos do Sul,MT,eletronicos,Totam,Apple,4,1446.09,3264.28,30,78.81,SITE,Débito,2,Recusado,Jadlog,Entregue
3260,PED-10434,2024-12-13,2026-01-25,1016,Brenda Castro,yfonseca@example.net,Gomes,PI,Beleza,Temporibus,Adidas,1,930.9,1744.26,10,61.61,SITE,Boleto,3,Pendente,Jadlog,Atrasado
3261,PED-53097,2025-09-14,2025-04-30,334,Alexia Pacheco,eduardabarbosa@example.org,Moreira das Pedras,PI,eletronicos,Quisquam,Adidas,5,2194.92,2933.52,0,46.66,Site,Pix,1,Recusado,Jadlog,Entregue
3262,PED-98979,2025-08-29,2025-04-30,1117,Luigi Rodrigues,sampaioagatha@example.org,da Mata,AP,eletronicos,Quod,Adidas,3,1610.69,2527.84,20,18.43,SITE,Boleto,12,aprovado,Total Express,Atrasado
3263,PED-12340,2025-09-04,2024-04-21,207,Benjamin Dias,laura79@example.org,Pastor,AM,Casa,Culpa,LG,1,1139.09,2546.07,0,19.91,App,Boleto,12,Pendente,Correios,Em trânsito
3264,PED-94250,2025-04-14,2025-08-03,679,Oliver Ferreira,juliafreitas@example.net,Farias da Prata,AM,eletronicos,Odio,Apple,2,293.84,2284.22,20,112.89,SITE,Crédito,12,aprovado,Total Express,Em trânsito
3265,PED-74894,2024-06-02,2024-08-08,675,Pedro Miguel Siqueira,rochaguilherme@example.net,Correia,AC,Casa,Dolor,Samsung,5,2919.87,2635.57,10,45.54,Site,Débito,1,Aprovado,Correios,Entregue
3266,PED-32482,2024-04-14,2025-01-29,1022,Dr. Murilo da Mota,mateusda-luz@example.net,Fernandes de Borges,PR,Beleza,Dolores,Nike,3,2337.05,2710.34,0,106.54,app,Boleto,1,Aprovado,Jadlog,Entregue
3267,PED-93427,2025-06-03,2024-11-13,257,Ana Cecília Nogueira,aylarezende@example.com,Alves,MT,Roupas,Dolor,Apple,5,3146.29,234.25,30,94.27,SITE,Crédito,3,Aprovado,Jadlog,Entregue
3268,PED-75004,2024-11-05,2024-04-17,785,Olivia Melo,vitor-hugo14@example.net,Barros,AL,Beleza,Molestiae,Apple,2,2569.14,1663.44,20,108.82,SITE,Boleto,1,Pendente,Correios,Entregue
3269,PED-61802,2025-01-25,2026-01-19,1056,Lucas Gabriel Novais,imoraes@example.org,Nogueira de Novais,GO,Beleza,Cum,Nike,3,720.8,314.65,0,19.62,App,Débito,3,Pendente,Correios,Atrasado
3270,PED-13445,2025-05-31,2025-05-04,911,Bernardo Lopes,barbarabrito@example.com,Fonseca,MA,Roupas,Alias,Nike,5,715.21,384.74,30,35.97,app,Pix,12,Aprovado,Total Express,Atrasado
3271,PED-83988,2025-09-05,2024-06-14,770,Felipe Santos,ferreiragael-henrique@example.org,Silveira,AL,Roupas,Cupiditate,LG,5,3400.63,2671.14,30,46.12,App,Débito,3,Recusado,Correios,Atrasado
3272,PED-28495,2024-03-19,2025-10-09,1010,André Peixoto,alexia89@example.org,Marques,PB,Casa,Fugit,Genérica,1,2961.1,1604.11,0,79.89,Aplicativo,Pix,1,Pendente,Correios,Em trânsito
3273,PED-98330,2024-12-02,2024-07-03,225,Sr. Ravy Jesus,ccardoso@example.net,Teixeira de da Cruz,SC,Beleza,Rerum,Apple,3,355.92,3182.19,0,112.52,Site,Boleto,2,aprovado,Correios,Em trânsito
3274,PED-56547,2026-01-27,2025-11-29,1186,Laura Costa,maria-eduarda02@example.net,da Cruz dos Dourados,ES,Eletrônicos,Repellendus,LG,3,2908.92,1337.83,10,114.15,Site,Boleto,12,Pendente,Total Express,Em trânsito
3275,PED-99954,2025-12-29,2024-12-02,771,Marcela Ferreira,maria-lizcasa-grande@example.org,Pereira da Praia,AP,Eletrônicos,Error,Samsung,3,238.34,982.59,0,119.38,Site,Crédito,1,Pendente,Total Express,Em trânsito
3276,PED-54848,2024-10-08,2025-10-02,929,Alícia da Luz,vicente21@example.net,Lopes,MG,Casa,Culpa,Genérica,3,1641.96,1496.42,30,101.52,Aplicativo,Pix,6,Pendente,Correios,Atrasado
3277,PED-28254,2025-05-04,2025-08-31,977,Levi Pastor,arodrigues@example.org,Rezende do Oeste,MT,Casa,Quos,LG,1,2687.57,1214.59,10,62.36,app,Crédito,12,aprovado,Correios,Entregue
3278,PED-17145,2024-09-08,2025-06-15,609,Lorena da Rosa,dante43@example.org,Carvalho das Flores,PR,Casa,Vero,Genérica,2,454.61,2475.26,30,2.81,Aplicativo,Crédito,12,Pendente,Jadlog,Entregue
3279,PED-70667,2025-05-02,2024-11-18,451,Isis Nogueira,diego28@example.org,Vasconcelos de Viana,AC,Eletrônicos,Sint,LG,2,2727.3,3064.42,0,65.18,Site,Boleto,6,Aprovado,Total Express,Em trânsito
3280,PED-29520,2024-07-14,2024-11-16,1186,Gael Costa,antonella72@example.net,Cassiano,RN,eletronicos,Ratione,Samsung,5,2820.65,1353.52,0,104.12,Aplicativo,Crédito,12,Aprovado,Jadlog,Em trânsito
3281,PED-25958,2024-10-27,2024-11-12,814,Vinicius Azevedo,pcassiano@example.org,Rios,SP,Beleza,Eaque,Samsung,2,1545.45,3051.72,0,39.8,Site,Pix,1,Aprovado,Jadlog,Atrasado
3282,PED-85251,2024-05-13,2025-09-02,962,Sr. Vitor Hugo Mendes,zsiqueira@example.com,Guerra de Goiás,AP,Casa,Tenetur,Adidas,4,2377.83,408.49,20,117.45,Aplicativo,Boleto,1,Pendente,Total Express,Entregue
3283,PED-82024,2024-03-13,2024-12-20,945,Enrico Lima,cvasconcelos@example.net,Cavalcanti,AL,Roupas,Numquam,Adidas,4,2904.52,3027.34,0,72.61,app,Débito,1,Pendente,Total Express,Atrasado
3284,PED-50759,2025-02-10,2025-12-29,961,Sra. Marina Novaes,isabelacampos@example.com,Casa Grande,CE,Casa,Minima,Adidas,5,1804.12,1791.37,0,93.32,Aplicativo,Pix,3,Pendente,Total Express,Atrasado
3285,PED-61342,2024-06-19,2024-10-30,1102,Srta. Maria Luísa Caldeira,fernandesarthur-gabriel@example.org,Sampaio de Almeida,AM,Casa,Eveniet,Apple,4,3453.47,3226.06,0,112.66,SITE,Crédito,12,Aprovado,Total Express,Atrasado
3286,PED-67707,2024-04-23,2025-08-23,133,Dra. Manuela Vargas,faparecida@example.org,Monteiro,MS,Roupas,Nihil,LG,4,2859.59,2086.91,0,1.91,SITE,Débito,2,Pendente,Correios,Atrasado
3287,PED-96228,2024-12-18,2024-05-08,180,Theodoro Aparecida,henry33@example.org,Duarte do Amparo,PI,Eletrônicos,Fugiat,LG,4,1588.97,2574.97,0,33.24,app,Débito,3,aprovado,Jadlog,Em trânsito
3288,PED-50446,2025-06-26,2024-11-14,244,Srta. Isis Lima,ncarvalho@example.com,da Mata,PI,eletronicos,Accusamus,Nike,1,1499.48,1174.88,20,33.43,SITE,Débito,6,Aprovado,Jadlog,Atrasado
3289,PED-63518,2025-04-16,2026-01-07,483,Guilherme Castro,esouza@example.net,da Rosa,RJ,Casa,Iusto,Adidas,1,2797.26,457.66,30,99.56,Site,Pix,1,Aprovado,Total Express,Entregue
3290,PED-59965,2024-05-12,2024-05-07,1189,Sra. Maysa Ferreira,stephany46@example.net,da Mota,AC,Eletrônicos,Repellendus,Samsung,3,3164.33,2099.79,0,51.87,App,Pix,3,Recusado,Correios,Em trânsito
3291,PED-99437,2026-02-02,2025-01-10,1119,Sophia Souza,clopes@example.net,Cassiano do Sul,CE,Eletrônicos,Libero,LG,1,2136.73,818.45,0,108.93,Aplicativo,Crédito,12,Aprovado,Total Express,Atrasado
3292,PED-31041,2024-08-08,2024-10-10,889,Bruna Lima,kmoura@example.org,Rios de Pastor,RJ,Beleza,Magnam,Adidas,1,122.82,1776.84,10,114.87,Site,Boleto,12,Aprovado,Jadlog,Em trânsito
3293,PED-20580,2025-09-22,2024-11-30,879,Dra. Maria Fernanda Rocha,novaesluisa@example.com,Azevedo de da Conceição,MG,Casa,Aperiam,Genérica,4,381.26,1695.33,10,82.18,app,Pix,1,Aprovado,Jadlog,Em trânsito
3294,PED-16573,2024-08-26,2025-01-12,1141,Rafael Abreu,gabriel63@example.net,Souza da Mata,AM,Eletrônicos,Ipsum,LG,5,2616.93,1239.01,0,33.62,Site,Pix,3,Pendente,Jadlog,Atrasado
3295,PED-99674,2025-06-11,2025-01-16,661,Camila Monteiro,henriqueda-rosa@example.net,Garcia de Carvalho,RS,Casa,Nesciunt,Apple,3,3494.7,165.51,0,23.68,App,Crédito,6,Pendente,Correios,Em trânsito
3296,PED-55553,2024-05-22,2025-01-29,1144,Dr. Davi Gonçalves,nda-rocha@example.com,Moraes do Sul,MA,Beleza,Repudiandae,Nike,2,2717.46,2417.6,20,36.45,Aplicativo,Boleto,1,Aprovado,Total Express,Em trânsito
3297,PED-87305,2025-12-18,2025-06-01,710,Vitor Gabriel Câmara,epastor@example.net,Macedo,MA,Beleza,Ad,Apple,2,3484.14,309.73,20,4.55,Site,Débito,12,Pendente,Correios,Entregue
3298,PED-44387,2026-01-11,2024-05-09,275,Dr. Kevin Macedo,mpires@example.net,Vargas da Mata,MA,eletronicos,Illum,Nike,4,2455.89,1683.49,20,39.28,App,Débito,2,aprovado,Correios,Atrasado
3299,PED-96339,2025-09-12,2025-04-04,739,Ian Castro,valentinamarques@example.net,Nunes das Pedras,PB,Roupas,Pariatur,LG,2,2444.73,933.43,0,10.97,app,Crédito,1,Aprovado,Jadlog,Atrasado
3300,PED-54416,2024-04-30,2026-01-15,978,Isaque Marques,nina10@example.com,Silva,SP,Casa,Itaque,Adidas,3,2736.44,2369.09,0,104.41,Site,Débito,3,Recusado,Jadlog,Entregue
3301,PED-30590,2025-12-03,2025-04-25,420,Srta. Lívia Ferreira,liz93@example.com,Vieira,MA,Casa,Iste,LG,1,1789.63,794.19,10,29.07,Aplicativo,Pix,1,Recusado,Correios,Atrasado
3302,PED-38883,2024-09-09,2025-05-08,302,Dr. Emanuel Cassiano,da-mataalana@example.net,Sales,PI,Roupas,Facilis,Apple,3,2460.41,381.21,0,68.27,Aplicativo,Boleto,1,Pendente,Correios,Atrasado
3303,PED-10850,2025-02-25,2024-02-11,1006,Antony Pastor,antonellacasa-grande@example.com,Ramos do Oeste,PA,eletronicos,Accusantium,Apple,3,115.57,1500.09,0,102.8,App,Pix,6,Aprovado,Jadlog,Atrasado
3304,PED-32372,2025-01-25,2025-01-26,600,Gael Casa Grande,arthurnunes@example.net,Duarte,RJ,Eletrônicos,Sed,Nike,5,599.36,1357.7,0,88.16,app,Boleto,6,aprovado,Total Express,Entregue
3305,PED-69219,2025-04-06,2025-04-06,48,Júlia Cunha,osousa@example.com,Brito da Prata,PA,Casa,Aliquam,Apple,3,3047.82,3333.52,30,26.11,Site,Crédito,1,Recusado,Total Express,Entregue
3306,PED-98662,2024-04-12,2025-03-06,279,Anna Liz da Conceição,danielvieira@example.com,Camargo Paulista,TO,Casa,Odio,Apple,2,3282.93,2342.16,10,119.23,App,Crédito,1,Aprovado,Jadlog,Entregue
3307,PED-27783,2025-09-29,2025-06-14,921,Yasmin Câmara,arthurpires@example.com,das Neves de Minas,MS,Eletrônicos,Iure,Apple,3,2696.07,2911.54,0,112.47,Aplicativo,Boleto,1,Pendente,Total Express,Atrasado
3308,PED-76758,2024-10-30,2025-02-13,864,Maria Fernanda Castro,igor67@example.org,Cunha do Norte,PB,eletronicos,Reprehenderit,Genérica,4,359.64,3456.0,20,70.54,Aplicativo,Crédito,3,Aprovado,Total Express,Em trânsito
3309,PED-42528,2024-04-18,2025-01-23,1037,Sara Nogueira,manuella59@example.com,Fernandes de da Cruz,RJ,eletronicos,Fugit,Adidas,5,1950.11,3487.14,0,84.53,SITE,Boleto,12,Recusado,Jadlog,Atrasado
3310,PED-57679,2024-11-23,2024-03-09,400,Mariana Pacheco,garciagael-henrique@example.com,Jesus,MT,Casa,Voluptate,Nike,3,2832.2,1196.0,0,75.15,Aplicativo,Débito,1,aprovado,Correios,Atrasado
3311,PED-96088,2025-02-08,2025-04-24,421,Juliana da Cunha,mmoura@example.net,Montenegro de Rios,MG,Roupas,Iure,Nike,3,2384.29,2809.94,0,70.57,Aplicativo,Crédito,1,Aprovado,Jadlog,Entregue
3312,PED-83269,2024-02-20,2025-09-09,771,Dr. Enzo Azevedo,inogueira@example.net,da Mota do Galho,TO,Eletrônicos,Eius,Genérica,4,2017.54,2801.19,0,72.63,App,Pix,1,Aprovado,Jadlog,Atrasado
3313,PED-79373,2025-02-21,2025-01-05,409,Srta. Allana Rios,maria-juliacaldeira@example.net,da Conceição da Mata,MT,Beleza,Eos,Genérica,2,2176.42,293.58,0,116.92,app,Boleto,1,Recusado,Total Express,Entregue
3314,PED-73536,2025-06-24,2024-05-24,1039,Alice Sá,ana-julia39@example.org,Araújo das Flores,AC,Roupas,Voluptas,Genérica,4,2792.72,415.04,0,29.46,SITE,Crédito,1,Pendente,Total Express,Em trânsito
3315,PED-95372,2024-04-05,2025-03-17,851,Rebeca Cardoso,erick76@example.org,Novaes do Amparo,ES,eletronicos,Occaecati,LG,1,2418.7,1372.45,0,8.8,SITE,Pix,1,Aprovado,Total Express,Atrasado
3316,PED-77426,2025-02-28,2024-10-22,1063,Isis Porto,qcosta@example.org,Machado,TO,Casa,Iusto,Samsung,5,286.63,3101.17,0,55.25,App,Débito,1,Pendente,Correios,Entregue
3317,PED-64263,2025-08-21,2024-10-09,1048,Dr. Felipe da Cruz,danilopeixoto@example.net,Cavalcante,MG,Eletrônicos,Adipisci,Adidas,3,3436.38,2335.09,0,31.33,App,Débito,12,Pendente,Correios,Entregue
3318,PED-36005,2025-04-29,2024-12-21,356,Srta. Isabelly Camargo,da-costapietra@example.net,da Costa do Campo,RJ,Casa,Asperiores,Genérica,4,3477.85,2995.19,0,103.68,SITE,Crédito,6,Aprovado,Total Express,Atrasado
3319,PED-17185,2025-03-29,2025-06-20,624,Arthur Gabriel Borges,alana22@example.com,Farias,PR,eletronicos,Tempora,Adidas,3,2459.58,210.97,20,118.0,app,Boleto,1,Pendente,Total Express,Atrasado
3320,PED-44265,2024-06-10,2024-12-15,362,Mariane Moura,lvargas@example.org,Câmara das Flores,AM,Eletrônicos,Velit,Adidas,1,1968.68,3364.63,0,97.29,Aplicativo,Pix,2,aprovado,Total Express,Entregue
3321,PED-39936,2024-11-17,2025-04-25,215,Otto Azevedo,paulosampaio@example.com,da Mota da Serra,SC,Eletrônicos,Distinctio,Apple,4,1280.98,2436.55,0,46.52,SITE,Crédito,1,aprovado,Correios,Entregue
3322,PED-19458,2024-03-11,2024-09-22,1003,Pietra Fogaça,bernardo06@example.org,Peixoto,MS,Beleza,Aperiam,Samsung,4,2763.6,108.52,0,84.39,SITE,Boleto,12,Recusado,Total Express,Atrasado
3323,PED-82273,2025-12-12,2024-10-07,189,Eduarda da Luz,isaacsiqueira@example.com,da Conceição,RR,Eletrônicos,Consequuntur,Adidas,3,2158.06,625.31,10,26.24,App,Crédito,2,Recusado,Correios,Em trânsito
3324,PED-31949,2025-07-24,2024-11-22,812,Srta. Maria Isis Ramos,imoraes@example.org,Brito do Campo,MG,Eletrônicos,Adipisci,Adidas,5,405.08,2033.04,0,11.62,Site,Crédito,12,Aprovado,Jadlog,Atrasado
3325,PED-96351,2024-03-18,2024-02-04,371,Melina da Paz,samuel75@example.net,Pires de Minas,PB,Roupas,Voluptatum,Samsung,2,1419.5,2248.45,0,23.4,Site,Crédito,1,Pendente,Correios,Entregue
3326,PED-13918,2025-07-26,2025-09-30,1159,Daniel Porto,silveirajulia@example.net,da Rocha,MT,Beleza,Ex,Samsung,5,1125.49,307.88,0,46.58,Aplicativo,Crédito,12,aprovado,Jadlog,Entregue
3327,PED-71004,2025-11-22,2024-08-09,1015,Lara Mendonça,lais53@example.net,Santos do Oeste,GO,eletronicos,Optio,Nike,2,175.33,2613.32,0,5.83,app,Crédito,2,aprovado,Total Express,Atrasado
3328,PED-55984,2025-06-30,2025-06-25,469,Maria Liz das Neves,npastor@example.org,Caldeira de Barros,RS,eletronicos,Nisi,Apple,3,143.92,3343.78,30,22.5,SITE,Pix,1,Aprovado,Jadlog,Atrasado
3329,PED-45665,2025-12-16,2025-10-08,774,Hellena da Cunha,gsantos@example.com,da Cunha,MS,Eletrônicos,Pariatur,Nike,2,172.46,3135.56,30,8.95,App,Crédito,1,aprovado,Total Express,Entregue
3330,PED-13842,2024-05-28,2025-04-27,811,Lara da Paz,cunhaluigi@example.com,da Mota Paulista,AP,Casa,Asperiores,Apple,1,3034.08,3273.09,0,35.21,Site,Boleto,1,Aprovado,Total Express,Entregue
3331,PED-54298,2025-05-22,2024-05-15,1162,Gael Henrique da Paz,tfreitas@example.net,Novais de Cavalcante,DF,Casa,Non,Nike,3,874.07,1993.95,0,95.44,SITE,Pix,2,Recusado,Correios,Entregue
3332,PED-89300,2025-11-22,2024-10-03,208,Dom Campos,gabriela35@example.net,Lopes,AC,Beleza,Perferendis,LG,5,117.04,90.24,20,35.81,Aplicativo,Débito,6,Pendente,Jadlog,Em trânsito
3333,PED-15740,2024-05-12,2024-12-19,190,Milena Sampaio,epereira@example.com,Sales de Guerra,SE,Roupas,Culpa,Nike,5,882.03,468.41,10,43.53,Site,Débito,3,Recusado,Total Express,Em trânsito
3334,PED-57284,2025-04-05,2025-05-07,1047,Dr. Daniel Jesus,caldeirayuri@example.net,Porto do Sul,RS,Roupas,Ex,Nike,3,2267.77,252.36,20,12.67,app,Crédito,1,aprovado,Correios,Entregue
3335,PED-22441,2025-04-06,2025-08-08,769,Maria Isis Campos,mirella23@example.org,Farias,MT,Roupas,Fugit,Samsung,5,1851.94,3263.05,0,48.72,Site,Crédito,12,Pendente,Jadlog,Entregue
3336,PED-69826,2025-03-03,2024-11-30,704,Sra. Juliana da Costa,yangoncalves@example.com,Viana de Novaes,SE,Eletrônicos,Sapiente,Genérica,5,3241.21,1395.1,10,56.78,App,Crédito,1,Pendente,Correios,Em trânsito
3337,PED-94869,2024-09-02,2025-07-28,327,Sra. Rebeca Cassiano,wpeixoto@example.net,Brito,RN,eletronicos,Voluptate,Genérica,5,2214.17,1029.02,0,88.0,Aplicativo,Pix,2,Pendente,Correios,Entregue
3338,PED-28636,2024-08-16,2025-06-03,8,Caleb Jesus,manuellanascimento@example.net,Barbosa do Sul,SP,Roupas,Vel,Adidas,4,327.15,153.07,0,46.01,App,Débito,1,Pendente,Jadlog,Em trânsito
3339,PED-21585,2024-07-23,2024-02-20,518,Erick Cavalcante,da-pazmaria@example.org,Souza dos Dourados,MS,Roupas,Laudantium,Apple,4,446.74,3178.73,10,112.52,App,Débito,1,Recusado,Jadlog,Atrasado
3340,PED-58261,2025-07-02,2025-04-03,728,Gael Borges,xcavalcanti@example.com,Moura,DF,Eletrônicos,Consectetur,Adidas,1,221.6,2217.05,0,117.61,app,Pix,1,Pendente,Correios,Em trânsito
3341,PED-65669,2024-11-30,2025-05-13,521,Ana Carolina Costela,xmartins@example.org,da Rocha,MG,eletronicos,Beatae,Nike,2,2097.59,750.79,30,11.14,app,Crédito,3,aprovado,Jadlog,Em trânsito
3342,PED-17430,2024-12-04,2025-04-27,1069,Luna Sampaio,lorenzo99@example.net,Pinto do Amparo,CE,Eletrônicos,Incidunt,LG,4,2344.3,1574.74,0,100.32,Aplicativo,Crédito,2,Recusado,Correios,Em trânsito
3343,PED-17765,2024-07-17,2025-03-25,877,Otávio Vieira,dsilveira@example.org,da Mata,PI,Eletrônicos,Excepturi,Apple,2,1302.37,1207.91,0,79.29,Site,Débito,1,Aprovado,Jadlog,Em trânsito
3344,PED-34441,2025-11-23,2025-07-03,383,Theodoro Correia,maria-luizasouza@example.com,Cavalcanti Verde,RR,Beleza,Mollitia,Samsung,5,1245.18,3245.06,10,44.4,Site,Crédito,2,aprovado,Jadlog,Atrasado
3345,PED-14741,2026-01-05,2024-10-18,719,Alícia Macedo,fogacaallana@example.com,Alves,TO,Beleza,Quis,LG,5,618.3,441.96,0,73.63,SITE,Boleto,3,Aprovado,Correios,Atrasado
3346,PED-31447,2024-07-27,2024-08-30,1199,Luara Rezende,carlos-eduardo34@example.com,Correia Alegre,MA,Casa,Commodi,Genérica,3,1547.53,426.36,0,93.77,Aplicativo,Pix,2,Recusado,Total Express,Em trânsito
3347,PED-72850,2026-01-02,2024-02-27,771,Lucas Gabriel Jesus,goncalvesjulia@example.net,Castro,AL,Roupas,Nobis,Nike,5,2867.25,1369.33,0,107.88,app,Pix,1,Aprovado,Total Express,Atrasado
3348,PED-20191,2025-05-12,2025-11-21,627,Maria Silva,raviaraujo@example.com,Sales de Fogaça,BA,eletronicos,Nemo,Adidas,5,1998.51,1278.83,0,105.68,app,Débito,3,Pendente,Correios,Entregue
3349,PED-28907,2025-10-12,2024-08-16,1067,Maysa Fogaça,obarbosa@example.net,Cavalcante,DF,Roupas,Assumenda,Genérica,3,2688.25,419.39,0,63.45,SITE,Pix,6,Recusado,Correios,Entregue
3350,PED-42258,2024-06-20,2024-08-02,381,Natália Aparecida,giovanna71@example.org,Nunes,CE,Beleza,Laborum,Nike,3,2923.44,456.48,0,103.33,app,Crédito,12,Recusado,Correios,Atrasado
3351,PED-36890,2024-03-15,2025-03-31,88,Dr. João Vitor da Rosa,ogarcia@example.com,Pastor,AL,Roupas,Reiciendis,Apple,1,3399.12,1737.0,0,88.07,app,Débito,12,Aprovado,Correios,Atrasado
3352,PED-79113,2024-10-02,2024-04-21,593,Sra. Yasmin Costela,pereirajade@example.com,Aparecida do Oeste,RN,Eletrônicos,Dolor,Samsung,4,2248.85,1650.52,10,71.1,Site,Crédito,6,Aprovado,Jadlog,Entregue
3353,PED-74173,2024-04-10,2024-06-12,208,Ísis Montenegro,isissa@example.com,da Rocha,SP,Beleza,Expedita,Nike,1,2126.47,3425.03,0,116.59,App,Pix,6,Recusado,Correios,Em trânsito
3354,PED-87476,2024-10-15,2025-10-02,239,Lavínia Fogaça,marianapeixoto@example.com,da Rosa das Pedras,RN,Roupas,Fugiat,Apple,5,1618.36,1547.26,0,66.28,App,Débito,1,Recusado,Total Express,Em trânsito
3355,PED-64152,2025-12-26,2025-02-18,1015,Maria Luísa Aragão,heitorcorreia@example.com,Pires,SC,Casa,Inventore,Adidas,3,2118.15,1643.35,0,67.58,SITE,Boleto,1,aprovado,Total Express,Em trânsito
3356,PED-38631,2024-06-15,2025-05-04,343,Apollo Viana,augusto81@example.com,Santos dos Dourados,AM,Roupas,Cupiditate,Apple,4,2658.36,707.76,30,73.9,app,Crédito,1,Pendente,Jadlog,Em trânsito
3357,PED-99553,2024-02-22,2025-12-17,224,Ana Beatriz Moraes,maria-ceciliapereira@example.org,Mendes,RN,Roupas,Neque,Samsung,2,1113.26,122.65,10,47.66,SITE,Débito,3,Pendente,Jadlog,Atrasado
3358,PED-81736,2025-04-12,2025-04-28,176,Esther Jesus,eloa20@example.net,Câmara,MS,Casa,Cumque,Samsung,3,2845.71,2214.07,20,12.39,Site,Débito,6,Recusado,Correios,Entregue
3359,PED-66067,2025-03-06,2024-04-25,493,Anthony Gabriel Pimenta,ucasa-grande@example.com,Teixeira de Garcia,PI,Casa,Alias,LG,2,1645.61,1892.69,0,26.14,Site,Pix,1,Recusado,Correios,Entregue
3360,PED-55148,2025-06-10,2025-01-06,987,Julia Moreira,mouracamila@example.net,Campos,AP,Eletrônicos,Ullam,Nike,5,542.97,478.96,0,88.85,App,Boleto,2,aprovado,Correios,Em trânsito
3361,PED-36866,2024-12-11,2025-10-06,523,Luana Barros,aparecidamaria-sophia@example.net,Pires,MT,Casa,Magnam,Adidas,4,3106.1,2637.89,30,41.26,Site,Pix,12,Recusado,Jadlog,Em trânsito
3362,PED-50018,2024-03-28,2024-04-13,926,Lucas Sá,auroraoliveira@example.com,Pereira,BA,eletronicos,Nostrum,Samsung,1,2735.62,1815.9,0,71.09,Aplicativo,Boleto,1,Pendente,Total Express,Atrasado
3363,PED-12468,2024-08-08,2025-08-23,29,Ana Laura Aparecida,vieiracarlos-eduardo@example.com,da Cruz de Rocha,SP,Beleza,Facilis,Genérica,5,3113.64,976.44,20,23.32,Site,Pix,3,Recusado,Jadlog,Atrasado
3364,PED-23637,2024-04-05,2024-07-13,829,Maria Flor Barbosa,lorena29@example.org,Moraes,PR,Roupas,Doloremque,Nike,1,1840.83,3389.53,30,95.06,App,Crédito,3,Aprovado,Total Express,Entregue
3365,PED-46870,2024-10-14,2025-10-23,583,Luiz Otávio Rodrigues,siqueiraalexia@example.net,Nogueira da Serra,PR,Casa,Iusto,Genérica,2,1967.33,2747.03,10,7.87,SITE,Pix,6,Pendente,Correios,Atrasado
3366,PED-69966,2024-07-17,2025-11-25,446,Cauã Albuquerque,leandro29@example.com,Pires de Moraes,CE,Casa,Fugiat,Apple,1,953.58,723.26,0,61.95,SITE,Boleto,1,aprovado,Total Express,Atrasado
3367,PED-36400,2024-10-02,2024-04-07,1066,Thomas Vargas,drocha@example.org,Viana,TO,Eletrônicos,Molestias,LG,3,73.31,840.77,30,62.96,SITE,Pix,3,Aprovado,Total Express,Entregue
3368,PED-62670,2025-09-20,2025-11-12,587,Esther Alves,goncalvesarthur@example.net,da Mata,PR,Casa,Incidunt,Nike,3,2053.18,2552.47,0,67.3,Aplicativo,Crédito,1,aprovado,Total Express,Em trânsito
3369,PED-95062,2024-04-19,2024-02-16,270,Dr. Cauê Nogueira,correiaenzo@example.net,Andrade,MG,eletronicos,Quaerat,Genérica,4,2843.92,2744.27,0,66.99,App,Pix,1,aprovado,Jadlog,Atrasado
3370,PED-76041,2025-07-07,2026-01-31,1096,Enzo Gabriel Aparecida,vitor-hugo72@example.net,Moraes da Serra,PB,eletronicos,A,Samsung,2,354.89,1421.46,0,48.97,SITE,Débito,3,Recusado,Correios,Atrasado
3371,PED-72070,2024-03-01,2024-07-19,1068,Srta. Melina Borges,silveirabenjamim@example.net,Nogueira de Vargas,TO,Casa,Autem,Nike,1,583.16,1751.25,20,119.29,Aplicativo,Débito,2,Recusado,Total Express,Atrasado
3372,PED-19300,2024-07-15,2025-02-28,8,Marcos Vinicius Pacheco,ooliveira@example.net,Abreu,DF,Roupas,Tenetur,Genérica,1,906.23,353.86,10,64.44,SITE,Débito,2,aprovado,Total Express,Atrasado
3373,PED-80785,2024-12-19,2024-11-26,674,Sr. Enrico Pacheco,lgarcia@example.org,Duarte,GO,Beleza,Eum,Apple,1,2730.97,3130.02,0,94.46,app,Crédito,1,Pendente,Total Express,Em trânsito
3374,PED-42758,2024-08-15,2024-06-29,649,Dr. Fernando Rodrigues,kamilly42@example.com,Lopes da Praia,PB,eletronicos,Optio,Nike,5,1832.21,562.82,0,5.13,SITE,Pix,12,Pendente,Correios,Atrasado
3375,PED-21206,2024-07-15,2025-06-28,698,Milena Teixeira,cassianosarah@example.com,Aragão dos Dourados,RJ,Casa,Laudantium,Genérica,2,847.64,229.35,30,46.66,app,Crédito,1,Recusado,Jadlog,Em trânsito
3376,PED-14903,2025-03-22,2024-06-29,174,Carlos Eduardo Fonseca,isabelly30@example.net,Guerra da Prata,CE,Roupas,Autem,Genérica,1,2978.23,1986.69,0,30.64,Aplicativo,Crédito,12,aprovado,Correios,Atrasado
3377,PED-36417,2024-02-29,2024-06-25,860,Srta. Gabriela Rios,pachecothiago@example.org,da Mota,AL,eletronicos,Velit,LG,5,1590.2,1788.08,10,22.3,Aplicativo,Boleto,6,Aprovado,Jadlog,Entregue
3378,PED-27030,2025-04-22,2025-05-25,926,Bruno Lima,carolina42@example.net,Araújo dos Dourados,RS,Casa,A,Nike,1,2477.07,3411.09,0,73.35,App,Crédito,6,aprovado,Jadlog,Atrasado
3379,PED-84581,2025-04-21,2024-03-05,1193,Dr. Alexandre Cavalcanti,tbarros@example.net,da Costa do Galho,AL,Eletrônicos,Vero,Nike,3,2715.49,1056.63,30,49.55,app,Pix,6,aprovado,Jadlog,Em trânsito
3380,PED-41940,2024-06-12,2024-03-17,506,Sr. Nicolas Brito,eduardaoliveira@example.net,da Paz,MA,Casa,Rem,Genérica,3,1486.88,345.4,20,32.68,SITE,Pix,2,Pendente,Jadlog,Atrasado
3381,PED-75007,2025-11-02,2025-11-12,1075,Sr. Leonardo Cavalcanti,yguerra@example.org,Lopes Verde,MS,Roupas,Eligendi,Adidas,2,2423.57,1004.18,0,60.61,Aplicativo,Crédito,3,aprovado,Jadlog,Em trânsito
3382,PED-50901,2024-09-06,2025-07-13,1109,Melissa Novais,goncalvesmariane@example.com,Melo,AP,Beleza,Eos,Apple,2,2667.11,3109.08,10,4.5,SITE,Pix,1,Recusado,Correios,Entregue
3383,PED-56059,2024-06-07,2025-03-14,799,Sra. Lara Teixeira,ncosta@example.com,Alves,AC,Casa,Accusantium,Genérica,1,586.15,3452.03,20,20.77,App,Crédito,2,Aprovado,Total Express,Entregue
3384,PED-40690,2025-06-20,2024-12-17,898,Breno Oliveira,kleao@example.net,Pacheco,DF,Casa,Fugit,Apple,2,2082.39,58.81,20,119.14,Site,Pix,1,Pendente,Jadlog,Entregue
3385,PED-91937,2024-02-18,2024-12-29,322,Srta. Ana Beatriz Vieira,mariahrezende@example.org,Novaes,SC,Casa,Earum,Adidas,5,3285.46,1818.15,10,38.26,Site,Crédito,3,Pendente,Correios,Atrasado
3386,PED-87802,2024-08-15,2024-04-13,948,Enzo Gabriel Lima,da-costapietro@example.org,Melo de Gonçalves,AL,Eletrônicos,Eius,Nike,5,764.07,2777.92,30,9.61,SITE,Pix,1,aprovado,Total Express,Em trânsito
3387,PED-58122,2024-03-14,2025-06-23,596,José Pedro Cavalcanti,maria-isisduarte@example.org,Cavalcante,GO,eletronicos,Doloribus,LG,1,277.56,3294.63,0,53.8,App,Pix,2,Recusado,Total Express,Em trânsito
3388,PED-37811,2024-07-13,2025-06-28,305,Eloá Fernandes,daniel40@example.org,Freitas dos Dourados,PE,Beleza,Fugit,Samsung,1,2414.93,2348.76,30,89.79,Site,Pix,2,Aprovado,Jadlog,Em trânsito
3389,PED-72763,2024-05-09,2024-12-05,431,Ana Julia Jesus,vsilveira@example.com,Moraes do Oeste,AC,Beleza,Deleniti,Genérica,3,449.5,2024.24,0,93.46,Aplicativo,Boleto,12,Aprovado,Jadlog,Atrasado
3390,PED-18760,2025-05-29,2025-06-25,703,Ayla Almeida,melorenan@example.com,Freitas,AC,eletronicos,Optio,Samsung,4,1355.71,121.92,30,19.74,App,Pix,2,Pendente,Total Express,Atrasado
3391,PED-21980,2025-08-27,2024-04-10,1046,Julia Ferreira,barbaracosta@example.org,Pastor de Albuquerque,PI,Eletrônicos,Reiciendis,LG,2,843.99,2432.13,10,104.02,Aplicativo,Pix,2,Recusado,Jadlog,Em trânsito
3392,PED-61537,2024-02-12,2025-01-22,35,Vinicius Pires,pereiraliz@example.net,Rodrigues,MT,Casa,Nemo,Adidas,2,975.71,3498.34,10,2.57,SITE,Débito,12,aprovado,Total Express,Em trânsito
3393,PED-89691,2025-04-25,2024-11-17,892,Letícia Peixoto,barbosaerick@example.com,Silveira do Norte,MS,Beleza,Cupiditate,Nike,4,2554.47,1936.24,30,97.54,Site,Boleto,12,Recusado,Total Express,Atrasado
3394,PED-14744,2024-03-07,2025-12-01,591,Pedro Henrique Peixoto,iancampos@example.org,Aparecida de da Rocha,SC,Eletrônicos,Natus,LG,1,715.72,3434.89,0,63.17,App,Pix,1,aprovado,Total Express,Em trânsito
3395,PED-25851,2025-12-25,2024-11-15,1155,Ana Lívia Moura,brayandias@example.com,Cardoso,DF,eletronicos,Voluptas,Nike,5,245.01,618.27,30,89.09,app,Débito,1,Recusado,Jadlog,Entregue
3396,PED-19195,2024-07-20,2025-06-16,335,Sabrina Castro,luiz-fernando34@example.com,Pimenta da Prata,RJ,Eletrônicos,Nulla,Apple,3,3478.04,2509.78,0,99.77,app,Crédito,1,Pendente,Correios,Em trânsito
3397,PED-62569,2024-05-27,2024-02-06,794,Dr. Fernando Pimenta,theo55@example.net,da Mota,MS,Beleza,Magnam,Nike,2,3287.95,248.03,30,25.17,Aplicativo,Pix,2,aprovado,Jadlog,Atrasado
3398,PED-19660,2025-08-16,2024-06-01,759,Carolina Ribeiro,da-cunhacaue@example.org,Castro Verde,AM,Eletrônicos,Facilis,Samsung,3,391.7,1426.33,10,57.99,Aplicativo,Boleto,3,Recusado,Total Express,Atrasado
3399,PED-94378,2024-10-09,2025-12-03,414,Maria Júlia Fogaça,luiz-fernandocirino@example.net,Cassiano de Minas,MA,eletronicos,Tenetur,Genérica,2,986.02,2125.1,10,26.17,Site,Boleto,2,Recusado,Jadlog,Em trânsito
3400,PED-86365,2025-05-02,2025-05-05,243,Manuella da Paz,pedrocasa-grande@example.com,Camargo,TO,eletronicos,Aut,Samsung,5,1104.8,960.7,0,110.71,app,Pix,1,aprovado,Total Express,Atrasado
3401,PED-79248,2025-01-01,2025-11-18,284,Enzo Castro,calebeaparecida@example.com,Dias Verde,AL,Casa,Voluptates,Adidas,4,1442.7,1011.96,0,28.27,Aplicativo,Boleto,2,Recusado,Total Express,Atrasado
3402,PED-65893,2025-12-26,2025-12-14,1037,Arthur Miguel Câmara,joao89@example.com,Siqueira de da Mata,AC,Beleza,Molestiae,Adidas,4,2128.71,78.14,10,62.19,SITE,Crédito,1,Aprovado,Total Express,Atrasado
3403,PED-41372,2025-11-28,2024-10-24,663,Srta. Rebeca Camargo,joao-lucas70@example.org,Abreu de Machado,CE,Beleza,Fuga,Samsung,5,1034.29,232.64,0,94.79,App,Boleto,1,aprovado,Jadlog,Entregue
3404,PED-69340,2026-01-02,2024-06-19,283,Luiz Miguel Melo,juliacirino@example.org,Teixeira,PI,Roupas,Delectus,LG,3,1235.38,569.44,20,49.44,Site,Pix,1,Pendente,Total Express,Entregue
3405,PED-82038,2024-04-04,2025-12-14,974,Nina Silveira,martinsmaria-isis@example.org,Albuquerque de Minas,SP,Roupas,Laborum,Samsung,4,1145.74,361.77,20,29.48,Site,Pix,2,Aprovado,Correios,Em trânsito
3406,PED-81583,2024-11-07,2024-02-09,345,Anthony Gabriel Macedo,diaslucas@example.com,Sá do Campo,CE,Beleza,Omnis,Samsung,2,1133.8,1855.02,20,73.12,Site,Crédito,3,Recusado,Total Express,Em trânsito
3407,PED-72955,2024-03-04,2025-12-15,941,Isaque Araújo,joao-lucas31@example.com,Gonçalves,ES,Eletrônicos,Deleniti,Genérica,4,1285.89,416.78,20,78.49,app,Débito,12,aprovado,Jadlog,Em trânsito
3408,PED-69224,2024-02-25,2024-12-25,980,Bernardo Novais,da-rochagael@example.net,da Rocha,SP,Roupas,Eligendi,Genérica,4,2859.93,367.37,10,93.32,Site,Boleto,1,Pendente,Jadlog,Atrasado
3409,PED-67624,2025-01-25,2025-07-19,1081,Henry Ferreira,scamargo@example.com,Caldeira,MT,Casa,Incidunt,Samsung,4,3162.03,2794.58,20,47.08,app,Crédito,1,Aprovado,Correios,Entregue
3410,PED-63749,2025-11-03,2025-09-30,266,Diogo Lopes,ana-clara90@example.com,Rocha,PR,Roupas,Aspernatur,Genérica,5,1829.21,1095.9,20,30.34,Aplicativo,Pix,12,Recusado,Total Express,Em trânsito
3411,PED-69311,2025-02-10,2026-01-14,63,Vitor Dias,mathias71@example.org,Barros Alegre,MG,Roupas,Mollitia,Apple,4,1074.45,3375.05,0,98.06,app,Pix,1,Aprovado,Correios,Entregue
3412,PED-95558,2024-10-23,2025-09-07,953,Paulo Cardoso,nataliaaparecida@example.com,Ramos da Prata,PI,Casa,Similique,Apple,1,3172.44,2299.92,0,84.08,app,Débito,1,aprovado,Total Express,Entregue
3413,PED-13089,2025-09-05,2025-07-25,334,Natália Nogueira,barrosmaria-cecilia@example.com,Martins de Novais,AP,Eletrônicos,Aliquam,LG,2,3011.8,1158.64,0,75.96,Aplicativo,Boleto,3,Pendente,Total Express,Entregue
3414,PED-15026,2025-08-29,2024-12-16,164,Ana Julia Azevedo,borgesrael@example.org,Abreu,MT,Beleza,Assumenda,Apple,2,699.1,2760.44,0,15.96,App,Crédito,1,Aprovado,Jadlog,Atrasado
3415,PED-69791,2024-10-13,2025-09-10,670,Laís Vasconcelos,yagogarcia@example.net,Rios,SC,Beleza,Expedita,Genérica,3,2448.41,551.6,10,62.07,Site,Débito,2,Pendente,Total Express,Atrasado
3416,PED-35866,2024-02-08,2025-04-24,495,Asafe Jesus,da-costagabriela@example.com,Siqueira,PE,eletronicos,Velit,Apple,3,1553.82,2952.94,0,108.54,Site,Crédito,3,Recusado,Jadlog,Em trânsito
3417,PED-68687,2024-03-11,2025-06-23,807,Ester Castro,vitor-hugosilveira@example.org,Pinto de Fernandes,AL,Casa,Hic,Samsung,4,3047.39,2524.64,0,106.11,App,Crédito,6,Pendente,Jadlog,Entregue
3418,PED-11820,2025-11-02,2024-11-08,438,Dra. Kamilly Moraes,brezende@example.net,Peixoto,MA,Eletrônicos,Aut,Adidas,3,267.34,2294.58,10,106.53,SITE,Boleto,1,aprovado,Correios,Em trânsito
3419,PED-93170,2024-12-13,2024-11-30,877,Maria Flor das Neves,vaparecida@example.com,Barbosa de Costela,SP,Roupas,Cupiditate,Genérica,3,1020.98,2629.8,0,98.18,Site,Débito,12,Recusado,Total Express,Em trânsito
3420,PED-69632,2025-03-04,2025-04-20,356,Gabriela Lima,brunada-rocha@example.com,Barbosa,RO,Casa,Ipsa,LG,3,2378.29,312.64,20,113.21,app,Débito,6,Aprovado,Jadlog,Atrasado
3421,PED-37545,2024-07-04,2025-10-16,684,Dra. Brenda Araújo,camilaviana@example.com,Sá,RJ,eletronicos,Aut,LG,3,2898.15,1232.84,30,115.68,Aplicativo,Débito,12,Pendente,Total Express,Atrasado
3422,PED-10305,2024-02-09,2024-07-04,1017,Agatha Guerra,ucorreia@example.net,Câmara,MG,Beleza,Molestiae,Samsung,2,2748.49,3496.97,0,116.26,Aplicativo,Pix,12,Aprovado,Correios,Atrasado
3423,PED-43726,2024-02-09,2025-04-20,89,Sr. Kaique da Mata,qfernandes@example.net,Nogueira de Minas,AC,Casa,Odio,Genérica,3,2183.61,1785.32,30,38.08,App,Débito,6,Recusado,Correios,Em trânsito
3424,PED-98030,2025-04-27,2025-04-03,646,Mariane Mendes,esterda-luz@example.com,da Luz,RS,Roupas,Dolorum,Nike,3,319.38,255.12,20,2.77,Aplicativo,Crédito,1,Recusado,Total Express,Em trânsito
3425,PED-38642,2024-12-10,2025-12-20,901,Dr. Bento Pires,mateuspacheco@example.com,da Conceição de da Cunha,RO,eletronicos,Magnam,LG,2,2777.82,850.52,0,64.22,Aplicativo,Pix,1,Recusado,Jadlog,Entregue
3426,PED-81702,2025-04-14,2025-04-26,34,Davi Miguel Sales,rochamaria-julia@example.net,Borges da Praia,MS,Roupas,Deleniti,LG,1,261.08,3464.89,30,90.5,Site,Pix,1,Pendente,Total Express,Em trânsito
3427,PED-41842,2025-04-07,2024-07-20,31,Isaque Lopes,hellena94@example.net,Pimenta do Sul,ES,Roupas,Quod,Genérica,2,2057.31,2979.51,0,91.08,SITE,Débito,6,aprovado,Jadlog,Entregue
3428,PED-13290,2024-11-10,2024-07-27,678,Rhavi Moura,lais14@example.com,Moraes,SP,Roupas,Cupiditate,Genérica,3,2488.67,3290.76,30,119.12,SITE,Pix,3,Pendente,Jadlog,Em trânsito
3429,PED-55232,2024-08-21,2024-12-29,907,Bryan Nascimento,cardosoluiz-gustavo@example.org,Carvalho do Amparo,AM,Beleza,Architecto,Genérica,2,2928.34,2845.41,20,29.15,app,Pix,1,Aprovado,Correios,Atrasado
3430,PED-99396,2025-01-15,2024-12-21,720,Emanuelly Monteiro,isabel17@example.org,Porto Paulista,PA,Eletrônicos,Molestias,Adidas,5,1804.2,2678.41,20,52.79,SITE,Crédito,6,Recusado,Jadlog,Entregue
3431,PED-76812,2025-05-22,2025-09-17,497,Sra. Emanuelly da Paz,oliveiraleonardo@example.net,Porto,MS,Beleza,Modi,Nike,5,735.09,2403.31,0,67.3,app,Boleto,12,Recusado,Total Express,Atrasado
3432,PED-87137,2024-04-27,2024-09-29,1071,Sra. Ana Laura Vargas,lopessofia@example.com,Macedo,RN,Roupas,Quia,Nike,1,2922.39,2650.21,0,104.29,SITE,Pix,6,Pendente,Total Express,Em trânsito
3433,PED-10464,2024-10-26,2024-11-04,429,Ana Julia da Cunha,gaparecida@example.org,da Paz,AM,eletronicos,Fugit,Nike,1,3290.56,2834.95,20,53.67,app,Boleto,12,Recusado,Correios,Atrasado
3434,PED-82373,2025-04-04,2025-04-10,66,Raquel da Cruz,domda-costa@example.org,da Luz,MS,eletronicos,Qui,Samsung,4,1227.83,3436.21,0,5.48,Aplicativo,Crédito,2,Recusado,Correios,Atrasado
3435,PED-12735,2025-02-28,2024-06-05,817,Bryan Montenegro,alima@example.org,Costela de Lima,RN,Roupas,Id,Adidas,3,1706.04,1757.51,20,20.13,SITE,Pix,6,Recusado,Jadlog,Entregue
3436,PED-99399,2025-09-26,2024-06-11,979,Cecília da Conceição,luisamarques@example.net,da Mata,RO,eletronicos,Asperiores,Genérica,1,2030.84,328.44,20,78.33,Site,Crédito,1,aprovado,Correios,Entregue
3437,PED-62109,2024-10-30,2024-10-03,1001,José Pedro da Luz,leonardo24@example.net,Vieira do Oeste,MG,eletronicos,Ipsam,Adidas,1,2585.66,2183.43,30,30.32,SITE,Boleto,1,Pendente,Jadlog,Atrasado
3438,PED-65089,2025-01-26,2025-08-06,563,Dra. Raquel Macedo,macedorael@example.org,Sampaio,GO,Casa,Doloribus,Samsung,1,1736.06,2027.33,0,21.95,App,Boleto,1,aprovado,Total Express,Atrasado
3439,PED-13268,2024-11-09,2024-02-29,1114,Dra. Daniela Viana,costaheitor@example.org,Pastor,RR,eletronicos,Velit,Samsung,2,89.46,67.82,30,46.35,app,Débito,1,Aprovado,Jadlog,Entregue
3440,PED-84545,2025-02-12,2025-03-11,96,Maria Luísa Peixoto,luanacirino@example.net,Sampaio do Amparo,PA,Eletrônicos,Provident,Nike,3,289.66,2597.29,10,85.36,App,Débito,1,Pendente,Correios,Em trânsito
3441,PED-29446,2024-08-28,2025-11-20,1140,Sr. Felipe Freitas,fariasgustavo@example.net,Casa Grande,RS,eletronicos,Facilis,Samsung,4,1743.04,782.3,0,45.84,App,Pix,2,Aprovado,Correios,Em trânsito
3442,PED-16323,2024-11-11,2025-05-30,806,Luiza Vasconcelos,duartelais@example.com,Duarte de Teixeira,GO,Eletrônicos,Alias,Nike,4,3359.9,867.3,10,63.4,app,Débito,1,Recusado,Correios,Atrasado
3443,PED-25450,2025-09-14,2025-03-31,81,Eloah Monteiro,felipe68@example.org,Vargas das Pedras,SP,Eletrônicos,Esse,Nike,2,2831.8,137.71,30,30.87,app,Crédito,6,Aprovado,Total Express,Entregue
3444,PED-69781,2025-03-22,2025-06-10,125,Amanda Mendes,frodrigues@example.com,Pimenta,PE,Roupas,Totam,Nike,3,1654.08,3051.14,10,88.82,app,Pix,2,Recusado,Jadlog,Atrasado
3445,PED-12790,2024-11-24,2024-04-11,462,Henry Sampaio,souzacaua@example.net,Almeida,PI,eletronicos,Eum,Nike,4,3053.86,1154.69,20,90.04,App,Boleto,3,Aprovado,Correios,Atrasado
3446,PED-91001,2024-05-22,2024-03-20,1196,Arthur Miguel Rocha,castrocatarina@example.net,Pires Grande,RS,eletronicos,Adipisci,Genérica,4,1875.93,1912.77,10,37.74,SITE,Crédito,3,Aprovado,Jadlog,Em trânsito
3447,PED-38050,2024-12-05,2025-01-28,397,Maria Vitória Albuquerque,stephany17@example.org,Melo,AP,Roupas,Repellat,Apple,1,959.9,2871.5,0,3.12,Aplicativo,Crédito,1,Aprovado,Correios,Em trânsito
3448,PED-71421,2024-05-26,2024-06-14,716,Stephany Almeida,joao-pedrocavalcante@example.com,Peixoto de Porto,AL,Roupas,Quisquam,LG,4,1247.9,2852.91,20,52.1,App,Crédito,2,aprovado,Total Express,Entregue
3449,PED-54760,2025-09-28,2025-04-25,166,Stephany da Cruz,wvieira@example.org,da Conceição,PI,Eletrônicos,Odit,Nike,2,2879.67,2239.56,0,23.1,App,Débito,1,Pendente,Correios,Em trânsito
3450,PED-39507,2024-05-17,2025-04-14,509,Luna Oliveira,mfogaca@example.com,Machado de Nunes,ES,Eletrônicos,Ullam,Adidas,1,2750.56,2632.95,0,66.41,Site,Boleto,6,Aprovado,Correios,Entregue
3451,PED-58147,2024-02-04,2025-11-08,1029,Ryan Carvalho,souzaguilherme@example.com,Mendonça,ES,Eletrônicos,Atque,LG,3,2472.2,849.25,10,117.79,Aplicativo,Boleto,1,Aprovado,Correios,Entregue
3452,PED-68356,2025-11-01,2025-06-06,220,Brayan Nunes,aylapimenta@example.net,Viana,SP,Casa,At,Adidas,1,52.73,1881.27,0,115.75,Aplicativo,Boleto,2,aprovado,Jadlog,Entregue
3453,PED-21173,2024-11-23,2024-04-19,684,Pedro Lucas Andrade,araujorael@example.net,Lima do Amparo,GO,eletronicos,Vero,Nike,4,746.82,2304.41,0,8.72,Aplicativo,Crédito,2,Pendente,Total Express,Atrasado
3454,PED-66773,2025-05-03,2026-01-05,562,Fernanda Brito,marquessophia@example.org,Oliveira,ES,Casa,Sunt,Genérica,3,397.93,1680.67,0,41.99,app,Pix,2,Recusado,Correios,Atrasado
3455,PED-71159,2026-01-17,2024-08-23,598,Ana Sophia Aparecida,pastoralana@example.org,da Cunha,CE,eletronicos,At,LG,2,1145.4,1582.69,10,64.6,app,Boleto,6,Pendente,Correios,Atrasado
3456,PED-85044,2024-03-31,2025-02-02,766,Breno Abreu,joao-miguel08@example.net,Gonçalves do Amparo,MT,Eletrônicos,Dicta,Nike,4,167.32,2551.75,30,78.1,Aplicativo,Crédito,1,Recusado,Total Express,Atrasado
3457,PED-12224,2025-11-19,2024-08-30,723,Erick Costa,das-nevesleticia@example.net,Lopes,RN,Eletrônicos,Nam,Genérica,4,2796.28,2846.98,0,77.3,Site,Boleto,6,aprovado,Correios,Entregue
3458,PED-17596,2024-05-30,2024-08-28,629,Enzo Sales,abarros@example.com,da Rocha,PR,Casa,Enim,Nike,2,1211.92,2088.99,0,84.24,App,Pix,6,aprovado,Correios,Atrasado
3459,PED-48169,2024-08-29,2025-02-04,188,Emilly Aparecida,ypastor@example.com,Aparecida,PR,Casa,Natus,Apple,5,2408.03,3184.89,0,52.13,app,Crédito,1,Pendente,Jadlog,Entregue
3460,PED-96722,2025-04-03,2024-08-16,396,Dra. Melina Gomes,ipacheco@example.org,Pimenta,SC,Eletrônicos,Dolores,Adidas,5,250.05,3298.68,30,62.64,App,Débito,1,aprovado,Jadlog,Entregue
3461,PED-52170,2026-01-15,2025-02-14,892,Maria Silva,thaleslima@example.net,Caldeira,RJ,Beleza,Magni,Samsung,5,1770.77,2173.62,0,34.12,SITE,Pix,6,Recusado,Correios,Atrasado
3462,PED-65627,2024-06-19,2024-02-10,950,Breno Fernandes,rafaelbarbosa@example.org,Ribeiro da Serra,SC,Casa,Debitis,Apple,1,2812.55,1743.17,0,28.97,app,Boleto,1,Pendente,Jadlog,Entregue
3463,PED-88997,2024-05-10,2024-07-12,412,Luiz Otávio Freitas,araujoolivia@example.com,Alves de Leão,MG,eletronicos,Maiores,Nike,5,865.09,1091.33,10,2.9,SITE,Pix,1,Pendente,Total Express,Entregue
3464,PED-83420,2026-01-10,2025-08-28,83,Matheus Camargo,hmachado@example.com,da Mata do Sul,SE,Beleza,Consectetur,LG,3,963.61,2774.2,10,16.78,Aplicativo,Débito,1,Aprovado,Correios,Em trânsito
3465,PED-78316,2025-03-30,2024-09-16,197,Daniel da Paz,mariahcosta@example.org,Aragão,AC,eletronicos,Ducimus,Genérica,5,3194.8,1407.05,10,26.75,Site,Pix,12,Aprovado,Total Express,Em trânsito
3466,PED-43070,2025-01-25,2025-10-10,536,Marcelo Sá,pintorael@example.net,da Luz de Silveira,RJ,Casa,Deserunt,Nike,3,2516.84,2981.74,0,36.4,app,Boleto,3,Recusado,Correios,Em trânsito
3467,PED-87688,2024-05-20,2025-02-08,365,Sr. Gustavo Henrique Casa Grande,da-costamaria-cecilia@example.com,Carvalho,MS,Eletrônicos,Consequatur,Nike,3,298.92,409.88,0,82.52,SITE,Pix,1,Recusado,Total Express,Em trânsito
3468,PED-13822,2025-02-08,2024-05-29,670,Mariah Martins,apollomoura@example.org,Montenegro,PA,Eletrônicos,Impedit,Genérica,1,1272.84,3101.92,0,81.95,app,Crédito,2,Pendente,Jadlog,Em trânsito
3469,PED-80081,2024-04-09,2025-05-10,942,Augusto Silva,gcastro@example.org,Novais de Albuquerque,RS,Beleza,Blanditiis,LG,1,829.16,2349.39,0,21.46,Aplicativo,Crédito,2,aprovado,Correios,Em trânsito
3470,PED-89514,2024-11-07,2024-10-28,587,Beatriz Cavalcanti,augusto40@example.org,Siqueira,ES,Beleza,Ad,Apple,2,3224.57,1299.96,0,99.13,app,Crédito,2,Aprovado,Total Express,Entregue
3471,PED-57787,2024-02-04,2025-10-12,509,Gabriel Leão,fernanda15@example.org,Sá do Norte,AL,Roupas,Voluptas,Samsung,4,1512.52,2912.54,0,48.89,App,Crédito,1,Aprovado,Correios,Atrasado
3472,PED-23083,2024-08-20,2024-06-02,600,Heloísa Câmara,lvasconcelos@example.net,Pastor,AL,Casa,Sed,Apple,5,2261.03,2397.77,0,75.52,app,Débito,12,Recusado,Total Express,Em trânsito
3473,PED-46927,2024-12-09,2026-01-04,1147,Srta. Raquel Guerra,aragaobianca@example.net,Macedo de Duarte,DF,Eletrônicos,Impedit,Genérica,1,514.61,1688.15,0,106.4,Aplicativo,Crédito,1,Pendente,Total Express,Atrasado
3474,PED-54315,2025-01-21,2025-11-16,399,Júlia Vasconcelos,maria-clara58@example.net,Câmara do Galho,PE,Beleza,Ratione,Samsung,5,381.58,1605.58,0,58.49,App,Crédito,3,Aprovado,Total Express,Entregue
3475,PED-13774,2025-12-15,2024-08-15,1102,Ravi Lucca das Neves,mariane01@example.net,Carvalho,MT,Beleza,Quae,Genérica,2,624.68,2241.49,10,31.37,Site,Boleto,1,Recusado,Correios,Entregue
3476,PED-84061,2024-12-05,2025-03-18,502,Luiz Henrique Pacheco,rhavi34@example.net,Carvalho,PE,Casa,Veritatis,Nike,3,1160.74,2883.92,30,38.28,Aplicativo,Débito,3,Aprovado,Correios,Entregue
3477,PED-82107,2024-06-13,2025-02-17,789,Caroline Aragão,leticia34@example.org,Campos,BA,Roupas,Nisi,Nike,2,3467.89,200.93,0,66.53,App,Crédito,6,Aprovado,Total Express,Atrasado
3478,PED-77037,2024-11-11,2024-12-29,28,Dr. Ravi Caldeira,emilly56@example.com,Machado do Amparo,CE,Eletrônicos,Aut,Genérica,2,50.18,1196.02,0,54.73,SITE,Boleto,12,Pendente,Total Express,Entregue
3479,PED-95936,2025-08-27,2025-04-13,317,Bryan Garcia,mcunha@example.com,Barbosa,CE,Eletrônicos,Modi,Apple,1,1617.35,261.88,20,7.5,Aplicativo,Débito,1,aprovado,Total Express,Atrasado
3480,PED-71260,2025-03-10,2024-05-01,776,Cecilia Almeida,allanada-conceicao@example.org,Almeida,MA,Casa,Asperiores,Apple,1,1313.66,288.38,30,8.13,app,Crédito,2,Aprovado,Total Express,Entregue
3481,PED-69551,2025-05-12,2025-06-23,275,Mariane Correia,vieiraheitor@example.com,Pastor Paulista,MA,Beleza,Harum,Genérica,2,2919.78,2446.15,0,101.87,SITE,Boleto,1,Recusado,Total Express,Entregue
3482,PED-50154,2024-11-13,2025-04-03,1196,Dr. Vinicius Silva,benjaminviana@example.org,da Paz Paulista,RS,eletronicos,Hic,Genérica,4,740.8,2060.06,30,98.4,Aplicativo,Pix,3,Recusado,Jadlog,Atrasado
3483,PED-21592,2025-08-25,2025-08-07,109,Breno Aparecida,otaviomartins@example.com,Guerra de Sá,ES,Beleza,Dolorum,Apple,2,3293.5,1290.13,20,60.5,Aplicativo,Débito,3,aprovado,Jadlog,Em trânsito
3484,PED-95825,2025-12-08,2025-09-02,442,Eduardo Gonçalves,mvieira@example.org,Oliveira de Araújo,DF,Beleza,Sequi,Adidas,1,3111.83,331.67,20,3.21,App,Boleto,1,aprovado,Correios,Atrasado
3485,PED-93393,2025-10-29,2025-07-01,307,Elisa Viana,arthur10@example.org,Câmara Grande,CE,Beleza,At,Nike,1,987.96,2068.89,30,90.96,app,Pix,1,Pendente,Jadlog,Atrasado
3486,PED-52958,2025-05-24,2025-10-12,322,Diego Almeida,karagao@example.net,Vasconcelos do Sul,PI,Eletrônicos,Illo,Apple,4,2105.5,3211.72,20,81.87,Site,Pix,1,Recusado,Total Express,Entregue
3487,PED-19310,2025-09-29,2025-03-05,1152,Sr. João Lucas Silveira,orocha@example.org,Garcia,GO,Beleza,Inventore,Samsung,4,2210.85,1820.96,0,93.98,App,Boleto,1,Recusado,Correios,Entregue
3488,PED-85539,2024-09-29,2024-12-18,357,Cauã Vieira,joao-guilherme92@example.com,Marques de Mendonça,CE,Casa,Aliquam,Apple,5,3194.04,1832.82,10,41.59,app,Crédito,2,aprovado,Correios,Entregue
3489,PED-83065,2025-01-14,2025-02-17,47,Dr. Cauê Garcia,luan58@example.com,Dias dos Dourados,BA,Roupas,Vero,Nike,1,327.15,3166.88,0,103.69,App,Boleto,1,aprovado,Total Express,Atrasado
3490,PED-26888,2024-08-30,2024-10-24,677,Francisco da Paz,onascimento@example.net,Fogaça,AP,Roupas,Esse,Genérica,3,3062.69,1504.76,0,84.26,app,Pix,2,Aprovado,Correios,Entregue
3491,PED-54493,2024-02-24,2025-02-20,1152,Sr. Henry Pinto,aragaoapollo@example.net,Duarte,ES,Eletrônicos,Distinctio,Apple,2,1361.62,575.59,30,22.47,app,Pix,12,Pendente,Total Express,Entregue
3492,PED-10611,2025-01-19,2025-04-14,278,Maysa Abreu,isabella26@example.org,Dias de Guerra,RR,Roupas,Error,Samsung,5,2439.54,1406.36,30,53.82,SITE,Pix,6,Recusado,Jadlog,Entregue
3493,PED-91460,2025-05-28,2024-02-24,737,Dr. Isaac Costa,ninabarbosa@example.net,Cassiano,MT,Casa,Sit,Genérica,4,3146.51,2939.85,20,57.5,App,Boleto,2,aprovado,Correios,Atrasado
3494,PED-79655,2024-12-26,2025-01-06,436,Sr. Luiz Otávio Farias,mendesjuan@example.org,Pereira de Camargo,ES,Roupas,Eveniet,Nike,2,2359.3,2131.1,20,11.34,Site,Crédito,6,Pendente,Correios,Em trânsito
3495,PED-94009,2025-02-15,2025-12-06,943,Valentim da Cruz,borgesjoao-guilherme@example.org,Andrade do Campo,DF,Roupas,Neque,Genérica,1,1791.87,2878.9,0,5.47,SITE,Débito,1,Aprovado,Jadlog,Atrasado
3496,PED-72486,2024-06-16,2025-05-19,706,Calebe Martins,elisa71@example.org,Fonseca,TO,Casa,Incidunt,Apple,2,3445.1,2900.15,20,92.96,SITE,Boleto,2,Recusado,Jadlog,Em trânsito
3497,PED-56822,2024-08-22,2024-04-28,711,Alana Nunes,maria-helenacorreia@example.org,Câmara,MG,eletronicos,Ea,LG,5,1476.99,1167.02,10,105.22,App,Crédito,6,Pendente,Jadlog,Em trânsito
3498,PED-75662,2026-01-04,2025-12-06,977,Lavínia Correia,marinapastor@example.org,Silva das Flores,MA,Beleza,Saepe,Apple,4,1119.09,3407.58,10,13.39,Site,Crédito,1,aprovado,Jadlog,Em trânsito
3499,PED-44235,2024-08-14,2025-10-14,830,Sr. Valentim Melo,otavioalves@example.com,Vieira,AC,Roupas,Exercitationem,LG,2,873.41,1584.3,20,41.89,app,Pix,6,Recusado,Jadlog,Em trânsito
3500,PED-10793,2024-03-16,2025-03-21,588,Kaique Pimenta,silveirapedro-miguel@example.com,Dias,AM,Eletrônicos,Itaque,Genérica,3,1332.98,1184.85,30,46.28,SITE,Boleto,1,Pendente,Total Express,Em trânsito
3501,PED-95034,2025-03-13,2025-01-05,217,Srta. Lavínia Vasconcelos,oliveirasarah@example.com,Marques,RO,Eletrônicos,Eos,Adidas,1,2087.36,2286.75,0,64.18,Aplicativo,Pix,6,Recusado,Jadlog,Atrasado
3502,PED-46622,2025-06-14,2024-06-25,335,Paulo Sampaio,piresvitoria@example.com,Oliveira do Galho,SC,eletronicos,Illum,Adidas,5,3290.26,2344.84,0,106.14,SITE,Pix,1,Pendente,Jadlog,Atrasado
3503,PED-21419,2025-11-24,2024-07-17,166,Dr. Benicio Campos,abreuevelyn@example.com,Silva,ES,Beleza,Officia,Samsung,1,2512.71,1352.13,30,94.05,App,Débito,2,Aprovado,Jadlog,Atrasado
3504,PED-91752,2026-01-02,2026-01-20,6,Ian Costela,santosester@example.org,Pimenta das Flores,RJ,Beleza,Dolorem,Adidas,3,2132.47,1562.79,0,26.8,Aplicativo,Pix,2,Recusado,Total Express,Entregue
3505,PED-93344,2025-11-03,2025-04-15,627,Joana Santos,caio76@example.org,Castro,MA,Casa,Animi,Nike,5,1889.59,782.21,20,50.15,Aplicativo,Crédito,6,Pendente,Jadlog,Em trânsito
3506,PED-50255,2024-03-18,2025-08-21,648,Srta. Vitória Carvalho,salessara@example.org,da Rocha,PR,Beleza,Magnam,Genérica,1,1911.85,702.23,20,49.71,App,Débito,6,Aprovado,Total Express,Em trânsito
3507,PED-83975,2025-06-25,2024-11-03,75,José da Paz,ana-claranogueira@example.net,Nascimento de Cardoso,SC,Eletrônicos,Odit,LG,2,2338.22,512.87,10,2.38,App,Boleto,1,Aprovado,Correios,Atrasado
3508,PED-79667,2024-05-08,2025-09-08,619,Aylla Rezende,souzanina@example.com,Pinto do Norte,DF,Roupas,Veniam,Adidas,3,1905.25,3391.42,10,50.82,App,Pix,3,Aprovado,Total Express,Entregue
3509,PED-64494,2025-11-24,2025-09-02,1057,Srta. Ana Beatriz Nunes,sdas-neves@example.org,Castro,GO,Eletrônicos,Dolore,Apple,1,1761.19,884.11,0,13.1,app,Débito,1,Recusado,Correios,Entregue
3510,PED-40925,2025-09-01,2025-09-19,536,Sr. Breno da Paz,lcavalcante@example.com,da Cruz,RN,Roupas,Dolores,Adidas,2,746.28,2847.63,30,61.96,SITE,Pix,1,Recusado,Jadlog,Entregue
3511,PED-23320,2024-07-24,2025-06-18,785,Pedro Lucas Porto,enricomelo@example.net,Araújo de Gomes,MS,eletronicos,Dicta,Genérica,4,981.47,766.43,0,109.25,App,Débito,3,Pendente,Correios,Entregue
3512,PED-74987,2025-07-12,2024-05-07,113,Raul Câmara,camararenan@example.org,Costa de Minas,SC,eletronicos,Ad,Apple,1,1653.12,2237.12,0,15.57,Site,Crédito,2,Aprovado,Total Express,Em trânsito
3513,PED-60838,2025-02-23,2025-04-13,476,Srta. Raquel Guerra,mendoncaana-livia@example.net,Macedo de Souza,ES,Roupas,Qui,LG,2,766.32,2395.05,0,21.77,Aplicativo,Débito,1,Recusado,Jadlog,Em trânsito
3514,PED-19677,2024-06-03,2026-01-27,827,Sra. Julia Guerra,dcosta@example.com,da Costa,CE,eletronicos,Aliquam,Adidas,5,2340.7,1758.85,0,39.69,Site,Pix,6,Aprovado,Jadlog,Atrasado
3515,PED-93863,2024-12-25,2024-12-10,467,Sarah da Rocha,borgesmurilo@example.net,Caldeira,PB,Roupas,Possimus,Samsung,4,500.94,733.07,10,110.76,App,Crédito,1,Recusado,Total Express,Em trânsito
3516,PED-32213,2025-06-12,2024-06-21,796,Gabrielly Mendes,isissales@example.org,Gonçalves do Campo,PB,Eletrônicos,Neque,Genérica,2,2885.72,3471.34,0,34.48,Aplicativo,Débito,1,Recusado,Correios,Em trânsito
3517,PED-57211,2025-05-16,2024-03-18,486,Sarah das Neves,yago54@example.net,Pimenta Grande,PB,Eletrônicos,At,Nike,1,3366.13,3477.27,20,2.04,App,Pix,6,aprovado,Jadlog,Em trânsito
3518,PED-93172,2024-08-30,2025-07-27,339,Lucas Oliveira,aparecidajosue@example.com,Pires,RJ,eletronicos,Maiores,LG,1,1797.7,173.37,0,50.26,SITE,Débito,1,Recusado,Jadlog,Em trânsito
3519,PED-41439,2024-06-23,2025-03-25,1043,Carolina Fernandes,piresaylla@example.org,Ramos dos Dourados,AP,Roupas,Beatae,Adidas,5,268.41,2706.97,20,31.28,SITE,Boleto,1,Pendente,Total Express,Atrasado
3520,PED-15549,2025-11-03,2024-08-23,90,Sr. João Lucas da Mota,olivia64@example.net,Marques,GO,Roupas,Et,Genérica,3,1734.74,3358.57,0,108.89,Site,Boleto,3,aprovado,Jadlog,Atrasado
3521,PED-60897,2024-02-11,2026-01-20,2,Rafael Fogaça,aragaoyago@example.org,Mendes,RS,Beleza,At,Genérica,3,84.64,918.95,0,3.15,Aplicativo,Pix,1,Recusado,Jadlog,Atrasado
3522,PED-61338,2024-10-02,2024-04-30,711,Marcos Vinicius Fonseca,valentinagoncalves@example.com,Pimenta,PI,Roupas,Magni,Adidas,5,2690.39,2236.72,30,4.67,Aplicativo,Pix,3,Pendente,Total Express,Em trânsito
3523,PED-27441,2024-08-17,2024-05-21,336,Dr. Antony Araújo,ocavalcanti@example.org,Rocha,AM,eletronicos,Quia,Apple,3,676.8,919.6,0,7.35,SITE,Crédito,3,Aprovado,Correios,Em trânsito
3524,PED-83885,2025-01-15,2025-12-08,962,Ágatha Porto,leaovalentim@example.org,Souza,MG,Eletrônicos,Laudantium,Genérica,2,1367.22,885.52,20,9.42,Site,Pix,6,aprovado,Correios,Entregue
3525,PED-81773,2025-05-15,2025-05-28,815,Maria Eduarda Dias,vnascimento@example.com,Ribeiro do Sul,MG,Eletrônicos,Sed,Apple,2,796.23,1960.52,30,102.75,Site,Pix,1,aprovado,Total Express,Em trânsito
3526,PED-53238,2025-11-05,2024-09-10,611,Liz da Paz,isabela93@example.org,Farias,AP,eletronicos,Nobis,Apple,3,2596.94,588.89,0,28.78,SITE,Débito,6,aprovado,Total Express,Entregue
3527,PED-11976,2024-03-17,2025-04-16,56,Arthur Moraes,vitoriaramos@example.net,Camargo,PR,Eletrônicos,Nulla,Apple,2,1594.19,3286.95,0,65.35,SITE,Pix,6,aprovado,Jadlog,Entregue
3528,PED-93977,2025-06-17,2025-02-16,1001,Mariah Lopes,enzo-gabrielalmeida@example.org,Alves,MS,Beleza,Occaecati,Samsung,2,1207.99,2668.32,20,38.73,Aplicativo,Crédito,6,Pendente,Jadlog,Entregue
3529,PED-87120,2025-09-13,2025-07-14,575,Maria Viana,anascimento@example.net,Costela das Flores,AM,Beleza,Esse,LG,4,2586.62,2809.47,0,6.72,app,Boleto,2,Recusado,Correios,Em trânsito
3530,PED-19059,2025-03-09,2024-04-28,564,Caio Camargo,emilly89@example.net,Pimenta das Pedras,RO,Eletrônicos,Neque,Adidas,2,50.92,1654.03,20,6.45,SITE,Débito,2,Aprovado,Correios,Em trânsito
3531,PED-34600,2024-12-16,2024-10-29,250,Zoe Machado,oda-paz@example.com,Moraes,TO,Roupas,Voluptate,Nike,4,2946.32,615.34,0,58.79,SITE,Boleto,1,aprovado,Jadlog,Em trânsito
3532,PED-88409,2025-10-12,2024-06-11,1117,Eloá Correia,mateus26@example.org,Rezende de Cunha,TO,Beleza,Maxime,Nike,4,3034.1,724.41,30,88.95,App,Débito,3,aprovado,Correios,Em trânsito
3533,PED-66646,2024-08-02,2024-11-09,341,Dr. Otávio Sousa,benjamin77@example.org,Peixoto,PA,Beleza,Distinctio,Apple,2,691.95,604.12,20,102.5,SITE,Crédito,1,Recusado,Correios,Atrasado
3534,PED-31409,2025-11-12,2025-04-03,446,Sra. Ana Beatriz Macedo,enovais@example.org,Ferreira,AL,Roupas,Doloremque,Adidas,1,1377.5,1724.44,0,92.57,App,Crédito,6,Aprovado,Jadlog,Em trânsito
3535,PED-19753,2025-06-05,2024-08-28,352,Gael Henrique Ferreira,tda-rosa@example.com,Barros,TO,Roupas,Quaerat,LG,2,690.06,3456.35,0,97.32,Aplicativo,Boleto,6,Aprovado,Total Express,Atrasado
3536,PED-94544,2024-06-06,2025-06-29,1162,Manuela Carvalho,moreirajoana@example.net,Montenegro,AC,eletronicos,Cum,Adidas,2,3172.44,2455.82,0,4.15,Aplicativo,Débito,6,aprovado,Correios,Atrasado
3537,PED-70172,2025-09-24,2024-08-02,571,Paulo Lima,lopessophia@example.org,Nascimento,BA,Eletrônicos,Fuga,LG,2,3013.78,1957.22,30,106.18,SITE,Débito,6,Pendente,Total Express,Atrasado
3538,PED-86350,2025-11-06,2024-05-09,748,Léo Moraes,gabriela12@example.com,Mendonça,CE,Beleza,Reiciendis,Samsung,5,124.63,885.97,0,69.52,App,Pix,3,Pendente,Jadlog,Atrasado
3539,PED-55294,2024-06-15,2024-02-28,122,Sr. Matheus Moura,arthur-miguel86@example.com,Rodrigues,AP,Beleza,Debitis,Genérica,2,1241.5,3186.49,0,27.0,SITE,Crédito,1,Pendente,Correios,Atrasado
3540,PED-65229,2024-05-02,2024-04-25,144,Sabrina Oliveira,britodavi@example.com,Cunha do Galho,PA,Beleza,Aut,Nike,5,2856.19,1785.2,0,47.26,Aplicativo,Pix,2,Recusado,Correios,Atrasado
3541,PED-91234,2025-04-13,2024-02-15,201,Pedro Lucas Almeida,zvieira@example.org,Gonçalves,PE,Roupas,Repellat,Adidas,2,2602.82,3341.78,10,104.33,Site,Boleto,3,aprovado,Total Express,Entregue
3542,PED-70040,2024-02-03,2025-11-16,2,Luiz Otávio Rodrigues,davi-luiz30@example.com,Câmara Paulista,MG,eletronicos,Delectus,LG,2,2387.33,1322.99,30,80.16,App,Crédito,12,Aprovado,Total Express,Atrasado
3543,PED-18139,2024-04-29,2025-09-08,754,Juan Rodrigues,apollo69@example.org,Rios dos Dourados,MT,Roupas,In,Genérica,4,663.89,1096.32,0,17.14,Aplicativo,Boleto,2,Aprovado,Total Express,Atrasado
3544,PED-44774,2025-08-31,2025-07-15,102,Maria Júlia Vargas,da-luznina@example.org,Leão,RJ,Roupas,Atque,Adidas,4,1092.65,172.14,0,50.92,App,Débito,12,Recusado,Jadlog,Entregue
3545,PED-30431,2025-12-26,2024-08-18,49,Carolina Nunes,jose90@example.net,Garcia,PI,Casa,Sequi,LG,3,2983.69,2577.14,0,117.4,Site,Pix,1,Recusado,Correios,Atrasado
3546,PED-97261,2025-08-11,2024-02-16,426,Srta. Emilly Cassiano,novaissarah@example.com,Mendes,GO,Casa,Officiis,Samsung,3,565.28,2954.49,0,22.81,Site,Crédito,3,Aprovado,Jadlog,Atrasado
3547,PED-63904,2024-12-20,2024-05-19,1093,Dra. Kamilly Silva,manuelasantos@example.com,Rodrigues de Cavalcante,AL,eletronicos,Quis,Genérica,1,2185.88,3131.73,0,28.89,Site,Débito,1,Recusado,Correios,Atrasado
3548,PED-62671,2025-02-15,2025-10-29,565,Isadora Farias,eduardofreitas@example.com,Albuquerque,PB,Beleza,Nesciunt,Nike,3,1561.19,1649.22,10,52.6,Aplicativo,Pix,1,aprovado,Total Express,Em trânsito
3549,PED-92215,2025-03-17,2024-08-25,477,Daniela das Neves,rebecarios@example.net,da Cunha Grande,AM,Eletrônicos,Soluta,Nike,1,1637.7,323.69,0,87.81,Site,Crédito,1,Recusado,Jadlog,Atrasado
3550,PED-11214,2025-08-19,2025-01-08,762,Murilo Correia,oda-cruz@example.org,Borges,PA,Casa,Hic,Adidas,3,3301.43,411.51,30,61.11,App,Crédito,1,Recusado,Jadlog,Atrasado
3551,PED-19119,2024-03-03,2025-04-15,112,Leonardo Moura,heitorsousa@example.com,da Cunha,DF,Eletrônicos,Facilis,Nike,2,2460.28,2422.61,30,100.79,App,Débito,1,Recusado,Total Express,Atrasado
3552,PED-37263,2025-01-03,2024-09-23,34,Luana Pires,nicole27@example.net,Vasconcelos das Flores,AC,Casa,Asperiores,LG,1,3114.21,345.31,0,7.08,Site,Pix,6,aprovado,Correios,Entregue
3553,PED-55615,2024-10-12,2025-07-04,759,Cecília Aragão,anna-lizda-mota@example.net,Caldeira Verde,BA,Eletrônicos,Temporibus,Apple,1,1307.29,1851.57,10,65.96,Site,Boleto,2,Aprovado,Jadlog,Em trânsito
3554,PED-56887,2024-02-05,2024-12-20,238,Isaque Costa,vmontenegro@example.org,Pastor de Araújo,AP,Roupas,Dolorem,Samsung,3,1852.23,1242.19,0,39.86,Site,Pix,1,Recusado,Total Express,Entregue
3555,PED-70008,2024-11-27,2024-03-30,972,Caroline Jesus,paulocavalcanti@example.net,Casa Grande de Costa,AP,Eletrônicos,Harum,Genérica,2,274.39,2735.61,20,46.59,Site,Pix,1,Aprovado,Correios,Atrasado
3556,PED-66941,2024-06-30,2024-08-22,357,Dra. Caroline Câmara,jteixeira@example.net,Araújo da Praia,AC,Casa,Optio,Samsung,3,766.93,1325.76,0,31.59,Site,Boleto,1,Pendente,Jadlog,Entregue
3557,PED-92811,2025-01-20,2025-01-13,522,Sra. Aylla Cavalcanti,vgomes@example.net,Mendonça de Caldeira,CE,Casa,Eum,Apple,3,1249.78,469.13,30,4.32,SITE,Boleto,1,aprovado,Correios,Entregue
3558,PED-67502,2026-01-09,2025-02-14,298,André Castro,qmoura@example.org,Novaes do Norte,RS,Roupas,Itaque,Genérica,1,1932.8,3460.16,0,97.64,SITE,Pix,1,Pendente,Total Express,Entregue
3559,PED-89915,2024-11-02,2025-12-06,878,Pietra Vasconcelos,carvalhoemanuelly@example.org,Costa,ES,Beleza,Maiores,Apple,3,2691.84,844.31,0,48.9,Site,Crédito,3,aprovado,Correios,Atrasado
3560,PED-22895,2025-05-09,2025-12-01,551,Benjamin Albuquerque,milena47@example.com,Vargas de Rocha,AL,Eletrônicos,Dignissimos,Samsung,5,2158.49,1792.49,0,100.16,app,Boleto,6,Aprovado,Total Express,Entregue
3561,PED-96738,2024-07-11,2025-01-12,379,Sra. Alice Nunes,gabrielly86@example.net,Ferreira,DF,Beleza,Debitis,Adidas,4,3008.79,1105.37,0,40.25,app,Pix,3,aprovado,Jadlog,Em trânsito
3562,PED-93351,2024-10-12,2025-08-27,393,João Guilherme Cunha,rebeca03@example.net,Rios de da Luz,AL,Roupas,Aliquam,Genérica,3,2881.86,562.84,10,31.27,SITE,Boleto,1,Pendente,Total Express,Atrasado
3563,PED-61604,2025-03-22,2025-07-27,896,Erick da Luz,eda-cunha@example.org,Moura,MG,Roupas,Laborum,Adidas,1,3081.61,179.46,0,114.26,SITE,Débito,6,Pendente,Correios,Em trânsito
3564,PED-34775,2025-04-19,2026-01-26,40,Maria Júlia Vieira,lsiqueira@example.com,Porto dos Dourados,PB,Casa,Libero,Nike,4,1767.02,1832.46,30,46.25,Aplicativo,Crédito,1,Pendente,Correios,Atrasado
3565,PED-27662,2025-04-26,2024-07-21,515,Maria Laura Marques,beniciomoura@example.org,Farias Grande,RO,Eletrônicos,Reiciendis,Adidas,5,2783.71,2234.03,0,85.9,SITE,Débito,6,Aprovado,Jadlog,Em trânsito
3566,PED-85541,2025-09-25,2025-05-12,366,Emilly Duarte,bentogarcia@example.org,Vieira de Novais,AL,Eletrônicos,Dolorum,Adidas,2,2367.83,2780.51,10,10.07,Aplicativo,Débito,1,Aprovado,Jadlog,Entregue
3567,PED-87284,2025-04-05,2024-12-30,667,Sra. Rafaela Duarte,njesus@example.com,Costa de Teixeira,SP,Eletrônicos,Nostrum,Genérica,2,1365.68,2957.16,10,6.95,app,Boleto,3,Pendente,Correios,Entregue
3568,PED-12608,2024-05-18,2025-07-07,1136,Evelyn Fogaça,maria-flor54@example.com,Borges,SC,Roupas,Explicabo,Samsung,2,2205.51,2610.88,0,78.99,Aplicativo,Boleto,2,aprovado,Jadlog,Entregue
3569,PED-79288,2024-08-26,2025-03-18,855,Leandro Sousa,juan58@example.com,Cassiano dos Dourados,CE,eletronicos,At,Apple,2,2865.98,2104.57,0,5.29,Aplicativo,Boleto,6,Pendente,Jadlog,Entregue
3570,PED-54612,2024-05-06,2025-04-29,726,Paulo Barbosa,pedro-henrique88@example.net,Aparecida das Flores,MT,Eletrônicos,Assumenda,Adidas,1,2287.69,1222.17,0,81.45,Site,Débito,1,Pendente,Total Express,Atrasado
3571,PED-34486,2024-04-26,2024-06-10,739,Yago Siqueira,erick95@example.com,da Mota,PE,Eletrônicos,Blanditiis,Genérica,5,2677.63,2911.61,0,118.02,App,Boleto,1,Recusado,Correios,Atrasado
3572,PED-85223,2025-06-03,2024-03-18,590,Alana Abreu,julia27@example.com,Azevedo de Minas,GO,Eletrônicos,Nihil,Apple,3,778.58,277.12,0,44.62,SITE,Crédito,2,Pendente,Correios,Atrasado
3573,PED-25420,2025-06-07,2025-08-30,1034,Benicio Novais,francisco30@example.com,Sales de Oliveira,BA,Eletrônicos,Mollitia,Genérica,3,2158.98,1901.27,10,59.2,App,Crédito,1,aprovado,Correios,Em trânsito
3574,PED-67992,2025-11-14,2026-01-20,572,Maria Vitória Caldeira,jcastro@example.org,Martins Paulista,MS,Beleza,Nostrum,Genérica,1,3410.59,2695.54,10,52.67,App,Crédito,6,Aprovado,Jadlog,Entregue
3575,PED-74711,2024-07-10,2025-12-26,695,Dr. Eduardo Silva,miguelferreira@example.com,Pimenta da Mata,GO,eletronicos,Dolor,Genérica,1,1196.8,1587.92,30,112.76,SITE,Débito,3,Recusado,Correios,Atrasado
3576,PED-80566,2024-10-07,2025-12-25,508,Arthur Gabriel Moura,wcavalcanti@example.org,Cavalcante da Prata,TO,Beleza,Consequuntur,Nike,1,3179.81,3316.56,0,25.55,Aplicativo,Pix,3,Pendente,Jadlog,Em trânsito
3577,PED-61856,2025-12-06,2025-09-22,967,Isabel Dias,zpereira@example.com,Castro,CE,Roupas,In,Apple,3,3301.62,3115.69,0,31.05,Aplicativo,Pix,1,aprovado,Jadlog,Entregue
3578,PED-77911,2024-02-14,2024-09-07,215,Nicole Santos,leaomaya@example.com,Marques da Mata,AP,eletronicos,Corporis,Samsung,4,1932.63,2680.81,30,3.09,Aplicativo,Crédito,12,Aprovado,Correios,Entregue
3579,PED-42647,2025-10-28,2025-08-06,294,Bruna Nogueira,cavalcantevitor@example.net,Costela do Amparo,RR,Eletrônicos,Similique,Adidas,2,2972.41,936.94,0,97.53,Aplicativo,Crédito,3,Aprovado,Total Express,Em trânsito
3580,PED-55547,2025-11-11,2025-09-07,1002,Murilo Moreira,nathanpacheco@example.org,da Luz do Galho,MG,Beleza,Blanditiis,Adidas,3,442.51,1431.89,0,67.5,Aplicativo,Boleto,1,Recusado,Jadlog,Atrasado
3581,PED-16288,2025-07-07,2025-02-03,575,Theo Pires,gomesmiguel@example.com,Santos Grande,AP,eletronicos,Soluta,Adidas,3,2619.75,2486.02,10,86.1,Aplicativo,Débito,1,aprovado,Jadlog,Atrasado
3582,PED-68184,2024-12-15,2025-01-10,271,Alexandre Barbosa,nunesanna-liz@example.org,Garcia,MA,Casa,Officia,Samsung,1,1224.65,2742.8,0,20.32,Aplicativo,Crédito,6,aprovado,Total Express,Atrasado
3583,PED-49619,2024-11-10,2025-12-12,845,Srta. Maya Rocha,davi-miguel79@example.org,Nogueira,MS,Roupas,Sed,Genérica,3,2067.3,3164.79,30,63.65,App,Boleto,3,Pendente,Jadlog,Atrasado
3584,PED-85514,2024-02-25,2024-11-22,445,Léo Martins,goncalvesjulia@example.org,Brito,PB,eletronicos,Voluptas,Genérica,5,1601.77,996.78,0,105.22,Site,Crédito,1,aprovado,Total Express,Em trânsito
3585,PED-82936,2025-08-13,2025-05-20,903,Pietro Pastor,anthony-gabriel53@example.org,Viana da Serra,MS,Casa,Corrupti,Samsung,3,1097.63,822.31,30,101.67,Aplicativo,Débito,2,Aprovado,Total Express,Entregue
3586,PED-77120,2024-02-25,2024-04-03,675,Danilo da Cruz,casa-grandenina@example.org,Sampaio de Pinto,ES,Casa,Porro,LG,2,2733.8,1664.06,0,53.13,SITE,Crédito,3,aprovado,Total Express,Em trânsito
3587,PED-33556,2024-03-22,2025-12-28,1173,Sr. Anthony Gabriel Duarte,marcos-viniciusalmeida@example.net,Leão Grande,AP,Eletrônicos,Necessitatibus,Samsung,2,1035.01,2098.05,30,58.46,App,Débito,12,aprovado,Jadlog,Em trânsito
3588,PED-96308,2025-07-07,2025-01-28,161,Enrico Viana,da-cunhaana-clara@example.org,Freitas Alegre,MS,Roupas,Amet,Samsung,2,434.2,2859.18,10,48.39,Site,Boleto,1,Aprovado,Correios,Em trânsito
3589,PED-65993,2024-10-14,2024-11-18,650,Maria Flor Fogaça,azevedohenry-gabriel@example.org,Camargo,TO,Beleza,Ipsa,Adidas,4,1782.03,602.22,0,15.53,App,Boleto,1,aprovado,Total Express,Entregue
3590,PED-82979,2024-04-02,2025-05-28,676,Hellena Ribeiro,joao-migueldias@example.org,Siqueira dos Dourados,MA,Roupas,Voluptatibus,Genérica,1,2216.44,1086.87,0,75.12,Site,Débito,3,Pendente,Correios,Atrasado
3591,PED-36016,2025-01-09,2024-04-18,520,Henrique Sousa,jesuslorena@example.net,Freitas de Silva,PA,Casa,Doloremque,Nike,5,2656.44,1854.95,0,35.31,app,Boleto,1,aprovado,Total Express,Atrasado
3592,PED-63009,2025-10-17,2025-01-22,678,Sra. Evelyn Pires,dbarros@example.com,Freitas,SP,eletronicos,Corrupti,Apple,5,2498.38,819.12,0,41.35,SITE,Crédito,2,Aprovado,Jadlog,Atrasado
3593,PED-23684,2026-01-07,2025-08-14,87,Eloá Jesus,lavinia34@example.org,Leão da Praia,AC,Roupas,Beatae,Genérica,5,2451.28,1831.53,0,9.08,Site,Débito,1,Recusado,Jadlog,Entregue
3594,PED-33507,2025-12-26,2025-07-29,1081,Natália Costa,jadefernandes@example.net,Costela de Martins,RN,eletronicos,Aliquid,Adidas,3,1247.37,2649.82,20,25.05,Aplicativo,Crédito,1,Pendente,Total Express,Em trânsito
3595,PED-28966,2024-11-30,2024-11-02,717,Dra. Alice Novais,mcorreia@example.net,Gomes,RN,Eletrônicos,Distinctio,Nike,3,817.19,2962.35,0,98.49,app,Pix,12,Aprovado,Total Express,Atrasado
3596,PED-17274,2025-02-24,2025-02-14,908,Rhavi Montenegro,orocha@example.com,Novais de Minas,PI,Beleza,Itaque,Nike,4,1590.29,1198.65,0,4.15,App,Débito,6,Recusado,Jadlog,Atrasado
3597,PED-92875,2024-08-06,2025-02-03,786,Marcos Vinicius da Mota,joao-lucassampaio@example.org,Abreu de Silveira,CE,Eletrônicos,Assumenda,Genérica,2,1403.99,1610.58,0,119.69,Site,Pix,1,Recusado,Jadlog,Em trânsito
3598,PED-21080,2024-07-04,2025-06-21,730,Bruno Pacheco,da-luzcaroline@example.net,Siqueira,AP,Eletrônicos,Aliquam,Nike,2,566.92,1140.16,10,85.05,App,Débito,6,Recusado,Total Express,Entregue
3599,PED-64601,2024-11-10,2025-02-10,618,Sr. Enzo Andrade,brunaramos@example.net,Campos,CE,Beleza,Consequatur,LG,1,1580.47,608.77,10,81.74,Aplicativo,Boleto,1,Aprovado,Jadlog,Entregue
3600,PED-44135,2024-02-03,2024-04-18,801,André Caldeira,fmonteiro@example.com,Campos,SP,Eletrônicos,Impedit,Samsung,4,2360.46,2692.32,20,45.34,Site,Crédito,1,aprovado,Jadlog,Em trânsito
3601,PED-98683,2024-11-18,2026-01-12,1047,Maria Sophia Pinto,murilo33@example.org,Guerra da Praia,PI,eletronicos,Commodi,Genérica,3,3248.9,2308.98,10,99.48,Aplicativo,Débito,6,Pendente,Jadlog,Em trânsito
3602,PED-60125,2024-05-15,2024-05-24,673,Maria Alice Mendes,luara11@example.org,Barbosa de Freitas,PE,Roupas,Necessitatibus,Samsung,2,824.22,3289.2,10,91.43,App,Pix,1,aprovado,Jadlog,Em trânsito
3603,PED-96336,2025-07-09,2025-04-29,14,Yan da Costa,pnovaes@example.net,Novais Paulista,RN,eletronicos,Sed,Adidas,2,1492.62,1278.47,30,92.58,App,Débito,3,aprovado,Total Express,Em trânsito
3604,PED-72741,2025-07-09,2025-04-08,742,Anthony Gabriel Sá,dda-conceicao@example.net,Nascimento de Macedo,PI,Casa,Repudiandae,Apple,4,1325.93,918.79,30,98.99,Site,Débito,12,Recusado,Total Express,Atrasado
3605,PED-76868,2024-12-12,2024-10-30,1173,Eduarda Brito,levi15@example.com,Albuquerque de Araújo,SP,eletronicos,Totam,Adidas,4,1296.31,1285.21,0,47.92,App,Débito,1,Aprovado,Total Express,Em trânsito
3606,PED-67414,2025-08-13,2025-10-05,69,Bruno Aragão,lorenzo14@example.org,Farias,PB,Roupas,Quod,LG,3,1757.32,1422.13,20,105.16,SITE,Crédito,1,Pendente,Jadlog,Atrasado
3607,PED-89518,2025-05-22,2024-06-29,337,Dra. Sarah Sousa,fernandesarthur-gabriel@example.org,Garcia das Pedras,RJ,Casa,Commodi,Samsung,3,3008.81,1814.48,0,108.56,SITE,Boleto,1,Recusado,Total Express,Atrasado
3608,PED-40584,2025-05-25,2025-10-28,556,Bryan Carvalho,bianca82@example.org,Santos,PE,Roupas,Labore,Apple,1,503.52,2061.36,30,79.47,SITE,Pix,1,Recusado,Correios,Em trânsito
3609,PED-17954,2024-02-12,2024-05-02,320,Dr. João Miguel Castro,wmelo@example.com,Nunes,TO,Beleza,Quam,LG,5,2688.05,1090.32,10,61.87,Aplicativo,Crédito,3,Pendente,Jadlog,Entregue
3610,PED-43415,2024-10-28,2024-03-02,357,Laís da Cunha,tporto@example.net,Sales de Cavalcanti,PI,Casa,Aspernatur,Apple,3,1565.23,1655.46,0,42.11,app,Boleto,1,Pendente,Total Express,Entregue
3611,PED-54745,2025-04-27,2024-10-29,833,José Martins,meloana-luiza@example.net,Novaes,RO,Eletrônicos,Ex,Nike,2,274.17,1736.32,10,111.89,Site,Débito,6,Pendente,Correios,Entregue
3612,PED-48242,2025-01-20,2024-12-24,42,Sra. Ana Sophia da Cruz,yguerra@example.net,Almeida,SP,eletronicos,Unde,Samsung,5,2433.39,454.92,10,49.85,Site,Boleto,1,Recusado,Total Express,Atrasado
3613,PED-96638,2024-02-11,2024-02-16,814,Maria Teixeira,jda-mota@example.com,Costa de Goiás,AP,Beleza,Amet,Genérica,5,1853.39,2041.28,30,51.79,Aplicativo,Débito,6,Aprovado,Total Express,Entregue
3614,PED-33613,2026-01-22,2025-04-27,640,Erick Casa Grande,andradeantonella@example.org,da Cunha,TO,Casa,Adipisci,Adidas,2,484.56,1754.42,30,117.02,app,Boleto,2,Aprovado,Total Express,Em trânsito
3615,PED-23434,2024-09-17,2025-03-20,804,Bernardo Fonseca,aragaomaria-luisa@example.com,Sampaio do Amparo,PB,Casa,Beatae,Samsung,3,1839.9,2019.2,10,73.16,App,Boleto,3,Recusado,Total Express,Entregue
3616,PED-35202,2024-12-23,2025-01-13,647,Bruno Jesus,abreumaite@example.com,Peixoto do Sul,DF,eletronicos,Ex,Adidas,5,240.3,3491.61,20,22.69,Site,Débito,12,Pendente,Correios,Em trânsito
3617,PED-54711,2025-06-22,2025-05-13,552,Stephany Farias,thomas03@example.com,Siqueira da Praia,AC,eletronicos,Eligendi,LG,4,2921.45,2873.09,0,115.69,App,Pix,3,aprovado,Correios,Entregue
3618,PED-83055,2025-05-25,2024-02-22,232,Maria Eduarda Fernandes,benjamin65@example.org,Nascimento,PB,Beleza,Iure,LG,1,1583.92,2748.55,0,54.11,Site,Boleto,2,Pendente,Total Express,Em trânsito
3619,PED-97486,2025-11-27,2024-10-15,405,Sra. Maria Clara da Rocha,luigi90@example.org,Pinto Paulista,AL,Eletrônicos,Eligendi,Apple,1,2787.06,1399.63,0,37.53,app,Débito,1,Pendente,Jadlog,Entregue
3620,PED-55715,2024-12-18,2024-02-29,661,Isabella da Rocha,fcavalcante@example.net,da Rosa,SP,Eletrônicos,Architecto,Apple,3,894.65,2445.56,30,89.68,SITE,Crédito,1,Aprovado,Correios,Em trânsito
3621,PED-49309,2025-06-16,2025-12-09,827,Esther Rocha,tcavalcanti@example.com,Marques das Flores,CE,Casa,Dignissimos,LG,5,288.08,2048.67,30,72.64,app,Boleto,2,Aprovado,Correios,Entregue
3622,PED-72926,2025-07-29,2025-02-10,4,Mariana Moreira,fnunes@example.com,Borges do Sul,PA,Roupas,Perspiciatis,Nike,5,2319.92,484.52,20,23.54,Site,Crédito,1,aprovado,Jadlog,Em trânsito
3623,PED-58614,2025-08-28,2024-04-23,796,Davi Lucas Melo,vasconcelosbarbara@example.com,da Cruz,RO,eletronicos,A,Nike,4,2175.47,1828.88,0,52.43,Aplicativo,Débito,2,Recusado,Total Express,Em trânsito
3624,PED-50557,2024-07-03,2024-12-14,1187,Juan Cassiano,fpeixoto@example.com,Peixoto do Norte,MA,Beleza,Ipsa,Samsung,1,2332.86,3261.47,0,90.19,Aplicativo,Boleto,12,aprovado,Total Express,Entregue
3625,PED-93068,2026-01-24,2025-07-16,56,Sr. Luiz Fernando da Mata,jesusheitor@example.org,Marques,AP,Casa,Deleniti,Genérica,1,997.9,3043.04,20,35.34,app,Débito,12,Aprovado,Correios,Atrasado
3626,PED-32927,2025-07-27,2024-03-02,546,Alice Pastor,eda-rocha@example.net,Mendonça do Norte,GO,Casa,Dolores,LG,2,2265.92,2781.1,0,6.02,app,Boleto,3,aprovado,Correios,Atrasado
3627,PED-85894,2024-08-12,2024-04-30,425,José da Conceição,hmartins@example.com,Camargo da Praia,AC,Beleza,Corporis,Nike,2,3068.24,375.68,0,25.86,SITE,Débito,3,Aprovado,Correios,Em trânsito
3628,PED-10338,2024-07-21,2025-06-24,753,Laura Alves,amonteiro@example.net,Peixoto de Goiás,AM,Beleza,Commodi,LG,3,1740.75,1519.05,10,67.06,Site,Boleto,3,Aprovado,Correios,Entregue
3629,PED-50679,2024-04-11,2024-10-25,64,Sr. Vinícius Cavalcante,fernandesjoaquim@example.net,Mendonça,PR,Eletrônicos,Dolorum,LG,3,3052.09,1846.8,0,96.46,SITE,Crédito,12,Recusado,Correios,Entregue
3630,PED-64563,2025-11-04,2026-01-25,2,Dr. Renan Gonçalves,salucca@example.org,Borges,TO,Roupas,Modi,Nike,3,726.3,403.13,0,14.37,App,Pix,3,Recusado,Total Express,Atrasado
3631,PED-95934,2024-08-23,2025-01-03,267,Lívia Pereira,ana-lauramoreira@example.net,Novaes,RJ,Beleza,Occaecati,Samsung,4,2103.56,3392.15,20,45.47,app,Crédito,3,Aprovado,Correios,Em trânsito
3632,PED-48376,2025-01-02,2025-12-15,135,Isadora Melo,hcavalcanti@example.net,Novaes de Cassiano,TO,Casa,Culpa,Genérica,4,1143.63,2462.79,0,2.17,App,Pix,3,aprovado,Jadlog,Entregue
3633,PED-84713,2025-11-06,2024-12-09,56,Srta. Mirella Pinto,eaparecida@example.net,Freitas do Norte,PA,Eletrônicos,Rem,Nike,5,96.89,2659.31,0,107.26,SITE,Boleto,1,Pendente,Jadlog,Entregue
3634,PED-89752,2025-12-01,2025-08-30,614,Luiz Miguel Rezende,vieiraotavio@example.org,Viana,TO,Roupas,Facilis,Genérica,2,2310.52,3137.27,10,24.91,Site,Crédito,12,Pendente,Correios,Entregue
3635,PED-58708,2025-10-19,2024-10-28,403,Isaac Ribeiro,pedro39@example.org,Souza,MA,Roupas,Excepturi,Apple,1,1287.9,667.78,0,115.83,SITE,Pix,6,Aprovado,Jadlog,Atrasado
3636,PED-74940,2024-10-29,2025-03-15,89,Rhavi Leão,caio33@example.net,Pires da Mata,MS,Roupas,Quisquam,Nike,3,1952.22,2468.4,0,42.75,Site,Boleto,3,aprovado,Correios,Atrasado
3637,PED-47069,2026-01-20,2024-12-20,65,Sr. Pedro Miguel Ferreira,antonio96@example.com,Câmara de Minas,MT,Roupas,Iste,Genérica,4,2660.68,2369.15,0,11.97,app,Débito,1,aprovado,Total Express,Entregue
3638,PED-92151,2026-01-22,2024-06-29,4,Diogo Fonseca,costelaana-clara@example.org,Souza,PA,eletronicos,Quo,Adidas,5,303.9,1417.75,10,59.71,Site,Pix,1,Aprovado,Total Express,Em trânsito
3639,PED-98663,2024-03-03,2025-03-01,1033,Lorenzo Cavalcanti,maria-alicecunha@example.org,Barros,RS,Casa,Itaque,Adidas,1,951.01,3484.53,20,31.25,app,Crédito,1,aprovado,Jadlog,Atrasado
3640,PED-93155,2024-08-04,2025-07-31,665,Pedro Henrique da Rocha,viniciuscarvalho@example.com,Mendonça Alegre,AL,Casa,Animi,Adidas,2,2150.15,2875.18,20,5.41,Aplicativo,Crédito,1,Pendente,Jadlog,Entregue
3641,PED-20819,2025-10-12,2024-04-22,315,Luigi Lima,xsouza@example.com,Abreu de Macedo,PE,Eletrônicos,Beatae,LG,5,2775.88,1462.82,30,82.53,app,Pix,1,Aprovado,Jadlog,Em trânsito
3642,PED-78223,2025-04-25,2025-10-21,940,Augusto Pereira,laraujo@example.net,Moreira,DF,Beleza,Delectus,Samsung,2,934.39,127.36,20,41.89,Site,Pix,1,Recusado,Correios,Atrasado
3643,PED-19423,2024-08-04,2024-08-23,1134,Dr. Henry Aragão,ferreirastephany@example.com,Porto do Campo,PI,Eletrônicos,Veniam,Apple,4,308.63,3081.31,0,4.46,App,Pix,1,Aprovado,Total Express,Atrasado
3644,PED-27716,2024-06-10,2024-05-20,394,Henrique Barros,erickda-luz@example.com,Farias,PR,Roupas,Fugiat,Adidas,1,78.96,2551.72,0,81.41,SITE,Pix,1,aprovado,Total Express,Atrasado
3645,PED-60487,2025-02-07,2025-09-17,300,Danilo Câmara,vitor-gabrielpires@example.net,Nascimento do Amparo,RR,Roupas,Ut,LG,4,320.19,977.81,0,79.58,app,Boleto,1,Aprovado,Correios,Atrasado
3646,PED-35002,2024-08-07,2024-10-06,265,Maria Sophia Castro,jesusagatha@example.org,Costa da Prata,TO,Eletrônicos,Saepe,LG,2,2081.41,422.16,10,13.15,Site,Pix,3,aprovado,Correios,Em trânsito
3647,PED-14952,2024-12-16,2024-12-31,832,Eduardo Nascimento,rvasconcelos@example.org,Pinto,SP,Roupas,Dolores,Apple,4,2856.12,504.42,10,98.14,Aplicativo,Pix,3,Aprovado,Total Express,Atrasado
3648,PED-17909,2025-08-07,2025-12-30,4,Ester Gonçalves,sousafernanda@example.org,Fernandes de da Mata,MA,Eletrônicos,Facilis,Samsung,2,2498.15,806.42,30,2.75,Aplicativo,Boleto,3,Pendente,Jadlog,Em trânsito
3649,PED-92004,2024-04-20,2025-11-26,800,Rafaela das Neves,icarvalho@example.org,Teixeira do Oeste,AC,Casa,Id,Apple,2,813.82,2558.08,0,46.59,App,Crédito,1,aprovado,Jadlog,Em trânsito
3650,PED-61521,2025-12-27,2025-02-05,348,Juan Câmara,mendesester@example.org,Cavalcante,MS,eletronicos,Quasi,Adidas,1,2637.39,960.24,20,77.18,App,Débito,3,Aprovado,Jadlog,Atrasado
3651,PED-90443,2024-05-29,2025-03-21,753,Nicolas Moreira,gael-henriquemoreira@example.org,Silveira do Oeste,BA,Eletrônicos,Maxime,Adidas,3,608.25,2261.72,10,65.21,Aplicativo,Débito,1,Pendente,Jadlog,Entregue
3652,PED-21243,2025-07-30,2024-12-30,54,Maria Cecília Martins,leticia81@example.net,Cardoso de Fernandes,RJ,Beleza,Nulla,Nike,2,1660.68,3339.56,0,114.41,App,Crédito,1,Pendente,Total Express,Atrasado
3653,PED-21020,2024-09-22,2025-07-10,765,Luigi Casa Grande,luiz-miguel26@example.org,da Rosa dos Dourados,SE,Roupas,Porro,LG,1,1953.74,2095.7,30,116.96,App,Débito,3,Pendente,Jadlog,Entregue
3654,PED-92171,2025-09-27,2025-04-07,651,Srta. Maya Freitas,antony13@example.com,Pinto,BA,eletronicos,Sequi,Apple,1,1719.5,492.34,0,16.99,app,Boleto,6,aprovado,Total Express,Atrasado
3655,PED-17827,2025-12-01,2025-10-16,332,Ana Lívia Nogueira,yasminpastor@example.org,Pacheco,PI,Eletrônicos,Omnis,Apple,5,312.44,3255.67,0,46.08,Site,Débito,6,Recusado,Correios,Entregue
3656,PED-50942,2024-06-18,2025-09-01,688,Isabella Duarte,ramosrodrigo@example.net,Aragão,SP,Casa,Perferendis,Adidas,1,3457.01,892.58,0,43.55,Aplicativo,Débito,6,Recusado,Correios,Entregue
3657,PED-38662,2024-03-27,2024-07-02,124,Manuella Cavalcante,pimentaravy@example.com,Melo,MG,eletronicos,Soluta,LG,1,807.64,102.47,0,25.31,App,Boleto,1,Recusado,Correios,Entregue
3658,PED-46961,2025-05-25,2025-01-12,509,Eloah da Cunha,vinicius94@example.net,Pinto Paulista,MG,Casa,Nulla,Genérica,4,1782.5,3068.5,0,115.74,App,Pix,6,aprovado,Total Express,Entregue
3659,PED-72707,2025-07-03,2024-09-21,972,Ana Julia da Conceição,salesarthur-miguel@example.com,Cunha de Minas,PI,Eletrônicos,Repellendus,Genérica,2,1524.6,2604.69,20,55.97,app,Boleto,3,Pendente,Total Express,Entregue
3660,PED-56076,2024-11-05,2025-09-17,826,Isaque Alves,maria-luizanovais@example.net,Gomes do Galho,SP,Beleza,Accusantium,Nike,3,318.6,780.33,0,102.49,Aplicativo,Pix,3,Pendente,Jadlog,Entregue
3661,PED-68618,2025-10-29,2024-12-18,826,Ester Silva,calebe62@example.org,Vieira,MT,eletronicos,Corrupti,Apple,5,1467.53,140.7,0,53.15,Site,Pix,2,Recusado,Correios,Atrasado
3662,PED-56685,2024-09-28,2025-02-14,377,Gael Dias,goncalvesanna-liz@example.org,Dias de Gonçalves,PI,eletronicos,Iste,Samsung,1,277.87,3101.04,10,97.75,Site,Pix,1,aprovado,Total Express,Em trânsito
3663,PED-84700,2024-11-13,2024-04-26,458,Apollo Cassiano,jade93@example.org,Guerra Verde,AL,eletronicos,Iure,Genérica,2,775.29,1954.08,0,27.88,Site,Boleto,1,Pendente,Jadlog,Atrasado
3664,PED-91455,2024-02-06,2024-04-21,966,Henry Gabriel Vieira,upereira@example.org,Lopes de Monteiro,GO,Roupas,Repellat,Genérica,3,3193.7,1475.95,10,4.76,Site,Crédito,3,Recusado,Correios,Entregue
3665,PED-25427,2025-04-03,2025-10-17,758,Carolina Garcia,aliciamelo@example.org,Sousa,PI,Casa,Quae,Adidas,4,492.92,2061.0,0,59.37,App,Pix,3,Pendente,Correios,Entregue
3666,PED-62735,2025-02-01,2024-12-24,618,Ana Laura Ribeiro,emanuelladuarte@example.org,Moraes do Sul,AL,eletronicos,Vitae,Apple,4,3051.76,2547.46,0,40.67,app,Pix,6,Pendente,Total Express,Atrasado
3667,PED-37065,2025-04-29,2025-05-28,914,Maria Flor Brito,lopeslivia@example.net,Fernandes das Flores,PE,Eletrônicos,Corrupti,LG,4,2281.98,1764.18,0,62.3,Site,Pix,6,Pendente,Total Express,Entregue
3668,PED-18847,2025-03-04,2024-02-22,1020,Pedro Lucas Cunha,felipecardoso@example.org,Câmara,AC,Beleza,Necessitatibus,LG,3,1012.87,258.54,30,58.48,App,Pix,1,Recusado,Jadlog,Entregue
3669,PED-67876,2024-12-01,2025-01-05,420,Paulo Cavalcante,joao-vitorda-luz@example.com,Freitas,RJ,Casa,Est,Nike,4,3351.25,1038.74,20,90.69,Aplicativo,Crédito,1,Aprovado,Jadlog,Entregue
3670,PED-78954,2024-09-14,2024-12-01,346,Miguel Fernandes,mendoncabenjamin@example.com,Aragão do Campo,DF,Casa,Sint,Genérica,4,2273.93,1070.67,10,55.64,app,Boleto,2,Recusado,Jadlog,Atrasado
3671,PED-26439,2024-10-24,2024-03-07,948,Isabel Freitas,melina50@example.org,Rodrigues da Mata,BA,eletronicos,Fugiat,Genérica,2,2265.65,2258.29,30,61.98,app,Crédito,1,Pendente,Jadlog,Em trânsito
3672,PED-47342,2024-02-13,2025-05-28,248,Calebe Machado,yda-cruz@example.net,Cardoso,AC,eletronicos,Fuga,LG,3,2216.15,3066.96,0,41.22,Aplicativo,Boleto,6,Aprovado,Total Express,Em trânsito
3673,PED-88791,2024-02-09,2025-06-03,125,Theo Aragão,lucas-gabrielaraujo@example.com,Siqueira,MS,Casa,Eos,Nike,1,2921.86,2226.65,0,40.49,SITE,Crédito,1,Aprovado,Jadlog,Entregue
3674,PED-23615,2024-05-04,2024-10-15,537,Juan das Neves,garcialarissa@example.net,Duarte,PR,Eletrônicos,Ut,Apple,4,643.71,1262.47,0,13.01,SITE,Pix,2,Pendente,Total Express,Entregue
3675,PED-43860,2025-12-07,2025-11-15,108,Miguel Garcia,da-pazmaya@example.net,Viana Paulista,SP,Roupas,Reprehenderit,LG,3,2769.01,3207.11,0,39.18,Site,Boleto,2,Recusado,Total Express,Atrasado
3676,PED-56559,2025-03-19,2024-11-01,883,Lunna da Costa,ian23@example.net,Nascimento das Flores,RJ,Roupas,Voluptatem,Apple,4,1112.72,587.16,30,32.36,Aplicativo,Pix,1,aprovado,Correios,Entregue
3677,PED-34226,2025-07-29,2024-03-20,261,Maysa Albuquerque,ccassiano@example.com,Garcia de Dias,SC,Eletrônicos,Inventore,LG,1,62.17,1059.37,20,48.7,Aplicativo,Débito,2,Recusado,Correios,Atrasado
3678,PED-18087,2024-12-03,2024-08-22,219,Srta. Valentina Santos,kazevedo@example.net,da Paz do Norte,BA,Roupas,Porro,Adidas,4,1496.84,2199.04,10,114.07,Aplicativo,Débito,1,Aprovado,Correios,Atrasado
3679,PED-41276,2024-04-01,2025-11-03,330,Kamilly Sá,aviana@example.com,da Costa dos Dourados,BA,Eletrônicos,Quam,Genérica,5,1231.53,2536.32,20,23.42,SITE,Crédito,1,Aprovado,Jadlog,Atrasado
3680,PED-55531,2025-09-01,2024-04-30,86,Cecília Gomes,mayamartins@example.org,Fogaça de Nogueira,BA,Casa,Qui,Adidas,4,3190.88,441.62,30,92.17,App,Pix,1,Recusado,Correios,Entregue
3681,PED-62025,2025-08-15,2024-12-06,513,Samuel Gomes,gomesalexandre@example.org,Albuquerque,RO,Beleza,Doloremque,LG,1,407.02,2612.31,0,95.37,SITE,Crédito,3,Pendente,Jadlog,Em trânsito
3682,PED-14468,2024-12-27,2025-09-21,610,Emilly Cassiano,lalbuquerque@example.net,Lopes,MG,Eletrônicos,Sint,Nike,2,895.09,693.43,0,14.38,Aplicativo,Pix,1,Pendente,Jadlog,Atrasado
3683,PED-33439,2024-05-03,2025-12-23,1181,Ravy Porto,pedro-lucasda-costa@example.com,Cavalcante de Silveira,RO,Casa,Voluptate,Samsung,3,1854.39,1270.08,0,113.92,SITE,Pix,1,aprovado,Correios,Em trânsito
3684,PED-16117,2026-01-24,2024-07-03,588,Igor Novaes,joao-felipemoraes@example.com,da Costa,RS,eletronicos,Temporibus,Samsung,1,3264.61,1628.08,0,17.21,Aplicativo,Pix,3,Recusado,Total Express,Atrasado
3685,PED-35228,2024-05-24,2025-10-04,820,Maria Júlia Rodrigues,ana-livia91@example.net,Dias de Novais,PI,Casa,Officia,LG,2,1915.54,1421.4,0,58.34,Aplicativo,Boleto,6,Pendente,Correios,Atrasado
3686,PED-77624,2025-03-16,2024-08-28,118,Heloisa Sampaio,da-costaelisa@example.net,Nunes da Serra,PA,Eletrônicos,Temporibus,Samsung,1,2832.59,164.15,0,20.65,app,Débito,1,aprovado,Jadlog,Entregue
3687,PED-29391,2024-12-01,2026-01-04,431,Sra. Maysa Marques,davi-luiz97@example.org,da Cunha,PE,Casa,Exercitationem,Nike,3,202.61,1038.51,20,96.23,Aplicativo,Débito,6,aprovado,Jadlog,Em trânsito
3688,PED-82123,2025-08-16,2024-09-22,818,Luigi Mendes,bcavalcante@example.com,Cardoso,PR,Beleza,Facere,LG,4,169.52,2962.62,30,20.32,Site,Boleto,6,Recusado,Jadlog,Atrasado
3689,PED-50762,2025-08-07,2024-05-15,266,Agatha Abreu,qda-rosa@example.com,Nascimento de da Rosa,RN,Casa,Rem,Adidas,2,727.54,2078.52,10,6.68,Site,Pix,6,Pendente,Correios,Atrasado
3690,PED-60531,2025-12-26,2024-02-22,72,Alexandre Rios,gda-mata@example.org,da Costa do Oeste,MG,Roupas,Repellat,Nike,4,301.37,563.42,20,102.88,App,Pix,1,Aprovado,Total Express,Atrasado
3691,PED-15832,2024-08-25,2025-06-15,544,Sr. Gustavo Cunha,pedro-miguel79@example.net,Campos,CE,eletronicos,Quo,Nike,4,3040.71,626.0,30,49.73,Site,Pix,1,aprovado,Jadlog,Em trânsito
3692,PED-32069,2025-07-10,2026-01-06,487,Dra. Maria Laura Cavalcante,ycavalcanti@example.org,Abreu do Sul,ES,Casa,Voluptates,Apple,3,1419.62,976.4,0,117.86,Aplicativo,Crédito,1,Recusado,Correios,Entregue
3693,PED-86696,2025-02-02,2024-10-25,65,Manuella Leão,asafe58@example.com,Monteiro,RR,Casa,Exercitationem,LG,4,2575.57,657.0,0,80.79,Aplicativo,Crédito,12,Aprovado,Correios,Em trânsito
3694,PED-76673,2025-08-26,2024-06-16,690,Benjamin Sampaio,renan69@example.org,Vasconcelos de Novais,ES,Eletrônicos,Laborum,Apple,3,2129.6,641.21,10,21.43,app,Crédito,2,Recusado,Correios,Entregue
3695,PED-27136,2025-07-01,2024-08-20,291,Benício Gomes,jade19@example.com,Rodrigues Alegre,AC,Roupas,Officia,Apple,5,937.5,1954.26,0,94.88,Aplicativo,Boleto,1,Pendente,Jadlog,Em trânsito
3696,PED-99081,2025-12-18,2024-09-22,993,Lorena Pimenta,leaomurilo@example.org,da Conceição da Serra,SC,eletronicos,Quidem,Apple,3,3026.76,3255.37,20,107.78,app,Débito,2,Pendente,Correios,Em trânsito
3697,PED-86717,2024-03-14,2025-05-09,1147,Isaque da Costa,costelaanthony-gabriel@example.net,Alves das Flores,MG,eletronicos,Necessitatibus,Apple,3,214.4,743.53,0,56.63,SITE,Boleto,12,Aprovado,Jadlog,Atrasado
3698,PED-85537,2024-02-14,2025-06-23,374,André Rocha,cborges@example.net,Martins,PA,Casa,Consectetur,Nike,5,1450.05,2273.35,0,65.05,Site,Boleto,3,Recusado,Jadlog,Em trânsito
3699,PED-41271,2025-01-26,2024-03-20,105,Natália Barros,qda-mota@example.org,Jesus,PA,Eletrônicos,Alias,Samsung,2,2849.9,1721.66,0,1.62,SITE,Boleto,6,Aprovado,Jadlog,Em trânsito
3700,PED-10750,2025-09-22,2025-10-23,319,Augusto Vargas,guerrabenjamin@example.com,Novaes,RS,Beleza,Eaque,Samsung,2,3137.0,1611.48,0,31.78,Site,Débito,12,Pendente,Jadlog,Em trânsito
3701,PED-33140,2024-09-29,2024-09-09,1022,Sofia Macedo,rcasa-grande@example.com,Moraes,MS,Beleza,Repudiandae,Apple,5,655.21,546.39,10,118.72,app,Pix,12,Recusado,Jadlog,Entregue
3702,PED-75371,2024-06-07,2025-07-12,854,Noah Monteiro,oliviaduarte@example.com,Montenegro das Pedras,PI,eletronicos,Provident,Adidas,2,2564.82,2674.94,10,87.72,app,Débito,1,Recusado,Correios,Atrasado
3703,PED-71778,2024-12-01,2025-09-09,357,Dra. Fernanda Costela,teixeiraisabella@example.org,Mendes das Flores,PR,Beleza,Illo,Samsung,5,2910.08,2160.43,0,75.67,Aplicativo,Crédito,6,Aprovado,Total Express,Atrasado
3704,PED-14038,2025-05-01,2025-08-19,1095,Otávio Campos,jesusdaniel@example.org,Castro,RO,Beleza,Quasi,Genérica,1,956.57,2206.15,0,47.28,SITE,Boleto,1,Recusado,Jadlog,Em trânsito
3705,PED-26649,2024-11-12,2025-02-24,381,Augusto Camargo,cmarques@example.org,Borges do Sul,PR,Casa,Mollitia,LG,5,943.52,1394.49,0,95.67,Aplicativo,Débito,1,aprovado,Correios,Em trânsito
3706,PED-55653,2026-01-23,2025-05-24,488,Anthony Mendes,rafaellopes@example.com,Sousa do Campo,SP,eletronicos,Nam,LG,1,2731.15,1403.61,20,22.51,SITE,Boleto,1,Recusado,Correios,Entregue
3707,PED-97176,2024-04-10,2025-02-06,809,Gabrielly Rezende,joao-miguel45@example.com,Pastor do Galho,SP,Roupas,Aliquam,Genérica,1,1506.19,1935.93,0,92.99,App,Pix,1,aprovado,Correios,Atrasado
3708,PED-65736,2025-08-17,2024-04-23,873,Alice Silva,raelcunha@example.net,da Conceição,GO,Eletrônicos,Praesentium,Genérica,3,2906.4,1166.79,0,76.97,Aplicativo,Boleto,6,Recusado,Jadlog,Entregue
3709,PED-99154,2024-08-22,2025-04-18,192,Matheus Ferreira,vcardoso@example.com,Farias,AL,Beleza,Eaque,Samsung,2,3198.36,514.4,0,54.42,SITE,Crédito,3,Aprovado,Total Express,Em trânsito
3710,PED-62378,2024-06-10,2026-01-31,676,Larissa Aparecida,ipires@example.org,das Neves,SC,Roupas,Hic,Samsung,4,3283.55,1542.58,30,79.73,app,Pix,12,Aprovado,Jadlog,Em trânsito
3711,PED-65118,2025-01-22,2024-09-09,739,Maysa Abreu,eloah63@example.net,Cardoso da Serra,SC,Roupas,Explicabo,Adidas,5,3289.65,2052.59,20,45.49,Aplicativo,Boleto,2,Aprovado,Total Express,Entregue
3712,PED-28076,2025-05-10,2024-06-25,405,Dr. Theo da Rocha,josue26@example.com,Cassiano,MA,Casa,Animi,LG,3,2023.75,2028.06,0,82.35,App,Débito,2,Aprovado,Total Express,Em trânsito
3713,PED-35834,2024-04-08,2025-11-11,516,Thales Leão,leonardoalbuquerque@example.com,da Rocha,PA,eletronicos,Necessitatibus,LG,5,407.38,1492.41,10,23.7,Aplicativo,Boleto,2,Recusado,Total Express,Em trânsito
3714,PED-29387,2024-10-26,2025-12-28,371,Sr. Gael Ferreira,noah55@example.org,Vargas do Amparo,MT,eletronicos,Rerum,Samsung,2,2395.06,502.6,30,12.93,app,Boleto,1,Aprovado,Total Express,Atrasado
3715,PED-99453,2025-07-25,2025-10-10,1181,Maria Correia,benjaminbrito@example.net,Peixoto do Galho,SE,Eletrônicos,Magnam,Apple,3,1580.96,408.65,0,12.11,SITE,Pix,3,aprovado,Total Express,Atrasado
3716,PED-52851,2025-04-04,2025-06-23,31,Milena Santos,raquelduarte@example.net,Lopes da Mata,PI,Beleza,Sunt,Genérica,2,861.27,1685.15,0,35.81,SITE,Pix,1,aprovado,Jadlog,Atrasado
3717,PED-65900,2024-11-01,2025-02-19,414,Aylla Costela,silvaenrico@example.net,Rezende da Mata,SP,Roupas,Doloribus,Apple,1,2453.87,3372.48,20,80.85,Site,Boleto,1,aprovado,Jadlog,Em trânsito
3718,PED-68489,2024-11-02,2025-12-31,175,Sr. Lucas Gabriel Campos,breno82@example.com,Araújo das Flores,SE,Roupas,Ratione,LG,2,888.72,2254.32,20,113.4,SITE,Pix,1,Aprovado,Jadlog,Em trânsito
3719,PED-81370,2025-01-03,2026-01-03,1171,Heitor Araújo,larissa45@example.net,Leão,DF,eletronicos,Adipisci,Genérica,2,162.49,3234.51,0,68.35,app,Pix,1,Aprovado,Correios,Atrasado
3720,PED-49798,2025-12-07,2025-08-15,710,Eduardo Machado,psantos@example.net,Cirino de Monteiro,RS,Casa,Autem,Samsung,5,1490.79,3341.83,0,90.78,app,Crédito,2,aprovado,Jadlog,Em trânsito
3721,PED-88239,2025-06-04,2025-05-08,401,Bruna da Cruz,mendoncacalebe@example.org,da Conceição Paulista,RS,Eletrônicos,Accusamus,LG,3,908.38,1492.89,0,24.04,app,Boleto,1,aprovado,Jadlog,Em trânsito
3722,PED-48114,2024-05-18,2024-06-25,791,Sra. Ayla Costela,ceciliamoreira@example.org,Fonseca de Sá,MG,Eletrônicos,Commodi,Nike,1,1531.25,87.42,0,28.92,Aplicativo,Crédito,2,aprovado,Jadlog,Em trânsito
3723,PED-20253,2025-03-15,2024-04-30,261,Gabriela Andrade,pietra38@example.com,Ribeiro,DF,Casa,Nam,Genérica,3,1719.4,1490.73,0,115.59,Site,Débito,1,Pendente,Total Express,Atrasado
3724,PED-49659,2024-07-31,2026-01-03,1,Dra. Olívia Garcia,cgomes@example.net,Porto de Rezende,TO,Casa,Iste,Adidas,4,534.47,2099.58,10,118.31,Site,Pix,1,Pendente,Correios,Atrasado
3725,PED-35608,2025-08-29,2025-08-27,134,Mariane Nogueira,pintootavio@example.org,Gomes,RR,Beleza,Possimus,Samsung,4,3116.6,1954.24,30,54.27,app,Boleto,6,Recusado,Jadlog,Em trânsito
3726,PED-11870,2024-05-30,2025-12-08,240,Dr. Antony Gomes,oliver20@example.net,da Paz Grande,RR,Beleza,Eos,Apple,3,1238.59,3075.73,10,116.94,App,Crédito,1,Pendente,Correios,Em trânsito
3727,PED-24705,2025-03-11,2025-03-12,605,Manuela da Conceição,bento96@example.com,Aparecida,TO,eletronicos,Modi,Adidas,3,218.58,2130.37,10,15.08,Aplicativo,Boleto,1,Recusado,Jadlog,Em trânsito
3728,PED-64809,2025-01-21,2024-05-21,118,Maria Sophia Silveira,xcamargo@example.org,Fogaça,SE,Beleza,Modi,LG,1,940.1,1277.46,30,90.29,app,Pix,2,aprovado,Jadlog,Atrasado
3729,PED-17369,2024-03-23,2025-04-08,447,Srta. Maria Julia da Cunha,maria-laura44@example.org,Campos do Galho,BA,Beleza,Doloribus,LG,3,603.6,2657.29,0,22.78,SITE,Débito,3,Pendente,Jadlog,Atrasado
3730,PED-38335,2024-12-15,2024-08-03,633,Stephany Brito,ucavalcanti@example.net,Pastor,RJ,eletronicos,Iusto,LG,5,2462.52,2365.45,20,69.47,app,Boleto,12,Pendente,Jadlog,Entregue
3731,PED-77141,2024-06-12,2025-08-01,742,Srta. Helena Dias,marianesouza@example.com,Rocha de Minas,RJ,Beleza,Minima,Nike,5,560.7,1202.66,30,83.72,App,Débito,2,Pendente,Correios,Em trânsito
3732,PED-63116,2025-08-26,2024-02-23,362,Ana Beatriz Câmara,vinicius55@example.org,da Paz dos Dourados,RN,Beleza,Rerum,Nike,1,315.05,2852.75,10,44.51,SITE,Pix,3,Recusado,Jadlog,Entregue
3733,PED-89363,2026-01-31,2025-10-28,552,Srta. Gabriela Sales,maria-eduarda26@example.net,Leão de da Rosa,MA,Roupas,Rem,Samsung,4,2345.9,1848.74,0,60.31,SITE,Pix,3,Pendente,Correios,Entregue
3734,PED-89526,2024-11-23,2024-06-08,1176,Paulo Carvalho,ppires@example.org,Guerra,RN,Casa,Dignissimos,Genérica,2,1845.76,1172.18,30,33.21,Aplicativo,Débito,6,Recusado,Correios,Entregue
3735,PED-50924,2024-03-29,2024-10-17,1160,Cauã Ramos,ninapires@example.org,Mendonça de Minas,CE,Eletrônicos,Necessitatibus,LG,2,3191.83,1278.97,0,86.67,Site,Boleto,2,Pendente,Correios,Em trânsito
3736,PED-28691,2025-07-05,2024-04-04,1127,Sra. Liz Fogaça,nalmeida@example.com,Martins das Flores,MG,Roupas,Sint,Nike,3,163.83,127.94,0,19.07,Aplicativo,Boleto,12,Aprovado,Correios,Em trânsito
3737,PED-42962,2025-11-02,2024-12-08,946,Leandro Souza,isaque30@example.org,Cunha,RR,Casa,Ea,Nike,2,222.47,1612.08,30,105.78,app,Boleto,1,Aprovado,Total Express,Atrasado
3738,PED-10060,2025-07-31,2025-09-30,1194,Sr. Théo Campos,ucirino@example.org,Mendonça do Norte,DF,Eletrônicos,Unde,Nike,3,2694.61,3383.41,0,74.58,App,Crédito,2,aprovado,Correios,Em trânsito
3739,PED-63495,2024-04-09,2024-04-07,211,Maysa das Neves,maria-alice17@example.com,da Paz,AL,Roupas,Architecto,Genérica,1,988.21,2506.89,0,59.88,app,Débito,3,aprovado,Correios,Entregue
3740,PED-87009,2025-03-14,2025-08-02,294,Kaique Novaes,dborges@example.com,Barros,RJ,Roupas,Suscipit,Samsung,2,2182.74,65.09,20,82.59,Site,Crédito,12,Aprovado,Jadlog,Em trânsito
3741,PED-43648,2025-05-24,2025-01-27,913,Marcela Garcia,melosophie@example.org,Câmara,ES,eletronicos,Earum,Adidas,5,239.11,1248.65,0,38.64,SITE,Boleto,3,aprovado,Total Express,Atrasado
3742,PED-13658,2024-03-31,2024-12-05,518,Maria Júlia Souza,luiz-otaviomendes@example.org,Gonçalves Paulista,BA,Beleza,Voluptatem,Nike,3,1706.31,2706.46,0,45.21,app,Pix,1,aprovado,Jadlog,Entregue
3743,PED-35635,2026-01-06,2024-12-30,432,Murilo da Costa,milenajesus@example.net,Melo,BA,eletronicos,Sint,Genérica,5,1926.93,1111.01,30,103.98,App,Crédito,3,Aprovado,Correios,Atrasado
3744,PED-48136,2024-11-30,2025-10-12,1150,Manuella Garcia,da-rochaantonella@example.net,Sampaio,SP,eletronicos,Quam,Samsung,5,525.68,357.73,0,14.1,Site,Boleto,6,Recusado,Total Express,Atrasado
3745,PED-44464,2025-04-02,2025-12-31,1192,Manuela da Rocha,agathacarvalho@example.net,Correia do Norte,RN,Eletrônicos,Animi,Apple,3,2253.94,2002.59,0,111.27,Site,Boleto,6,Pendente,Total Express,Atrasado
3746,PED-35487,2025-01-20,2025-02-14,418,Luiz Otávio da Luz,ccastro@example.net,Machado da Serra,RO,Roupas,Illo,Genérica,2,3276.75,2494.92,0,114.85,Aplicativo,Crédito,3,aprovado,Correios,Atrasado
3747,PED-79640,2024-08-19,2025-04-23,327,Bárbara Oliveira,lavinia35@example.org,Pastor,SC,Eletrônicos,Eos,Nike,1,3101.76,2344.77,20,19.8,SITE,Crédito,3,Pendente,Jadlog,Atrasado
3748,PED-97268,2025-11-20,2025-11-06,1068,Brayan da Costa,vbarros@example.org,Novais do Amparo,AM,Eletrônicos,Ex,Genérica,1,2331.89,2892.97,20,96.29,Site,Débito,12,aprovado,Total Express,Atrasado
3749,PED-41587,2024-03-20,2024-06-02,818,Sr. Isaque Sousa,inovais@example.org,da Mota,RO,Beleza,Tenetur,Genérica,4,3188.93,2707.72,0,95.73,App,Boleto,3,Recusado,Correios,Em trânsito
3750,PED-65454,2026-01-01,2024-06-06,635,Natália Câmara,melinada-rosa@example.net,Campos,AM,Roupas,Consectetur,Genérica,1,3167.14,2139.75,30,22.71,App,Boleto,6,aprovado,Total Express,Em trânsito
3751,PED-42638,2024-02-06,2025-01-22,1159,Melissa Lima,pastorarthur-gabriel@example.org,Moraes,AP,Casa,Accusantium,Apple,3,2835.02,2339.29,0,60.26,App,Débito,1,aprovado,Correios,Em trânsito
3752,PED-93057,2024-05-23,2025-07-18,707,Yan Montenegro,ottodias@example.org,Farias do Campo,PB,Beleza,Tenetur,Samsung,3,1156.68,2144.86,20,77.12,SITE,Pix,12,Pendente,Correios,Atrasado
3753,PED-59323,2024-04-13,2025-11-30,495,Sra. Eduarda da Costa,alana01@example.com,Vargas,AL,Beleza,Neque,LG,2,2038.3,2255.11,0,2.95,Aplicativo,Débito,1,aprovado,Total Express,Entregue
3754,PED-68280,2025-06-25,2024-11-01,787,André Novais,marquesisis@example.net,Ribeiro,AP,Roupas,Asperiores,Apple,3,1913.83,231.01,0,83.07,app,Boleto,2,aprovado,Correios,Atrasado
3755,PED-57473,2025-03-08,2025-03-21,1122,Dra. Milena Castro,cardosolara@example.org,Pimenta,RO,Roupas,Atque,Genérica,3,2599.82,143.9,0,81.61,Site,Pix,6,Recusado,Jadlog,Em trânsito
3756,PED-82164,2025-07-26,2024-09-23,635,Yasmin da Costa,carlos-eduardo02@example.net,Marques,AM,Casa,Quas,Adidas,2,63.5,985.04,0,12.58,app,Boleto,1,aprovado,Total Express,Entregue
3757,PED-32290,2025-08-19,2024-07-19,211,Esther Sales,eteixeira@example.org,da Luz,SE,Casa,Repellat,Nike,3,2172.93,238.55,0,93.28,app,Débito,3,Aprovado,Correios,Entregue
3758,PED-33061,2024-11-21,2025-01-17,13,Dra. Lara Almeida,tfogaca@example.net,Moraes,BA,Roupas,Voluptatum,Samsung,1,841.95,1729.41,20,91.43,Site,Débito,12,Pendente,Correios,Atrasado
3759,PED-54769,2025-07-04,2024-09-23,918,Clara da Mata,rezendeana-clara@example.net,Brito de Lima,AM,Roupas,Occaecati,LG,1,587.38,790.39,0,77.23,Aplicativo,Boleto,12,aprovado,Correios,Atrasado
3760,PED-13027,2024-04-10,2024-12-18,371,Milena Sousa,ycosta@example.org,Silva do Galho,RJ,eletronicos,Non,LG,1,1661.01,1531.49,20,74.76,SITE,Crédito,1,Pendente,Jadlog,Em trânsito
3761,PED-31021,2025-09-15,2025-04-02,203,Dr. João Fernandes,sampaiocaroline@example.com,Aragão,MG,eletronicos,Sit,Apple,3,1307.25,3122.42,0,67.41,app,Pix,2,Recusado,Jadlog,Entregue
3762,PED-18379,2024-08-13,2024-10-09,1188,Dr. Davi Luiz Andrade,augustoalbuquerque@example.org,Fogaça,SC,eletronicos,Corporis,Adidas,3,2965.18,163.43,30,68.02,App,Crédito,12,Recusado,Jadlog,Em trânsito
3763,PED-37268,2025-11-28,2024-07-18,900,Isabella Monteiro,apolloda-cunha@example.net,Cassiano do Campo,RO,Casa,Natus,Apple,4,2674.91,3179.52,0,41.86,Aplicativo,Pix,12,Recusado,Total Express,Em trânsito
3764,PED-50859,2025-04-13,2024-04-20,1020,Júlia Pimenta,prios@example.org,das Neves de Fernandes,MT,Casa,Quidem,Nike,5,1285.45,2340.92,30,59.6,Site,Pix,1,Pendente,Jadlog,Entregue
3765,PED-61945,2024-09-17,2024-05-29,951,Maria Eduarda Moraes,leaojosue@example.net,Albuquerque Verde,MT,Beleza,Tenetur,Genérica,5,1476.78,1016.18,0,7.99,App,Crédito,1,aprovado,Jadlog,Em trânsito
3766,PED-75939,2026-01-27,2025-11-02,935,Maria Fernanda Macedo,fviana@example.org,Farias de Minas,RN,Eletrônicos,Neque,LG,2,1515.39,1353.77,20,59.94,App,Crédito,12,Aprovado,Jadlog,Atrasado
3767,PED-62091,2025-02-11,2025-06-11,835,Alícia Montenegro,novaeskevin@example.com,Siqueira,PB,Eletrônicos,Dolorem,Genérica,4,810.28,2479.22,0,60.54,Site,Pix,1,Pendente,Correios,Em trânsito
3768,PED-53285,2024-04-25,2024-04-17,1,Marcelo Siqueira,luana75@example.org,Pastor Grande,PI,eletronicos,Deserunt,Samsung,5,594.76,1204.47,0,22.13,SITE,Crédito,1,Recusado,Jadlog,Atrasado
3769,PED-60102,2025-12-24,2025-12-02,276,Dra. Melissa Melo,cavalcantimaria-sophia@example.org,Sales,RN,Casa,Quas,Nike,2,1168.43,2530.34,0,61.38,App,Boleto,6,Aprovado,Jadlog,Atrasado
3770,PED-22785,2025-02-03,2024-02-27,270,Dra. Raquel da Conceição,tcavalcanti@example.com,Nunes Paulista,SC,Beleza,Est,LG,3,1325.48,2828.88,20,28.85,app,Pix,1,aprovado,Jadlog,Atrasado
3771,PED-96606,2024-03-26,2025-02-05,601,Nicole da Mata,souzamelina@example.com,Silva de Rocha,MT,Beleza,Ea,Adidas,5,2404.66,2959.5,0,51.99,App,Débito,1,Recusado,Correios,Entregue
3772,PED-82105,2024-03-22,2026-01-02,970,Murilo Abreu,fda-conceicao@example.org,Jesus da Serra,MA,Roupas,Omnis,Samsung,2,3470.43,2021.13,0,7.89,Site,Boleto,6,Recusado,Total Express,Em trânsito
3773,PED-42693,2026-01-20,2024-08-29,130,Eduardo Gomes,emanuelly75@example.org,Pastor,PI,Eletrônicos,Asperiores,Samsung,3,3133.21,1510.29,0,50.84,Site,Crédito,12,Aprovado,Jadlog,Atrasado
3774,PED-10383,2024-10-07,2024-11-17,578,Davi Teixeira,da-luzluiz-felipe@example.com,Montenegro da Serra,PB,Roupas,Quae,Adidas,4,2241.13,401.87,30,54.27,App,Crédito,1,Recusado,Total Express,Em trânsito
3775,PED-58106,2024-09-01,2025-04-19,1065,Dra. Juliana Garcia,ana-liviasiqueira@example.com,Pires,PE,eletronicos,Odio,LG,3,1283.76,2587.13,0,10.68,App,Débito,1,Recusado,Correios,Atrasado
3776,PED-34506,2024-09-26,2024-10-19,1117,Sr. Bryan Azevedo,naparecida@example.org,Leão de da Rosa,PI,Casa,Aut,LG,3,2017.44,2924.4,20,53.15,App,Pix,1,Recusado,Jadlog,Entregue
3777,PED-53855,2024-08-13,2024-05-13,248,Sr. Henry Macedo,julia85@example.org,Nascimento da Prata,RO,Beleza,Accusamus,Samsung,5,757.46,1325.36,10,91.1,Site,Boleto,12,Pendente,Total Express,Entregue
3778,PED-99360,2024-07-21,2025-07-23,824,Luara Pimenta,mariah27@example.org,Dias,AP,Eletrônicos,Vel,Genérica,4,2075.01,438.97,0,97.95,SITE,Pix,12,aprovado,Jadlog,Atrasado
3779,PED-51047,2024-07-20,2025-05-05,738,Bernardo Costela,azevedovitor-gabriel@example.net,Dias,DF,Beleza,Ad,LG,5,3394.43,1721.1,30,7.39,Aplicativo,Débito,1,Pendente,Total Express,Atrasado
3780,PED-24472,2025-03-26,2025-11-26,768,Ana Farias,evelyncaldeira@example.org,Vargas,RN,Casa,Doloribus,Adidas,3,2113.21,1550.62,0,102.11,SITE,Boleto,2,Aprovado,Correios,Entregue
3781,PED-32244,2025-08-26,2024-06-18,462,Luiz Henrique Peixoto,cassianovitor-hugo@example.org,Correia,DF,Roupas,Perspiciatis,Samsung,2,143.58,2202.49,0,43.85,app,Boleto,3,Aprovado,Jadlog,Em trânsito
3782,PED-36934,2025-02-08,2024-08-04,535,Stella Vieira,ana-liz28@example.org,Ferreira,AC,Beleza,Ipsam,LG,2,1990.52,3249.16,30,50.77,SITE,Boleto,1,Recusado,Total Express,Atrasado
3783,PED-21144,2025-09-23,2025-06-13,498,Bianca Vasconcelos,heitor66@example.com,Mendonça do Sul,PI,Beleza,Quaerat,Genérica,4,3122.57,1874.17,0,13.56,app,Crédito,6,Aprovado,Correios,Atrasado
3784,PED-40209,2025-04-04,2025-04-10,479,Raquel Cunha,hferreira@example.net,Lima,TO,Casa,Et,Adidas,3,3077.07,3280.0,0,24.24,App,Débito,1,Recusado,Correios,Atrasado
3785,PED-67956,2025-01-22,2024-11-04,26,Thiago Nogueira,vasconcelosmaya@example.com,Cassiano Verde,GO,Casa,Officiis,Samsung,2,1739.37,1723.8,20,49.95,SITE,Boleto,12,Aprovado,Total Express,Atrasado
3786,PED-18990,2024-10-07,2025-09-10,394,Gustavo Henrique da Cunha,ribeiromiguel@example.org,Araújo,PR,eletronicos,Ipsam,Apple,1,2915.35,3286.91,0,105.5,App,Pix,3,Recusado,Total Express,Atrasado
3787,PED-41355,2024-11-05,2024-08-13,652,Maria Alice Martins,pazevedo@example.org,Carvalho,MG,Eletrônicos,Laborum,Adidas,4,1826.43,3074.81,20,11.77,App,Pix,2,Aprovado,Correios,Em trânsito
3788,PED-28511,2025-02-14,2024-02-06,698,Yasmin Casa Grande,qferreira@example.com,Fogaça,AC,Beleza,Est,Adidas,1,101.27,2747.0,30,22.37,App,Débito,1,Recusado,Correios,Em trânsito
3789,PED-15729,2025-07-20,2024-11-08,255,Yuri Castro,olivia51@example.com,Aparecida de Goiás,RO,Beleza,Accusamus,Genérica,2,2988.88,2759.16,0,59.33,App,Débito,1,Aprovado,Correios,Entregue
3790,PED-54747,2024-03-19,2024-03-02,969,Ana Carolina Costa,hellena84@example.com,Fogaça,RS,Beleza,Qui,Apple,3,2489.87,2254.96,10,26.79,SITE,Pix,3,Aprovado,Correios,Em trânsito
3791,PED-75645,2025-01-23,2024-04-08,335,Dr. Luiz Fernando Pires,cardosomelissa@example.org,Pereira da Serra,TO,eletronicos,Libero,Samsung,1,2217.19,1204.62,0,73.58,Aplicativo,Boleto,3,Recusado,Jadlog,Em trânsito
3792,PED-33027,2024-04-19,2024-08-23,167,Ester Costela,lrodrigues@example.org,Mendonça de Cavalcanti,AC,Eletrônicos,Aliquam,Nike,4,79.99,234.72,0,5.23,SITE,Crédito,12,aprovado,Jadlog,Entregue
3793,PED-69907,2025-12-22,2025-11-06,774,Anthony Gabriel Barros,peixotomaria-julia@example.net,Moreira,DF,Casa,Eveniet,LG,3,2353.97,785.14,0,99.38,SITE,Crédito,12,aprovado,Total Express,Em trânsito
3794,PED-15744,2024-07-14,2024-03-27,206,Enzo Gabriel Moreira,liam89@example.net,Caldeira,SE,Eletrônicos,Distinctio,Apple,3,934.19,2139.81,20,110.29,app,Pix,1,aprovado,Total Express,Entregue
3795,PED-79027,2024-10-05,2025-11-03,585,Brayan Guerra,luana95@example.org,das Neves da Praia,PA,Beleza,Totam,Adidas,5,935.19,986.94,30,70.07,app,Boleto,1,Recusado,Jadlog,Em trânsito
3796,PED-29231,2025-04-27,2024-08-09,113,Ana Carolina Peixoto,peixotoluan@example.org,Jesus,PB,Roupas,Hic,Nike,3,2764.75,1107.89,0,81.47,Aplicativo,Pix,2,aprovado,Total Express,Em trânsito
3797,PED-86913,2025-02-04,2025-10-16,4,Samuel Sampaio,yagosilva@example.net,Fernandes de Pastor,GO,Roupas,Dicta,Nike,3,398.07,1028.08,0,36.62,App,Boleto,1,Aprovado,Jadlog,Atrasado
3798,PED-51707,2025-11-21,2025-07-28,328,Maria Helena da Conceição,ana-liz49@example.org,Ramos das Pedras,MG,Roupas,Eius,Apple,5,2658.91,1892.79,10,35.76,App,Crédito,3,aprovado,Correios,Em trânsito
3799,PED-41225,2025-11-09,2025-04-19,169,Alexandre Moraes,qnovais@example.org,da Rocha,AM,Casa,Quam,Adidas,3,585.63,869.7,20,11.75,Aplicativo,Boleto,1,Recusado,Total Express,Entregue
3800,PED-90641,2026-01-27,2024-05-03,440,Camila Aragão,vporto@example.net,Sales de Siqueira,AP,Casa,Veritatis,Nike,4,3139.33,507.15,10,88.54,App,Pix,12,aprovado,Correios,Em trânsito
3801,PED-25150,2024-03-16,2025-12-21,337,Davi Miguel Rocha,luisaaparecida@example.com,Brito,AM,Roupas,Tempore,Samsung,2,2988.74,2387.03,0,90.87,SITE,Pix,2,aprovado,Correios,Entregue
3802,PED-69678,2024-05-23,2025-08-23,300,Yasmin Silva,xda-luz@example.net,Sales da Praia,RO,Eletrônicos,Totam,Nike,3,3203.3,2117.24,0,25.98,Aplicativo,Crédito,6,Aprovado,Jadlog,Entregue
3803,PED-31128,2025-11-30,2025-09-07,481,Cauê Martins,upacheco@example.net,Sousa Alegre,RS,Beleza,Modi,Adidas,5,2340.94,1966.59,10,112.56,SITE,Débito,1,aprovado,Correios,Entregue
3804,PED-79596,2025-08-05,2025-04-20,700,André Siqueira,isis74@example.net,Rodrigues,SP,Beleza,Facere,Apple,4,1311.69,2404.23,20,107.11,SITE,Boleto,1,aprovado,Correios,Atrasado
3805,PED-89117,2025-02-02,2024-06-26,576,Ana Liz da Luz,duartezoe@example.net,Novaes,PI,Roupas,Suscipit,Samsung,1,1970.87,1246.0,20,67.67,app,Crédito,3,Aprovado,Correios,Atrasado
3806,PED-91311,2024-11-28,2025-03-28,554,Emilly Martins,davi-luccaviana@example.com,Borges de Pastor,RN,eletronicos,Odit,Adidas,1,1764.36,3116.38,20,28.22,SITE,Crédito,2,Recusado,Correios,Entregue
3807,PED-96248,2025-05-26,2026-01-11,654,Vitória Castro,maya98@example.org,Souza,DF,Roupas,Iste,Apple,3,724.36,1029.08,30,54.45,Site,Boleto,1,Aprovado,Jadlog,Entregue
3808,PED-84069,2025-06-11,2025-04-30,442,Maria Eduarda Melo,acosta@example.net,Rios de Ribeiro,SC,eletronicos,Consequuntur,LG,2,1005.75,726.11,30,116.54,Site,Crédito,3,Aprovado,Total Express,Atrasado
3809,PED-70233,2024-10-14,2025-07-18,461,Mateus Caldeira,xdias@example.com,Cavalcante de Nunes,PR,Eletrônicos,Ipsum,Nike,2,814.35,1062.2,0,0.46,app,Boleto,12,aprovado,Jadlog,Em trânsito
3810,PED-72930,2024-02-14,2025-10-24,1030,Dr. André Silveira,barbosaenrico@example.org,Novais Verde,MT,eletronicos,Occaecati,Adidas,1,3233.63,459.97,0,10.03,SITE,Pix,2,Pendente,Total Express,Entregue
3811,PED-16533,2024-08-16,2025-03-30,301,Yan Andrade,ayla81@example.net,Vasconcelos,AL,Roupas,Temporibus,Samsung,5,3462.95,2934.39,30,21.5,SITE,Pix,1,Recusado,Correios,Entregue
3812,PED-67757,2024-09-10,2025-03-30,787,Yasmin Moreira,bryanaparecida@example.net,Duarte de Azevedo,PR,Beleza,Tempora,Adidas,1,1277.04,2865.61,20,25.26,Site,Boleto,2,Recusado,Correios,Em trânsito
3813,PED-63174,2025-04-20,2024-08-23,734,Sr. Liam Guerra,silvaagatha@example.com,Dias,PB,Eletrônicos,Ut,Samsung,5,216.69,1334.9,0,116.82,SITE,Boleto,2,Pendente,Correios,Entregue
3814,PED-97211,2025-08-18,2024-05-03,259,Ana Sophia Macedo,maria-vitoria74@example.com,da Cruz,AC,eletronicos,Aut,Samsung,4,524.77,2960.46,0,11.05,Site,Crédito,1,Pendente,Jadlog,Atrasado
3815,PED-55719,2024-07-23,2024-06-18,966,Sra. Manuela Nogueira,luana37@example.net,Aragão do Galho,AM,Roupas,Nostrum,Apple,5,2736.61,3451.12,30,28.41,App,Boleto,6,Aprovado,Total Express,Atrasado
3816,PED-81668,2024-11-10,2024-11-22,552,Joaquim Novaes,migueldias@example.net,da Cunha,AL,Roupas,Harum,Adidas,1,3036.94,832.71,0,111.11,Site,Débito,3,Aprovado,Total Express,Entregue
3817,PED-35165,2025-02-21,2024-10-19,834,Oliver Oliveira,domsouza@example.net,da Rosa de Minas,MA,eletronicos,Iusto,Nike,2,1189.2,440.58,0,71.49,app,Crédito,6,aprovado,Total Express,Entregue
3818,PED-16909,2026-01-08,2025-07-23,316,Bruno Sales,joao71@example.net,Moreira Paulista,BA,Casa,Atque,Apple,2,1570.28,1302.1,10,93.88,App,Débito,6,Recusado,Correios,Entregue
3819,PED-85465,2025-03-19,2025-05-17,328,Luan Lima,andradeisis@example.org,Santos,AM,Roupas,Voluptatum,LG,4,1211.5,2868.13,30,80.69,Aplicativo,Boleto,1,Aprovado,Jadlog,Atrasado
3820,PED-22090,2025-10-04,2025-08-02,609,Isabelly da Conceição,jmontenegro@example.net,Pimenta,MA,Roupas,Quia,LG,5,3334.98,234.77,10,40.6,App,Pix,1,aprovado,Jadlog,Entregue
3821,PED-43506,2024-11-21,2025-03-01,895,Sr. Vitor Fogaça,rafaela93@example.org,Nunes,ES,Casa,Aperiam,Nike,4,2621.48,483.61,10,109.38,Aplicativo,Boleto,1,Pendente,Jadlog,Atrasado
3822,PED-67699,2024-07-03,2025-05-11,25,Ana Lívia Siqueira,agathaguerra@example.org,Pinto de Barbosa,SE,Roupas,Nulla,LG,3,3291.93,2658.64,0,86.89,SITE,Crédito,1,Pendente,Jadlog,Entregue
3823,PED-58001,2024-10-20,2025-05-01,592,Maria Isis Casa Grande,arthurcamara@example.com,Dias das Pedras,RJ,Beleza,Sed,Nike,5,231.47,987.76,10,9.97,Aplicativo,Crédito,6,aprovado,Jadlog,Atrasado
3824,PED-91574,2024-10-07,2024-08-14,995,Joana Aparecida,saleskevin@example.org,Almeida Alegre,MT,eletronicos,Dolore,Samsung,1,1527.29,473.87,10,101.5,SITE,Pix,1,Aprovado,Correios,Atrasado
3825,PED-93778,2024-03-02,2024-06-27,652,Dr. Yago Guerra,yuri65@example.net,Mendonça,RS,Roupas,Eaque,Apple,3,66.67,1248.16,30,88.96,SITE,Boleto,3,Aprovado,Total Express,Atrasado
3826,PED-64511,2025-11-20,2024-04-09,1123,Eduarda da Rosa,jose-pedroda-luz@example.net,Aparecida,SE,Eletrônicos,Praesentium,Adidas,5,881.32,1869.19,30,44.31,App,Débito,2,Recusado,Jadlog,Em trânsito
3827,PED-93053,2024-02-29,2024-07-23,1151,Maria Liz Rios,ceciliaaparecida@example.org,da Costa do Oeste,RJ,Casa,Perspiciatis,LG,5,1598.88,1999.78,30,57.97,SITE,Pix,6,Recusado,Correios,Atrasado
3828,PED-86140,2025-05-27,2025-10-06,119,Carolina da Rocha,vmendes@example.org,Gonçalves,GO,Roupas,Repellat,Apple,4,1879.18,2800.56,0,48.43,App,Boleto,6,Recusado,Correios,Atrasado
3829,PED-69391,2024-06-17,2025-08-08,1071,Valentina Camargo,duartematteo@example.net,Rios de Câmara,AC,Casa,Aperiam,Nike,2,2682.22,852.36,20,12.84,app,Crédito,3,Pendente,Jadlog,Atrasado
3830,PED-98429,2024-07-08,2025-07-15,536,Anthony Gabriel Teixeira,umelo@example.net,Nunes,MS,Roupas,Dolorum,Samsung,1,2969.1,3138.53,0,81.52,SITE,Pix,2,Pendente,Correios,Atrasado
3831,PED-94215,2024-10-22,2025-02-16,1153,Anna Liz da Paz,borgesmilena@example.net,Rocha Verde,PA,Beleza,Ipsa,Adidas,2,1651.35,640.22,10,107.97,Site,Crédito,6,aprovado,Total Express,Atrasado
3832,PED-58254,2025-09-11,2025-09-15,790,Eduarda Aragão,novaisjulia@example.org,Viana do Campo,DF,eletronicos,Quam,LG,1,2815.54,1980.25,10,42.1,Site,Pix,1,aprovado,Correios,Atrasado
3833,PED-42202,2025-01-04,2024-10-03,771,Mathias Pastor,maria-isis87@example.net,da Mata,BA,Eletrônicos,Voluptatum,Apple,1,274.6,1125.59,10,32.83,Site,Boleto,1,Recusado,Correios,Atrasado
3834,PED-17516,2024-05-01,2024-03-15,433,Dante Moreira,kamillyvargas@example.org,Rodrigues Paulista,SC,Casa,Error,Nike,3,1880.52,99.02,20,93.68,SITE,Débito,6,Recusado,Correios,Entregue
3835,PED-21979,2025-02-19,2025-11-03,935,Lorenzo Pereira,catarinaoliveira@example.com,Alves,MG,Eletrônicos,Error,Apple,1,2638.95,3326.15,10,3.35,Aplicativo,Crédito,3,Recusado,Jadlog,Em trânsito
3836,PED-87471,2025-06-07,2025-06-04,117,Antônio Santos,woliveira@example.net,Sales,SC,Beleza,Eaque,Nike,4,2808.92,857.74,0,116.53,Site,Boleto,12,aprovado,Jadlog,Em trânsito
3837,PED-89903,2024-11-16,2025-02-19,347,Clara Melo,kamilly52@example.org,Borges do Norte,RR,Casa,Voluptatum,LG,4,3246.34,340.96,0,116.34,app,Boleto,2,Recusado,Correios,Entregue
3838,PED-87909,2025-05-29,2025-01-22,947,Sr. Ian Montenegro,hduarte@example.org,Siqueira do Norte,PE,Eletrônicos,Inventore,Samsung,5,793.17,1327.86,30,82.69,Aplicativo,Boleto,6,Aprovado,Total Express,Entregue
3839,PED-59535,2025-03-06,2026-01-31,193,Camila Rios,luiz-felipe73@example.com,Cassiano,TO,Eletrônicos,Aut,Adidas,3,2763.23,2847.17,0,0.78,Site,Crédito,1,Aprovado,Correios,Entregue
3840,PED-27355,2024-05-03,2024-08-17,240,Kevin Cirino,costamaria@example.com,Almeida do Oeste,AC,eletronicos,Fuga,Genérica,4,1980.63,802.71,20,5.02,Site,Crédito,1,Aprovado,Total Express,Entregue
3841,PED-59650,2024-08-24,2024-04-24,1160,Srta. Pietra Siqueira,diassophia@example.com,Vasconcelos de Dias,MS,eletronicos,Fugiat,LG,5,436.06,2751.0,10,52.36,app,Boleto,12,Aprovado,Correios,Entregue
3842,PED-46911,2025-03-02,2025-04-19,625,Evelyn Nascimento,fda-cunha@example.org,da Cruz Verde,SC,Eletrônicos,Ex,Samsung,4,841.33,669.18,0,89.24,App,Crédito,3,Pendente,Jadlog,Entregue
3843,PED-87342,2025-01-08,2025-10-31,675,Aurora Moura,lmelo@example.net,Macedo Alegre,RO,Beleza,Quaerat,Genérica,4,469.32,1588.93,0,7.55,Aplicativo,Crédito,12,aprovado,Jadlog,Em trânsito
3844,PED-49508,2026-01-07,2025-10-16,800,Mathias Porto,da-costaeduarda@example.org,Moura,RS,Roupas,Praesentium,LG,1,3403.61,2486.08,30,18.8,Site,Débito,1,Recusado,Total Express,Atrasado
3845,PED-16606,2024-11-19,2024-02-25,679,Luara Pacheco,julianaazevedo@example.org,Sampaio,MG,Casa,Quas,LG,5,2938.08,1183.96,0,35.33,App,Débito,2,aprovado,Correios,Em trânsito
3846,PED-33519,2024-07-26,2025-10-05,466,Eduarda Pacheco,miguel87@example.com,Camargo Paulista,GO,Eletrônicos,Aspernatur,Genérica,4,2221.28,1041.82,10,59.73,Site,Débito,1,Aprovado,Correios,Entregue
3847,PED-62510,2025-01-26,2025-10-10,185,Ana Luiza Cardoso,tsouza@example.net,Fonseca,PA,eletronicos,Nulla,Adidas,2,99.5,415.24,20,49.84,Aplicativo,Boleto,1,Recusado,Total Express,Entregue
3848,PED-33315,2026-01-21,2025-06-12,1046,Arthur da Mota,carvalhobruna@example.org,Marques Paulista,AP,Casa,Ea,Adidas,1,1771.54,723.79,0,5.27,App,Boleto,1,Aprovado,Total Express,Atrasado
3849,PED-60684,2024-04-08,2024-09-15,855,Maria Fernanda Ramos,sophieteixeira@example.net,Sousa do Amparo,AP,Casa,Pariatur,Nike,4,652.49,1355.28,30,18.8,app,Boleto,6,Recusado,Total Express,Atrasado
3850,PED-19184,2024-09-05,2024-07-01,86,Miguel Leão,camargoigor@example.net,Freitas das Pedras,MS,Roupas,Quis,Genérica,4,474.38,1481.84,20,39.32,App,Pix,6,Recusado,Total Express,Em trânsito
3851,PED-63350,2026-01-08,2024-02-12,705,Luiz Fernando Moraes,joaquimnogueira@example.net,Viana Verde,MT,Casa,Animi,Nike,1,895.65,2862.52,30,54.02,App,Débito,1,aprovado,Jadlog,Atrasado
3852,PED-86285,2025-08-01,2024-09-19,434,João Vitor Montenegro,xcavalcante@example.com,Brito,TO,eletronicos,Ratione,Adidas,4,2705.65,553.78,0,96.7,Aplicativo,Boleto,1,Recusado,Total Express,Atrasado
3853,PED-92781,2026-01-12,2025-11-15,593,Davi Luiz Teixeira,nathan97@example.com,Rodrigues,SE,eletronicos,Repudiandae,Nike,3,2701.25,2708.03,0,117.69,App,Pix,6,Recusado,Total Express,Entregue
3854,PED-34786,2024-06-07,2024-06-22,62,Maitê Pereira,aragaonicole@example.com,da Costa de da Cunha,SP,Eletrônicos,Dolore,Apple,1,2981.78,856.2,10,39.16,app,Pix,1,aprovado,Total Express,Atrasado
3855,PED-32570,2024-06-07,2025-03-11,441,Pedro Henrique Fogaça,unascimento@example.com,Montenegro Verde,PR,eletronicos,Aperiam,Apple,3,2773.65,1198.51,0,26.2,Aplicativo,Boleto,3,aprovado,Correios,Atrasado
3856,PED-88468,2025-11-04,2024-02-26,851,Vitor Gabriel Cavalcanti,joao-miguelvasconcelos@example.com,Sá,RJ,Roupas,Provident,Nike,3,1096.27,3160.62,0,79.74,SITE,Crédito,1,aprovado,Correios,Atrasado
3857,PED-71174,2024-06-09,2024-09-17,813,Pietra Lima,yjesus@example.org,Cardoso de Machado,MG,Eletrônicos,Voluptas,Adidas,1,3155.68,2368.37,10,116.5,Site,Pix,1,Aprovado,Correios,Em trânsito
3858,PED-79248,2026-02-01,2024-05-16,222,Srta. Brenda Mendes,diasluna@example.org,Rodrigues,AP,Casa,Quasi,Apple,2,288.51,889.55,0,19.25,Site,Crédito,1,Pendente,Total Express,Em trânsito
3859,PED-54286,2024-06-17,2025-07-30,80,Aurora Cassiano,ana-sophianascimento@example.com,Cunha,ES,Beleza,Eos,Samsung,4,746.87,2120.49,30,43.71,App,Boleto,12,aprovado,Correios,Em trânsito
3860,PED-18435,2025-05-05,2026-01-07,79,Sr. Josué Borges,da-costaaurora@example.com,Aparecida do Amparo,MG,Beleza,Ad,Adidas,1,264.32,2273.4,0,35.39,Site,Crédito,1,Pendente,Jadlog,Entregue
3861,PED-28130,2024-03-03,2024-06-01,29,Antony da Rocha,isis58@example.net,da Paz,PR,Casa,Tenetur,LG,4,2002.22,553.82,30,49.57,SITE,Crédito,12,aprovado,Jadlog,Entregue
3862,PED-31621,2025-03-19,2025-12-20,807,Benicio Nogueira,ana-laurasouza@example.com,Moraes,AL,Casa,Explicabo,Nike,2,2447.67,396.58,0,29.58,Site,Boleto,1,aprovado,Total Express,Atrasado
3863,PED-72356,2025-08-20,2025-03-23,161,Dra. Amanda Gomes,stellafreitas@example.net,Aragão,TO,Roupas,Vitae,Samsung,3,2984.33,3378.51,10,86.54,App,Débito,3,aprovado,Correios,Em trânsito
3864,PED-97852,2026-01-01,2025-02-28,527,Ana Júlia Castro,biancavargas@example.org,Moreira,AP,Casa,Voluptatum,Samsung,3,3294.72,1796.43,0,100.05,app,Crédito,2,Pendente,Jadlog,Atrasado
3865,PED-27611,2024-04-16,2025-04-13,1107,Alexia Pacheco,moreiraisabella@example.org,da Luz,MA,Beleza,Rem,LG,3,3058.65,1277.39,0,78.8,App,Débito,3,Recusado,Jadlog,Em trânsito
3866,PED-27508,2024-08-27,2025-01-22,1041,Dra. Ayla Vargas,ana-sophia00@example.com,Sampaio,RN,Beleza,Deserunt,Nike,2,2298.33,1201.37,20,54.99,app,Débito,1,Recusado,Jadlog,Em trânsito
3867,PED-48679,2024-10-03,2025-11-01,55,Luiz Henrique Abreu,epereira@example.org,Martins,PB,Roupas,Corporis,Apple,1,123.59,439.04,30,70.99,Aplicativo,Crédito,1,Pendente,Jadlog,Atrasado
3868,PED-52168,2025-07-04,2025-07-05,573,Lara Oliveira,pimentatheo@example.net,Novais Paulista,CE,Roupas,Facere,Apple,5,2599.24,2288.74,30,41.57,app,Boleto,2,aprovado,Total Express,Em trânsito
3869,PED-87929,2025-10-13,2025-01-18,362,Anthony Gabriel Porto,sophia02@example.com,Dias Verde,AP,eletronicos,Enim,Apple,5,1217.49,882.28,30,100.2,Site,Débito,6,Recusado,Total Express,Em trânsito
3870,PED-35602,2024-09-06,2024-04-10,686,Danilo Dias,juliana83@example.com,Rios de Aragão,AP,eletronicos,Tenetur,Genérica,3,1431.07,761.2,10,80.18,SITE,Crédito,1,Recusado,Correios,Em trânsito
3871,PED-57467,2024-12-12,2024-07-07,1088,Maria Alice Barbosa,sousapedro-henrique@example.net,Cunha do Campo,PB,Casa,Nisi,Samsung,1,812.05,377.65,0,7.5,App,Crédito,2,aprovado,Total Express,Entregue
3872,PED-57820,2024-05-15,2025-05-18,1142,Francisco da Mota,pedro-lucas56@example.net,Pacheco de Porto,PB,eletronicos,Asperiores,Nike,2,3126.07,2921.46,30,21.16,App,Crédito,1,Pendente,Total Express,Em trânsito
3873,PED-50824,2024-03-09,2025-08-08,452,Dr. Valentim Monteiro,pietra53@example.net,Lopes,RJ,Beleza,Alias,Nike,5,1690.81,1628.75,0,27.72,app,Débito,1,Aprovado,Correios,Em trânsito
3874,PED-46517,2024-10-02,2025-09-22,1103,Eduardo Ribeiro,danielda-mota@example.net,Vieira do Amparo,RR,eletronicos,Cupiditate,LG,4,598.72,3184.72,0,73.31,App,Débito,6,aprovado,Correios,Em trânsito
3875,PED-20806,2025-12-12,2025-02-21,316,Maria Laura Fonseca,machadoheloisa@example.com,Vargas,RS,Eletrônicos,Laboriosam,Genérica,5,2176.53,3270.01,10,79.31,Aplicativo,Pix,1,Pendente,Jadlog,Em trânsito
3876,PED-23487,2025-03-01,2024-07-18,645,Leonardo Machado,antonycirino@example.net,Monteiro do Amparo,AM,eletronicos,Excepturi,Nike,4,2776.14,212.63,20,52.75,App,Crédito,12,Pendente,Jadlog,Atrasado
3877,PED-87697,2024-07-16,2024-09-23,213,Ágatha da Cruz,peixotojoao-felipe@example.com,Ramos,PA,eletronicos,Molestiae,Genérica,5,1132.37,3000.66,10,62.16,app,Pix,1,Aprovado,Jadlog,Em trânsito
3878,PED-84954,2024-06-17,2025-06-05,485,Dr. Henry Macedo,luiz-otavio91@example.net,Pastor da Praia,PR,eletronicos,Ipsum,Samsung,1,350.67,1366.25,30,84.9,App,Pix,1,aprovado,Jadlog,Atrasado
3879,PED-26407,2024-08-11,2025-04-14,204,Olivia Câmara,ravi09@example.org,Gonçalves,MA,Beleza,Impedit,Samsung,4,2522.17,2314.33,0,85.89,Aplicativo,Débito,1,aprovado,Total Express,Em trânsito
3880,PED-26043,2024-11-02,2025-02-21,1127,Eduarda da Rocha,xmoura@example.net,Albuquerque,AP,Roupas,Atque,Apple,2,2101.7,356.94,0,47.88,SITE,Crédito,12,Pendente,Total Express,Entregue
3881,PED-91280,2025-06-23,2024-10-13,1056,Benicio Ramos,joao-lucas58@example.com,Garcia,BA,Casa,Eos,Samsung,3,1813.53,2401.57,0,36.95,SITE,Crédito,1,Pendente,Total Express,Em trânsito
3882,PED-54161,2025-12-02,2025-10-13,924,Srta. Ana Lívia Jesus,snovais@example.org,Ferreira,PR,Casa,Sint,Nike,3,467.82,3115.81,10,98.62,App,Crédito,3,aprovado,Correios,Em trânsito
3883,PED-42045,2024-02-24,2025-02-25,411,Sr. Gustavo Pires,gazevedo@example.com,Moraes,BA,eletronicos,Sunt,LG,2,3014.81,3333.02,0,84.69,SITE,Crédito,1,Pendente,Total Express,Em trânsito
3884,PED-70729,2026-01-14,2025-02-25,1036,Emilly Camargo,dmachado@example.org,Câmara,MG,Casa,Veniam,Nike,1,1613.59,251.33,0,2.79,Aplicativo,Boleto,2,Aprovado,Jadlog,Atrasado
3885,PED-93982,2026-01-18,2026-01-29,732,Sophia Cavalcante,novaispedro@example.net,Pires Grande,AM,Eletrônicos,Distinctio,Adidas,3,2505.84,1521.55,0,50.5,app,Boleto,1,Recusado,Total Express,Entregue
3886,PED-27818,2025-08-28,2025-01-26,790,Sr. Vitor Hugo Viana,fogacamaria-luisa@example.com,Jesus Verde,AM,Roupas,Aliquid,Nike,3,3036.48,2287.36,0,7.69,App,Crédito,6,Recusado,Correios,Atrasado
3887,PED-67141,2025-08-23,2025-03-03,1066,Leandro Azevedo,zlopes@example.com,da Costa,MA,Roupas,Illum,Adidas,2,1148.32,2767.13,10,6.01,Site,Crédito,3,aprovado,Correios,Atrasado
3888,PED-73998,2025-11-11,2025-05-21,217,Alexia Jesus,stellanunes@example.com,Rodrigues do Sul,SE,Casa,Aliquam,Genérica,2,1882.51,1952.33,20,25.86,app,Débito,2,Aprovado,Total Express,Entregue
3889,PED-76316,2026-01-06,2024-12-16,1180,Maria Júlia Cunha,iansiqueira@example.com,da Mata,MA,eletronicos,Iste,Adidas,1,3339.89,1893.29,20,15.43,Aplicativo,Pix,1,Aprovado,Total Express,Entregue
3890,PED-70995,2024-12-12,2024-06-19,742,Vitor Gabriel Andrade,cpereira@example.org,Ferreira Grande,SP,Casa,Dicta,Nike,1,403.78,160.35,20,51.72,Aplicativo,Pix,6,aprovado,Correios,Em trânsito
3891,PED-27192,2024-04-21,2024-07-09,628,Dra. Melissa Machado,pastorsophia@example.net,Mendonça,RJ,Beleza,Libero,Samsung,3,494.0,1838.24,0,20.17,Site,Boleto,12,Pendente,Jadlog,Atrasado
3892,PED-20541,2025-03-29,2025-03-25,999,Camila Souza,oliver84@example.com,Farias,MS,Casa,Sed,Apple,1,761.48,2967.84,10,108.1,app,Débito,1,aprovado,Jadlog,Entregue
3893,PED-74082,2025-12-26,2025-07-27,874,Maria Júlia Novaes,luanajesus@example.net,Pires,PE,eletronicos,Debitis,LG,3,2178.13,3335.96,10,79.11,Site,Crédito,12,aprovado,Jadlog,Em trânsito
3894,PED-65556,2025-08-28,2024-05-19,692,Bianca Freitas,camarabarbara@example.com,Guerra,MG,Eletrônicos,Unde,Nike,2,2106.68,1622.38,10,11.48,App,Pix,3,aprovado,Jadlog,Entregue
3895,PED-80124,2024-10-14,2025-08-12,191,Maria Helena Aparecida,alexandrecassiano@example.net,Mendes,BA,eletronicos,Iusto,LG,1,858.24,1201.43,0,24.2,Aplicativo,Crédito,6,Pendente,Jadlog,Atrasado
3896,PED-64502,2025-10-19,2025-05-15,1035,Lunna Pastor,rmonteiro@example.com,Andrade das Flores,RJ,Casa,Consequuntur,LG,4,1090.25,2619.91,10,83.98,App,Pix,3,aprovado,Correios,Atrasado
3897,PED-74019,2024-04-18,2025-03-12,446,Dra. Ana Sophia Vasconcelos,leticia37@example.com,Nogueira,DF,Beleza,Voluptas,Adidas,2,414.78,488.48,0,108.66,app,Boleto,2,Recusado,Correios,Em trânsito
3898,PED-17613,2024-09-15,2024-06-12,447,Arthur Gabriel Porto,ferreiravitoria@example.com,Sousa,MS,Eletrônicos,Totam,LG,1,767.59,2686.31,10,44.81,app,Boleto,1,Pendente,Total Express,Atrasado
3899,PED-66207,2026-01-26,2024-04-21,449,Thiago da Costa,milenadias@example.com,Souza da Prata,MT,Beleza,Nemo,Nike,3,1061.39,3101.82,0,27.42,Site,Débito,1,aprovado,Total Express,Atrasado
3900,PED-93902,2024-03-15,2024-10-11,510,Sr. Caio da Rocha,pachecoluiz-miguel@example.com,Viana,MG,Roupas,Beatae,Samsung,1,1512.57,2729.05,0,73.31,app,Boleto,2,Pendente,Jadlog,Em trânsito
3901,PED-30578,2025-04-10,2025-12-08,88,José Pacheco,yasminda-rocha@example.org,Gomes,ES,Casa,Cupiditate,Nike,1,3041.18,3127.29,0,25.68,Aplicativo,Boleto,12,Pendente,Jadlog,Em trânsito
3902,PED-50814,2025-07-03,2025-05-20,195,Igor Câmara,luiz-miguelpinto@example.net,Monteiro,AM,Eletrônicos,Eligendi,Genérica,5,919.15,2069.66,0,89.92,Site,Débito,6,Aprovado,Correios,Entregue
3903,PED-97984,2024-07-22,2024-05-17,564,Maria Helena Rios,mda-rocha@example.net,Siqueira,GO,Eletrônicos,Consectetur,Adidas,2,1206.9,2655.77,0,57.28,Site,Boleto,1,aprovado,Correios,Entregue
3904,PED-20450,2024-12-29,2025-04-14,23,Levi Martins,aparecidastella@example.net,Leão Paulista,PE,Casa,Veritatis,Nike,4,1020.96,1552.77,0,11.57,app,Pix,2,Pendente,Total Express,Atrasado
3905,PED-91551,2025-01-26,2024-09-01,957,Josué Peixoto,brunavasconcelos@example.net,da Cruz Grande,PE,Beleza,Iusto,Adidas,5,3458.75,1256.31,20,75.09,Aplicativo,Pix,2,Pendente,Correios,Entregue
3906,PED-48308,2025-04-18,2024-06-26,178,Otto Farias,xsilveira@example.net,Pereira,AC,Casa,Eum,Adidas,3,1487.74,2283.21,20,6.5,Aplicativo,Débito,12,aprovado,Total Express,Atrasado
3907,PED-84851,2024-07-04,2024-12-18,726,Carolina Machado,ceciliacampos@example.org,da Cunha,PE,Eletrônicos,Ipsam,Samsung,5,3018.05,3371.46,30,93.75,SITE,Débito,12,Pendente,Total Express,Atrasado
3908,PED-62128,2025-10-23,2025-05-06,804,Ana Beatriz Casa Grande,elisa57@example.com,Sales,RJ,Beleza,Dolores,Nike,5,3400.52,3439.68,20,63.02,SITE,Crédito,1,aprovado,Correios,Em trânsito
3909,PED-53379,2025-04-09,2025-01-03,124,Bárbara Moreira,maria-sophiada-rosa@example.net,da Costa,RO,eletronicos,Voluptate,Samsung,3,3209.73,952.27,0,32.71,SITE,Crédito,6,Pendente,Jadlog,Em trânsito
3910,PED-22476,2026-01-24,2025-02-27,457,Vitória da Mata,alexia18@example.com,Costa,ES,eletronicos,Explicabo,LG,2,2945.09,1023.7,0,57.17,Site,Débito,6,Pendente,Total Express,Entregue
3911,PED-13968,2025-07-06,2024-11-14,1106,Dra. Melissa Fernandes,beatriz15@example.com,Lopes da Mata,PE,Roupas,Nulla,Genérica,5,617.82,2528.82,10,6.45,App,Débito,3,Pendente,Total Express,Em trânsito
3912,PED-62223,2024-10-16,2024-09-18,144,Arthur Gabriel Silva,luiz-otaviovasconcelos@example.org,Nogueira,PI,eletronicos,Repudiandae,Genérica,5,1597.82,1743.65,0,13.62,SITE,Pix,1,Recusado,Jadlog,Entregue
3913,PED-46797,2024-04-02,2024-07-01,465,Isabela Nascimento,mayanovais@example.net,Oliveira Grande,PA,Eletrônicos,Ab,LG,2,3274.04,3210.66,30,22.94,App,Pix,1,Aprovado,Correios,Entregue
3914,PED-14179,2025-08-01,2024-10-28,1065,José Pedro Machado,barbara07@example.com,Rocha,SE,Roupas,Sit,Adidas,1,1125.75,3404.7,0,104.12,App,Crédito,6,Pendente,Correios,Entregue
3915,PED-63012,2025-12-27,2024-12-22,516,Melina Barros,lara28@example.org,Costa,ES,eletronicos,Quisquam,Apple,4,2543.78,801.17,0,35.87,SITE,Pix,1,Recusado,Total Express,Em trânsito
3916,PED-26241,2025-05-05,2024-12-02,1050,Lucca Câmara,maria-fernandanascimento@example.com,Fogaça,AL,Beleza,Tempore,Nike,4,610.45,308.26,10,94.04,Aplicativo,Pix,6,aprovado,Total Express,Atrasado
3917,PED-33285,2024-05-02,2025-10-23,202,Luísa Sousa,ccassiano@example.net,Pinto de Cavalcante,RN,Eletrônicos,Fugiat,Samsung,4,518.46,3128.58,20,92.03,Site,Pix,1,Pendente,Jadlog,Entregue
3918,PED-74269,2025-03-15,2024-06-29,1163,Dr. Nathan Gonçalves,theoviana@example.com,Sá de Sá,PI,Casa,Voluptas,Apple,1,825.95,994.81,0,79.49,App,Boleto,12,Aprovado,Total Express,Em trânsito
3919,PED-94393,2025-10-30,2025-08-26,654,Sarah Pinto,ravy38@example.org,Camargo,RS,Eletrônicos,Eligendi,Adidas,4,1402.98,1710.91,0,42.11,Site,Boleto,1,Pendente,Total Express,Em trânsito
3920,PED-31352,2024-06-24,2025-05-25,439,Ian Araújo,da-cruzbarbara@example.com,Aragão,PE,Casa,Doloremque,Adidas,3,2452.22,1597.52,0,81.13,Aplicativo,Crédito,1,Aprovado,Total Express,Atrasado
3921,PED-84807,2025-06-05,2024-07-09,400,Matheus Martins,ravy76@example.com,Vargas do Amparo,PI,Beleza,Quam,Samsung,4,1359.91,2612.93,0,79.9,Aplicativo,Crédito,1,aprovado,Correios,Atrasado
3922,PED-67482,2026-01-17,2025-04-23,1183,Dr. Arthur Miguel Cardoso,fogacavitor-hugo@example.net,Melo,AP,Casa,Quisquam,Apple,3,1105.99,681.48,20,118.85,App,Débito,1,Aprovado,Correios,Atrasado
3923,PED-81447,2024-07-18,2024-08-12,1018,Luan Alves,vgomes@example.com,Farias da Serra,TO,Beleza,Veritatis,Genérica,1,1499.15,2751.67,0,50.84,App,Pix,6,Aprovado,Total Express,Atrasado
3924,PED-64343,2025-02-24,2025-04-20,1112,Sra. Laura Pastor,cirinomaria-cecilia@example.net,da Luz do Galho,ES,Roupas,Optio,Adidas,5,1728.65,987.51,30,23.21,SITE,Crédito,1,aprovado,Correios,Em trânsito
3925,PED-82470,2025-09-25,2025-06-16,825,Dra. Nina Farias,lavinia90@example.com,Silva de Rezende,AC,Beleza,Nobis,Nike,1,2286.19,764.21,0,44.66,Aplicativo,Pix,12,Recusado,Jadlog,Em trânsito
3926,PED-60662,2024-10-27,2025-08-21,665,Igor Mendes,luna45@example.net,Sales,SC,eletronicos,Eligendi,Samsung,5,544.43,2627.99,10,34.54,Site,Crédito,1,aprovado,Correios,Entregue
3927,PED-55352,2025-09-30,2024-12-06,944,Melissa Garcia,riosbernardo@example.org,Rocha das Flores,PE,Roupas,Iste,Samsung,3,312.29,614.51,10,36.71,SITE,Pix,6,Aprovado,Total Express,Em trânsito
3928,PED-51313,2024-08-31,2025-08-15,758,Ryan da Mota,guilhermearaujo@example.org,Silva,DF,Casa,Nihil,Apple,1,1038.32,2016.88,30,114.87,Aplicativo,Débito,1,Recusado,Jadlog,Em trânsito
3929,PED-66160,2025-01-25,2024-05-21,5,Maria Pastor,esther79@example.org,Santos de Minas,AL,eletronicos,Molestiae,Adidas,2,2828.85,3385.4,0,57.75,Site,Crédito,1,aprovado,Jadlog,Em trânsito
3930,PED-78893,2024-12-03,2024-02-17,1082,Maria Luísa Santos,correiasamuel@example.net,Cavalcanti,PE,Casa,Rem,LG,1,2219.92,2310.59,0,71.74,Aplicativo,Boleto,3,aprovado,Total Express,Atrasado
3931,PED-39339,2025-07-27,2025-07-16,416,Juan da Mota,ravyguerra@example.org,Duarte,RS,eletronicos,Fugit,Adidas,2,2549.34,1868.09,10,66.47,SITE,Boleto,3,aprovado,Jadlog,Atrasado
3932,PED-26090,2025-09-04,2024-10-31,917,Dra. Laura Dias,casa-grandeheloisa@example.com,Pacheco Alegre,TO,eletronicos,Delectus,Adidas,4,3385.34,403.61,10,41.83,SITE,Débito,1,Aprovado,Jadlog,Atrasado
3933,PED-89063,2024-04-05,2026-01-30,483,Pedro Miguel Mendes,abreuerick@example.org,Melo de das Neves,DF,Casa,Tempore,Adidas,4,853.31,2229.72,0,13.68,app,Crédito,2,Recusado,Total Express,Em trânsito
3934,PED-13995,2024-02-05,2024-07-16,404,Elisa Alves,azevedojose-pedro@example.net,Lima de Barbosa,RR,eletronicos,Delectus,LG,2,2100.18,2940.15,20,86.96,Site,Boleto,2,aprovado,Total Express,Entregue
3935,PED-63520,2024-03-15,2024-11-26,889,Sofia Ribeiro,zcassiano@example.org,Lopes da Praia,AP,eletronicos,Eos,Adidas,1,3149.0,1600.86,10,54.83,Aplicativo,Boleto,2,aprovado,Total Express,Atrasado
3936,PED-73196,2025-10-08,2024-03-19,155,Maria Fernanda Viana,rebecapeixoto@example.org,Moreira do Galho,AC,Beleza,Magnam,Samsung,5,206.65,2299.61,10,31.77,Aplicativo,Débito,1,Aprovado,Jadlog,Entregue
3937,PED-73688,2024-04-24,2024-07-30,575,Ayla Novais,ana-sophia06@example.net,Alves,SC,Eletrônicos,Cupiditate,Genérica,4,594.52,934.19,10,14.08,SITE,Débito,1,Recusado,Total Express,Atrasado
3938,PED-71896,2025-07-03,2025-01-28,1021,Bella da Costa,macedoanthony@example.org,Almeida,TO,eletronicos,Nisi,Nike,3,424.93,1901.08,20,13.32,app,Boleto,12,Pendente,Correios,Entregue
3939,PED-28511,2025-06-09,2025-05-16,1189,Maria Luísa Jesus,amanda85@example.com,Cavalcanti da Praia,MT,Roupas,Enim,Samsung,4,871.85,1306.94,10,21.9,Aplicativo,Boleto,12,aprovado,Total Express,Atrasado
3940,PED-55644,2025-02-17,2025-03-02,975,Ana Vitória Nogueira,teixeiramaria-eduarda@example.org,Rezende,MS,eletronicos,Soluta,Nike,5,1163.67,88.8,0,66.33,App,Débito,3,Recusado,Total Express,Entregue
3941,PED-13541,2024-03-09,2024-04-25,1186,Luísa Nogueira,cpeixoto@example.com,Viana,RR,Beleza,Ullam,Adidas,5,1529.14,3152.86,30,68.21,App,Pix,6,Aprovado,Jadlog,Entregue
3942,PED-45033,2024-02-19,2025-02-23,59,Isaque Moura,manuela20@example.com,Nunes,MT,Roupas,Doloribus,Adidas,4,2629.36,1239.36,20,58.53,App,Débito,12,Recusado,Jadlog,Entregue
3943,PED-60030,2024-10-05,2025-03-31,602,Srta. Agatha da Cunha,novaesenrico@example.net,da Mata,PA,Beleza,Minus,Adidas,4,396.14,262.17,10,86.59,app,Boleto,2,aprovado,Correios,Entregue
3944,PED-28531,2024-06-12,2024-11-07,880,Dr. José Miguel Cassiano,camargomarcos-vinicius@example.org,da Mota de Câmara,RJ,Roupas,Vero,Nike,1,2658.9,1166.95,0,28.43,Site,Crédito,1,Pendente,Correios,Entregue
3945,PED-70321,2024-09-03,2025-02-01,745,Heitor Borges,enogueira@example.com,Vieira,AC,Eletrônicos,Voluptate,Nike,4,2827.02,3443.49,20,56.44,Aplicativo,Débito,12,Aprovado,Jadlog,Entregue
3946,PED-43049,2025-03-22,2024-05-11,734,Evelyn Costa,wlima@example.org,Macedo,ES,eletronicos,Occaecati,Adidas,4,2289.34,2387.35,0,111.68,app,Crédito,1,Aprovado,Jadlog,Em trânsito
3947,PED-10838,2025-09-19,2025-08-12,112,Raul Guerra,hsampaio@example.net,Caldeira da Praia,RS,Eletrônicos,Nulla,Nike,5,3012.42,3171.77,30,9.71,App,Pix,3,Recusado,Total Express,Entregue
3948,PED-86732,2025-11-14,2024-06-23,322,Sr. João Lucas Castro,vsouza@example.org,Porto Grande,AM,eletronicos,Totam,LG,3,1149.92,3306.3,0,21.93,SITE,Débito,1,Recusado,Total Express,Atrasado
3949,PED-90613,2024-10-14,2025-07-27,634,Mariah Araújo,maria-aliceda-mata@example.org,Silva do Norte,MT,Roupas,Voluptatum,Samsung,2,2195.56,2718.97,20,44.83,Site,Boleto,2,aprovado,Correios,Entregue
3950,PED-41256,2024-06-10,2024-05-11,1130,Sr. Luigi Sá,guerraarthur-gabriel@example.net,Marques,RR,Eletrônicos,Iure,LG,4,2064.11,2076.04,0,57.79,App,Boleto,3,Recusado,Total Express,Entregue
3951,PED-11706,2024-12-17,2024-10-01,884,Clara Alves,rhavi22@example.org,das Neves de Dias,PI,eletronicos,Iusto,Nike,1,2295.23,269.77,0,62.27,Aplicativo,Pix,1,Aprovado,Correios,Em trânsito
3952,PED-35001,2024-04-22,2025-08-28,51,Dra. Ana Rocha,uda-cruz@example.net,da Paz,RR,Casa,Quos,Adidas,5,840.75,1879.77,0,33.05,SITE,Boleto,12,Pendente,Correios,Atrasado
3953,PED-85534,2025-04-21,2025-05-16,481,João Pedro Jesus,olivia41@example.com,Sousa,RJ,Eletrônicos,Veniam,Genérica,2,1956.11,244.61,0,8.97,App,Crédito,1,Pendente,Correios,Atrasado
3954,PED-34875,2025-09-14,2024-06-23,219,Ísis Siqueira,zrocha@example.net,da Cunha,CE,Beleza,Dolorum,Samsung,2,2301.51,234.15,30,87.55,App,Boleto,1,Recusado,Total Express,Atrasado
3955,PED-18907,2025-05-01,2025-05-14,1123,Dra. Giovanna Moreira,campossophia@example.net,Aparecida,PI,Roupas,Nihil,LG,1,2100.11,884.25,10,42.39,App,Boleto,1,aprovado,Jadlog,Atrasado
3956,PED-16742,2025-07-02,2025-11-02,764,Emanuella Câmara,salesbeatriz@example.net,Novaes,SC,Roupas,Ducimus,Adidas,4,1105.88,1678.14,0,47.89,SITE,Débito,1,Aprovado,Jadlog,Em trânsito
3957,PED-10888,2025-08-30,2025-02-07,1197,Ana Cecília Ramos,nfonseca@example.com,Santos de Albuquerque,AL,Roupas,Odit,LG,4,3057.04,1294.45,0,16.62,SITE,Pix,1,Pendente,Jadlog,Atrasado
3958,PED-59148,2025-05-06,2026-02-01,771,Srta. Amanda da Rocha,maria-eduarda20@example.com,da Costa,AM,Casa,Necessitatibus,Samsung,3,150.37,1253.73,0,100.13,App,Pix,6,Pendente,Jadlog,Em trânsito
3959,PED-73530,2025-01-13,2025-01-22,1102,Dr. Josué Moraes,gomesmanuella@example.com,Rios das Flores,PA,Beleza,Quae,Apple,4,2026.62,3387.41,20,11.55,app,Pix,2,Recusado,Correios,Em trânsito
3960,PED-29918,2025-07-23,2025-09-14,1162,Sra. Eloá Aparecida,montenegrofrancisco@example.org,Fonseca,RR,Beleza,Doloribus,Samsung,2,1173.34,575.8,30,94.89,app,Boleto,12,Aprovado,Total Express,Entregue
3961,PED-13526,2025-06-01,2024-11-02,283,Gabriela Camargo,luanarezende@example.com,da Luz,PB,Casa,Tempore,Nike,3,1764.96,3187.02,0,22.48,SITE,Débito,1,Aprovado,Correios,Atrasado
3962,PED-86138,2025-09-17,2025-11-23,101,Gael Henrique Vasconcelos,nicolasbarros@example.net,Costa,BA,eletronicos,Maxime,Nike,4,2678.6,511.12,10,54.0,app,Crédito,12,aprovado,Correios,Entregue
3963,PED-90225,2025-07-27,2024-06-04,1101,Lunna Cardoso,omartins@example.com,Costa,PB,eletronicos,Quasi,Samsung,3,1326.48,610.56,10,64.08,Site,Débito,1,Pendente,Correios,Entregue
3964,PED-33681,2025-07-03,2024-05-10,1055,Dante da Conceição,gabriela47@example.org,Andrade das Flores,SC,Casa,Iusto,LG,2,2820.77,1488.12,10,115.73,app,Boleto,2,Aprovado,Total Express,Atrasado
3965,PED-53733,2026-01-26,2025-01-18,1135,Benicio da Rocha,maria-fernandanovais@example.com,Albuquerque de Minas,RO,Eletrônicos,Nisi,Samsung,1,2518.58,3180.6,20,78.91,SITE,Crédito,1,Pendente,Jadlog,Entregue
3966,PED-22128,2025-03-05,2024-08-04,644,Carolina Barbosa,wbarbosa@example.org,da Mota,RS,Roupas,Modi,Apple,5,3456.79,2624.86,0,54.49,Site,Crédito,2,Pendente,Total Express,Atrasado
3967,PED-45879,2024-02-22,2024-10-22,219,Dr. Arthur Gabriel Melo,zferreira@example.org,das Neves,AP,Roupas,Veritatis,Adidas,5,3056.07,444.88,30,90.92,Site,Pix,1,Pendente,Jadlog,Entregue
3968,PED-88200,2025-10-10,2025-07-26,699,Juliana Correia,gcosta@example.org,Borges Grande,PA,Roupas,Sint,Samsung,4,371.55,62.86,10,110.25,Aplicativo,Débito,2,Pendente,Jadlog,Atrasado
3969,PED-82520,2024-03-17,2025-03-21,742,Sr. Murilo Pereira,barbosasamuel@example.com,Rocha,GO,Roupas,Accusantium,LG,3,860.56,3064.52,30,47.89,Aplicativo,Boleto,2,Pendente,Jadlog,Atrasado
3970,PED-91358,2024-02-07,2024-06-06,722,Sr. André Gomes,claramendonca@example.net,das Neves,PB,Beleza,Accusamus,Adidas,1,631.96,838.78,0,110.73,SITE,Débito,12,Aprovado,Jadlog,Entregue
3971,PED-34189,2025-12-04,2025-02-01,781,Juan Castro,fariasvalentim@example.org,da Costa,CE,Casa,Inventore,LG,5,2969.63,2167.97,0,63.18,Aplicativo,Crédito,1,Pendente,Correios,Atrasado
3972,PED-77728,2024-05-28,2024-04-26,479,Anthony Costela,zaragao@example.com,Rezende da Prata,CE,Casa,Repellendus,Apple,3,1904.36,256.33,0,90.22,SITE,Crédito,6,Recusado,Correios,Atrasado
3973,PED-36169,2025-10-26,2025-01-05,159,Dr. Otto Novaes,mendoncaheloisa@example.com,Sousa de Montenegro,RN,eletronicos,Odit,LG,4,442.21,427.0,10,107.6,SITE,Boleto,3,Recusado,Jadlog,Entregue
3974,PED-48942,2026-01-22,2025-02-21,629,Yago Novais,vda-mota@example.net,da Cruz de Cavalcante,RS,Casa,Ullam,Adidas,2,1587.37,2631.11,0,92.38,Site,Boleto,12,Pendente,Correios,Atrasado
3975,PED-63387,2025-09-11,2024-05-01,1142,Milena Moura,ravyda-luz@example.com,da Paz,AL,eletronicos,Dolor,Apple,3,1851.73,1226.88,20,118.7,App,Débito,1,aprovado,Total Express,Atrasado
3976,PED-51168,2024-11-18,2024-07-18,1015,Ana Clara Souza,fariasjuan@example.com,Fogaça,AP,Roupas,Doloribus,Samsung,5,1593.63,1592.1,0,103.83,SITE,Boleto,1,Pendente,Correios,Atrasado
3977,PED-73845,2024-07-26,2024-04-24,712,Théo das Neves,campospedro-lucas@example.com,Leão,AM,Casa,Delectus,LG,4,1723.61,2022.49,0,46.18,app,Débito,6,Recusado,Jadlog,Entregue
3978,PED-53096,2024-09-19,2025-07-30,255,Eduardo Aragão,giovanna86@example.net,Abreu,DF,Eletrônicos,Quaerat,Adidas,1,2110.75,949.42,0,9.35,SITE,Pix,1,Recusado,Correios,Atrasado
3979,PED-66621,2025-10-01,2025-01-13,486,Pedro Pastor,nina69@example.org,Rocha de Vasconcelos,MG,Roupas,Doloribus,Adidas,3,70.92,3371.66,0,80.5,Site,Boleto,1,Aprovado,Jadlog,Em trânsito
3980,PED-52654,2025-02-12,2024-09-28,435,Dr. Davi Miguel Andrade,pedro36@example.org,Borges da Serra,RO,eletronicos,Quidem,Nike,3,2958.86,119.24,0,45.74,Site,Pix,2,Aprovado,Jadlog,Atrasado
3981,PED-49162,2025-08-25,2025-02-25,157,Lucca Lopes,monteirobella@example.net,Araújo Alegre,AL,Roupas,Culpa,Nike,2,697.87,1517.83,20,32.42,app,Crédito,1,Recusado,Correios,Atrasado
3982,PED-74408,2024-03-10,2025-03-23,1038,Matheus Mendes,souzaana-clara@example.com,Ribeiro,RO,Eletrônicos,Facilis,Samsung,5,69.89,433.9,0,57.83,Site,Pix,1,Aprovado,Jadlog,Atrasado
3983,PED-56980,2025-05-06,2024-02-03,203,Caleb Sá,hnovais@example.net,Camargo,PA,Roupas,Praesentium,Adidas,3,1177.78,2723.07,20,58.36,SITE,Boleto,3,Aprovado,Jadlog,Entregue
3984,PED-87957,2024-08-19,2024-06-13,808,Hellena Almeida,aparecidalevi@example.com,Vasconcelos Alegre,DF,Casa,Ullam,Genérica,1,2964.92,1835.24,20,30.87,app,Crédito,2,Recusado,Total Express,Entregue
3985,PED-71394,2025-04-22,2024-12-03,348,Aurora Oliveira,vitor-gabrielazevedo@example.org,Caldeira Paulista,RO,eletronicos,Natus,Genérica,1,2889.97,2134.29,10,111.37,App,Boleto,1,Recusado,Jadlog,Entregue
3986,PED-40946,2025-02-09,2024-04-25,45,Rebeca da Rocha,isadora84@example.net,Abreu da Mata,RR,Eletrônicos,Odio,Nike,1,952.92,2510.56,0,80.89,app,Crédito,3,Aprovado,Total Express,Em trânsito
3987,PED-40247,2024-11-16,2024-10-10,433,Ana Beatriz Novais,paulocassiano@example.net,Aparecida da Prata,DF,Eletrônicos,Repellat,Samsung,2,1750.78,2893.27,0,85.74,SITE,Boleto,1,aprovado,Correios,Em trânsito
3988,PED-39095,2024-03-18,2025-06-28,874,Otto Silveira,maria-lizvasconcelos@example.net,Ribeiro,RS,Beleza,Quos,LG,1,952.93,766.02,30,46.3,Site,Pix,3,Aprovado,Jadlog,Em trânsito
3989,PED-40647,2024-03-20,2024-02-12,731,Dra. Isabelly Ferreira,samuel04@example.net,da Cruz,MT,eletronicos,Facilis,LG,2,616.85,2663.79,30,109.31,App,Débito,1,Recusado,Correios,Atrasado
3990,PED-71372,2025-03-26,2025-02-26,389,Cauê Mendonça,henry32@example.org,Pinto,GO,Roupas,Quos,LG,1,721.85,2322.14,20,70.49,App,Débito,2,Aprovado,Total Express,Em trânsito
3991,PED-18117,2025-10-12,2025-02-02,53,Dra. Melina Mendonça,mateusgarcia@example.net,Borges do Oeste,MT,Beleza,Optio,Adidas,5,2487.73,589.36,0,105.9,App,Crédito,1,aprovado,Correios,Em trânsito
3992,PED-48136,2024-04-03,2024-02-03,187,Dr. Gael Henrique Freitas,rfernandes@example.com,Machado,AL,Eletrônicos,Aliquam,Adidas,5,2998.45,2469.15,10,44.06,App,Crédito,6,aprovado,Total Express,Em trânsito
3993,PED-47818,2024-08-23,2025-11-22,355,Sabrina Melo,pintoolivia@example.com,Cunha do Oeste,PI,Casa,Repellendus,Samsung,1,1473.95,1913.06,30,69.02,SITE,Débito,1,Recusado,Correios,Em trânsito
3994,PED-70620,2024-12-25,2025-02-28,385,Breno da Costa,juliacamargo@example.net,Sá,RO,Beleza,Iure,Genérica,5,1151.21,2027.28,0,105.12,app,Débito,1,Recusado,Correios,Atrasado
3995,PED-73253,2024-02-06,2024-11-29,571,Sra. Ísis Montenegro,icastro@example.com,Caldeira,ES,Casa,Fugiat,LG,2,2107.88,2198.22,10,42.64,App,Pix,1,aprovado,Total Express,Atrasado
3996,PED-98236,2025-07-17,2025-09-09,683,Sr. Valentim Albuquerque,tda-luz@example.org,Moreira do Campo,AL,Casa,Veniam,Apple,5,699.07,1742.06,10,41.65,Aplicativo,Crédito,1,Aprovado,Total Express,Entregue
3997,PED-20259,2024-07-10,2024-05-21,344,Bento Souza,theoporto@example.com,Garcia,ES,eletronicos,Beatae,Genérica,1,896.59,2271.83,30,115.87,Aplicativo,Pix,12,aprovado,Total Express,Atrasado
3998,PED-44304,2024-06-17,2026-01-13,366,Olivia Farias,da-mataana-vitoria@example.com,Pimenta,AL,Eletrônicos,Sit,LG,3,2592.97,789.96,0,34.62,App,Boleto,1,aprovado,Total Express,Em trânsito
3999,PED-78202,2026-01-04,2026-01-20,411,Brayan das Neves,gferreira@example.org,da Rosa,SP,Beleza,Accusantium,Genérica,2,1298.96,1332.19,0,25.82,app,Débito,1,aprovado,Jadlog,Entregue
4000,PED-18397,2024-11-12,2025-03-06,721,Caio Ferreira,ferreiradaniel@example.com,da Conceição,SP,Eletrônicos,Sunt,Nike,2,2396.96,1038.52,10,50.4,Site,Boleto,3,aprovado,Total Express,Em trânsito
4001,PED-71632,2025-08-05,2025-08-07,209,Vicente Campos,tdas-neves@example.net,Oliveira,PI,Roupas,Autem,Nike,3,1482.5,413.63,20,5.57,Site,Crédito,12,aprovado,Correios,Entregue
4002,PED-33528,2025-08-05,2025-11-03,211,Sr. Caio Sales,ana-luiza52@example.org,Cunha Alegre,SE,eletronicos,At,Apple,5,1216.97,1303.69,0,11.58,Aplicativo,Débito,1,aprovado,Correios,Atrasado
4003,PED-56542,2025-06-16,2025-04-17,532,Caio da Costa,hfarias@example.org,Macedo da Mata,PB,Eletrônicos,Sit,LG,2,3277.4,1462.03,0,75.35,Aplicativo,Débito,1,Recusado,Jadlog,Em trânsito
4004,PED-36596,2024-10-09,2024-12-07,973,Marcos Vinicius da Rocha,ucassiano@example.net,da Conceição,RO,Eletrônicos,Possimus,LG,1,970.02,480.0,20,47.13,app,Boleto,2,Aprovado,Correios,Atrasado
4005,PED-26339,2025-09-12,2024-09-04,723,Asafe Porto,peixotoravi@example.org,da Luz da Praia,SC,Beleza,Quibusdam,Samsung,2,666.21,1901.73,0,23.48,SITE,Boleto,1,Recusado,Jadlog,Em trânsito
4006,PED-64332,2025-06-23,2025-10-26,84,Melissa Cavalcante,ycaldeira@example.net,Montenegro,AL,eletronicos,Perferendis,Apple,4,2887.45,1991.07,0,10.39,App,Boleto,1,Pendente,Correios,Entregue
4007,PED-36247,2024-09-28,2025-04-15,1123,Maria Luiza Almeida,calebmoraes@example.com,Ferreira,PB,Eletrônicos,Assumenda,LG,3,1225.53,524.88,20,87.55,Aplicativo,Débito,6,Pendente,Correios,Entregue
4008,PED-38215,2025-05-29,2025-01-14,676,Srta. Evelyn Pinto,vargasmaria-eduarda@example.org,Azevedo do Amparo,TO,Casa,Non,LG,1,3456.69,2062.31,0,74.7,app,Boleto,3,Aprovado,Total Express,Atrasado
4009,PED-58899,2024-06-21,2024-11-09,26,Maria Liz Correia,asafealmeida@example.net,Costela do Campo,PB,Casa,Eligendi,Genérica,5,1556.36,3286.07,10,68.34,app,Débito,6,Aprovado,Total Express,Atrasado
4010,PED-26165,2025-08-05,2024-07-04,1164,Liam da Cruz,joana29@example.com,Silva de Jesus,PR,Roupas,Molestiae,Adidas,4,991.41,456.1,0,115.59,Site,Crédito,1,aprovado,Jadlog,Entregue
4011,PED-57485,2026-01-07,2025-08-16,690,Pedro Henrique Novaes,davimacedo@example.net,Pacheco,SP,Eletrônicos,Ducimus,Nike,3,1843.01,1417.76,0,107.84,Aplicativo,Débito,1,aprovado,Correios,Entregue
4012,PED-72064,2024-05-27,2024-10-12,71,Valentim Ribeiro,murilo67@example.org,Sousa do Campo,PI,eletronicos,Voluptatibus,Adidas,5,2135.65,1458.98,10,60.19,app,Pix,12,Recusado,Correios,Entregue
4013,PED-21651,2024-07-08,2024-04-08,789,Mirella Vargas,fernandeshenrique@example.org,Andrade do Campo,MT,eletronicos,Magni,Samsung,1,2507.75,2444.48,0,103.59,Site,Pix,6,Recusado,Jadlog,Entregue
4014,PED-90430,2025-02-21,2024-04-22,825,Yago Novais,anthony-gabriel05@example.net,Rios,CE,Roupas,Fugit,Genérica,3,2634.23,319.69,0,42.44,Aplicativo,Crédito,6,Aprovado,Correios,Atrasado
4015,PED-17213,2024-04-29,2024-12-19,295,Amanda das Neves,jose-pedrosiqueira@example.com,Vasconcelos,RS,Casa,Maiores,LG,5,1479.51,1972.43,30,65.5,app,Pix,3,Pendente,Total Express,Em trânsito
4016,PED-89679,2024-07-22,2025-04-24,388,Noah Silva,ravi-lucca79@example.net,Borges,TO,Roupas,Ad,Adidas,3,753.14,3160.59,0,11.98,app,Pix,12,Recusado,Correios,Atrasado
4017,PED-23293,2025-05-09,2025-07-19,346,Lívia Brito,casa-grandeolivia@example.net,Rocha,MS,Roupas,Nostrum,Genérica,5,1544.68,1513.7,30,116.27,Site,Crédito,3,Aprovado,Total Express,Em trânsito
4018,PED-16258,2025-02-24,2025-12-29,1177,Srta. Ana Vitória Barbosa,fogacacatarina@example.com,Mendes,AL,Beleza,Pariatur,Adidas,1,1143.53,2803.72,0,89.42,App,Crédito,1,Aprovado,Total Express,Em trânsito
4019,PED-11869,2025-03-30,2024-08-01,163,Léo Nascimento,ceciliasiqueira@example.org,Cardoso da Praia,PR,eletronicos,Eos,Genérica,3,1703.24,991.02,0,116.43,Aplicativo,Débito,12,Pendente,Jadlog,Entregue
4020,PED-33937,2025-08-04,2024-12-28,352,Dra. Melissa Aragão,bda-cruz@example.net,Cirino,CE,Casa,Eaque,LG,4,518.02,2437.71,30,26.31,app,Débito,1,Recusado,Correios,Atrasado
4021,PED-62145,2025-10-18,2024-05-08,27,Lavínia Albuquerque,emanuelrodrigues@example.org,Costela dos Dourados,GO,Roupas,Molestias,Apple,3,140.28,3342.54,10,33.98,App,Débito,1,aprovado,Total Express,Atrasado
4022,PED-62450,2025-11-24,2025-04-11,1082,Maria Helena Nascimento,da-costaotavio@example.net,Freitas dos Dourados,GO,Roupas,Dolores,Genérica,2,1610.1,2855.03,10,60.37,SITE,Crédito,3,Aprovado,Total Express,Atrasado
4023,PED-81948,2024-03-31,2024-02-12,210,Maria Luísa Castro,nathanleao@example.org,Rezende,MT,eletronicos,Dicta,Apple,3,2752.54,2703.82,10,14.75,App,Débito,12,Aprovado,Total Express,Em trânsito
4024,PED-10209,2025-08-17,2025-09-19,331,Dr. Pedro Henrique Souza,liam93@example.com,Azevedo,MS,Eletrônicos,Perferendis,Adidas,4,2074.87,102.81,10,80.89,App,Crédito,12,Recusado,Total Express,Entregue
4025,PED-19804,2024-06-14,2025-02-14,961,Enzo Gabriel Garcia,maria19@example.org,Ramos,RR,Roupas,Aut,Genérica,2,863.28,1567.52,0,80.49,App,Débito,1,Pendente,Total Express,Em trânsito
4026,PED-10223,2025-07-01,2025-01-08,1089,Apollo Câmara,rodriguesraul@example.com,Almeida da Prata,MA,Casa,Sed,Samsung,3,3148.52,863.06,10,110.52,app,Boleto,1,Recusado,Correios,Em trânsito
4027,PED-21326,2025-04-07,2025-02-01,1009,Dr. Luiz Miguel Camargo,yda-costa@example.com,Azevedo,CE,eletronicos,Voluptatum,Samsung,1,1165.49,878.44,0,0.89,SITE,Pix,2,Pendente,Jadlog,Em trânsito
4028,PED-42954,2025-07-08,2025-08-14,138,Francisco Fonseca,nogueiraleo@example.com,da Costa,MS,eletronicos,Praesentium,Apple,1,3234.25,1280.9,20,49.75,SITE,Pix,3,Recusado,Correios,Entregue
4029,PED-64034,2024-09-09,2025-05-23,886,João Rocha,ialves@example.com,Nascimento,ES,eletronicos,Voluptatibus,Samsung,3,1094.08,782.32,20,105.66,app,Crédito,1,Recusado,Total Express,Atrasado
4030,PED-25400,2024-04-21,2024-07-14,506,Enzo Gabriel Cirino,bentomoreira@example.org,Ribeiro,TO,Eletrônicos,Animi,LG,4,2260.05,726.15,30,45.5,Aplicativo,Crédito,1,Pendente,Jadlog,Em trânsito
4031,PED-35657,2024-10-09,2025-09-18,674,Sr. Vinicius da Cunha,julianapeixoto@example.org,Nogueira de Fonseca,RS,Eletrônicos,Laudantium,Genérica,3,1170.63,683.94,30,16.28,SITE,Pix,6,aprovado,Jadlog,Atrasado
4032,PED-96500,2025-07-04,2024-03-24,658,Luiz Fernando da Mata,qfonseca@example.com,Oliveira,MT,eletronicos,Illo,Genérica,5,1591.65,2162.57,0,85.44,app,Boleto,1,Pendente,Jadlog,Em trânsito
4033,PED-82060,2025-10-14,2024-02-10,492,Cauê da Paz,manuella93@example.org,Mendes do Amparo,RO,eletronicos,Qui,LG,2,461.53,2145.61,0,117.51,Aplicativo,Pix,1,Pendente,Jadlog,Entregue
4034,PED-28830,2026-01-22,2024-07-23,402,Gabriela Castro,anthony-gabriel12@example.org,Nascimento,PB,Eletrônicos,Doloribus,LG,3,191.14,1113.19,10,60.36,Site,Boleto,1,Aprovado,Correios,Em trânsito
4035,PED-35798,2024-03-09,2025-09-01,291,Maria Sophia Cunha,maria-florcorreia@example.com,Monteiro,AL,Casa,Quo,Genérica,1,3357.28,2295.06,20,13.8,Site,Crédito,6,Recusado,Correios,Em trânsito
4036,PED-89325,2025-01-01,2024-02-13,813,João Miguel Moraes,luiz-miguelrocha@example.org,Gomes,RR,eletronicos,Adipisci,Nike,3,626.6,3267.34,30,8.9,Aplicativo,Pix,6,Recusado,Jadlog,Entregue
4037,PED-60792,2025-04-15,2025-12-01,997,Sabrina Caldeira,cardosoasafe@example.com,Leão Grande,MT,Casa,Molestiae,Adidas,4,2158.65,1545.57,30,36.69,Aplicativo,Débito,2,Pendente,Total Express,Entregue
4038,PED-10624,2025-01-09,2024-06-12,183,Fernando Cassiano,enzo60@example.net,Almeida de Campos,PE,eletronicos,Molestias,Apple,2,507.44,2171.92,20,88.4,app,Débito,12,Aprovado,Jadlog,Entregue
4039,PED-32415,2025-01-21,2024-09-24,855,Rafaela da Rosa,ycamara@example.net,da Mota de Pires,PI,Casa,Excepturi,Samsung,5,2005.02,293.26,20,33.97,Site,Pix,1,Recusado,Total Express,Em trânsito
4040,PED-56489,2024-11-21,2025-12-14,866,Benjamin Farias,vargasisabela@example.net,Ferreira,RJ,Eletrônicos,Sed,Nike,1,2796.95,1929.29,20,113.83,SITE,Boleto,1,Pendente,Total Express,Entregue
4041,PED-30668,2025-03-14,2025-05-09,1028,Sr. Luiz Felipe Farias,arthurmarques@example.com,Vasconcelos do Oeste,MG,Casa,Eveniet,Adidas,3,2501.89,297.13,0,90.4,app,Boleto,2,Aprovado,Total Express,Em trânsito
4042,PED-90610,2025-10-22,2025-11-26,348,Eduardo Nunes,vitor-gabrielfogaca@example.org,Vargas Verde,SC,Beleza,Nulla,Apple,2,2574.43,3338.48,10,63.34,Site,Pix,12,Aprovado,Jadlog,Atrasado
4043,PED-11957,2026-01-17,2025-04-18,392,Bento Abreu,ifernandes@example.com,Cavalcante de Carvalho,AM,Eletrônicos,Nemo,Genérica,2,1035.33,2632.12,10,88.41,Site,Crédito,1,Aprovado,Correios,Em trânsito
4044,PED-37862,2024-09-03,2024-12-12,51,Léo Cavalcanti,andrademaite@example.org,Pinto,PB,eletronicos,Occaecati,Apple,5,2207.37,3360.73,30,68.79,App,Crédito,6,aprovado,Total Express,Atrasado
4045,PED-30192,2024-06-10,2024-07-02,73,Dr. Diego Sampaio,tvieira@example.org,Almeida,AM,Casa,Cumque,Apple,2,729.66,2773.42,0,44.6,app,Débito,1,aprovado,Total Express,Atrasado
4046,PED-90909,2025-06-30,2024-07-09,736,Ana Júlia Moraes,vitoria25@example.com,Ferreira,RN,Eletrônicos,Laboriosam,Samsung,1,3352.71,2211.34,20,69.91,Aplicativo,Débito,3,Pendente,Total Express,Entregue
4047,PED-67541,2025-09-20,2025-06-30,1130,Ana Laura Farias,ufonseca@example.com,Garcia de Ribeiro,RS,Casa,Qui,Nike,4,3300.54,2884.61,0,46.98,app,Pix,1,aprovado,Total Express,Em trânsito
4048,PED-63490,2025-10-23,2024-02-14,674,Dr. Emanuel Souza,caldeiraana-laura@example.com,Moreira de Borges,PA,Eletrônicos,Mollitia,LG,3,2417.73,2797.05,10,40.66,App,Débito,1,Pendente,Correios,Entregue
4049,PED-60085,2025-05-06,2025-02-01,1082,Arthur Almeida,sabrinalima@example.net,Rodrigues do Norte,CE,Eletrônicos,Sunt,LG,5,2244.08,2842.73,20,75.15,app,Boleto,1,Aprovado,Correios,Atrasado
4050,PED-77362,2024-11-29,2024-02-16,163,Isabela Mendonça,vieiramathias@example.com,Dias,CE,Eletrônicos,Cum,Apple,1,2669.25,1836.13,0,110.65,SITE,Crédito,1,Aprovado,Total Express,Atrasado
4051,PED-82051,2025-07-26,2025-02-21,238,Laís Costela,kamillysantos@example.com,Oliveira das Pedras,MA,Eletrônicos,Distinctio,Genérica,4,2088.54,909.68,0,2.54,App,Crédito,2,Recusado,Total Express,Em trânsito
4052,PED-16920,2026-01-06,2024-05-19,579,Srta. Vitória da Costa,agoncalves@example.net,Ribeiro,PI,Roupas,Facilis,Apple,2,1571.51,2898.95,20,19.93,app,Crédito,1,Recusado,Total Express,Em trânsito
4053,PED-24611,2024-03-28,2024-03-03,839,Cauã Moreira,luiz-henrique70@example.com,Barbosa,AM,Eletrônicos,Consectetur,Genérica,4,2092.06,3427.38,10,97.07,App,Crédito,3,Recusado,Correios,Atrasado
4054,PED-95418,2024-02-06,2024-09-26,877,Caroline Ribeiro,laisda-cunha@example.net,Cassiano,DF,eletronicos,Voluptas,Apple,2,1795.48,725.55,0,117.47,App,Boleto,6,Recusado,Correios,Entregue
4055,PED-41837,2025-07-22,2024-04-28,975,Dra. Bárbara Albuquerque,joao-gabrielalbuquerque@example.com,Porto,AL,Casa,Nemo,Apple,2,1479.67,2566.32,20,32.13,App,Débito,1,aprovado,Total Express,Em trânsito
4056,PED-20966,2025-02-21,2024-06-08,884,Theodoro Araújo,machadorael@example.org,Mendes dos Dourados,RR,eletronicos,Nam,LG,4,1833.73,3476.91,0,49.36,App,Boleto,2,Recusado,Jadlog,Entregue
4057,PED-34912,2024-09-24,2025-05-17,350,Théo Sá,bteixeira@example.com,Costa,RS,Beleza,Delectus,Samsung,1,2727.37,3111.41,20,77.87,App,Pix,6,Aprovado,Correios,Atrasado
4058,PED-58187,2025-12-07,2024-06-21,1077,Thomas Santos,sabrinaborges@example.org,Melo,AP,Eletrônicos,Dolores,Samsung,1,373.44,1374.74,0,22.96,App,Débito,1,Pendente,Total Express,Entregue
4059,PED-76879,2025-03-16,2025-11-16,31,Alexia Vasconcelos,rodriguesthiago@example.net,Carvalho,TO,Eletrônicos,Ab,LG,1,1905.59,2979.44,30,29.08,Aplicativo,Débito,12,Aprovado,Jadlog,Em trânsito
4060,PED-60141,2025-05-26,2025-01-20,810,Emanuel Araújo,gcampos@example.org,Pereira,AM,Eletrônicos,Placeat,Apple,4,378.03,1985.38,0,55.58,app,Pix,12,Pendente,Total Express,Atrasado
4061,PED-70277,2025-10-04,2024-09-06,184,Marcos Vinicius Melo,livianogueira@example.net,Pacheco das Flores,AP,Beleza,Necessitatibus,Samsung,5,735.71,3342.53,0,36.86,Aplicativo,Crédito,1,Aprovado,Correios,Atrasado
4062,PED-43490,2025-06-23,2026-01-20,972,Maria Helena da Luz,rodrigo05@example.org,Rocha,DF,eletronicos,Error,Samsung,5,155.68,3492.62,0,112.99,SITE,Crédito,6,Aprovado,Total Express,Em trânsito
4063,PED-77000,2024-05-27,2024-10-03,354,Milena Ribeiro,teixeiraalice@example.org,Ribeiro da Prata,TO,Roupas,Inventore,Genérica,1,2916.98,1088.08,0,2.51,App,Pix,2,Pendente,Total Express,Atrasado
4064,PED-87162,2025-03-08,2025-10-09,608,Ravi Lucca Dias,milena86@example.net,Sampaio do Galho,RR,eletronicos,Labore,LG,5,1473.81,1086.11,0,91.29,Site,Boleto,2,aprovado,Correios,Em trânsito
4065,PED-57146,2024-02-24,2024-08-24,15,Nicole Carvalho,cunharavy@example.net,Fonseca,PA,Eletrônicos,Quam,LG,1,2183.67,358.05,0,23.77,Site,Débito,1,Pendente,Jadlog,Em trânsito
4066,PED-19245,2024-09-23,2024-07-04,977,Bruna Mendes,alexianogueira@example.com,Rios,PE,Eletrônicos,Incidunt,Nike,1,1387.73,2545.5,20,88.05,Aplicativo,Pix,12,aprovado,Total Express,Entregue
4067,PED-88553,2025-12-02,2025-06-13,1070,Maria Cecília Cardoso,mariah24@example.org,da Cruz,SC,Casa,Inventore,Apple,5,1117.85,1855.25,0,61.43,app,Boleto,3,Pendente,Total Express,Entregue
4068,PED-39664,2024-12-21,2024-04-02,576,Sophia Aparecida,maria-sophiacaldeira@example.net,Alves Verde,SE,Roupas,Occaecati,LG,1,1176.66,1567.77,0,59.82,Aplicativo,Débito,1,aprovado,Total Express,Em trânsito
4069,PED-35694,2024-08-15,2026-01-18,827,Brenda Costela,otto42@example.org,Ramos Grande,AC,eletronicos,Accusamus,Samsung,5,306.61,76.25,30,116.23,app,Pix,1,Pendente,Total Express,Atrasado
4070,PED-30653,2025-12-11,2025-08-02,397,Dra. Ana Luiza Ferreira,zramos@example.org,Santos,SE,Eletrônicos,Provident,Adidas,1,265.75,242.83,10,50.82,app,Boleto,1,Pendente,Correios,Entregue
4071,PED-81505,2025-03-12,2024-04-23,744,Otávio Cavalcanti,scostela@example.com,Dias do Norte,AM,Beleza,Alias,Adidas,2,2955.95,1821.91,0,87.2,Site,Pix,2,Aprovado,Jadlog,Atrasado
4072,PED-69847,2024-08-15,2024-05-06,181,Caio Barros,rhavi91@example.com,da Cunha,SE,eletronicos,Minus,Nike,3,1389.55,1245.29,30,33.39,Aplicativo,Pix,2,Pendente,Jadlog,Em trânsito
4073,PED-22468,2024-03-06,2024-06-09,687,Daniel Albuquerque,joao-guilhermecunha@example.com,Castro,RR,Casa,Voluptas,Samsung,1,2886.52,534.2,10,2.15,app,Crédito,6,Recusado,Total Express,Atrasado
4074,PED-84280,2025-10-23,2025-02-18,393,Maria Julia Sampaio,feliperocha@example.org,Teixeira,AL,Roupas,Quos,Adidas,4,1742.34,2084.41,0,96.48,Aplicativo,Débito,1,Recusado,Correios,Em trânsito
4075,PED-70349,2024-04-06,2024-04-30,863,Dra. Eloah Moraes,goncalvesisaac@example.org,da Cunha do Oeste,AL,Eletrônicos,Maiores,LG,1,2504.4,3209.04,0,22.5,app,Pix,3,Aprovado,Total Express,Em trânsito
4076,PED-18595,2024-05-01,2025-12-20,1033,Sra. Bianca Leão,claramelo@example.org,Aragão,SE,Casa,Voluptates,Genérica,5,2604.48,709.56,0,98.29,SITE,Pix,1,aprovado,Total Express,Atrasado
4077,PED-97220,2025-03-20,2025-09-15,1016,Maria Rios,kdas-neves@example.net,da Cruz,CE,Beleza,Dolores,LG,2,501.19,3044.18,30,82.79,Site,Débito,1,aprovado,Correios,Atrasado
4078,PED-11794,2025-06-20,2025-04-04,575,Lunna Novais,pietro22@example.com,Teixeira,RR,Eletrônicos,Aliquid,Samsung,2,1740.46,2855.67,10,41.36,App,Crédito,1,Recusado,Correios,Em trânsito
4079,PED-66708,2025-01-16,2024-07-04,682,Pedro Henrique Casa Grande,oporto@example.org,Rodrigues do Oeste,SP,Eletrônicos,Nisi,Apple,3,1602.86,1735.13,30,88.72,app,Crédito,3,Recusado,Total Express,Entregue
4080,PED-28745,2024-07-28,2024-08-04,945,Maria Vitória da Rosa,josuegarcia@example.org,Gonçalves de da Paz,MT,Beleza,Magni,Adidas,1,985.76,715.52,20,103.05,app,Crédito,3,aprovado,Total Express,Em trânsito
4081,PED-44959,2025-05-24,2025-02-19,1087,Vicente da Rocha,mda-cunha@example.net,Camargo Grande,PA,Beleza,Consectetur,Apple,4,509.13,2074.29,10,9.54,SITE,Boleto,2,Pendente,Correios,Em trânsito
4082,PED-69990,2024-12-26,2025-02-14,652,Melissa Campos,arthurandrade@example.net,Lima da Prata,BA,eletronicos,Dicta,Adidas,4,2519.7,2399.75,30,35.9,SITE,Boleto,3,Aprovado,Jadlog,Em trânsito
4083,PED-80812,2025-11-21,2024-10-24,947,Miguel Martins,correiakaique@example.net,Rocha Paulista,RS,Beleza,Ipsum,Adidas,1,2367.07,963.5,30,16.59,App,Débito,12,Pendente,Jadlog,Entregue
4084,PED-57397,2025-09-06,2024-05-16,79,Allana Cavalcante,lucascassiano@example.com,Souza,PE,Beleza,Tempora,Nike,3,3265.47,191.25,10,19.56,App,Crédito,3,Pendente,Jadlog,Atrasado
4085,PED-87558,2025-10-02,2026-01-07,754,Gael Costela,araujothomas@example.com,Santos da Prata,PR,Eletrônicos,Saepe,Samsung,2,3110.66,439.5,20,24.11,Aplicativo,Crédito,2,Recusado,Total Express,Entregue
4086,PED-49165,2025-08-27,2025-10-14,345,Nicolas Pereira,uabreu@example.com,Machado da Mata,TO,Eletrônicos,Facilis,Samsung,2,1003.87,2200.8,30,94.77,App,Débito,3,aprovado,Total Express,Atrasado
4087,PED-19851,2025-03-07,2025-02-27,637,João Almeida,henry-gabrieldias@example.net,Santos do Sul,PA,Eletrônicos,Dolorum,LG,4,660.3,1687.91,10,82.48,SITE,Pix,12,Pendente,Correios,Entregue
4088,PED-63811,2024-08-08,2024-03-13,333,Ravy da Rosa,joao-lucas94@example.org,Melo Verde,PR,Casa,Quam,Apple,2,213.61,2329.91,0,29.03,App,Pix,1,Pendente,Total Express,Atrasado
4089,PED-47134,2025-04-06,2025-03-18,510,Carolina Viana,emachado@example.com,Correia da Prata,PB,eletronicos,Perferendis,Samsung,1,3035.21,2098.84,0,115.0,Aplicativo,Boleto,1,Pendente,Jadlog,Atrasado
4090,PED-97201,2024-09-27,2024-10-19,386,Nicole Souza,gaelcorreia@example.com,Garcia Verde,GO,Eletrônicos,Maxime,Nike,5,3265.26,2026.49,0,83.41,app,Pix,2,Pendente,Jadlog,Entregue
4091,PED-70997,2025-12-18,2025-09-04,40,Maria Julia Cassiano,abreudante@example.com,da Mota do Norte,RJ,Beleza,Unde,Adidas,3,457.45,2645.62,0,85.77,App,Boleto,6,aprovado,Jadlog,Em trânsito
4092,PED-62145,2024-11-12,2025-01-05,273,Vitor Hugo Barros,leaonicole@example.org,da Mata da Serra,TO,Eletrônicos,Nihil,Samsung,5,166.16,1867.02,0,54.44,app,Pix,1,Aprovado,Correios,Entregue
4093,PED-43660,2024-05-13,2025-10-25,610,Brenda Castro,abarbosa@example.org,da Luz,MA,Roupas,Consequuntur,Samsung,3,1521.21,2957.76,10,81.59,Site,Pix,6,Pendente,Correios,Em trânsito
4094,PED-58884,2024-04-07,2025-09-25,889,Dr. Rodrigo Moraes,augustoalbuquerque@example.com,Silva,AP,eletronicos,Laudantium,Apple,1,614.99,1605.96,20,68.19,app,Débito,3,Aprovado,Jadlog,Entregue
4095,PED-70225,2025-06-11,2024-06-25,60,Lorenzo Sousa,cavalcanteluara@example.com,da Cruz,PE,Eletrônicos,Voluptatem,Genérica,2,2265.14,2495.58,30,88.91,Aplicativo,Débito,1,aprovado,Correios,Atrasado
4096,PED-46599,2025-09-10,2024-04-23,1064,Benício Guerra,almeidadaniel@example.net,da Luz de da Mota,SE,Beleza,Pariatur,Apple,2,834.62,1656.0,10,109.99,Aplicativo,Boleto,2,Recusado,Jadlog,Em trânsito
4097,PED-81472,2024-10-27,2025-10-15,666,Sra. Marcela Barbosa,icavalcanti@example.com,Cunha,PR,eletronicos,Fugit,Apple,3,452.81,2680.27,20,33.95,Aplicativo,Crédito,2,Pendente,Jadlog,Em trânsito
4098,PED-93043,2025-06-13,2025-03-28,586,Gustavo Henrique Ribeiro,thomas08@example.org,Moreira do Galho,AL,Casa,Est,LG,5,1218.73,2636.87,20,44.61,App,Pix,1,aprovado,Jadlog,Entregue
4099,PED-68778,2025-09-27,2024-05-04,1163,Esther Rios,costamaya@example.net,Novais,MG,eletronicos,Totam,LG,4,1906.65,489.67,30,74.03,app,Pix,1,Pendente,Jadlog,Entregue
4100,PED-34063,2024-07-30,2025-04-05,1068,Joana Almeida,acardoso@example.net,Caldeira de Minas,BA,Casa,Tenetur,Apple,3,422.14,1950.15,10,63.64,SITE,Pix,6,Aprovado,Jadlog,Em trânsito
4101,PED-83372,2024-07-09,2025-11-23,980,Maitê Araújo,jnovaes@example.com,Albuquerque Grande,SP,Casa,Error,Nike,3,1585.06,1456.18,0,70.1,Site,Crédito,1,Aprovado,Total Express,Atrasado
4102,PED-67519,2024-04-01,2024-05-17,367,Dante Viana,thiago68@example.com,Mendonça da Serra,RS,Casa,Assumenda,Nike,5,3323.9,3391.78,10,80.08,app,Boleto,2,Recusado,Total Express,Entregue
4103,PED-11200,2024-04-16,2024-08-13,677,Vitor Hugo Pinto,enzo-gabrielmoraes@example.com,Gonçalves dos Dourados,SP,Eletrônicos,Placeat,Genérica,3,1673.8,3389.27,10,21.05,Site,Boleto,1,Recusado,Jadlog,Em trânsito
4104,PED-22142,2025-05-21,2024-09-06,1089,Aylla Castro,sophiaaparecida@example.net,Cassiano da Praia,ES,Casa,Nostrum,LG,1,1244.18,346.33,0,35.17,Site,Débito,6,aprovado,Total Express,Atrasado
4105,PED-75772,2026-01-16,2024-11-17,992,Vitor Hugo Pires,zoe08@example.net,Silveira,AM,Beleza,Repudiandae,Samsung,5,2633.13,2575.0,30,61.08,App,Crédito,6,Recusado,Jadlog,Em trânsito
4106,PED-16955,2026-01-18,2025-03-26,210,Dr. Vinicius Pimenta,cavalcantiana-clara@example.org,da Conceição de Rocha,ES,Casa,Voluptatum,Samsung,3,2005.02,2168.58,10,4.44,App,Pix,6,aprovado,Correios,Em trânsito
4107,PED-50401,2025-11-18,2025-01-13,160,Léo da Rosa,nnunes@example.net,Freitas de Correia,AM,eletronicos,Inventore,LG,4,3350.98,1340.5,0,82.59,app,Pix,6,Pendente,Total Express,Em trânsito
4108,PED-35645,2025-01-27,2025-12-16,650,Maria Isis Oliveira,helenada-rocha@example.org,Cavalcante de Goiás,DF,Eletrônicos,Officiis,Nike,5,872.77,69.61,0,19.09,Aplicativo,Crédito,1,aprovado,Total Express,Entregue
4109,PED-75599,2025-12-21,2025-07-06,103,Alícia Cirino,erocha@example.net,Sousa de das Neves,RO,Eletrônicos,Quam,Apple,1,2626.18,2122.62,0,3.82,app,Pix,2,Recusado,Jadlog,Em trânsito
4110,PED-68543,2025-07-07,2025-07-19,996,Raquel da Conceição,otavio80@example.net,Melo do Norte,TO,eletronicos,Voluptates,LG,2,566.39,672.63,20,8.2,SITE,Crédito,3,aprovado,Jadlog,Em trânsito
4111,PED-86041,2025-10-02,2025-02-09,538,Apollo da Rocha,camposbianca@example.com,Aparecida,PB,Beleza,Et,Adidas,2,1286.23,1819.73,0,62.92,Aplicativo,Boleto,1,aprovado,Total Express,Em trânsito
4112,PED-51371,2024-08-14,2025-06-23,1046,Francisco Montenegro,da-luzolivia@example.com,Alves,ES,Roupas,Enim,LG,4,538.78,419.25,30,22.75,Site,Débito,1,Recusado,Jadlog,Atrasado
4113,PED-78841,2024-10-10,2025-11-03,567,João Pedro Nogueira,siqueiramatheus@example.org,Caldeira,ES,Roupas,Ab,Adidas,5,3422.2,2555.64,20,7.35,Aplicativo,Crédito,3,Recusado,Jadlog,Atrasado
4114,PED-36009,2024-06-19,2024-10-19,112,Sra. Maria Sophia Andrade,oliveiragael@example.com,Lopes,SP,Casa,Eos,Apple,4,1054.0,2535.72,0,60.24,app,Boleto,1,Recusado,Jadlog,Em trânsito
4115,PED-60966,2025-06-04,2024-03-06,497,Milena da Paz,nunesmariah@example.org,Novaes,MG,Eletrônicos,Accusamus,Apple,5,2410.9,2798.58,30,111.47,app,Débito,2,Recusado,Total Express,Entregue
4116,PED-99846,2024-03-16,2025-04-26,1162,Laura Borges,calebepires@example.com,Machado,MG,Eletrônicos,Consequuntur,Adidas,5,367.57,325.94,0,4.57,Site,Pix,6,Aprovado,Correios,Atrasado
4117,PED-99752,2024-07-24,2024-03-01,1040,Kevin Nascimento,luigisales@example.net,da Paz,RJ,Roupas,Quaerat,Samsung,2,1372.32,1012.16,0,34.88,Site,Boleto,6,Recusado,Correios,Entregue
4118,PED-74035,2024-09-27,2025-12-10,17,Pedro Guerra,julia17@example.net,Nascimento,RO,Eletrônicos,Quia,Adidas,4,1768.65,1332.67,20,6.47,Site,Débito,1,aprovado,Total Express,Em trânsito
4119,PED-13484,2025-09-09,2024-03-26,975,Fernando Câmara,jda-rosa@example.com,Gomes,MT,eletronicos,Amet,LG,4,1807.7,1039.92,0,51.14,App,Pix,2,Recusado,Total Express,Entregue
4120,PED-20174,2025-08-30,2024-06-17,127,Cecília Pacheco,lpereira@example.org,Albuquerque,AL,eletronicos,Iste,Apple,2,3446.11,1929.42,30,96.96,App,Débito,2,Pendente,Jadlog,Entregue
4121,PED-17225,2024-11-11,2025-03-31,729,Pedro Lucas Novais,ysousa@example.net,Fogaça,PR,Beleza,Omnis,LG,5,650.38,2192.35,30,33.31,App,Boleto,3,aprovado,Correios,Em trânsito
4122,PED-37005,2025-09-19,2025-08-02,191,Fernando da Conceição,costaana-vitoria@example.com,Teixeira da Mata,RJ,eletronicos,Tempore,Genérica,1,564.93,3336.63,0,113.05,app,Débito,6,aprovado,Total Express,Entregue
4123,PED-12747,2025-01-08,2025-05-21,978,Ana Julia Moura,franciscoduarte@example.com,Brito dos Dourados,GO,Beleza,Maxime,Samsung,3,433.18,3234.81,0,56.08,Aplicativo,Boleto,1,Pendente,Jadlog,Atrasado
4124,PED-98428,2024-10-20,2025-03-11,382,Lorena Santos,vasconcelospedro@example.org,Sampaio das Flores,PE,Roupas,Nam,LG,3,1086.53,2898.74,10,39.11,app,Boleto,1,Aprovado,Correios,Entregue
4125,PED-59003,2024-05-31,2025-06-11,851,Maria Eduarda Cunha,henrique31@example.net,da Paz Alegre,ES,Beleza,Libero,Nike,2,454.05,193.15,0,18.88,App,Pix,3,Pendente,Correios,Atrasado
4126,PED-46668,2026-01-07,2026-01-16,876,João Correia,zcassiano@example.com,Pereira da Mata,DF,Beleza,Consectetur,LG,3,1821.74,2495.17,0,96.04,Site,Débito,12,Recusado,Total Express,Atrasado
4127,PED-55214,2025-06-21,2024-12-07,1032,Ravy Macedo,maria-eduarda37@example.com,Carvalho de Gonçalves,GO,Casa,Atque,Apple,4,706.89,696.69,10,42.0,SITE,Boleto,6,Aprovado,Total Express,Entregue
4128,PED-60969,2025-05-24,2025-06-06,627,Rafaela Guerra,emanuelly89@example.org,Costa,AP,eletronicos,Consectetur,Samsung,1,646.83,1946.79,10,97.69,app,Crédito,2,aprovado,Jadlog,Em trânsito
4129,PED-93558,2024-03-13,2025-04-12,630,Eduardo Pacheco,eduardacorreia@example.net,da Costa,ES,Beleza,Placeat,Nike,1,1356.72,2206.21,0,69.46,app,Crédito,6,Aprovado,Total Express,Em trânsito
4130,PED-96904,2024-03-06,2024-03-17,548,Ágatha Pimenta,ncorreia@example.org,Costela das Flores,PA,eletronicos,Quos,Genérica,2,1241.95,545.23,20,40.0,Site,Débito,1,Aprovado,Correios,Atrasado
4131,PED-71812,2025-02-18,2024-06-07,11,Dante Castro,vitoria24@example.org,Cassiano,PR,Eletrônicos,Saepe,Samsung,1,1904.66,533.02,0,118.58,App,Débito,1,aprovado,Correios,Atrasado
4132,PED-86865,2025-06-08,2024-07-13,482,Yan Cavalcanti,marcela74@example.com,Farias,RR,Beleza,Dolore,Genérica,3,1373.01,2693.87,20,68.55,Site,Pix,2,Pendente,Correios,Em trânsito
4133,PED-25274,2025-04-11,2025-02-04,32,Ana Laura Silva,da-cunhamariah@example.org,Monteiro,SP,Eletrônicos,Deleniti,LG,4,3028.49,675.66,10,98.93,app,Crédito,12,Aprovado,Jadlog,Entregue
4134,PED-84413,2025-02-03,2026-01-20,91,Enrico Melo,pedro-henriquecavalcante@example.com,Porto das Pedras,PA,Casa,Architecto,Nike,3,251.09,1439.97,20,75.55,app,Pix,2,Pendente,Correios,Entregue
4135,PED-70928,2026-01-18,2025-12-02,404,Henrique Aragão,wmontenegro@example.net,Costa,RS,Eletrônicos,Voluptatem,Nike,1,873.25,3456.33,0,18.45,App,Pix,1,Pendente,Correios,Entregue
4136,PED-70688,2024-12-13,2024-07-14,125,Eloah Cunha,marcela76@example.com,Azevedo,PA,Roupas,Nam,Apple,3,3206.36,2330.58,10,73.01,App,Pix,2,Recusado,Jadlog,Atrasado
4137,PED-64484,2025-04-18,2024-11-03,776,Luara Pereira,tcarvalho@example.com,Macedo,SE,Casa,Libero,Nike,3,1470.49,3006.36,0,33.37,app,Pix,1,Aprovado,Correios,Entregue
4138,PED-24383,2024-02-12,2024-08-02,434,Olivia Costela,bjesus@example.net,Pacheco,SP,Casa,Voluptate,LG,2,1593.35,985.71,30,11.71,Aplicativo,Débito,3,aprovado,Correios,Entregue
4139,PED-29302,2024-03-20,2024-03-08,666,Srta. Laís Ribeiro,vianaleandro@example.org,Machado,CE,Beleza,Dolore,Genérica,2,820.05,1524.87,0,77.06,SITE,Débito,6,aprovado,Jadlog,Em trânsito
4140,PED-15820,2024-07-12,2025-08-24,237,Ana Vitória Almeida,isabel70@example.org,Farias,MG,Roupas,Reprehenderit,LG,1,1673.97,1446.8,10,64.68,Aplicativo,Boleto,1,Aprovado,Total Express,Atrasado
4141,PED-16614,2024-05-02,2025-07-12,74,Nathan Silva,ysiqueira@example.com,Sá,PI,Eletrônicos,Ipsum,LG,5,347.69,3455.64,20,107.67,SITE,Pix,2,aprovado,Total Express,Entregue
4142,PED-91985,2024-05-19,2025-10-09,423,Sr. Pedro da Conceição,carolinecampos@example.net,Oliveira Grande,MT,Roupas,Esse,Adidas,5,344.08,243.52,10,116.46,Aplicativo,Débito,1,Recusado,Total Express,Em trânsito
4143,PED-93015,2025-04-10,2024-07-30,719,Stella Oliveira,luigicavalcanti@example.net,Cunha,AM,Beleza,Dolor,Samsung,1,1786.64,1328.35,0,55.31,Site,Débito,1,aprovado,Total Express,Atrasado
4144,PED-82294,2024-04-18,2024-09-04,279,Antony Caldeira,lgomes@example.com,Câmara de Costela,AC,eletronicos,Quis,Nike,1,2345.28,1904.39,0,30.73,app,Pix,1,Aprovado,Total Express,Entregue
4145,PED-92708,2024-02-17,2025-05-07,1110,Aylla Freitas,oliveiraasafe@example.net,Costela das Pedras,MT,Eletrônicos,Deserunt,Apple,5,1315.7,3458.53,30,35.8,Site,Pix,1,aprovado,Correios,Em trânsito
4146,PED-46677,2024-09-15,2025-08-29,662,Miguel Mendonça,fariasisis@example.net,Jesus,RS,Casa,Aut,Samsung,1,1671.28,2844.21,10,29.95,Aplicativo,Crédito,1,Aprovado,Jadlog,Em trânsito
4147,PED-35243,2025-06-05,2024-11-06,823,João Gabriel Macedo,arthur-gabriel75@example.org,da Paz,PB,Eletrônicos,Voluptate,LG,3,2775.28,2900.47,10,9.95,Aplicativo,Débito,1,Aprovado,Total Express,Entregue
4148,PED-60864,2024-05-13,2025-10-11,338,Stella Jesus,yjesus@example.org,da Rosa de Minas,SC,Casa,A,Nike,3,1493.48,2722.33,30,71.74,app,Crédito,2,Aprovado,Jadlog,Entregue
4149,PED-76248,2024-09-08,2025-06-29,889,Maria Luiza Carvalho,uda-mota@example.com,Vieira de Minas,MS,Beleza,Necessitatibus,Nike,1,2157.0,1290.0,10,103.66,Site,Crédito,12,aprovado,Total Express,Atrasado
4150,PED-26995,2024-03-19,2025-02-23,179,Léo Araújo,peixotomarina@example.com,Novaes,PE,Eletrônicos,Mollitia,Nike,3,1784.19,1099.56,0,67.45,SITE,Crédito,3,Pendente,Jadlog,Entregue
4151,PED-35978,2024-12-27,2024-02-29,773,Enrico Marques,ana-carolina51@example.org,Pacheco das Pedras,MT,eletronicos,Ducimus,Samsung,3,2044.97,3437.67,0,60.19,app,Boleto,3,Aprovado,Total Express,Atrasado
4152,PED-62990,2024-08-16,2025-12-15,246,Bruna Nogueira,davi-miguelduarte@example.com,Duarte do Sul,CE,Casa,Cum,LG,4,1931.87,801.91,0,79.15,app,Boleto,1,aprovado,Correios,Entregue
4153,PED-64532,2025-05-01,2025-01-08,1163,Ana Júlia Moura,araujoana-clara@example.com,Macedo,PB,Beleza,Odit,Genérica,2,1217.24,1233.79,0,6.54,SITE,Pix,3,Aprovado,Total Express,Atrasado
4154,PED-82323,2025-06-20,2024-11-02,943,João Lucas Freitas,rda-conceicao@example.net,Porto,PA,Roupas,Labore,Nike,2,926.16,1049.97,0,86.28,Site,Pix,12,aprovado,Jadlog,Atrasado
4155,PED-81608,2025-05-14,2024-11-03,492,Laura da Mota,oliversilveira@example.com,Novaes,RS,Eletrônicos,Cum,Adidas,2,1570.25,3460.44,10,101.48,Aplicativo,Débito,1,Aprovado,Jadlog,Atrasado
4156,PED-99861,2025-09-26,2025-06-14,385,Srta. Lara Nunes,goncalvesluna@example.com,Campos de Lopes,RO,eletronicos,Expedita,Adidas,1,3289.09,356.82,30,56.86,Aplicativo,Boleto,6,Aprovado,Correios,Entregue
4157,PED-39610,2024-08-26,2026-01-14,583,Henrique Farias,ucamargo@example.net,Alves,SE,Eletrônicos,Pariatur,Apple,1,3376.73,1745.46,0,52.41,Aplicativo,Pix,1,Pendente,Jadlog,Entregue
4158,PED-72092,2025-06-08,2024-10-06,136,Vitória Souza,maysa61@example.net,Duarte,RN,Beleza,Ducimus,LG,5,69.89,2783.78,0,90.2,Site,Débito,1,Aprovado,Total Express,Atrasado
4159,PED-32087,2024-06-28,2025-01-02,241,Maria Flor Vieira,lucasdas-neves@example.net,Machado,RR,Roupas,Aliquam,Adidas,5,113.59,3209.2,0,11.24,SITE,Débito,1,Recusado,Total Express,Atrasado
4160,PED-83213,2026-01-12,2025-05-22,160,Carolina Nogueira,da-motafrancisco@example.org,Nogueira,PI,Beleza,Sequi,Apple,4,2699.12,3289.68,0,34.63,Aplicativo,Boleto,1,Recusado,Jadlog,Entregue
4161,PED-77857,2025-12-12,2025-10-22,636,Sabrina Rezende,mathiasmoreira@example.net,Rodrigues Alegre,SC,Casa,Enim,Adidas,5,3118.73,1337.9,30,76.23,SITE,Débito,2,Recusado,Total Express,Em trânsito
4162,PED-50575,2025-09-30,2025-04-18,999,Luiz Fernando Nascimento,ydias@example.org,Ribeiro das Flores,RO,Eletrônicos,Numquam,Genérica,5,409.72,1827.93,30,119.46,Site,Débito,6,Aprovado,Total Express,Entregue
4163,PED-39200,2025-03-23,2025-12-18,1070,Liz Nunes,pereiraenrico@example.org,Rezende,AC,eletronicos,Facere,Genérica,4,1249.02,468.45,10,64.16,app,Boleto,3,Aprovado,Correios,Em trânsito
4164,PED-62843,2025-12-19,2024-12-24,843,Pietro Siqueira,da-cunhaisis@example.net,Nascimento,ES,Beleza,Excepturi,Adidas,1,1378.37,2968.07,20,104.68,Aplicativo,Boleto,6,Aprovado,Total Express,Atrasado
4165,PED-93108,2025-06-10,2026-01-16,870,Marcela Cavalcanti,antonio37@example.net,Rodrigues do Sul,RR,Casa,Soluta,LG,4,3224.79,2779.83,20,88.0,App,Boleto,2,Recusado,Total Express,Em trânsito
4166,PED-74283,2025-05-11,2024-09-04,889,João Vitor Mendes,pietro30@example.net,Casa Grande Grande,PB,Casa,Temporibus,Apple,5,104.08,3163.45,0,4.08,Aplicativo,Débito,1,aprovado,Jadlog,Entregue
4167,PED-39357,2025-12-16,2026-01-29,1160,Laís Duarte,isabellyda-cruz@example.net,Fonseca,CE,eletronicos,A,LG,4,2714.53,2434.68,30,86.27,Aplicativo,Boleto,3,Pendente,Jadlog,Em trânsito
4168,PED-16841,2025-04-25,2025-06-12,915,Maria Fernanda Fogaça,maria-alice92@example.net,da Conceição,RR,eletronicos,Optio,Genérica,5,3171.24,1319.88,10,0.36,App,Débito,1,Pendente,Correios,Entregue
4169,PED-18743,2025-05-09,2024-06-17,510,Ana Julia Peixoto,ymelo@example.org,Pinto dos Dourados,AC,eletronicos,Cum,Samsung,3,1823.15,1563.91,20,70.05,app,Crédito,1,aprovado,Total Express,Atrasado
4170,PED-55418,2025-10-03,2024-08-04,684,Luan Ferreira,ninapinto@example.com,Rios,SP,Casa,Dolore,Nike,5,2660.26,240.3,20,64.5,Aplicativo,Crédito,2,Aprovado,Total Express,Atrasado
4171,PED-88802,2025-07-22,2024-10-31,21,Pedro Henrique da Conceição,isabellycostela@example.org,da Rocha do Campo,DF,Casa,Reiciendis,Apple,2,2413.21,2289.84,0,88.91,SITE,Pix,1,Aprovado,Total Express,Em trânsito
4172,PED-50669,2025-03-14,2025-08-22,931,Eloah da Mota,maysa29@example.com,Fernandes da Praia,CE,Eletrônicos,Provident,Genérica,5,3401.93,1034.18,30,47.64,Site,Crédito,6,Pendente,Correios,Em trânsito
4173,PED-89907,2025-05-13,2024-04-22,1083,Dr. Isaac da Paz,nataliada-cruz@example.org,da Rosa de Minas,MT,Roupas,Ratione,Adidas,4,876.65,747.04,0,99.64,Site,Pix,1,Pendente,Correios,Atrasado
4174,PED-61353,2024-12-27,2024-09-25,933,Bernardo Brito,yleao@example.org,Novais,RO,eletronicos,Quos,LG,1,1793.79,1359.06,20,79.77,Site,Crédito,6,aprovado,Correios,Entregue
4175,PED-58783,2025-07-06,2024-03-14,816,Ana Vitória Novais,ucardoso@example.com,Farias de Correia,RR,Casa,Omnis,Nike,1,267.43,3036.92,0,61.3,Site,Boleto,1,Aprovado,Jadlog,Em trânsito
4176,PED-89969,2024-04-02,2024-04-09,1173,Manuela Correia,auroranunes@example.org,da Mota,TO,Beleza,Accusamus,Apple,1,1693.32,320.86,20,103.97,app,Crédito,1,aprovado,Correios,Entregue
4177,PED-23714,2025-01-16,2025-01-30,1138,Dr. Cauã Vargas,zoe31@example.net,da Mata das Flores,MG,Beleza,Quae,Genérica,4,161.63,170.57,0,46.17,Site,Boleto,1,Recusado,Correios,Em trânsito
4178,PED-43654,2024-05-30,2025-11-14,181,Luísa Albuquerque,portoheloisa@example.net,Cassiano das Pedras,PI,Roupas,Temporibus,Nike,3,1306.54,1180.43,0,115.0,SITE,Pix,1,Aprovado,Jadlog,Em trânsito
4179,PED-91225,2024-09-30,2025-11-23,179,Melina Caldeira,ana-julia66@example.net,Monteiro Grande,DF,Roupas,Assumenda,Genérica,4,1451.3,131.1,0,45.82,SITE,Boleto,6,Recusado,Total Express,Em trânsito
4180,PED-53617,2026-01-28,2024-09-18,40,Ana Clara Rezende,monteiromaysa@example.net,Cassiano de Minas,PR,Eletrônicos,Suscipit,Nike,3,953.59,1173.24,0,101.66,Site,Crédito,3,Aprovado,Jadlog,Em trânsito
4181,PED-40278,2024-11-11,2024-12-29,815,Erick Cassiano,erick59@example.com,Leão do Sul,PE,Roupas,Ullam,Nike,1,2834.38,2296.93,20,51.24,Aplicativo,Boleto,3,Aprovado,Correios,Em trânsito
4182,PED-18454,2025-02-21,2025-12-16,633,Bella Barros,isadoranogueira@example.net,Fogaça,PA,Roupas,Soluta,Apple,3,3321.37,1000.35,10,32.96,app,Crédito,6,Recusado,Correios,Em trânsito
4183,PED-13212,2025-05-28,2024-08-11,1169,Lorena Monteiro,ualmeida@example.net,Aragão,GO,Eletrônicos,Quia,Genérica,3,727.36,1261.51,0,100.02,App,Crédito,2,aprovado,Total Express,Entregue
4184,PED-88780,2024-06-28,2024-10-24,528,Joaquim Nascimento,arthursantos@example.net,Cassiano,PI,Casa,Sint,LG,1,2739.83,755.37,10,10.3,Site,Pix,3,Aprovado,Correios,Em trânsito
4185,PED-46735,2025-06-05,2025-09-02,483,Brayan Costela,gustavo-henriqueda-costa@example.org,Teixeira de Souza,RS,Beleza,Cum,LG,4,2504.07,2578.45,20,11.76,SITE,Crédito,1,Aprovado,Total Express,Entregue
4186,PED-60225,2024-09-26,2024-11-29,433,Mariah da Rosa,murilosa@example.net,Pires do Sul,PR,eletronicos,Odit,Adidas,2,2322.91,2872.92,10,15.25,app,Débito,1,Pendente,Jadlog,Em trânsito
4187,PED-25692,2025-10-02,2025-12-06,228,Dr. Cauê das Neves,mirella34@example.com,Cardoso,SC,Beleza,Quis,Apple,3,3426.2,2614.26,0,61.3,SITE,Crédito,1,Pendente,Correios,Entregue
4188,PED-79731,2024-10-17,2024-06-14,231,Ana Julia Macedo,brunacunha@example.org,Mendonça de Nogueira,GO,Beleza,Rerum,Apple,5,636.37,1305.99,10,59.26,Site,Boleto,2,Pendente,Correios,Atrasado
4189,PED-85115,2025-10-29,2025-03-10,895,Sra. Alícia Cirino,jsa@example.org,Aragão,AL,Eletrônicos,Explicabo,Nike,5,2843.59,377.36,0,73.55,SITE,Débito,1,Recusado,Total Express,Entregue
4190,PED-42624,2026-01-19,2025-01-17,430,Emanuella Araújo,joao-felipealbuquerque@example.com,Costela do Amparo,MS,Roupas,Pariatur,Apple,1,3174.85,902.97,10,20.11,app,Boleto,6,aprovado,Total Express,Em trânsito
4191,PED-56405,2024-12-05,2025-01-15,46,Caio Câmara,pda-costa@example.org,Cavalcante de Farias,RJ,Roupas,Doloremque,Genérica,1,2032.06,407.18,10,79.82,Site,Boleto,3,aprovado,Total Express,Atrasado
4192,PED-89939,2024-10-03,2025-03-13,1103,Ana Luiza Campos,jsilveira@example.org,Martins do Campo,BA,eletronicos,Provident,Samsung,5,2294.32,1051.28,10,65.69,Site,Boleto,1,Pendente,Correios,Atrasado
4193,PED-73990,2025-08-01,2025-08-27,9,Catarina Vargas,galbuquerque@example.org,Vieira Grande,AL,eletronicos,Voluptate,Adidas,4,2993.8,1032.7,30,115.28,Aplicativo,Débito,1,aprovado,Correios,Entregue
4194,PED-28110,2026-01-25,2025-04-14,517,Beatriz Macedo,duartecaroline@example.com,Pinto,RJ,eletronicos,Labore,Nike,2,1612.83,3053.96,30,25.78,app,Crédito,1,Recusado,Jadlog,Entregue
4195,PED-48483,2025-04-18,2025-03-02,702,Emanuelly Vieira,vteixeira@example.org,Araújo,AP,eletronicos,Quibusdam,Adidas,4,3297.82,1918.17,10,41.66,Site,Pix,1,Pendente,Jadlog,Atrasado
4196,PED-21832,2025-11-15,2025-12-13,907,Stephany Nogueira,sampaioana-julia@example.org,Camargo da Praia,RS,Casa,Eius,LG,2,992.16,318.96,0,54.99,App,Crédito,2,Recusado,Correios,Em trânsito
4197,PED-38433,2024-03-24,2025-02-09,362,Alícia Gonçalves,benicio78@example.net,Vasconcelos dos Dourados,DF,Beleza,Non,Apple,2,974.89,2933.61,30,64.51,SITE,Pix,6,Recusado,Correios,Atrasado
4198,PED-86969,2024-09-01,2026-01-19,756,Manuela Peixoto,nunesluna@example.com,Brito do Oeste,PB,Roupas,Fuga,Samsung,5,2299.72,2132.67,10,38.18,App,Boleto,1,Aprovado,Total Express,Em trânsito
4199,PED-97661,2024-05-11,2025-10-01,923,Maitê Aparecida,ypacheco@example.org,Cunha,TO,Eletrônicos,Consequuntur,Nike,4,663.85,2781.38,0,12.42,Aplicativo,Débito,1,Aprovado,Jadlog,Entregue
4200,PED-96426,2025-04-09,2025-04-23,919,Luara da Conceição,gomespedro@example.org,da Rosa,SC,Casa,Modi,Samsung,3,2163.58,1034.14,10,19.8,app,Pix,3,aprovado,Jadlog,Entregue
4201,PED-55677,2025-10-25,2024-04-30,353,Esther Caldeira,maria-luiza03@example.com,Cardoso de Porto,ES,Beleza,Dignissimos,Genérica,2,70.03,2642.59,20,16.02,Site,Crédito,3,aprovado,Correios,Atrasado
4202,PED-72119,2025-05-27,2025-11-27,1029,Maria Isis Pinto,arthur70@example.org,Gomes,AM,Eletrônicos,Deleniti,Adidas,5,1824.75,679.45,0,69.63,SITE,Pix,1,Aprovado,Correios,Atrasado
4203,PED-87775,2024-08-12,2024-08-04,561,Yan Vargas,lcirino@example.org,Duarte do Norte,PE,eletronicos,Sunt,Apple,3,2391.64,1744.34,0,25.39,SITE,Boleto,12,aprovado,Total Express,Atrasado
4204,PED-11472,2025-01-10,2024-03-05,344,Isabel Fonseca,cassianoalana@example.net,Pinto,RR,Roupas,Aperiam,Samsung,1,103.33,2370.35,0,20.33,app,Débito,12,Recusado,Jadlog,Atrasado
4205,PED-84793,2024-06-23,2024-08-11,1050,Sra. Juliana Abreu,pereiraeloa@example.org,Monteiro de Pastor,PE,Beleza,Magnam,Apple,3,2771.44,2434.99,30,80.1,SITE,Débito,2,Aprovado,Correios,Entregue
4206,PED-32378,2024-10-28,2025-03-04,614,Clarice da Rosa,caleb03@example.com,Silva,CE,Eletrônicos,Perferendis,Adidas,1,3002.09,1663.86,30,3.85,SITE,Boleto,12,Aprovado,Jadlog,Entregue
4207,PED-55502,2025-09-20,2024-04-19,101,Pedro Lucas Rodrigues,laiscampos@example.org,Sá de Correia,AC,Casa,Deleniti,Adidas,3,562.05,1365.23,20,61.21,app,Pix,12,aprovado,Total Express,Entregue
4208,PED-80956,2025-07-24,2024-10-03,669,Nina Viana,abarbosa@example.net,Silveira da Prata,MT,Eletrônicos,Nulla,LG,1,2743.51,534.0,20,50.0,Aplicativo,Crédito,1,Pendente,Total Express,Em trânsito
4209,PED-85739,2024-04-19,2025-01-15,575,Thiago da Cunha,marcos-vinicius37@example.org,da Cruz da Prata,AC,Eletrônicos,Eum,Samsung,4,429.43,3473.8,0,28.17,App,Boleto,1,Pendente,Correios,Atrasado
4210,PED-55077,2024-11-28,2025-09-07,44,Hellena Pires,carlos-eduardopereira@example.org,Sampaio de Martins,AP,Eletrônicos,Accusamus,Apple,3,2127.59,1519.95,0,62.54,SITE,Pix,12,aprovado,Total Express,Entregue
4211,PED-83973,2024-02-11,2025-07-22,905,Luiza Pires,qcampos@example.org,Cavalcanti de Montenegro,AC,Beleza,Ad,Genérica,4,2219.04,306.71,0,117.34,SITE,Pix,6,Recusado,Jadlog,Entregue
4212,PED-86221,2024-05-14,2024-02-07,619,Lavínia Fogaça,kbrito@example.net,da Rocha de Vasconcelos,SE,Casa,Praesentium,Genérica,4,228.07,1663.67,0,72.02,Site,Crédito,1,Recusado,Correios,Entregue
4213,PED-62640,2024-11-22,2024-02-27,457,José Pedro Sales,da-conceicaoemilly@example.net,Duarte de Goiás,SP,Roupas,Nesciunt,Adidas,2,444.7,3270.38,0,24.24,Site,Pix,12,Aprovado,Jadlog,Em trânsito
4214,PED-79871,2025-01-11,2024-11-20,1113,Larissa Pimenta,nascimentomaria-fernanda@example.net,Fogaça,RS,Casa,Dolorum,Nike,2,2872.19,430.26,30,77.89,SITE,Boleto,1,Pendente,Correios,Entregue
4215,PED-54937,2025-11-23,2024-03-08,623,Rafael Câmara,pintoamanda@example.org,Souza,BA,eletronicos,Ratione,Samsung,1,2962.08,2454.07,20,74.48,App,Pix,3,Aprovado,Total Express,Entregue
4216,PED-60647,2024-03-03,2025-03-12,667,Milena Casa Grande,jose-pedro01@example.net,Machado,PA,Beleza,Quibusdam,LG,1,1691.72,853.08,30,46.8,App,Crédito,1,aprovado,Correios,Entregue
4217,PED-69054,2024-03-20,2025-02-19,541,Eloá Monteiro,lais38@example.net,Rios do Amparo,AL,Eletrônicos,Praesentium,Genérica,1,2464.81,2005.53,0,106.87,Site,Crédito,2,aprovado,Total Express,Entregue
4218,PED-33746,2025-07-27,2025-06-22,561,Enzo Costela,dantenunes@example.com,Nunes,SE,Roupas,A,Apple,2,1376.31,2717.06,20,98.76,App,Crédito,6,Aprovado,Total Express,Atrasado
4219,PED-73847,2025-11-19,2024-11-27,1026,Joaquim Moreira,bentoazevedo@example.org,Castro das Pedras,PI,Roupas,Mollitia,LG,1,3468.43,2113.49,0,34.2,SITE,Boleto,3,Aprovado,Total Express,Entregue
4220,PED-45352,2024-08-24,2025-08-26,752,Alícia Ribeiro,abreuclara@example.org,Sampaio Verde,SE,Beleza,Iure,Genérica,3,1891.74,2100.96,0,116.96,App,Pix,1,Aprovado,Total Express,Entregue
4221,PED-14385,2025-09-21,2025-04-17,12,Leandro Freitas,bbrito@example.net,Araújo dos Dourados,AC,Casa,Ullam,Adidas,3,1432.51,1916.22,20,64.29,SITE,Débito,1,Aprovado,Jadlog,Em trânsito
4222,PED-87214,2024-09-28,2024-05-16,345,Luiz Felipe Siqueira,vianacaue@example.org,da Costa,SE,Casa,Laudantium,Nike,3,109.37,3208.5,30,28.52,Site,Boleto,1,Aprovado,Jadlog,Atrasado
4223,PED-85319,2024-10-11,2025-11-29,1161,Caroline Guerra,jesuspaulo@example.com,Souza do Norte,RO,Eletrônicos,Unde,Genérica,4,1009.41,1829.83,0,45.06,Site,Crédito,3,Aprovado,Jadlog,Atrasado
4224,PED-59262,2024-05-28,2024-05-13,757,Antônio da Cunha,luiz-otavio74@example.com,Barbosa da Praia,CE,Eletrônicos,Harum,Samsung,3,2138.32,2912.3,0,64.84,App,Débito,6,Pendente,Jadlog,Atrasado
4225,PED-45590,2024-11-09,2025-07-22,725,Danilo Rezende,caio46@example.com,Garcia de da Rocha,PE,Roupas,Quae,Genérica,5,725.16,699.33,20,43.72,Aplicativo,Boleto,6,Recusado,Jadlog,Atrasado
4226,PED-42212,2025-01-10,2025-08-12,524,Melina Porto,olivia88@example.org,Abreu Verde,PI,Casa,Eveniet,Adidas,1,2786.02,2702.92,10,62.07,app,Crédito,1,Pendente,Total Express,Atrasado
4227,PED-83127,2025-10-16,2024-04-28,770,Dr. Danilo Correia,da-costaoliver@example.net,Teixeira,AL,eletronicos,Repellat,Apple,1,329.19,1652.01,30,97.86,Site,Boleto,6,Aprovado,Jadlog,Atrasado
4228,PED-65551,2025-04-22,2024-12-05,264,Luiz Otávio Moura,luiz-miguel91@example.org,Dias,ES,eletronicos,Nam,Genérica,2,1178.36,3216.23,20,13.68,app,Crédito,1,Pendente,Jadlog,Em trânsito
4229,PED-22910,2024-06-12,2024-04-30,743,Maria Luiza Pimenta,ana-julia20@example.net,Cassiano,RJ,Eletrônicos,Veniam,Adidas,1,1601.96,1784.88,0,37.33,App,Boleto,2,Pendente,Total Express,Entregue
4230,PED-18008,2025-08-13,2026-01-06,521,Augusto Dias,xda-rosa@example.org,Costela Verde,RJ,eletronicos,Tempore,LG,5,1580.98,1468.96,10,11.1,App,Pix,1,Recusado,Total Express,Em trânsito
4231,PED-67729,2025-07-21,2025-09-24,1164,Sr. Joaquim Silva,alvescecilia@example.com,Brito,MS,Roupas,Consectetur,Samsung,5,1398.76,927.22,20,2.14,Site,Pix,1,Aprovado,Jadlog,Em trânsito
4232,PED-94524,2025-03-22,2025-09-08,616,Benjamin Abreu,da-rosakevin@example.net,Albuquerque,PR,Roupas,Vel,Adidas,4,636.37,2615.21,0,17.36,Site,Boleto,1,aprovado,Total Express,Atrasado
4233,PED-69867,2026-01-17,2024-07-08,445,Rodrigo Abreu,ravy49@example.org,Oliveira de Minas,SC,Beleza,Explicabo,Genérica,1,1628.33,1442.76,30,48.28,App,Débito,12,Recusado,Total Express,Em trânsito
4234,PED-33820,2025-01-20,2025-05-10,29,Srta. Sara Campos,tmarques@example.net,da Mata das Flores,MT,eletronicos,Tenetur,Samsung,3,1708.82,2098.36,0,48.53,App,Crédito,1,aprovado,Jadlog,Em trânsito
4235,PED-17653,2024-04-26,2024-12-29,969,Luiz Otávio Peixoto,emanuelrodrigues@example.net,da Cruz,PB,Casa,Tempora,Adidas,2,1552.68,1179.17,30,95.69,Aplicativo,Crédito,12,Aprovado,Total Express,Entregue
4236,PED-29171,2025-01-23,2025-12-14,942,Sr. Oliver Moreira,ununes@example.com,Lopes Paulista,RS,Eletrônicos,Itaque,Nike,4,641.07,3005.08,20,77.54,App,Débito,2,Aprovado,Correios,Em trânsito
4237,PED-92475,2025-11-10,2025-10-19,917,Clara Costela,kferreira@example.com,Cunha,SE,eletronicos,Beatae,Nike,3,1208.41,282.31,0,15.26,Aplicativo,Crédito,1,Recusado,Total Express,Em trânsito
4238,PED-27897,2024-05-15,2024-05-01,927,Srta. Milena da Rosa,camarabernardo@example.com,da Conceição de Rezende,SE,Eletrônicos,Quod,Samsung,5,491.64,747.77,0,77.24,Site,Crédito,1,Recusado,Total Express,Entregue
4239,PED-15647,2025-01-18,2025-06-27,565,Otávio Rocha,jose-miguelcampos@example.net,Guerra da Serra,PB,Casa,Architecto,Nike,3,108.9,1613.42,20,110.89,App,Débito,1,Aprovado,Correios,Em trânsito
4240,PED-62901,2024-08-04,2024-05-09,605,Pedro Machado,francisco84@example.org,Montenegro da Mata,SP,Beleza,Fuga,Apple,3,2982.96,663.08,30,66.67,Aplicativo,Pix,1,Aprovado,Total Express,Em trânsito
4241,PED-81162,2025-08-10,2024-06-11,485,Ana Lívia Costa,da-motamaria-julia@example.org,Nogueira,RJ,eletronicos,Laboriosam,Nike,3,1991.36,432.11,0,98.46,app,Boleto,1,Recusado,Total Express,Em trânsito
4242,PED-18274,2025-12-27,2024-02-20,775,Juliana Nunes,fazevedo@example.net,Jesus da Prata,RS,Casa,Aperiam,Apple,5,771.88,212.65,0,19.32,Aplicativo,Crédito,2,Aprovado,Correios,Atrasado
4243,PED-30439,2025-11-14,2025-04-23,172,Maria Helena Ribeiro,cassianoluigi@example.org,Moreira da Serra,GO,Roupas,Incidunt,LG,4,956.86,2853.02,30,10.51,SITE,Pix,1,aprovado,Correios,Atrasado
4244,PED-81584,2025-06-02,2024-10-09,391,Dr. Diogo Moreira,hmacedo@example.com,Sousa dos Dourados,SP,eletronicos,Dolor,LG,1,2999.33,318.94,20,85.6,app,Pix,1,Recusado,Total Express,Em trânsito
4245,PED-72056,2024-11-08,2025-07-02,895,Maria Liz Nascimento,zpastor@example.net,Oliveira,SC,Casa,Modi,Adidas,4,569.37,745.63,10,99.99,Site,Boleto,1,aprovado,Correios,Entregue
4246,PED-49986,2026-01-31,2024-05-24,752,Laura Nunes,nleao@example.com,Vasconcelos do Galho,RN,Casa,Asperiores,Genérica,3,471.39,3429.32,10,40.89,App,Débito,1,Aprovado,Correios,Entregue
4247,PED-34237,2025-03-20,2024-11-13,600,Benjamim Nunes,laiscasa-grande@example.org,Garcia do Galho,SC,eletronicos,Facilis,Apple,2,3389.28,1602.86,10,118.96,App,Débito,1,aprovado,Total Express,Atrasado
4248,PED-56608,2024-05-27,2026-01-20,174,Dr. Fernando Mendonça,saleseduardo@example.com,Costa do Amparo,SC,Beleza,Esse,Adidas,5,1608.23,2615.76,0,7.93,App,Débito,3,aprovado,Jadlog,Entregue
4249,PED-90677,2024-02-12,2024-10-28,1185,Eduardo Monteiro,pribeiro@example.org,Barbosa da Praia,BA,eletronicos,Corrupti,Genérica,1,1504.77,1675.5,30,30.8,Site,Crédito,6,Aprovado,Jadlog,Atrasado
4250,PED-42189,2025-07-25,2024-03-17,154,Dr. Calebe Macedo,sarahpastor@example.net,Pereira,GO,Eletrônicos,Quis,Samsung,1,2163.31,445.81,30,91.92,Aplicativo,Crédito,1,Recusado,Correios,Atrasado
4251,PED-16136,2024-09-12,2024-04-26,638,Stephany Andrade,bianca54@example.net,Monteiro,AM,Beleza,Dolores,LG,4,3149.76,1895.21,10,85.21,Site,Crédito,1,Recusado,Correios,Em trânsito
4252,PED-99868,2024-05-06,2025-12-30,372,Davi Nascimento,da-motavinicius@example.net,Montenegro,AP,eletronicos,Neque,Nike,5,843.83,2029.26,0,88.54,Site,Débito,1,aprovado,Correios,Em trânsito
4253,PED-45108,2024-07-01,2025-01-24,1083,Ravi Barbosa,ana-luizacunha@example.net,Pimenta,PA,Beleza,Impedit,Adidas,1,1746.42,3490.86,20,98.05,Aplicativo,Pix,2,Pendente,Jadlog,Em trânsito
4254,PED-50877,2025-03-26,2024-07-13,437,Calebe Andrade,cunhamaria-helena@example.org,Novaes de Rocha,RN,Beleza,Labore,LG,5,3344.65,1961.75,0,30.76,SITE,Crédito,1,Recusado,Jadlog,Atrasado
4255,PED-40993,2024-09-22,2025-03-01,531,Luiz Henrique da Luz,msa@example.com,Lopes de Lima,TO,Casa,Repellat,LG,5,2476.71,3398.39,0,113.9,Aplicativo,Crédito,6,Recusado,Total Express,Em trânsito
4256,PED-81320,2026-01-31,2024-07-09,247,Amanda Porto,ester21@example.org,Guerra,ES,Beleza,Nam,Apple,2,613.57,2268.05,0,81.48,app,Pix,1,Pendente,Total Express,Em trânsito
4257,PED-80237,2025-03-23,2025-07-22,623,Igor Silva,agathavieira@example.com,Rios da Prata,CE,Beleza,Fugiat,LG,4,2735.14,2779.16,30,37.25,App,Crédito,6,Recusado,Correios,Entregue
4258,PED-92486,2024-08-12,2024-11-13,754,Daniela Cavalcanti,maria-helenasampaio@example.net,Porto de Pimenta,AP,Casa,Occaecati,Apple,5,2613.14,371.03,0,45.53,Site,Boleto,1,aprovado,Correios,Atrasado
4259,PED-21182,2024-11-25,2025-10-21,553,Luara da Cruz,vitorda-luz@example.net,da Mata do Amparo,BA,eletronicos,Magni,Adidas,2,1570.33,2760.89,30,47.59,SITE,Débito,6,Recusado,Jadlog,Em trânsito
4260,PED-58092,2025-08-17,2024-08-09,302,Théo Sampaio,levi66@example.net,Cirino Grande,SP,Roupas,Architecto,Genérica,5,2735.06,2934.08,10,20.73,Site,Boleto,12,Pendente,Jadlog,Atrasado
4261,PED-97452,2024-03-12,2025-12-14,446,Natália Brito,ccardoso@example.net,Santos,PB,Eletrônicos,A,Adidas,4,1987.65,882.13,20,73.42,SITE,Pix,2,Pendente,Correios,Entregue
4262,PED-72767,2024-05-27,2025-04-27,704,Srta. Mariane Rodrigues,laurada-cruz@example.com,Costela do Oeste,MG,eletronicos,Ab,Adidas,1,2867.73,350.88,30,93.98,app,Débito,3,aprovado,Total Express,Atrasado
4263,PED-83981,2024-10-26,2024-08-30,172,Ana Liz Cavalcante,nataliada-paz@example.org,Mendes,MA,Beleza,Expedita,Genérica,2,3097.57,2545.58,0,53.09,app,Pix,3,Recusado,Jadlog,Entregue
4264,PED-57611,2024-09-17,2024-12-26,76,Luiz Felipe Abreu,umonteiro@example.net,Novaes de Sousa,RR,Casa,Voluptas,Adidas,1,1242.73,2412.17,0,49.74,Aplicativo,Pix,2,Pendente,Correios,Entregue
4265,PED-71535,2024-09-17,2025-10-20,805,Clarice Viana,isabellacastro@example.net,Casa Grande,RO,eletronicos,Ad,Genérica,4,3070.63,661.17,0,98.16,Site,Pix,1,Recusado,Jadlog,Em trânsito
4266,PED-20916,2025-05-07,2024-06-04,550,Isis Teixeira,laisfarias@example.com,Sousa,SP,Beleza,Debitis,Adidas,4,1233.19,2293.17,0,35.53,Aplicativo,Débito,1,Recusado,Jadlog,Em trânsito
4267,PED-47213,2024-05-11,2025-01-06,684,Gabriel Campos,bmendes@example.net,Correia,MS,Eletrônicos,Quo,Samsung,2,2311.27,532.29,20,116.89,app,Pix,3,Aprovado,Correios,Entregue
4268,PED-26795,2025-06-08,2025-06-06,110,Olivia Machado,mateus74@example.net,da Luz,AC,Roupas,Placeat,Adidas,2,242.9,2030.05,20,85.5,Site,Débito,6,aprovado,Correios,Atrasado
4269,PED-15188,2024-10-11,2024-11-12,338,Maria Julia da Mota,maria-sophia88@example.net,Pacheco dos Dourados,GO,Roupas,Tempora,Samsung,4,1522.2,3208.81,20,52.64,Aplicativo,Débito,6,aprovado,Total Express,Entregue
4270,PED-59564,2026-01-04,2024-04-08,838,Noah Lima,laisrodrigues@example.org,da Mata,PA,Casa,Fugit,LG,1,2408.69,113.45,0,71.8,Aplicativo,Boleto,1,Recusado,Total Express,Em trânsito
4271,PED-86065,2025-12-17,2025-12-22,839,Cauã Souza,wfonseca@example.org,Peixoto da Serra,MS,eletronicos,Id,LG,5,1257.63,112.87,0,16.93,SITE,Pix,1,aprovado,Correios,Entregue
4272,PED-31206,2025-02-23,2025-03-13,693,Dr. Davi Lucas Aragão,psampaio@example.net,Alves,DF,eletronicos,Nobis,LG,2,1539.2,941.66,10,69.78,Aplicativo,Crédito,2,Pendente,Total Express,Em trânsito
4273,PED-66974,2024-04-03,2025-03-10,612,Miguel Pereira,andre44@example.net,Marques da Serra,RO,Roupas,Natus,Samsung,2,2222.93,974.17,0,22.02,Site,Pix,12,Recusado,Total Express,Em trânsito
4274,PED-33664,2025-02-16,2026-01-04,39,Sr. Liam Viana,snascimento@example.com,Correia Grande,PB,Roupas,Odio,LG,3,3433.37,611.4,10,97.26,app,Pix,12,Recusado,Jadlog,Entregue
4275,PED-30202,2025-10-31,2025-03-04,794,Isabela Martins,da-motajuan@example.org,Vieira,PE,Beleza,Nihil,LG,3,97.42,3386.14,0,87.27,Site,Boleto,1,aprovado,Total Express,Atrasado
4276,PED-46952,2025-11-30,2025-11-02,1185,Anna Liz Vargas,enrico09@example.org,Dias,PI,Beleza,Aliquid,Apple,5,566.74,2564.46,20,76.11,app,Boleto,2,Aprovado,Correios,Entregue
4277,PED-62417,2024-05-09,2024-11-24,698,Daniela da Conceição,andradeeduarda@example.net,Marques,MT,eletronicos,Quo,Adidas,3,1033.58,1125.16,0,3.84,SITE,Débito,6,Pendente,Correios,Em trânsito
4278,PED-22530,2025-03-10,2025-06-18,886,Diego Monteiro,souzaana@example.com,Rezende,MA,eletronicos,Labore,Genérica,4,111.62,2251.04,10,109.46,SITE,Crédito,1,Recusado,Correios,Entregue
4279,PED-95174,2024-08-04,2025-08-20,602,Srta. Carolina Montenegro,freitasmaria-laura@example.com,Macedo de Pimenta,MA,Eletrônicos,Laborum,Nike,5,2167.49,832.43,10,56.84,app,Crédito,1,Recusado,Total Express,Em trânsito
4280,PED-86768,2025-08-24,2024-02-09,206,Ravi da Rocha,marquesbrayan@example.net,Moreira do Norte,TO,Roupas,Ea,Adidas,1,2607.0,3031.77,0,105.84,App,Boleto,3,Recusado,Total Express,Entregue
4281,PED-50411,2024-04-04,2026-01-09,215,Rael Gonçalves,claracampos@example.com,da Costa das Pedras,RS,Roupas,Error,Nike,1,947.96,2395.6,20,55.55,app,Pix,12,Aprovado,Jadlog,Atrasado
4282,PED-62505,2025-10-01,2024-02-25,329,Lunna Cunha,kda-costa@example.com,Oliveira de da Rocha,AC,eletronicos,Quidem,Adidas,1,3275.8,738.37,30,92.15,Site,Crédito,2,Recusado,Total Express,Entregue
4283,PED-50390,2025-05-07,2024-12-05,979,Brayan Abreu,kamillyandrade@example.net,Guerra,MS,Casa,Odit,Genérica,2,842.66,2743.41,30,117.33,app,Pix,2,Aprovado,Jadlog,Entregue
4284,PED-51214,2024-06-22,2025-05-11,1181,Bruna Marques,guilhermepacheco@example.com,Alves da Praia,MA,eletronicos,Ut,Adidas,3,528.12,3083.98,10,58.84,Aplicativo,Pix,1,Pendente,Jadlog,Entregue
4285,PED-68275,2024-11-26,2024-12-20,574,João Vitor Freitas,bento33@example.net,Rodrigues,PE,Casa,Cumque,Genérica,4,2683.46,1570.62,0,99.28,SITE,Boleto,1,Pendente,Jadlog,Entregue
4286,PED-62044,2025-06-25,2024-02-10,140,Raul Peixoto,mrios@example.net,Mendonça,PB,Eletrônicos,Cumque,Samsung,4,2827.66,1323.24,0,118.87,SITE,Pix,1,Pendente,Correios,Em trânsito
4287,PED-78439,2024-03-13,2024-04-19,1012,Melissa Monteiro,theo04@example.com,Siqueira,SE,Roupas,Nesciunt,Nike,5,615.59,1453.35,0,32.75,SITE,Débito,1,Aprovado,Correios,Entregue
4288,PED-20732,2025-07-11,2025-11-20,56,Isis da Rocha,maria-ceciliaaragao@example.org,Nogueira,AM,eletronicos,Quod,Genérica,5,1855.85,2443.01,0,68.59,Site,Pix,1,Aprovado,Correios,Entregue
4289,PED-26939,2025-04-05,2026-01-05,94,Maria Cecília Martins,ravyleao@example.net,Moura,BA,Eletrônicos,Distinctio,Genérica,4,2852.25,1662.58,30,67.21,App,Boleto,3,Pendente,Correios,Atrasado
4290,PED-45925,2025-05-10,2025-05-12,266,Vinícius Cirino,agathaaraujo@example.com,Sampaio,AL,eletronicos,Fugit,Adidas,1,692.04,283.7,0,38.65,app,Débito,1,Pendente,Total Express,Entregue
4291,PED-76705,2025-11-16,2024-06-19,52,Isabella da Mota,yan97@example.com,Cunha da Mata,SP,Casa,Illum,Samsung,5,672.52,1835.03,0,53.83,SITE,Boleto,6,Recusado,Correios,Em trânsito
4292,PED-45980,2025-04-19,2024-02-05,366,Maria Cecília Brito,jose-pedro35@example.org,Viana do Galho,TO,Roupas,Error,Genérica,4,259.61,644.22,20,105.35,App,Pix,2,Pendente,Jadlog,Atrasado
4293,PED-92031,2025-11-27,2026-01-30,270,Alícia Novais,xsilva@example.net,da Cruz,PA,Eletrônicos,Voluptatum,Nike,2,2022.4,564.48,0,84.09,app,Boleto,1,Pendente,Total Express,Entregue
4294,PED-37274,2024-08-12,2025-06-23,620,Dante Novaes,vianabento@example.net,Borges,PI,Roupas,Illum,LG,2,2058.48,3313.66,0,65.87,app,Crédito,6,aprovado,Total Express,Atrasado
4295,PED-52228,2025-03-15,2024-03-17,798,Breno Vasconcelos,arthurmacedo@example.net,Guerra,PA,Beleza,Et,Adidas,1,3349.49,1972.08,0,0.23,SITE,Boleto,3,aprovado,Jadlog,Atrasado
4296,PED-27285,2025-11-20,2025-01-07,776,João Lucas Cunha,ralves@example.org,Marques de Minas,GO,Beleza,Ratione,Genérica,3,2181.92,1071.47,30,105.05,App,Boleto,3,Aprovado,Jadlog,Em trânsito
4297,PED-69728,2025-01-18,2025-07-14,669,Dra. Bruna Sousa,pimentajoao-guilherme@example.org,Fonseca,GO,Eletrônicos,Quibusdam,LG,2,3140.1,2233.78,0,48.1,Site,Boleto,1,aprovado,Correios,Atrasado
4298,PED-77839,2025-11-13,2025-04-26,301,Eduardo Nascimento,henrymendonca@example.com,Barbosa do Amparo,MS,Eletrônicos,Veritatis,Genérica,1,97.58,2245.87,20,56.71,Site,Boleto,6,Pendente,Total Express,Atrasado
4299,PED-28208,2025-12-30,2025-06-25,550,Nicolas da Cruz,ana-ceciliamoraes@example.org,da Rocha,AM,Casa,Unde,LG,3,748.73,2153.19,0,21.72,SITE,Crédito,1,Aprovado,Jadlog,Atrasado
4300,PED-12736,2026-01-19,2024-11-15,420,Larissa Camargo,luiz-henrique90@example.com,da Paz,MG,Roupas,Ad,Adidas,2,2718.87,3172.65,30,107.55,SITE,Débito,2,aprovado,Correios,Em trânsito
4301,PED-43953,2024-06-22,2025-06-03,284,Gael Henrique Camargo,garagao@example.org,da Cunha,PR,Roupas,Consequuntur,Samsung,4,2981.32,1829.34,20,63.0,Site,Pix,12,Recusado,Total Express,Atrasado
4302,PED-31856,2024-11-24,2025-05-29,337,Bento Nogueira,josecostela@example.org,Albuquerque de Jesus,PE,eletronicos,Amet,Genérica,2,487.82,1782.29,30,36.13,Aplicativo,Crédito,3,Pendente,Correios,Entregue
4303,PED-76626,2024-09-24,2024-04-07,193,Ian Abreu,calebvasconcelos@example.org,da Cruz,ES,Beleza,Possimus,Nike,2,556.14,3209.52,0,28.79,SITE,Boleto,12,Recusado,Total Express,Atrasado
4304,PED-33405,2024-07-18,2024-05-17,166,Dra. Sofia Barbosa,cassianothiago@example.net,Pastor,RO,Roupas,Quisquam,LG,3,2897.66,937.88,0,18.52,Site,Crédito,12,Recusado,Total Express,Atrasado
4305,PED-99301,2025-04-09,2025-06-09,1009,Sra. Carolina da Rocha,vieiraclara@example.com,Viana das Pedras,AL,Roupas,Atque,LG,2,3184.58,2318.82,20,81.95,Aplicativo,Débito,1,aprovado,Jadlog,Em trânsito
4306,PED-77516,2025-10-30,2025-07-09,747,Isaac Fogaça,almeidapedro@example.org,Machado,AC,Eletrônicos,Voluptas,Adidas,2,2752.35,1560.92,0,101.59,SITE,Crédito,12,Aprovado,Jadlog,Atrasado
4307,PED-10580,2024-10-28,2026-01-05,1128,Sra. Stella Duarte,ocastro@example.com,Garcia Alegre,AC,eletronicos,Debitis,Samsung,4,1731.91,3344.49,30,79.7,Aplicativo,Pix,3,Recusado,Total Express,Atrasado
4308,PED-67903,2025-07-04,2024-05-07,997,Srta. Maria Flor Aparecida,emachado@example.org,Fonseca,PI,Eletrônicos,Doloremque,Genérica,3,1663.94,858.58,0,39.89,SITE,Débito,2,Aprovado,Correios,Entregue
4309,PED-80014,2024-11-19,2024-06-14,597,Gael Alves,davi-lucca50@example.org,Fogaça de Goiás,RN,Eletrônicos,Dolorum,LG,4,2099.79,1048.58,10,45.58,Site,Débito,2,Aprovado,Correios,Atrasado
4310,PED-98674,2025-07-10,2025-12-06,90,Sr. Antony Cirino,britobarbara@example.org,da Cunha da Serra,AP,Casa,Dignissimos,Adidas,4,583.87,1916.32,20,95.71,App,Débito,1,Recusado,Total Express,Entregue
4311,PED-69578,2024-02-25,2026-01-21,672,Ian Ribeiro,camargorenan@example.com,Marques,TO,Casa,Et,Samsung,4,2522.37,3147.95,10,18.15,Site,Boleto,12,Aprovado,Correios,Entregue
4312,PED-68485,2025-12-14,2025-12-19,658,Sr. Thomas Costa,hpacheco@example.com,Câmara de Macedo,PB,Roupas,Aut,LG,4,1618.62,3060.12,10,29.74,Site,Crédito,2,Pendente,Total Express,Em trânsito
4313,PED-48940,2025-07-07,2026-01-29,534,Eloá Barros,da-cunhapedro-henrique@example.org,Cardoso,ES,Beleza,Voluptate,Adidas,5,1994.61,196.47,30,58.91,Site,Boleto,2,Pendente,Total Express,Atrasado
4314,PED-77534,2024-08-31,2025-07-30,108,Mateus Câmara,helenada-costa@example.net,Fernandes,MA,eletronicos,Voluptatem,Samsung,2,3420.91,3445.32,20,101.85,SITE,Crédito,1,aprovado,Correios,Em trânsito
4315,PED-25815,2025-04-17,2024-09-12,1093,Mariana Azevedo,anthonyda-mata@example.com,Melo,MG,Casa,Ex,Samsung,3,2488.66,2775.53,0,119.11,SITE,Débito,1,aprovado,Total Express,Entregue
4316,PED-34952,2024-09-10,2026-01-30,757,Ester Rodrigues,rhavi84@example.org,Moura,SC,Roupas,Magnam,Apple,1,2902.76,910.04,30,26.41,SITE,Pix,12,Aprovado,Jadlog,Atrasado
4317,PED-77483,2025-10-26,2025-01-25,1118,Alana Nascimento,clararamos@example.net,Gomes,MT,Eletrônicos,Vel,Adidas,5,1770.31,1309.18,20,55.5,SITE,Débito,6,aprovado,Jadlog,Atrasado
4318,PED-15111,2025-05-19,2025-10-08,294,Luiz Henrique Melo,cecilia83@example.com,Cardoso,RR,Beleza,Occaecati,Apple,5,2961.43,1416.56,20,11.3,Site,Boleto,1,Aprovado,Jadlog,Em trânsito
4319,PED-70290,2024-05-10,2025-04-21,1151,Benjamim da Conceição,milenanovaes@example.com,Casa Grande,SE,Casa,Atque,Apple,1,2700.91,1922.81,10,69.46,app,Pix,3,Pendente,Jadlog,Entregue
4320,PED-71301,2025-12-10,2025-05-31,778,Luiza Nunes,aliciada-rocha@example.com,Barbosa de Pinto,PR,Beleza,Porro,Adidas,4,2971.24,2876.48,0,99.04,app,Crédito,1,Recusado,Correios,Entregue
4321,PED-23866,2024-12-24,2024-11-18,703,Heitor Vargas,melissa22@example.net,Moreira Alegre,SE,Roupas,Nam,Genérica,2,1569.21,3402.98,0,40.11,Aplicativo,Débito,1,Aprovado,Total Express,Atrasado
4322,PED-16090,2025-07-29,2025-09-29,1077,Gustavo Henrique Oliveira,danilorocha@example.org,Duarte dos Dourados,AL,Casa,Perferendis,Apple,3,1785.91,655.18,0,1.98,SITE,Boleto,12,aprovado,Jadlog,Atrasado
4323,PED-58802,2026-01-01,2025-11-23,325,Gabriel Cunha,beatrizoliveira@example.com,Ramos,PE,Eletrônicos,Animi,Genérica,3,2956.95,629.71,30,116.54,SITE,Débito,1,Aprovado,Total Express,Em trânsito
4324,PED-39046,2024-02-03,2024-09-12,589,Maria Luiza Pimenta,henriquepeixoto@example.net,Ferreira,AL,Eletrônicos,Placeat,Genérica,4,1373.79,3029.59,20,19.04,Aplicativo,Boleto,12,Recusado,Total Express,Em trânsito
4325,PED-27282,2024-07-13,2025-02-13,953,Melina da Conceição,rochasara@example.com,Gonçalves,MG,Casa,Natus,Nike,1,2304.53,1805.8,0,48.89,App,Débito,6,Recusado,Jadlog,Atrasado
4326,PED-53432,2026-02-01,2024-11-03,902,Ester da Conceição,costelajoaquim@example.org,Carvalho das Pedras,MT,Roupas,Laudantium,Samsung,5,1364.4,1906.92,0,82.88,app,Boleto,12,Pendente,Correios,Em trânsito
4327,PED-48048,2024-03-13,2026-01-06,821,Lorenzo Barros,anthony74@example.net,Duarte,GO,eletronicos,Voluptatem,Adidas,2,1998.95,2683.32,10,90.23,Aplicativo,Crédito,1,aprovado,Total Express,Entregue
4328,PED-81266,2025-06-20,2024-02-13,132,Sr. Augusto Cirino,fcostela@example.com,Cavalcanti da Mata,PB,Eletrônicos,Facere,Samsung,1,160.26,2981.27,10,64.85,Site,Débito,6,Pendente,Correios,Em trânsito
4329,PED-93803,2024-04-30,2024-12-14,513,Sofia Marques,laisnovaes@example.com,Rios,MS,Eletrônicos,Quisquam,Adidas,5,1722.11,2620.63,0,109.39,SITE,Pix,1,Aprovado,Total Express,Entregue
4330,PED-40262,2024-03-05,2025-02-01,308,Alexia Pires,alexandrenascimento@example.net,Cavalcante,SC,eletronicos,Sunt,Nike,3,2287.2,3064.06,0,79.18,App,Pix,12,Recusado,Jadlog,Entregue
4331,PED-68155,2025-03-27,2024-09-02,1063,Luiza Pinto,wbarbosa@example.com,Cirino Verde,AP,Casa,Consectetur,Genérica,5,2935.62,1051.07,10,97.97,Aplicativo,Crédito,2,Recusado,Correios,Em trânsito
4332,PED-61371,2025-06-18,2024-10-09,1143,Alexia Martins,heloisacavalcanti@example.org,Siqueira,MA,Casa,Iusto,Nike,5,2708.95,2622.65,0,104.08,Aplicativo,Crédito,1,Pendente,Jadlog,Atrasado
4333,PED-79714,2025-06-13,2024-03-02,339,Maya Brito,ravi41@example.com,Sales de Fogaça,BA,eletronicos,Veniam,Nike,4,344.63,1984.76,0,117.21,app,Débito,1,Pendente,Total Express,Em trânsito
4334,PED-83888,2026-01-15,2025-06-11,60,Milena Pereira,nguerra@example.com,Sales de Minas,BA,Beleza,Asperiores,Samsung,2,1776.04,314.62,0,113.11,Aplicativo,Débito,1,Aprovado,Jadlog,Em trânsito
4335,PED-72685,2025-04-13,2025-03-23,154,Dra. Júlia Pastor,leonardoleao@example.net,da Rosa,GO,Eletrônicos,Voluptate,Apple,4,641.2,2497.37,30,12.26,SITE,Débito,1,Pendente,Correios,Atrasado
4336,PED-47766,2024-12-31,2026-01-27,596,Sra. Nicole Brito,enzoabreu@example.com,Rocha,PI,eletronicos,Deserunt,Nike,2,2801.53,683.41,20,30.5,Site,Débito,1,aprovado,Correios,Entregue
4337,PED-44783,2025-07-03,2025-04-08,503,Luiza Sá,nicolas25@example.net,das Neves de Goiás,MS,eletronicos,Fugit,Samsung,5,3431.89,1915.95,20,91.43,Site,Débito,1,Pendente,Total Express,Em trânsito
4338,PED-96313,2025-05-01,2024-05-20,858,Matheus Silva,ana-luizanovaes@example.org,Vasconcelos de Fogaça,RN,Casa,Quidem,Genérica,4,1820.1,139.72,0,58.82,app,Pix,1,aprovado,Jadlog,Em trânsito
4339,PED-20534,2025-06-05,2024-05-17,437,Nicole Rios,lorenzo07@example.net,Nunes de Pinto,SC,Casa,Voluptas,Nike,5,3312.7,939.65,0,36.37,Site,Boleto,2,Aprovado,Total Express,Em trânsito
4340,PED-52773,2025-09-06,2025-10-02,140,Dr. Ravy Duarte,eduarda10@example.org,Silveira,RS,Beleza,Nostrum,Apple,1,1805.19,3434.05,20,89.92,App,Débito,12,Recusado,Correios,Atrasado
4341,PED-44389,2024-07-05,2024-06-22,81,Maria Sophia Ramos,lunnaalmeida@example.org,Souza do Sul,PR,Roupas,Nemo,Nike,5,1050.6,2407.7,30,96.78,app,Débito,6,Recusado,Correios,Entregue
4342,PED-16161,2025-07-14,2026-01-14,946,Liam Mendonça,vianakamilly@example.net,da Cunha do Amparo,AC,Roupas,Dignissimos,Apple,5,1612.14,2858.14,20,74.06,SITE,Débito,12,Recusado,Jadlog,Atrasado
4343,PED-96312,2025-06-22,2025-06-24,658,Laura da Cunha,nicolelopes@example.org,Sales de Minas,RN,Eletrônicos,Eaque,Apple,2,1210.33,907.31,30,97.41,SITE,Débito,2,aprovado,Jadlog,Em trânsito
4344,PED-47413,2024-02-09,2025-10-05,1168,Esther Moreira,estherrodrigues@example.com,Silva,RR,Roupas,Maiores,LG,1,903.09,96.09,20,38.06,SITE,Pix,1,Pendente,Jadlog,Em trânsito
4345,PED-29465,2024-09-26,2024-04-26,487,Juliana Correia,andradenoah@example.org,da Cunha de Araújo,MA,Beleza,Occaecati,Nike,4,2351.04,1844.56,20,1.31,Aplicativo,Pix,1,Pendente,Correios,Atrasado
4346,PED-10586,2024-10-05,2025-09-08,821,João Miguel Fonseca,da-motaenzo@example.com,Jesus,RN,Casa,Architecto,Apple,4,2653.97,2194.25,0,1.56,app,Crédito,2,aprovado,Jadlog,Atrasado
4347,PED-27855,2025-10-26,2024-12-15,348,João Felipe Vieira,jesuscamila@example.com,Viana do Campo,SE,Beleza,Ea,Genérica,1,1773.39,996.07,0,26.1,Site,Pix,6,Recusado,Jadlog,Em trânsito
4348,PED-13326,2024-07-29,2025-03-08,374,Sr. Rael da Rosa,smelo@example.com,Mendes,AL,Beleza,Minima,Samsung,5,1299.13,1198.41,30,99.45,app,Pix,3,Recusado,Correios,Atrasado
4349,PED-45558,2025-01-22,2024-07-03,1169,Marina Sá,walves@example.com,Duarte das Flores,AC,eletronicos,Delectus,Apple,5,822.53,1181.66,10,4.07,SITE,Débito,12,aprovado,Jadlog,Entregue
4350,PED-20748,2025-04-21,2024-03-18,999,Maya Ribeiro,alexandreporto@example.com,Garcia de Montenegro,PR,Roupas,Veritatis,Adidas,4,703.37,2194.68,20,88.23,App,Pix,2,Aprovado,Jadlog,Entregue
4351,PED-96653,2025-03-26,2025-11-10,539,Maria Liz Porto,bento51@example.net,Souza de Minas,ES,eletronicos,Repellendus,LG,1,1729.91,2141.5,0,52.5,Aplicativo,Crédito,1,Recusado,Jadlog,Em trânsito
4352,PED-36343,2024-07-16,2024-09-26,157,Lara Pereira,kevin76@example.com,Albuquerque de Castro,RJ,Roupas,Culpa,Nike,5,3408.45,408.76,0,50.62,Site,Boleto,1,Recusado,Total Express,Em trânsito
4353,PED-35495,2025-12-30,2024-09-24,969,Arthur Garcia,silvadavi-luiz@example.org,Monteiro,RR,Beleza,Minima,Adidas,4,3480.29,3269.32,0,51.1,Aplicativo,Crédito,3,Pendente,Jadlog,Entregue
4354,PED-23747,2025-05-09,2024-09-27,1177,Enrico Souza,maria-helenaoliveira@example.org,Siqueira,PR,Beleza,Sint,Adidas,5,1586.58,2271.55,30,56.97,SITE,Crédito,2,Pendente,Total Express,Em trânsito
4355,PED-48453,2024-08-01,2025-08-12,652,Ian Borges,zsa@example.net,Gomes do Sul,SE,Casa,Veniam,LG,4,3236.65,1644.41,10,4.76,App,Pix,3,aprovado,Jadlog,Atrasado
4356,PED-58922,2024-05-25,2025-11-23,849,João Lucas Caldeira,kaiquevieira@example.net,Vasconcelos,AM,Roupas,Tenetur,Genérica,2,3254.48,2994.72,30,43.82,Site,Crédito,6,Recusado,Jadlog,Em trânsito
4357,PED-29704,2024-08-17,2024-12-03,969,Luiz Fernando Aragão,joao-lucascunha@example.com,Santos,BA,Casa,Quo,Samsung,1,3259.86,1237.77,10,19.42,Aplicativo,Crédito,3,Aprovado,Jadlog,Entregue
4358,PED-69060,2024-10-14,2024-05-16,307,Sophie Nunes,heitor60@example.net,Brito da Prata,AC,Eletrônicos,Quos,Samsung,5,1173.78,1423.26,0,50.68,App,Boleto,1,Pendente,Total Express,Em trânsito
4359,PED-93176,2025-03-03,2025-04-19,633,Pietro Duarte,psampaio@example.com,Dias,RJ,Beleza,Iusto,Apple,2,873.7,1204.82,30,98.45,SITE,Débito,6,aprovado,Correios,Atrasado
4360,PED-21652,2024-07-02,2024-03-14,540,Anna Liz Pereira,alvesmaysa@example.com,da Rocha das Pedras,AL,Beleza,Modi,Apple,2,1283.91,1035.41,0,111.73,SITE,Débito,6,Aprovado,Jadlog,Em trânsito
4361,PED-66986,2025-10-07,2025-03-30,660,Benício Teixeira,joserocha@example.com,Carvalho,RO,eletronicos,Nulla,LG,4,2156.38,3210.6,0,4.2,Site,Crédito,1,Aprovado,Correios,Entregue
4362,PED-12567,2024-06-04,2024-10-25,421,Henry Gabriel Cassiano,maria-floralmeida@example.com,Alves do Campo,TO,eletronicos,Ipsam,Genérica,4,1427.19,2979.33,10,67.29,app,Boleto,12,Recusado,Jadlog,Atrasado
4363,PED-91912,2024-02-03,2024-03-23,1189,Gabriel Leão,sbrito@example.net,Ribeiro,PI,Eletrônicos,Quisquam,Nike,2,3339.2,2447.0,10,41.48,SITE,Pix,12,aprovado,Jadlog,Entregue
4364,PED-21151,2024-09-26,2024-07-14,316,Kamilly Barbosa,sabrinacassiano@example.org,Camargo,RS,eletronicos,Tempore,Adidas,1,1297.36,744.58,0,54.78,app,Débito,2,Aprovado,Total Express,Em trânsito
4365,PED-61790,2024-02-06,2025-02-25,808,Rebeca Carvalho,bruno97@example.net,das Neves de Aragão,RJ,Eletrônicos,Placeat,Nike,2,1045.77,2140.83,0,25.51,Site,Crédito,12,Aprovado,Jadlog,Atrasado
4366,PED-15824,2024-12-10,2024-05-31,237,Ana Cecília Carvalho,da-cruzamanda@example.org,Pacheco da Prata,AM,Casa,Nobis,Nike,3,1114.35,118.06,0,35.52,app,Boleto,1,Aprovado,Jadlog,Atrasado
4367,PED-52393,2024-12-28,2024-08-10,20,Dr. Pedro Lucas Pires,sarahsousa@example.com,Silva do Sul,SC,Casa,Aut,Adidas,2,378.31,505.5,0,26.72,App,Débito,1,Pendente,Jadlog,Entregue
4368,PED-23507,2024-09-21,2025-06-05,1004,Luiz Fernando Oliveira,vitoriacostela@example.org,Novais Grande,AL,Roupas,Cupiditate,Samsung,1,2946.98,3385.13,0,54.3,Site,Pix,1,Pendente,Jadlog,Atrasado
4369,PED-63523,2024-12-21,2024-08-27,788,Raquel Pinto,limakevin@example.com,Novaes de Minas,AC,Beleza,Fuga,Genérica,5,1981.0,3219.92,0,73.14,Aplicativo,Débito,6,aprovado,Jadlog,Atrasado
4370,PED-61527,2025-10-26,2025-09-04,66,Sr. Henry da Mata,obarbosa@example.com,Nascimento de Monteiro,PI,eletronicos,Neque,Adidas,3,2450.46,3289.09,10,25.85,App,Pix,1,Aprovado,Correios,Entregue
4371,PED-18701,2025-07-18,2024-07-25,1161,Benjamim Ramos,yasminmelo@example.org,Freitas de Peixoto,MS,Eletrônicos,Exercitationem,LG,5,2516.37,1250.65,0,22.96,App,Pix,1,Aprovado,Correios,Atrasado
4372,PED-60808,2024-08-16,2025-01-11,748,Camila Almeida,marcos-vinicius68@example.com,Cavalcante da Mata,AC,Roupas,Commodi,Adidas,4,250.39,2781.03,20,103.18,App,Pix,6,Aprovado,Jadlog,Em trânsito
4373,PED-29374,2024-11-14,2024-12-25,145,Camila Nunes,luiz-otavioribeiro@example.com,Sousa,SE,Eletrônicos,Assumenda,Apple,1,2257.64,756.68,20,79.95,Site,Boleto,1,aprovado,Total Express,Atrasado
4374,PED-66299,2025-04-21,2025-12-08,46,Mariah Sampaio,murilo59@example.org,Farias das Pedras,AL,Roupas,Cumque,Apple,1,537.11,3216.25,0,4.07,Aplicativo,Boleto,3,Pendente,Jadlog,Entregue
4375,PED-20598,2024-08-26,2024-11-21,83,Vicente Moura,calebenovais@example.com,Pinto,AC,Eletrônicos,Quam,Adidas,3,1951.75,1132.32,0,41.65,App,Boleto,6,Pendente,Correios,Entregue
4376,PED-31678,2025-05-23,2024-03-28,113,Sr. Arthur Miguel Gonçalves,nogueiraclara@example.net,Cunha de Machado,PI,Roupas,Porro,LG,3,2832.07,1636.96,0,41.66,Aplicativo,Boleto,1,aprovado,Total Express,Entregue
4377,PED-94492,2025-02-23,2024-07-27,843,Sr. João Miguel Duarte,aurorada-conceicao@example.com,Montenegro da Prata,GO,Beleza,Inventore,Samsung,4,3463.33,2924.56,0,81.54,Aplicativo,Débito,6,aprovado,Jadlog,Atrasado
4378,PED-34629,2024-10-25,2025-02-21,1151,Benicio Mendes,siqueiradante@example.com,da Paz,TO,Beleza,Occaecati,Genérica,3,335.04,3073.97,30,16.65,App,Boleto,2,Aprovado,Correios,Em trânsito
4379,PED-78296,2024-08-03,2025-07-25,401,Vinícius Costela,carlos-eduardoda-luz@example.com,Vargas,AM,Eletrônicos,Est,Genérica,4,1398.04,1644.41,0,105.32,App,Pix,1,aprovado,Jadlog,Atrasado
4380,PED-50235,2024-08-07,2025-08-06,443,Yuri Farias,rocharodrigo@example.com,Ribeiro de Minas,PE,Beleza,Ab,Apple,2,2453.81,1411.57,0,103.93,App,Crédito,2,aprovado,Jadlog,Atrasado
4381,PED-37644,2024-05-06,2024-09-06,933,Júlia Castro,giovannapacheco@example.com,Cirino Grande,RS,eletronicos,Incidunt,Genérica,2,3139.06,850.01,0,8.56,Aplicativo,Pix,2,Pendente,Jadlog,Entregue
4382,PED-42632,2024-08-20,2026-01-13,1086,Ana Liz Fernandes,nunesgustavo@example.org,Azevedo de Minas,PI,Eletrônicos,Enim,Adidas,3,2601.77,3152.17,0,64.97,SITE,Crédito,1,Pendente,Correios,Entregue
4383,PED-25849,2024-07-07,2025-08-31,41,Laís Vasconcelos,ana-luizaaragao@example.org,Silveira Verde,PR,Roupas,Harum,LG,2,801.46,1304.31,0,70.07,Site,Débito,12,Recusado,Correios,Atrasado
4384,PED-86008,2024-07-04,2024-12-22,838,Ana Liz Porto,vitoriasiqueira@example.com,Vargas,RS,Eletrônicos,Nostrum,Samsung,5,3234.63,3076.16,10,60.46,app,Boleto,1,Recusado,Total Express,Atrasado
4385,PED-49738,2024-11-10,2025-02-03,319,Alexia Ribeiro,josue35@example.com,Albuquerque Grande,RO,eletronicos,Eveniet,LG,2,2980.86,1567.46,20,42.2,App,Pix,6,Pendente,Jadlog,Em trânsito
4386,PED-28552,2024-09-09,2024-07-08,1191,Sr. Rodrigo da Cruz,ferreiramarcos-vinicius@example.com,Moura das Flores,SP,eletronicos,Adipisci,Nike,4,1227.4,348.19,0,17.57,App,Débito,6,Pendente,Jadlog,Em trânsito
4387,PED-89925,2025-11-07,2025-10-09,573,Lucas Gabriel Mendonça,oliviajesus@example.org,Sampaio,TO,eletronicos,Voluptate,Apple,2,361.1,1379.56,20,115.31,App,Débito,1,Aprovado,Jadlog,Atrasado
4388,PED-81762,2025-03-19,2025-06-23,922,Srta. Bianca Siqueira,hcaldeira@example.org,Leão,AM,Eletrônicos,Illum,Genérica,3,676.61,125.06,30,26.69,App,Boleto,2,Pendente,Total Express,Entregue
4389,PED-25755,2024-12-27,2025-08-15,363,Bento Vasconcelos,ydas-neves@example.org,Vieira,PB,Roupas,Nisi,Samsung,3,2084.08,1834.81,30,115.84,Aplicativo,Débito,12,aprovado,Correios,Em trânsito
4390,PED-54293,2025-07-30,2024-08-20,720,Ana Julia Cavalcante,joana64@example.org,Nunes,MG,eletronicos,Nihil,Apple,4,740.35,1076.55,10,117.93,Aplicativo,Débito,1,Pendente,Jadlog,Atrasado
4391,PED-56666,2025-03-08,2025-03-02,1044,Sr. Valentim Pacheco,costaotavio@example.net,Almeida,BA,eletronicos,Quos,Nike,4,3469.89,1085.08,30,95.4,app,Crédito,1,Pendente,Correios,Atrasado
4392,PED-13739,2024-07-11,2025-05-07,502,Benjamin Monteiro,aparecidaarthur@example.net,Freitas,PI,Casa,Blanditiis,Adidas,3,3498.16,3261.72,0,80.32,App,Débito,3,aprovado,Jadlog,Atrasado
4393,PED-71271,2024-12-09,2025-02-22,840,Joana Cardoso,pnogueira@example.com,Rios da Serra,MG,Eletrônicos,Voluptatibus,Adidas,1,1636.95,131.36,10,9.43,App,Pix,1,Aprovado,Correios,Em trânsito
4394,PED-49192,2025-08-18,2025-02-01,1117,Leonardo Pacheco,beatrizda-rocha@example.org,Macedo da Mata,MG,Eletrônicos,Fugiat,Adidas,5,1434.89,2655.51,10,106.27,Site,Pix,3,Aprovado,Correios,Em trânsito
4395,PED-19425,2024-07-14,2024-03-30,1030,Luiza Pimenta,nicolas77@example.net,Novaes de Albuquerque,SC,Casa,Corporis,Apple,5,1624.0,77.05,0,87.51,Aplicativo,Débito,6,Aprovado,Jadlog,Em trânsito
4396,PED-32109,2024-11-23,2025-07-14,535,Pedro Lucas Gonçalves,nbrito@example.com,Pires Grande,DF,eletronicos,Tempore,Samsung,4,217.55,2254.56,0,93.37,Aplicativo,Boleto,2,Aprovado,Jadlog,Em trânsito
4397,PED-42344,2025-04-13,2025-10-15,684,Bianca Marques,enzo-gabriel68@example.com,Nogueira,GO,eletronicos,Explicabo,Nike,5,2765.97,2583.82,0,72.56,App,Boleto,1,Aprovado,Total Express,Entregue
4398,PED-97311,2024-05-02,2025-06-24,507,Josué Borges,almeidaantonella@example.org,Lima da Prata,SE,eletronicos,Hic,Nike,1,160.98,2864.33,10,93.8,SITE,Pix,2,Recusado,Total Express,Entregue
4399,PED-25784,2024-11-14,2025-05-09,371,Pietro da Cunha,arthur-miguelcavalcante@example.org,Freitas,PB,eletronicos,Maxime,Samsung,2,3019.06,1805.07,20,91.55,Site,Pix,2,Recusado,Correios,Entregue
4400,PED-68046,2024-03-30,2025-07-11,282,Dra. Agatha da Rosa,sara22@example.net,Moreira Alegre,AL,Eletrônicos,At,Genérica,1,2278.81,1015.44,10,25.14,Site,Crédito,3,Pendente,Total Express,Em trânsito
4401,PED-12118,2024-07-29,2025-06-30,137,Pietro Garcia,da-conceicaostella@example.org,Cardoso Verde,CE,Beleza,Vel,Adidas,4,1894.16,2985.53,0,2.4,App,Pix,1,Recusado,Total Express,Entregue
4402,PED-24319,2024-03-25,2024-05-07,1121,Anna Liz Almeida,lopesalexia@example.org,Porto,AL,Eletrônicos,Ut,Apple,1,562.76,1058.45,10,0.43,app,Boleto,1,Recusado,Correios,Entregue
4403,PED-56907,2024-02-21,2025-07-31,44,Dra. Larissa Lima,yalmeida@example.org,Sampaio das Pedras,SE,Roupas,Earum,LG,1,1601.04,2997.05,0,90.15,Aplicativo,Crédito,6,Pendente,Total Express,Entregue
4404,PED-92567,2025-02-22,2025-01-22,553,Benjamim da Paz,enzo-gabrielrios@example.com,Pimenta,SE,eletronicos,Recusandae,Nike,5,2430.34,703.61,0,105.32,SITE,Pix,3,Aprovado,Jadlog,Entregue
4405,PED-12954,2024-04-28,2025-03-15,903,Yuri Ramos,agathaaraujo@example.net,Campos de Goiás,MG,Beleza,Veniam,LG,3,2349.21,1837.22,0,64.28,Site,Débito,1,aprovado,Jadlog,Atrasado
4406,PED-73368,2024-11-24,2024-06-22,776,Emanuelly Abreu,acasa-grande@example.org,Nunes do Oeste,SP,Eletrônicos,Reiciendis,Apple,1,1961.32,237.6,10,104.91,SITE,Pix,1,Pendente,Total Express,Entregue
4407,PED-47188,2025-01-13,2026-01-02,522,Luigi da Rosa,clara70@example.org,Costela,MS,Roupas,Porro,LG,1,2506.96,2081.19,10,52.81,App,Débito,1,Aprovado,Total Express,Entregue
4408,PED-11950,2024-10-04,2024-02-25,852,Maria Fernanda Nascimento,ndas-neves@example.com,Freitas,PI,eletronicos,Omnis,Genérica,3,1068.62,2928.41,10,12.34,app,Pix,1,Recusado,Jadlog,Atrasado
4409,PED-55332,2026-01-01,2024-02-03,553,Caleb Vasconcelos,benjamim61@example.org,Gomes Verde,SE,eletronicos,Aliquam,Apple,4,3442.93,1214.76,30,30.97,Aplicativo,Débito,1,Pendente,Total Express,Atrasado
4410,PED-76806,2024-12-18,2024-09-30,397,Isabella Camargo,duartemaria-sophia@example.org,Garcia,AM,eletronicos,Aperiam,Apple,3,2978.03,3045.47,0,40.4,SITE,Débito,2,Pendente,Jadlog,Atrasado
4411,PED-61844,2025-12-14,2024-05-05,1187,Jade Cavalcanti,maria-claraviana@example.org,Camargo,AP,Eletrônicos,Laudantium,Apple,2,1836.49,1747.92,0,26.37,Aplicativo,Crédito,1,Pendente,Total Express,Atrasado
4412,PED-74365,2025-04-17,2024-05-01,687,Manuela Ferreira,lara04@example.net,Peixoto,GO,eletronicos,Voluptatum,Apple,2,2770.65,2980.03,30,80.13,Site,Crédito,6,Recusado,Correios,Atrasado
4413,PED-29700,2024-05-22,2025-03-31,440,Isaac Vieira,gcasa-grande@example.org,Sousa,GO,Roupas,Quae,Apple,1,697.71,2388.74,20,57.43,SITE,Pix,1,aprovado,Jadlog,Entregue
4414,PED-17121,2024-05-12,2025-05-04,257,Srta. Sophia Rodrigues,tcardoso@example.org,Gomes,RJ,Eletrônicos,Quisquam,LG,4,877.6,734.02,10,49.86,App,Débito,2,Recusado,Total Express,Em trânsito
4415,PED-91633,2024-03-25,2025-01-09,623,Thiago Aragão,novaesgabrielly@example.org,Montenegro do Campo,MG,Beleza,Vitae,Samsung,5,2040.66,1919.92,0,102.24,Site,Débito,6,Recusado,Jadlog,Em trânsito
4416,PED-52040,2024-12-29,2024-06-15,508,Srta. Allana Sá,ksousa@example.net,Castro de Rios,MS,eletronicos,Ipsa,Adidas,4,1768.1,705.12,0,69.78,SITE,Débito,1,Pendente,Correios,Em trânsito
4417,PED-64890,2025-09-01,2025-07-18,820,Sr. Eduardo Novais,yasminpinto@example.net,Macedo,MS,eletronicos,Maxime,Apple,3,687.46,1816.91,0,72.39,Site,Pix,1,Aprovado,Jadlog,Atrasado
4418,PED-32575,2024-12-21,2024-09-23,605,Caroline Moraes,valentina45@example.net,Jesus das Pedras,MG,Beleza,Inventore,Nike,4,69.64,1279.02,0,80.02,Site,Crédito,6,Recusado,Correios,Em trânsito
4419,PED-58659,2025-08-05,2025-05-17,554,Pedro Henrique Pastor,martinsrafael@example.com,Freitas do Norte,RJ,Casa,Reprehenderit,Nike,3,379.94,676.17,10,57.9,App,Crédito,2,Recusado,Correios,Em trânsito
4420,PED-23285,2024-04-04,2025-03-04,411,Yan Novais,maitebarbosa@example.net,Moura,MT,Beleza,Voluptate,Apple,3,3279.3,1475.64,20,25.94,App,Pix,2,Recusado,Correios,Em trânsito
4421,PED-79716,2024-11-23,2024-05-03,315,João Felipe Peixoto,jnascimento@example.com,Costela,PI,eletronicos,Maxime,Genérica,2,2968.29,2099.04,0,58.43,Site,Pix,3,Pendente,Jadlog,Em trânsito
4422,PED-57714,2025-07-23,2024-12-26,887,Maitê Jesus,nramos@example.net,da Luz do Amparo,PA,Eletrônicos,Perspiciatis,Apple,3,1997.74,1941.21,0,27.62,App,Pix,1,Recusado,Jadlog,Em trânsito
4423,PED-86022,2025-05-03,2024-08-21,788,João Lucas Barbosa,azevedohadassa@example.com,Garcia,DF,Beleza,Quibusdam,Genérica,2,1806.91,566.57,30,19.8,app,Crédito,12,Recusado,Total Express,Atrasado
4424,PED-39324,2024-03-29,2025-05-16,970,Ana Liz Ferreira,maria-florpeixoto@example.net,Sales,ES,eletronicos,Assumenda,LG,2,2165.28,1841.4,0,10.09,Site,Boleto,6,Pendente,Jadlog,Atrasado
4425,PED-44593,2024-08-13,2024-10-05,540,Heloísa Santos,noah21@example.com,Gomes de Barros,RJ,Casa,Tenetur,Adidas,4,2926.44,3213.1,0,15.74,Aplicativo,Crédito,3,Aprovado,Correios,Em trânsito
4426,PED-90889,2025-12-13,2025-07-02,519,Enrico Aragão,luisa29@example.org,Aragão,SC,Roupas,Mollitia,Samsung,5,3448.83,1408.92,20,59.77,Site,Boleto,6,Aprovado,Total Express,Entregue
4427,PED-54935,2024-08-14,2025-09-20,468,Mathias Fernandes,heloisada-conceicao@example.com,Porto,TO,Beleza,Doloribus,Adidas,4,975.06,2873.4,0,90.18,Site,Crédito,3,Recusado,Total Express,Atrasado
4428,PED-88849,2024-03-30,2025-12-15,1095,Valentina Brito,qpeixoto@example.com,da Luz do Amparo,AC,Roupas,Blanditiis,Genérica,1,2970.48,3207.23,0,20.24,Site,Pix,1,aprovado,Jadlog,Em trânsito
4429,PED-13728,2025-11-30,2024-11-03,608,Dr. Davi Lucas Gonçalves,mathiascosta@example.com,Novaes,RJ,Roupas,Molestiae,Samsung,2,2929.62,1857.29,0,102.26,app,Débito,6,Pendente,Correios,Atrasado
4430,PED-25108,2025-01-15,2025-06-04,102,Enzo da Paz,dpacheco@example.org,Abreu da Praia,TO,eletronicos,Similique,LG,4,2408.04,822.04,0,66.79,Site,Crédito,1,Recusado,Total Express,Atrasado
4431,PED-33518,2024-05-01,2025-02-13,523,Dr. Henry Ramos,maria14@example.net,Melo,PB,Casa,Veritatis,Samsung,1,3116.88,3373.56,20,75.2,App,Boleto,1,Pendente,Correios,Entregue
4432,PED-95503,2024-09-21,2025-04-01,686,Melissa Cardoso,maria-laura76@example.com,Lopes de Macedo,AC,Eletrônicos,Reiciendis,Adidas,1,77.19,1550.12,10,100.89,App,Débito,6,Recusado,Total Express,Em trânsito
4433,PED-88482,2026-01-14,2024-02-23,38,Otto Mendes,luiginunes@example.net,Nunes de Cassiano,PB,eletronicos,Rem,LG,3,2364.1,2914.28,10,32.5,app,Débito,1,Recusado,Total Express,Atrasado
4434,PED-46687,2024-07-13,2024-07-18,1092,Maria Vitória Sá,acavalcante@example.com,Nascimento,SP,Beleza,Odio,Nike,4,3320.59,2336.76,20,86.17,Aplicativo,Pix,12,Recusado,Correios,Entregue
4435,PED-20548,2025-08-28,2025-04-07,305,Hadassa Duarte,smarques@example.net,Araújo,PR,eletronicos,Deserunt,LG,5,1359.55,1258.08,30,24.51,Aplicativo,Crédito,6,Pendente,Correios,Em trânsito
4436,PED-28769,2024-12-23,2024-09-21,463,Francisco Albuquerque,ana-clara04@example.net,Fogaça,SE,Roupas,Ab,Apple,4,982.75,3374.82,0,45.79,Site,Débito,12,Pendente,Correios,Atrasado
4437,PED-51985,2025-09-28,2024-11-03,962,Ravy Mendonça,sophia40@example.org,Silva do Sul,RS,Eletrônicos,Cumque,Nike,2,2939.09,1798.83,10,87.94,App,Boleto,1,Aprovado,Total Express,Em trânsito
4438,PED-43419,2024-12-06,2025-03-31,844,Emanuella da Conceição,bianca96@example.net,Sá do Sul,MS,Eletrônicos,Ex,LG,4,2028.04,1014.43,0,118.08,app,Pix,2,Aprovado,Correios,Em trânsito
4439,PED-65406,2025-03-17,2025-01-30,1031,Mariah da Cruz,vianacaue@example.com,Gomes,SE,Roupas,Saepe,Adidas,4,1618.09,2758.56,20,72.4,SITE,Débito,1,Pendente,Jadlog,Entregue
4440,PED-90367,2025-11-07,2025-06-30,429,Dra. Luísa Melo,aurora63@example.org,Nogueira,CE,Eletrônicos,Vel,Apple,4,3265.92,3067.03,20,67.58,SITE,Boleto,6,Aprovado,Correios,Atrasado
4441,PED-62045,2024-07-07,2025-10-28,229,Leandro Porto,augusto83@example.net,Pastor,TO,Roupas,Laboriosam,Genérica,4,3082.43,2788.66,0,118.11,SITE,Boleto,3,aprovado,Jadlog,Atrasado
4442,PED-78745,2024-03-14,2024-04-23,18,Josué Oliveira,davi-lucca46@example.org,Silveira da Prata,PB,eletronicos,Repudiandae,Nike,1,1662.21,1946.97,0,64.58,app,Crédito,2,Recusado,Jadlog,Entregue
4443,PED-29213,2025-12-23,2024-05-28,81,Dra. Luara da Paz,portocatarina@example.net,Cunha,RS,Roupas,Nemo,Nike,3,1093.55,1353.55,10,46.78,Aplicativo,Débito,2,aprovado,Total Express,Atrasado
4444,PED-97465,2025-09-05,2024-02-14,233,Sr. Cauê Abreu,britobenicio@example.net,Cirino,AP,eletronicos,Laborum,Adidas,2,2797.17,2847.64,0,25.3,Site,Pix,12,aprovado,Correios,Entregue
4445,PED-40265,2024-08-02,2024-06-20,1008,Yan Barros,camposmaria-cecilia@example.com,Montenegro,CE,Beleza,Vero,Genérica,5,1944.01,691.64,0,36.27,app,Boleto,3,aprovado,Jadlog,Atrasado
4446,PED-16022,2025-09-28,2024-10-14,190,Luísa Monteiro,bda-luz@example.net,Câmara de Minas,SE,eletronicos,Iusto,Apple,2,1206.28,1593.38,30,68.27,SITE,Boleto,6,Pendente,Total Express,Atrasado
4447,PED-55485,2025-11-26,2024-05-30,15,Luiz Gustavo Nunes,pedro-lucas84@example.org,Rezende,TO,Eletrônicos,Pariatur,Apple,5,497.94,2923.5,20,15.57,SITE,Crédito,1,aprovado,Correios,Em trânsito
4448,PED-11898,2025-03-17,2024-02-21,586,João Vitor Correia,pietra16@example.net,das Neves de Goiás,MS,Roupas,Beatae,Nike,3,2511.47,2334.11,0,5.92,Aplicativo,Pix,3,Aprovado,Correios,Entregue
4449,PED-89165,2025-05-24,2024-09-19,319,Dr. Nathan Cassiano,caleb32@example.com,da Rocha,AP,Beleza,Commodi,Apple,2,3062.07,1469.63,10,89.84,app,Débito,3,aprovado,Jadlog,Atrasado
4450,PED-39394,2025-11-23,2025-11-24,180,Fernando Mendonça,luara98@example.net,Ferreira das Pedras,MA,eletronicos,Dolorum,Adidas,1,2422.59,2514.19,0,112.76,app,Débito,12,aprovado,Jadlog,Atrasado
4451,PED-69767,2025-02-06,2025-12-14,407,Kaique Almeida,rda-cruz@example.com,Viana Verde,PB,Casa,Accusantium,Samsung,3,2531.98,265.5,10,80.79,Site,Pix,1,Pendente,Correios,Atrasado
4452,PED-51885,2024-05-25,2024-02-22,1098,Bárbara Fernandes,jade42@example.net,Sá,AM,Eletrônicos,Consectetur,Adidas,1,2275.97,90.32,30,114.68,app,Pix,6,aprovado,Total Express,Entregue
4453,PED-31513,2025-10-28,2024-07-19,484,Enzo Rezende,da-motaagatha@example.org,Albuquerque do Sul,CE,Eletrônicos,Aspernatur,Genérica,5,1741.99,1790.84,30,109.38,App,Débito,6,aprovado,Correios,Entregue
4454,PED-15081,2024-09-24,2025-07-15,1146,Yuri Ferreira,leo75@example.net,Guerra dos Dourados,BA,Beleza,Expedita,Adidas,1,3219.01,1708.68,0,17.75,SITE,Boleto,1,Pendente,Total Express,Entregue
4455,PED-14537,2024-08-27,2024-03-21,186,Olivia Rios,asaferezende@example.com,Macedo,PR,Beleza,Omnis,LG,3,476.5,1805.89,20,24.41,App,Pix,1,Recusado,Correios,Em trânsito
4456,PED-48219,2025-02-16,2024-04-04,284,Henrique Oliveira,jcamara@example.org,Sales,RR,Roupas,Ea,Adidas,3,367.77,1760.96,0,65.87,Aplicativo,Boleto,1,aprovado,Correios,Atrasado
4457,PED-27116,2026-01-27,2025-01-10,1039,Rafaela Rios,borgeskevin@example.com,Abreu,RN,eletronicos,Ex,Samsung,1,2130.32,1340.94,0,71.66,Site,Crédito,1,aprovado,Total Express,Atrasado
4458,PED-68279,2024-07-09,2025-12-21,1184,Lorenzo Gonçalves,theofreitas@example.net,Cunha de Ferreira,CE,eletronicos,Dolores,Apple,3,3155.94,147.11,30,103.81,App,Débito,1,Aprovado,Jadlog,Atrasado
4459,PED-61123,2025-02-03,2025-03-01,417,Ana Julia Novaes,albuquerquebernardo@example.org,Carvalho do Oeste,PA,Eletrônicos,Sunt,Samsung,4,2680.9,1512.1,20,35.21,Site,Boleto,12,Pendente,Jadlog,Atrasado
4460,PED-80778,2024-10-19,2025-03-06,850,Sabrina Souza,jnovaes@example.net,Santos do Oeste,BA,Eletrônicos,Ratione,Genérica,4,3245.63,2236.41,10,84.23,app,Boleto,1,Aprovado,Jadlog,Entregue
4461,PED-86901,2024-09-27,2025-06-25,1009,Joana Duarte,anthonyda-luz@example.org,Carvalho,TO,Roupas,Amet,Genérica,5,2217.96,250.26,0,82.62,App,Crédito,1,Aprovado,Total Express,Atrasado
4462,PED-29666,2025-12-12,2024-03-08,705,Srta. Daniela Ribeiro,qfreitas@example.org,Viana,RS,Beleza,Nesciunt,Genérica,2,780.02,1384.82,0,13.9,Aplicativo,Débito,12,Recusado,Correios,Em trânsito
4463,PED-29921,2024-11-12,2025-09-30,1035,Lunna Fonseca,montenegrogabrielly@example.org,Sampaio,CE,Beleza,Cupiditate,Samsung,1,1119.49,3187.51,0,98.9,App,Boleto,3,Aprovado,Jadlog,Entregue
4464,PED-76320,2025-08-02,2024-02-06,616,Sr. Luiz Fernando Garcia,uguerra@example.net,Gomes,PB,Beleza,Ipsam,Genérica,3,2320.72,350.56,30,109.98,App,Débito,12,Aprovado,Jadlog,Em trânsito
4465,PED-37614,2025-07-12,2025-03-24,45,Maya Brito,fernanda93@example.net,Costa Grande,CE,Beleza,Alias,Nike,5,1923.46,1572.26,0,46.38,SITE,Débito,12,Recusado,Jadlog,Entregue
4466,PED-40530,2024-11-04,2025-10-12,473,Pedro Lucas Cunha,qcavalcante@example.org,da Conceição do Oeste,PI,eletronicos,Tempore,LG,5,2299.79,3022.86,30,110.68,Site,Débito,2,Pendente,Correios,Entregue
4467,PED-28606,2024-07-22,2025-10-14,489,Isabel Pastor,luisada-conceicao@example.org,Pacheco do Galho,PA,eletronicos,Nihil,LG,5,530.92,1190.71,0,52.4,Aplicativo,Pix,6,Aprovado,Total Express,Em trânsito
4468,PED-72044,2026-01-01,2025-12-31,110,Lucas Santos,sousaana-vitoria@example.com,Porto do Oeste,RO,Beleza,Fugit,Adidas,2,627.36,3483.7,0,31.66,Aplicativo,Crédito,1,aprovado,Jadlog,Em trânsito
4469,PED-38814,2025-02-11,2025-01-13,624,Sr. Luiz Miguel Barros,yazevedo@example.org,Sales,SC,Beleza,Blanditiis,Samsung,5,2024.51,2950.18,0,79.72,Aplicativo,Pix,6,Pendente,Total Express,Em trânsito
4470,PED-40490,2026-01-10,2024-02-22,402,Sr. Paulo da Mota,theodoromontenegro@example.org,Andrade Grande,MT,eletronicos,Repudiandae,Samsung,3,2867.44,798.62,0,79.96,App,Crédito,3,Aprovado,Jadlog,Atrasado
4471,PED-77307,2025-06-09,2025-04-30,717,Antony Mendes,matheus81@example.org,Martins,SE,eletronicos,Nemo,LG,1,2998.48,1532.85,20,18.24,app,Crédito,6,Recusado,Total Express,Entregue
4472,PED-84632,2025-07-12,2024-08-08,516,Thiago Aparecida,dcamargo@example.com,Moreira Paulista,RJ,eletronicos,Sed,Nike,2,871.82,281.88,20,104.61,app,Boleto,6,Recusado,Jadlog,Em trânsito
4473,PED-82274,2024-03-26,2025-08-27,699,Luiz Henrique das Neves,enzoabreu@example.org,Vargas de Andrade,RJ,Eletrônicos,Perspiciatis,Apple,2,83.65,1883.27,0,22.8,App,Boleto,12,aprovado,Jadlog,Atrasado
4474,PED-58440,2024-11-14,2024-09-03,134,Nathan Peixoto,sousamarcela@example.com,Cavalcanti,MT,eletronicos,Facilis,Apple,3,1416.9,312.26,0,81.99,app,Crédito,1,Pendente,Correios,Atrasado
4475,PED-31920,2025-01-04,2026-01-07,92,Benicio Farias,dbarros@example.com,Alves,SC,Eletrônicos,Ipsa,Genérica,3,190.18,1614.33,20,111.48,App,Crédito,1,Pendente,Jadlog,Entregue
4476,PED-95462,2024-04-24,2024-07-22,863,Vinicius Vieira,heloisa62@example.net,Rodrigues,AP,Eletrônicos,Illum,Samsung,1,1987.56,2825.25,0,93.05,Aplicativo,Débito,1,Pendente,Correios,Entregue
4477,PED-22495,2025-05-11,2025-10-13,754,Dr. Matheus Pacheco,piresravi@example.org,Gonçalves do Oeste,PA,Roupas,Eaque,Apple,2,2981.77,2762.23,0,24.25,Aplicativo,Pix,1,Pendente,Correios,Entregue
4478,PED-96620,2024-04-23,2024-04-17,325,Enrico Barros,casa-grandelunna@example.net,Almeida de Dias,SP,Roupas,Explicabo,Samsung,1,163.53,1129.11,0,59.28,App,Crédito,3,aprovado,Jadlog,Entregue
4479,PED-93760,2024-10-24,2025-03-01,93,Ian da Paz,moraesandre@example.net,Montenegro da Mata,RR,eletronicos,A,Apple,5,1681.67,2624.88,0,117.14,app,Boleto,1,Pendente,Total Express,Atrasado
4480,PED-44234,2024-06-19,2024-07-16,280,Gabriel Fonseca,kamillygoncalves@example.org,Pimenta,PE,eletronicos,Quasi,LG,1,2217.55,3283.16,0,84.91,SITE,Boleto,1,aprovado,Correios,Atrasado
4481,PED-49528,2024-04-27,2025-03-21,1199,Théo Oliveira,barrosjoao-pedro@example.com,Lima,MG,eletronicos,Eveniet,Adidas,5,1074.48,1387.41,0,112.8,App,Pix,2,Pendente,Total Express,Atrasado
4482,PED-34498,2025-12-03,2024-07-13,994,Cauã Martins,albuquerqueluana@example.net,Borges da Serra,TO,Beleza,Et,Nike,5,2763.95,2855.72,0,74.12,SITE,Crédito,1,Recusado,Correios,Em trânsito
4483,PED-95194,2025-08-20,2025-11-19,953,Catarina Costa,yasmin27@example.org,Leão de Goiás,SP,Eletrônicos,Numquam,LG,3,3042.75,701.16,30,27.72,App,Débito,1,Recusado,Total Express,Entregue
4484,PED-57404,2025-12-20,2024-03-18,1162,Dr. Henrique Castro,xsantos@example.org,Freitas de Andrade,SP,Beleza,Officia,Adidas,2,2432.69,1831.92,0,34.93,SITE,Boleto,1,Aprovado,Jadlog,Atrasado
4485,PED-11483,2024-12-05,2025-10-26,293,Luísa Abreu,vduarte@example.net,Cavalcanti da Praia,SP,Beleza,Ab,Samsung,2,3432.09,224.75,0,94.91,Site,Débito,3,Aprovado,Correios,Entregue
4486,PED-94265,2025-06-29,2025-06-26,614,Sr. Vitor Gabriel Fonseca,davi-luizpires@example.com,Nogueira de Minas,ES,Eletrônicos,Ipsam,Nike,3,1339.29,2020.15,20,95.12,SITE,Crédito,12,Pendente,Correios,Em trânsito
4487,PED-76316,2024-10-22,2025-02-10,626,Miguel Melo,rborges@example.net,Oliveira,SE,Roupas,Ipsa,Apple,1,1200.87,1088.96,0,111.75,Aplicativo,Pix,1,Aprovado,Total Express,Entregue
4488,PED-40041,2026-01-29,2024-03-05,1136,Lívia Araújo,bruna83@example.org,Silva,RN,eletronicos,At,Adidas,5,1976.2,3238.61,0,27.96,Aplicativo,Crédito,3,Recusado,Total Express,Atrasado
4489,PED-80173,2024-02-11,2025-06-06,60,Dr. Theodoro Pires,wcaldeira@example.com,Ribeiro,SC,Casa,Ducimus,Apple,2,3187.82,471.04,10,26.79,App,Pix,1,Recusado,Jadlog,Atrasado
4490,PED-64277,2025-12-02,2024-12-09,440,Cecilia Viana,guilherme66@example.net,Marques Paulista,MT,Beleza,Quo,Nike,2,231.38,3352.71,0,23.93,SITE,Débito,12,aprovado,Jadlog,Entregue
4491,PED-50918,2024-05-06,2025-02-27,536,Cauê Dias,novaisyago@example.com,Ferreira Paulista,AM,eletronicos,Possimus,Apple,4,3386.16,1059.13,0,45.57,App,Pix,3,aprovado,Jadlog,Em trânsito
4492,PED-83362,2025-02-07,2025-09-13,104,Dr. Henry Gabriel Borges,valentinacavalcanti@example.org,Cardoso,RS,eletronicos,Tenetur,Apple,2,466.37,1801.66,20,42.51,App,Crédito,12,Recusado,Total Express,Atrasado
4493,PED-22178,2025-04-18,2024-08-07,519,Isabella Ferreira,camposallana@example.com,Leão,BA,eletronicos,Numquam,Genérica,5,1850.78,656.6,0,58.57,App,Crédito,3,Recusado,Total Express,Em trânsito
4494,PED-75189,2025-12-09,2025-04-24,187,Elisa Aparecida,zda-rocha@example.com,Novais de da Rosa,PE,Beleza,Id,Genérica,1,2540.86,2902.38,0,35.54,Site,Boleto,1,Aprovado,Total Express,Em trânsito
4495,PED-63622,2025-05-02,2025-09-12,195,Paulo Carvalho,bryanmoreira@example.net,da Mata,RO,eletronicos,Non,Apple,3,949.18,702.52,30,29.67,Site,Débito,12,Recusado,Jadlog,Em trânsito
4496,PED-61214,2024-09-07,2025-02-01,392,Ana Beatriz Mendes,danilodas-neves@example.com,Vieira,RN,Roupas,Pariatur,Genérica,5,462.84,964.74,30,42.42,Aplicativo,Crédito,3,Aprovado,Total Express,Em trânsito
4497,PED-42992,2026-01-18,2024-06-20,1157,Rafaela da Luz,borgesluiz-henrique@example.com,Guerra,MA,eletronicos,Saepe,Apple,2,2185.64,1529.29,0,16.39,App,Crédito,6,Recusado,Correios,Atrasado
4498,PED-10013,2025-12-11,2025-10-09,1050,Kevin da Mata,yago35@example.com,Pereira,MA,eletronicos,Vitae,Nike,3,1144.01,1611.54,0,49.38,app,Débito,1,Aprovado,Jadlog,Em trânsito
4499,PED-34944,2025-08-03,2024-06-14,465,Ana Julia Almeida,qpeixoto@example.org,Souza de Carvalho,CE,Casa,Neque,Genérica,2,1483.39,2971.62,0,44.85,SITE,Boleto,1,aprovado,Correios,Em trânsito
4500,PED-61660,2025-04-19,2024-03-23,500,Maria Alice Cardoso,pintothomas@example.com,Silveira do Amparo,MA,Eletrônicos,Dolore,Nike,1,2288.58,250.07,0,63.65,Site,Pix,1,Pendente,Correios,Entregue
4501,PED-41421,2026-01-31,2024-04-25,136,Erick Rodrigues,da-costayan@example.com,Casa Grande das Pedras,TO,Eletrônicos,Sit,Apple,4,1288.46,1153.3,10,33.76,App,Pix,3,aprovado,Jadlog,Em trânsito
4502,PED-74290,2024-04-04,2024-05-09,467,Stella Correia,acardoso@example.org,Sampaio,SC,Roupas,Veniam,Apple,1,1430.17,1845.04,0,5.54,app,Boleto,12,Recusado,Correios,Atrasado
4503,PED-37766,2025-06-13,2025-03-21,1199,Dra. Marcela Azevedo,cassianoarthur-gabriel@example.org,Fernandes de Cavalcanti,AM,eletronicos,Nesciunt,LG,5,2434.41,2424.1,0,57.05,app,Débito,1,aprovado,Total Express,Atrasado
4504,PED-54035,2026-01-28,2025-06-21,798,Stephany Nogueira,elisasilveira@example.com,da Mota,SP,eletronicos,Minima,Samsung,3,1054.14,2482.11,10,16.02,Aplicativo,Boleto,12,Aprovado,Total Express,Atrasado
4505,PED-89054,2024-06-02,2025-11-09,324,Ravi Lucca da Mota,alima@example.org,da Costa,MS,Casa,Laboriosam,Genérica,4,262.22,769.41,0,69.99,Aplicativo,Boleto,2,aprovado,Correios,Entregue
4506,PED-25773,2025-06-30,2025-02-22,938,Emanuella Pastor,leandro56@example.org,Cardoso,MS,Casa,Quasi,LG,5,1005.51,281.16,0,58.38,SITE,Crédito,12,Recusado,Jadlog,Entregue
4507,PED-39340,2025-10-31,2025-11-06,907,Mariane da Rocha,ramosarthur-gabriel@example.net,Novaes,MA,Casa,Totam,Adidas,4,2113.81,2451.13,0,55.22,SITE,Pix,1,Pendente,Total Express,Entregue
4508,PED-62547,2024-09-25,2025-06-12,453,Caio Pacheco,eloah70@example.org,da Mata de da Costa,MA,Eletrônicos,Explicabo,Samsung,4,2083.8,3320.66,0,24.94,SITE,Crédito,2,Pendente,Correios,Atrasado
4509,PED-92219,2025-10-09,2025-10-26,748,Arthur Miguel Monteiro,maparecida@example.net,Andrade,MG,Casa,Delectus,Apple,5,688.62,424.13,10,66.49,Site,Boleto,1,Pendente,Total Express,Atrasado
4510,PED-78937,2026-01-12,2025-02-18,978,Eloá Nascimento,calebe03@example.com,Carvalho Alegre,MT,Casa,Quae,Apple,3,2602.42,454.16,0,42.39,app,Boleto,1,Recusado,Jadlog,Em trânsito
4511,PED-78592,2024-11-04,2024-04-04,703,Eduardo Macedo,xda-conceicao@example.org,Teixeira,AP,Eletrônicos,Porro,Samsung,5,1064.85,2177.38,0,54.8,app,Débito,3,aprovado,Total Express,Em trânsito
4512,PED-95322,2026-01-01,2025-10-26,204,Arthur Miguel Alves,qvieira@example.com,Marques,MG,Casa,Placeat,Nike,2,3181.63,2472.91,20,113.41,app,Boleto,3,aprovado,Total Express,Em trânsito
4513,PED-80737,2024-08-28,2025-12-26,785,Benicio Fogaça,xsantos@example.com,da Paz do Oeste,CE,eletronicos,Possimus,Genérica,4,2576.64,1740.25,10,27.68,Aplicativo,Boleto,1,Recusado,Correios,Em trânsito
4514,PED-41284,2024-04-11,2025-10-13,826,Sarah Aragão,asafe46@example.net,Martins,AM,Eletrônicos,Rem,Samsung,4,1296.3,88.56,0,78.14,App,Crédito,6,aprovado,Total Express,Entregue
4515,PED-75602,2024-02-16,2026-01-26,1175,Dr. Oliver da Mota,luiz-fernandoda-mata@example.org,Santos do Oeste,MG,Eletrônicos,Sit,Samsung,1,1635.07,3210.44,20,77.48,Site,Boleto,3,Aprovado,Jadlog,Em trânsito
4516,PED-94063,2025-09-14,2024-11-28,1190,Enzo Monteiro,lda-conceicao@example.org,Caldeira de Goiás,AC,Beleza,Culpa,Genérica,5,2397.8,476.5,20,20.9,Aplicativo,Crédito,2,Pendente,Jadlog,Entregue
4517,PED-32425,2024-06-08,2025-06-24,1132,Ravi Lucca Macedo,caldeiraandre@example.com,Almeida de Carvalho,RO,Eletrônicos,Suscipit,Apple,5,140.15,639.5,0,81.53,App,Boleto,2,Aprovado,Total Express,Em trânsito
4518,PED-52696,2025-02-13,2025-10-26,190,Maria Luísa Pinto,da-matajulia@example.net,Carvalho,SC,Casa,Perferendis,Genérica,3,1987.26,1423.08,0,101.92,App,Boleto,12,Aprovado,Jadlog,Entregue
4519,PED-81367,2024-09-02,2025-02-13,1086,Maya Albuquerque,da-matagustavo@example.org,Gonçalves,AM,eletronicos,Voluptatem,Apple,5,655.7,3450.34,30,87.61,App,Crédito,3,Aprovado,Correios,Em trânsito
4520,PED-88484,2025-10-22,2026-01-22,160,Alexandre Gomes,lorena55@example.com,Caldeira,MG,Casa,Quia,Nike,3,2037.23,1310.45,10,117.06,App,Débito,2,aprovado,Jadlog,Atrasado
4521,PED-82463,2024-06-14,2025-08-17,537,Alícia Viana,yan71@example.com,Caldeira de Minas,PI,Eletrônicos,Repellat,Genérica,4,139.12,2853.14,0,36.0,SITE,Crédito,12,aprovado,Jadlog,Em trânsito
4522,PED-60909,2024-10-07,2024-11-15,671,Gustavo Henrique Duarte,smontenegro@example.net,Abreu dos Dourados,ES,eletronicos,Ea,Adidas,4,1634.63,2099.56,0,108.26,Site,Crédito,6,Pendente,Jadlog,Atrasado
4523,PED-15704,2024-11-25,2025-11-14,1004,Levi Camargo,caio47@example.org,Novais Grande,ES,eletronicos,Eum,Genérica,1,2555.21,208.77,0,110.11,app,Boleto,2,Pendente,Jadlog,Atrasado
4524,PED-16092,2025-12-09,2025-10-22,108,Leandro da Cunha,rafaela65@example.com,Duarte do Norte,BA,eletronicos,Sapiente,Apple,1,135.87,3222.38,30,84.03,App,Débito,1,aprovado,Correios,Entregue
4525,PED-55044,2025-04-29,2024-10-12,655,Caio Cirino,rochaisis@example.net,Mendonça,MS,eletronicos,Nostrum,Apple,1,2128.35,399.94,0,116.61,Aplicativo,Débito,6,Aprovado,Correios,Atrasado
4526,PED-13039,2025-06-17,2024-07-11,347,Dra. Lívia Araújo,mariana05@example.org,Pires,SP,Roupas,Ipsam,LG,1,2040.73,415.39,0,68.3,Aplicativo,Pix,1,Recusado,Correios,Em trânsito
4527,PED-51044,2025-04-29,2024-09-13,200,Lívia Gomes,benicio23@example.org,Sá do Amparo,PE,Casa,Perferendis,Nike,3,1484.23,2166.4,0,50.62,app,Pix,1,aprovado,Jadlog,Entregue
4528,PED-77008,2025-11-06,2024-05-05,988,João Lucas Garcia,otavio51@example.net,Freitas,MG,Roupas,Dignissimos,Genérica,4,576.5,3391.26,30,87.16,Site,Pix,6,aprovado,Correios,Em trânsito
4529,PED-23259,2024-11-23,2025-11-05,614,Ana Freitas,carvalhojoao-felipe@example.net,Ribeiro,CE,eletronicos,Dolore,Apple,5,1776.39,1313.38,20,69.3,App,Boleto,1,Aprovado,Jadlog,Atrasado
4530,PED-85406,2024-11-05,2024-09-05,1121,Dra. Camila Brito,melissa68@example.com,Vieira da Praia,SC,Eletrônicos,Praesentium,Adidas,5,493.65,2769.17,10,8.58,App,Pix,3,Aprovado,Jadlog,Entregue
4531,PED-96096,2024-03-23,2024-09-04,215,Samuel Cavalcante,mathiasalves@example.org,Sales do Norte,MS,eletronicos,Porro,Genérica,4,925.97,1914.45,20,6.48,Aplicativo,Boleto,3,Recusado,Total Express,Entregue
4532,PED-34822,2025-10-18,2025-07-22,206,Maria Julia Macedo,enrico78@example.com,Marques,ES,eletronicos,Quam,Genérica,4,2796.24,1719.61,0,40.36,app,Boleto,1,Aprovado,Total Express,Atrasado
4533,PED-76461,2024-09-26,2025-05-17,699,Srta. Maria Luiza Cunha,danielacassiano@example.org,Ramos,MS,eletronicos,Eius,Genérica,3,3364.83,3465.07,20,54.18,Site,Débito,3,Pendente,Total Express,Em trânsito
4534,PED-36616,2025-01-23,2024-10-26,476,Bianca Sampaio,dda-luz@example.com,da Cunha,PI,Beleza,Sapiente,Samsung,1,922.11,361.88,30,114.48,SITE,Débito,6,Pendente,Total Express,Atrasado
4535,PED-94545,2025-11-19,2024-08-29,640,Dr. João Felipe Farias,lopesliz@example.com,Oliveira de Teixeira,CE,Roupas,Perspiciatis,Samsung,1,2887.45,2691.47,0,97.69,Site,Crédito,6,Pendente,Jadlog,Atrasado
4536,PED-59171,2025-09-20,2025-04-29,357,Manuela Machado,pnunes@example.net,das Neves dos Dourados,RS,eletronicos,Sequi,Apple,3,1988.25,1857.38,20,27.48,SITE,Crédito,1,Recusado,Jadlog,Atrasado
4537,PED-47049,2025-10-24,2024-10-31,813,Sophie Pires,yasminmoraes@example.org,Jesus do Campo,CE,Casa,Repellendus,LG,4,807.13,2471.1,0,84.99,App,Crédito,1,Pendente,Correios,Em trânsito
4538,PED-34888,2025-04-17,2024-04-11,177,João Gabriel Gomes,larissaduarte@example.net,Oliveira da Mata,PR,eletronicos,Corrupti,LG,2,566.24,2566.04,10,68.69,SITE,Pix,2,Pendente,Correios,Em trânsito
4539,PED-45897,2025-06-29,2024-05-01,100,Gael Henrique Pereira,ana-laura85@example.net,Cardoso,BA,eletronicos,Iure,LG,2,2491.84,184.86,0,109.18,app,Pix,1,Pendente,Correios,Em trânsito
4540,PED-37567,2025-03-18,2024-11-12,556,Isaac Pereira,giovanna15@example.net,Cavalcante,MG,Eletrônicos,Labore,Nike,5,2935.86,1741.85,0,31.53,SITE,Débito,2,aprovado,Total Express,Atrasado
4541,PED-10732,2024-03-10,2025-01-21,211,Brayan Ferreira,oliviadas-neves@example.org,Correia de da Cunha,RR,Roupas,Iusto,Samsung,5,3317.08,2650.18,0,15.78,app,Débito,1,aprovado,Correios,Entregue
4542,PED-39425,2024-05-24,2026-01-01,424,Davi Lucca Caldeira,davilima@example.com,Pacheco,PR,Casa,Ipsa,Samsung,3,2353.3,2768.66,0,25.99,app,Boleto,1,Pendente,Correios,Atrasado
4543,PED-49154,2025-04-06,2025-07-12,398,Sr. Davi Silveira,nathan32@example.org,Albuquerque do Oeste,SP,Eletrônicos,Repellat,Nike,2,1788.27,697.67,0,40.2,SITE,Pix,12,Aprovado,Total Express,Em trânsito
4544,PED-98334,2024-08-15,2025-04-29,299,João Vitor Caldeira,mcarvalho@example.org,Brito,DF,Beleza,Facere,Genérica,3,1199.39,1373.56,20,86.48,Site,Boleto,12,Aprovado,Total Express,Entregue
4545,PED-71976,2025-11-19,2025-11-21,1051,Maria Isis Barbosa,tgarcia@example.com,Pastor do Campo,PI,Casa,Accusamus,Apple,3,1895.04,1571.96,10,93.38,App,Boleto,6,Aprovado,Correios,Atrasado
4546,PED-17255,2026-01-23,2025-05-23,837,Olívia Duarte,jmonteiro@example.org,Andrade,AL,Beleza,Dolor,LG,3,2755.94,594.87,0,12.65,app,Pix,1,Aprovado,Jadlog,Entregue
4547,PED-53802,2025-09-09,2025-10-08,784,Gabrielly Costela,maria-helenaandrade@example.org,Rezende do Amparo,AC,Casa,Corrupti,Nike,5,2412.85,2166.14,0,25.31,Site,Crédito,12,aprovado,Total Express,Entregue
4548,PED-92823,2025-02-06,2024-02-26,1099,Vitória Campos,henry-gabrielfarias@example.net,Moraes,GO,Beleza,Officiis,Samsung,1,981.59,2986.37,20,75.58,App,Débito,1,Pendente,Total Express,Em trânsito
4549,PED-51881,2025-04-12,2025-10-30,733,Hellena Moura,alexiacardoso@example.com,Novais Verde,MA,Roupas,Voluptas,LG,1,2830.86,1166.2,0,64.89,App,Crédito,2,Aprovado,Jadlog,Entregue
4550,PED-85959,2025-01-24,2025-08-12,1124,Mariana Martins,arthurmarques@example.net,Pastor,RJ,Casa,Iste,Adidas,5,1912.59,2140.93,20,34.63,app,Pix,12,Recusado,Correios,Em trânsito
4551,PED-15082,2024-05-28,2024-12-23,300,Ana Júlia Garcia,thiagocaldeira@example.net,Fonseca,RN,Casa,Quaerat,Adidas,1,2020.24,1311.97,0,5.82,SITE,Crédito,3,Aprovado,Correios,Entregue
4552,PED-75148,2025-07-26,2024-12-11,953,Davi Luiz Alves,sgomes@example.com,Lima de da Costa,PR,Casa,Amet,Apple,1,1889.35,3140.81,0,39.57,Site,Débito,3,aprovado,Correios,Entregue
4553,PED-60774,2025-06-24,2024-09-29,953,Dra. Evelyn Mendes,camargopedro-miguel@example.org,Barros,CE,Casa,Nobis,Samsung,3,536.76,1751.49,0,42.41,app,Pix,1,aprovado,Total Express,Em trânsito
4554,PED-87062,2025-05-16,2024-02-07,213,Sr. João Pedro Guerra,liviasiqueira@example.org,Fernandes,RS,eletronicos,Cumque,Apple,3,810.22,907.61,30,42.9,app,Pix,12,Aprovado,Jadlog,Entregue
4555,PED-65369,2024-08-04,2024-07-24,354,Ana Júlia Sampaio,fsilva@example.com,Teixeira,CE,Casa,Vitae,LG,2,523.11,493.98,0,10.6,App,Pix,6,Recusado,Jadlog,Atrasado
4556,PED-77406,2025-09-11,2025-08-13,718,Vitor Lima,cavalcantemaria-cecilia@example.com,Farias da Mata,CE,Eletrônicos,Quisquam,Apple,3,2659.85,2458.57,0,81.44,Site,Boleto,12,Aprovado,Correios,Em trânsito
4557,PED-23407,2025-07-28,2025-08-29,506,Paulo Ferreira,camila13@example.org,Siqueira da Prata,BA,Casa,Voluptatum,Nike,5,2968.72,1739.55,0,112.85,App,Crédito,6,Recusado,Total Express,Em trânsito
4558,PED-11364,2024-05-05,2025-01-28,916,Heitor Alves,ayla28@example.net,Rezende da Praia,CE,eletronicos,Maxime,Nike,2,246.71,187.05,30,21.36,App,Crédito,1,Recusado,Correios,Entregue
4559,PED-30736,2024-12-03,2024-03-09,155,Maria Sophia Rios,maria-julia34@example.com,Cirino,PA,Casa,Explicabo,Adidas,3,3343.69,3371.8,30,106.11,SITE,Pix,1,Pendente,Correios,Em trânsito
4560,PED-54186,2024-09-19,2024-09-19,747,José Pedro da Rosa,ccasa-grande@example.org,Nogueira Paulista,CE,Eletrônicos,Quam,Samsung,2,2120.31,916.85,0,109.47,app,Boleto,3,Pendente,Jadlog,Em trânsito
4561,PED-67492,2024-06-12,2026-01-12,708,Benício das Neves,mvieira@example.org,Guerra,MA,Casa,Quo,LG,4,3138.83,3386.29,20,92.59,SITE,Boleto,1,aprovado,Correios,Entregue
4562,PED-84528,2024-12-20,2025-11-24,579,Davi Lucas Machado,pereirabreno@example.net,Fogaça das Pedras,DF,Beleza,Nulla,Genérica,1,1452.24,2944.9,0,10.25,app,Crédito,6,Pendente,Correios,Entregue
4563,PED-49887,2025-06-06,2024-09-10,780,Erick Leão,da-motanicolas@example.org,Peixoto Paulista,SP,Eletrônicos,Illum,Adidas,4,3095.54,246.11,30,84.66,Aplicativo,Débito,3,aprovado,Jadlog,Em trânsito
4564,PED-70497,2025-03-20,2024-09-24,1103,Isabelly Melo,tjesus@example.net,Pastor Paulista,MA,eletronicos,Culpa,Samsung,3,3393.11,2750.83,0,18.92,Site,Débito,1,aprovado,Jadlog,Atrasado
4565,PED-36000,2025-06-15,2025-04-18,842,Gabriela Dias,amanda90@example.com,Monteiro de da Rocha,PI,Beleza,Dolores,Nike,3,3411.98,2366.39,30,98.57,SITE,Débito,1,Pendente,Correios,Em trânsito
4566,PED-87513,2025-06-18,2024-12-06,338,Nina Caldeira,cbarros@example.org,Farias do Oeste,SE,Beleza,Dignissimos,Apple,1,901.99,526.92,0,111.19,Site,Boleto,6,Recusado,Jadlog,Entregue
4567,PED-56868,2024-03-17,2024-06-25,812,Sr. Diogo Vasconcelos,asafe26@example.net,da Rosa do Galho,MG,Beleza,Nulla,Apple,4,920.41,1329.66,0,86.57,Aplicativo,Pix,6,aprovado,Jadlog,Entregue
4568,PED-66293,2024-06-11,2026-01-19,1194,Benjamim Novais,joao-miguellopes@example.com,Rios,DF,Eletrônicos,Soluta,Apple,3,3385.16,2218.78,20,81.03,Site,Débito,12,Recusado,Total Express,Entregue
4569,PED-34301,2025-06-07,2024-09-21,656,Carlos Eduardo Fogaça,ana-sophiasilveira@example.org,Correia Grande,TO,Casa,Ea,Apple,1,2118.48,982.06,10,5.7,App,Crédito,1,aprovado,Jadlog,Entregue
4570,PED-47830,2024-05-06,2025-03-19,300,Srta. Sarah Caldeira,silveiraana-cecilia@example.com,Lima de Goiás,MS,Casa,Nobis,LG,4,584.66,292.65,10,6.58,Aplicativo,Pix,1,Aprovado,Total Express,Entregue
4571,PED-67499,2024-03-08,2024-08-29,329,Ryan Farias,barrosmaysa@example.org,Andrade,PR,Roupas,Libero,Nike,4,3131.43,3402.71,0,115.41,App,Débito,1,aprovado,Total Express,Atrasado
4572,PED-73001,2024-10-13,2025-07-26,1084,Bella Macedo,maria-cecilia84@example.com,Rios de Araújo,DF,eletronicos,Quasi,Nike,3,1698.2,1360.43,30,72.39,SITE,Boleto,2,Pendente,Correios,Em trânsito
4573,PED-33100,2024-12-03,2025-12-02,527,Nicolas Sousa,ana-liviada-rosa@example.org,Novais Paulista,SP,eletronicos,Officiis,Nike,5,1126.04,2436.74,0,101.59,Aplicativo,Boleto,12,Aprovado,Correios,Atrasado
4574,PED-76147,2024-12-07,2024-12-11,297,Lucca Ramos,da-conceicaogabriel@example.org,Nascimento,GO,Casa,Aspernatur,Samsung,2,1014.58,2513.32,20,104.0,app,Boleto,2,Recusado,Total Express,Atrasado
4575,PED-19602,2024-11-16,2025-08-09,1194,Luigi Cardoso,mouradaniela@example.org,Aparecida,PE,Roupas,Atque,Genérica,1,1454.33,1952.42,0,101.63,App,Boleto,1,Aprovado,Jadlog,Entregue
4576,PED-83272,2025-12-28,2024-05-08,872,Aylla Albuquerque,luccarios@example.com,Freitas,PR,Casa,Error,Apple,2,1166.5,1848.17,10,60.4,App,Crédito,1,Pendente,Correios,Em trânsito
4577,PED-70312,2026-01-19,2025-01-03,153,João Guilherme da Cruz,maria-juliamoreira@example.com,Barbosa,PA,Casa,Repellendus,LG,4,2174.06,2219.8,30,94.17,app,Boleto,1,Aprovado,Correios,Entregue
4578,PED-54077,2024-08-04,2025-06-07,539,Henry Mendes,liz17@example.com,Barbosa,BA,Eletrônicos,Enim,LG,2,1783.02,2565.9,20,50.53,App,Boleto,12,Pendente,Correios,Entregue
4579,PED-65093,2024-12-28,2025-06-28,1191,Sr. Benício Araújo,gcarvalho@example.net,Gomes,PA,Casa,Aperiam,Apple,1,3103.05,570.8,0,23.17,SITE,Boleto,1,Pendente,Jadlog,Entregue
4580,PED-98291,2024-02-07,2025-03-25,1147,Luigi Pinto,walmeida@example.com,Rodrigues,PA,Eletrônicos,Voluptas,Apple,4,1913.19,1192.13,10,82.75,SITE,Pix,1,aprovado,Jadlog,Atrasado
4581,PED-18895,2025-06-16,2024-10-28,334,Olivia Viana,lborges@example.net,Martins de Minas,DF,Beleza,Ea,Samsung,3,1289.9,2809.24,10,26.29,app,Pix,12,Recusado,Correios,Em trânsito
4582,PED-16294,2025-10-20,2025-09-10,696,Vitor da Mata,dom21@example.com,da Rosa,DF,Eletrônicos,Similique,Samsung,3,2905.41,2771.81,30,95.34,Site,Boleto,6,Pendente,Jadlog,Entregue
4583,PED-58942,2024-07-12,2025-12-06,1140,Sra. Ísis Pires,dduarte@example.org,das Neves Alegre,PB,Beleza,Harum,Samsung,5,1139.23,589.53,0,25.34,app,Crédito,1,aprovado,Correios,Entregue
4584,PED-59106,2024-08-13,2025-08-02,1002,João Lucas Abreu,rodrigueserick@example.org,Cassiano,PB,Eletrônicos,Fuga,Apple,1,420.22,1922.99,10,48.29,Site,Débito,12,aprovado,Total Express,Entregue
4585,PED-43725,2024-02-10,2024-12-26,1037,Sra. Allana Vargas,maria-julia39@example.com,Pereira,DF,Beleza,Id,Nike,3,3115.64,3017.94,20,79.42,Site,Boleto,3,Aprovado,Jadlog,Em trânsito
4586,PED-98571,2025-11-30,2024-04-28,1132,Alexandre Rios,ilopes@example.net,Araújo,CE,eletronicos,Beatae,Nike,1,2604.29,287.85,0,66.93,SITE,Boleto,2,Recusado,Jadlog,Atrasado
4587,PED-35784,2025-03-26,2024-04-22,580,Hadassa Melo,leticia52@example.net,das Neves,MG,Casa,At,Genérica,3,839.05,853.09,30,17.0,Aplicativo,Pix,12,Recusado,Jadlog,Em trânsito
4588,PED-18457,2024-10-25,2025-02-14,224,Maria Luiza Fogaça,evelyn21@example.com,Fogaça de Minas,RJ,Roupas,In,LG,4,1989.82,316.06,10,110.4,app,Boleto,1,Aprovado,Jadlog,Em trânsito
4589,PED-77029,2024-06-10,2026-01-10,1011,Sr. Theodoro Cavalcante,calebe22@example.com,Souza,CE,Casa,Officia,Nike,1,2680.37,2575.55,0,56.52,app,Débito,6,Pendente,Correios,Em trânsito
4590,PED-92359,2025-03-09,2025-01-27,965,Maria Isis Abreu,maysasampaio@example.net,Gomes Alegre,PI,eletronicos,Quia,Samsung,4,1058.66,1917.21,0,17.93,app,Boleto,6,aprovado,Jadlog,Entregue
4591,PED-11642,2024-04-17,2024-08-10,230,Mariana Silveira,pedro-miguel19@example.net,Silva,TO,Beleza,Dolor,Adidas,4,2206.07,3045.9,0,47.43,App,Débito,1,Pendente,Jadlog,Em trânsito
4592,PED-95510,2024-07-06,2024-08-04,802,Isabela Castro,lunnalima@example.com,Brito,AP,Roupas,Beatae,Adidas,5,3192.02,1934.02,0,23.44,app,Boleto,3,Recusado,Jadlog,Entregue
4593,PED-83065,2024-08-08,2025-04-24,47,Theo Moura,mfarias@example.org,Sales,MT,Casa,Odit,Adidas,3,416.91,1097.62,10,106.9,App,Pix,6,Pendente,Correios,Atrasado
4594,PED-18601,2024-07-21,2024-08-02,702,Ana Lívia Cunha,oliveirasophie@example.com,Brito de Vargas,BA,Casa,Numquam,Genérica,4,2044.5,2104.9,10,77.18,app,Crédito,1,Pendente,Correios,Entregue
4595,PED-95054,2025-08-23,2024-10-02,44,Sr. Brayan Mendes,isis24@example.org,Sá,PI,eletronicos,Impedit,Genérica,2,3005.54,2752.03,10,25.87,Site,Boleto,6,Recusado,Total Express,Em trânsito
4596,PED-37019,2024-02-22,2025-02-09,1184,Maria Luísa Macedo,laura69@example.org,Melo,TO,Casa,Ullam,Nike,5,1650.2,2445.5,0,70.0,Aplicativo,Pix,12,Pendente,Correios,Atrasado
4597,PED-20510,2024-08-28,2024-12-02,988,Yago da Luz,spereira@example.net,Aragão Paulista,CE,Roupas,Perferendis,Apple,3,184.42,1541.31,30,68.91,app,Boleto,12,Recusado,Correios,Entregue
4598,PED-73627,2025-01-01,2026-01-02,648,Maysa Pimenta,manuelajesus@example.com,Silveira,AM,Casa,Cum,Apple,3,2882.59,251.67,0,18.28,Site,Crédito,2,aprovado,Jadlog,Atrasado
4599,PED-64436,2025-10-08,2026-01-31,860,Enrico Lima,stephanycirino@example.org,Gonçalves de Melo,SE,Casa,Placeat,Apple,4,2769.16,1789.94,0,25.76,SITE,Boleto,1,Pendente,Correios,Entregue
4600,PED-83988,2025-04-05,2025-06-14,846,Maria Helena Almeida,heloisa23@example.net,Cirino,MS,Beleza,Accusamus,Apple,3,717.44,2056.46,0,90.52,Site,Crédito,2,Pendente,Total Express,Atrasado
4601,PED-90629,2025-09-17,2025-04-11,920,Bernardo Duarte,luiz-fernandoaparecida@example.net,Nogueira das Flores,RO,eletronicos,Eveniet,Nike,4,466.05,1328.09,10,70.19,App,Boleto,12,Aprovado,Correios,Entregue
4602,PED-91088,2025-06-13,2024-09-29,1113,Marcos Vinicius Mendes,alicebarros@example.net,Araújo de Vargas,AP,eletronicos,Quos,Genérica,5,2631.36,931.6,0,35.12,Aplicativo,Pix,2,Aprovado,Jadlog,Atrasado
4603,PED-24091,2025-02-04,2024-08-02,720,Gustavo Siqueira,salbuquerque@example.com,Farias,AL,Eletrônicos,Fugit,Samsung,4,2257.68,2388.51,0,109.62,app,Pix,1,Aprovado,Correios,Em trânsito
4604,PED-52963,2024-12-26,2025-11-08,767,Olívia Vieira,gomesana-clara@example.net,Macedo,PI,Casa,Aspernatur,Genérica,5,3100.05,1892.19,0,74.23,SITE,Débito,12,aprovado,Total Express,Entregue
4605,PED-12416,2026-01-05,2025-07-19,789,Bella Martins,lrezende@example.org,Pinto,CE,Roupas,Ad,Genérica,5,3163.11,2281.15,0,77.0,App,Pix,1,Aprovado,Correios,Atrasado
4606,PED-96282,2025-02-17,2026-01-25,6,Lucas Mendonça,rochaantony@example.org,Garcia,CE,eletronicos,Debitis,LG,2,54.4,1356.05,30,111.61,Aplicativo,Débito,1,Pendente,Correios,Em trânsito
4607,PED-66237,2024-06-08,2024-12-24,856,Davi Lucas Dias,efarias@example.org,Pires de Sampaio,GO,Beleza,Iure,Nike,1,3359.07,2822.49,30,66.96,Aplicativo,Boleto,1,Aprovado,Correios,Em trânsito
4608,PED-73361,2024-04-01,2024-05-09,223,Sr. Dante Martins,mendoncaalana@example.org,Castro,MS,eletronicos,Eos,Apple,1,965.04,2452.82,20,27.12,Aplicativo,Pix,3,Aprovado,Total Express,Atrasado
4609,PED-98388,2024-05-28,2025-12-09,197,Maria Liz Pereira,bsousa@example.net,Teixeira das Flores,AP,Casa,Omnis,Genérica,4,1284.98,2866.5,0,99.8,Aplicativo,Boleto,6,aprovado,Correios,Entregue
4610,PED-15049,2025-08-06,2025-08-04,1113,Sr. Nathan Rezende,garagao@example.org,Moraes do Norte,MT,Casa,Explicabo,Samsung,1,530.84,869.76,0,85.09,App,Crédito,12,Pendente,Correios,Atrasado
4611,PED-85185,2024-02-03,2025-01-24,533,Eduarda Fonseca,stephany74@example.com,Rodrigues,PB,Casa,Molestiae,Adidas,2,3130.67,1877.35,0,83.41,Aplicativo,Crédito,12,aprovado,Jadlog,Atrasado
4612,PED-68185,2025-05-05,2024-04-23,619,Maysa Mendonça,lucas-gabriel87@example.net,Cirino de Fogaça,PA,Eletrônicos,Id,Genérica,4,2004.14,3005.22,0,37.29,App,Crédito,6,Pendente,Jadlog,Em trânsito
4613,PED-66261,2024-05-10,2024-02-09,790,Isaac Gonçalves,cardosootavio@example.com,Marques Alegre,PA,Eletrônicos,Quas,Adidas,4,691.1,817.69,0,70.04,SITE,Pix,1,Aprovado,Total Express,Atrasado
4614,PED-73344,2025-05-05,2025-12-02,788,Vicente Cunha,correiaigor@example.com,Martins,RO,Eletrônicos,Modi,Samsung,2,514.42,403.11,0,102.15,app,Crédito,3,Pendente,Correios,Em trânsito
4615,PED-97676,2024-11-02,2025-12-17,975,Laís Brito,camargoemanuelly@example.net,Machado,RJ,Eletrônicos,Quidem,Genérica,3,2322.8,2566.43,20,26.93,app,Débito,6,Aprovado,Total Express,Entregue
4616,PED-45466,2024-12-02,2025-06-08,700,Felipe Teixeira,carvalhobenicio@example.com,Barbosa do Oeste,AC,Beleza,Aut,Samsung,4,2345.64,1671.89,0,72.12,Site,Débito,1,Recusado,Correios,Entregue
4617,PED-21473,2024-04-28,2024-02-04,1150,Maria Helena Alves,marcelocavalcanti@example.net,Moreira,GO,Roupas,Doloremque,Adidas,1,2712.84,602.27,0,13.33,app,Boleto,2,Recusado,Jadlog,Em trânsito
4618,PED-34338,2024-07-10,2024-12-22,381,Gabriel Câmara,fernando69@example.org,Andrade do Norte,PE,Roupas,Aliquam,Samsung,2,1811.66,3237.33,30,2.84,SITE,Pix,1,Aprovado,Correios,Atrasado
4619,PED-84314,2025-06-27,2024-10-30,725,Ana Vitória da Conceição,maya65@example.net,Fernandes de Ferreira,SC,Beleza,Aperiam,Adidas,2,600.66,962.84,0,82.87,App,Pix,12,Recusado,Correios,Atrasado
4620,PED-62424,2025-08-01,2024-10-26,885,Rebeca Novaes,anthonyjesus@example.org,Pacheco,PE,Eletrônicos,Non,LG,5,2221.94,2442.32,0,6.32,app,Boleto,12,Pendente,Total Express,Atrasado
4621,PED-46365,2025-11-23,2025-06-05,1107,Sra. Luara Monteiro,silvafernanda@example.com,Gonçalves,MT,Casa,Sapiente,Samsung,5,699.02,3286.08,0,41.82,App,Crédito,1,aprovado,Correios,Entregue
4622,PED-24990,2024-12-25,2024-07-29,989,Maya Cassiano,benjamimvieira@example.net,da Cunha da Praia,AP,eletronicos,Ipsum,LG,3,1352.18,259.12,0,9.25,SITE,Crédito,3,Aprovado,Total Express,Em trânsito
4623,PED-24924,2025-01-04,2024-10-25,926,Eduardo Ribeiro,bernardogoncalves@example.net,Nunes Alegre,RJ,Beleza,Consequatur,Samsung,5,1755.77,432.87,0,26.88,app,Pix,2,aprovado,Correios,Em trânsito
4624,PED-30313,2025-12-30,2025-05-04,122,Srta. Valentina Correia,lpeixoto@example.com,Campos Verde,MA,Roupas,Repellendus,Nike,1,2626.46,1536.28,20,91.97,app,Débito,1,Pendente,Correios,Em trânsito
4625,PED-34492,2025-08-22,2025-08-30,982,Benicio Aragão,jademoraes@example.org,Pacheco dos Dourados,RR,Beleza,Consectetur,Apple,5,56.33,953.15,10,89.51,app,Crédito,12,Aprovado,Total Express,Em trânsito
4626,PED-28795,2025-07-03,2024-11-13,176,Joana Cirino,lcorreia@example.org,Pereira,MS,eletronicos,Nesciunt,Nike,1,674.69,1537.38,0,45.95,Site,Boleto,6,Pendente,Correios,Em trânsito
4627,PED-17010,2024-04-27,2024-06-01,310,Agatha Peixoto,pintoluisa@example.com,Fogaça,PE,eletronicos,Sit,Genérica,3,323.45,2760.89,10,19.44,Site,Débito,1,aprovado,Correios,Entregue
4628,PED-85851,2024-11-12,2024-03-11,178,Yasmin Alves,tmoura@example.com,Siqueira,ES,Roupas,Dolores,Genérica,2,2248.77,2938.45,0,64.31,App,Crédito,12,Recusado,Correios,Entregue
4629,PED-98777,2024-12-10,2024-05-09,141,Paulo Porto,luiz-otavioteixeira@example.com,da Mota Grande,RN,Beleza,Quis,Adidas,2,842.75,1712.08,0,9.56,app,Boleto,1,Pendente,Correios,Atrasado
4630,PED-69038,2025-12-20,2025-04-14,945,Arthur Miguel Melo,imoreira@example.org,Rodrigues,MG,Eletrônicos,Quidem,Apple,1,1094.14,2994.27,20,56.28,Aplicativo,Crédito,6,Aprovado,Correios,Atrasado
4631,PED-73456,2024-08-18,2024-12-06,940,Liam Fernandes,raparecida@example.com,Rocha Paulista,SE,Beleza,Aperiam,Nike,3,592.61,1638.97,10,88.46,app,Boleto,3,Recusado,Correios,Em trânsito
4632,PED-42225,2024-02-03,2026-01-10,135,Emilly Fernandes,luiz-otavio98@example.net,Araújo das Flores,MG,eletronicos,Aliquam,Adidas,3,2987.91,3322.42,0,14.7,Aplicativo,Pix,1,Recusado,Total Express,Entregue
4633,PED-86338,2025-05-24,2024-03-08,735,Lucas Gabriel Caldeira,albuquerquejose-pedro@example.com,Souza Verde,AM,Roupas,Repellat,LG,2,2365.29,757.87,0,4.97,App,Pix,12,Recusado,Correios,Entregue
4634,PED-78880,2024-10-29,2026-01-03,1076,Alice Peixoto,maria-sophia77@example.org,Azevedo de Pires,SE,Beleza,Saepe,Apple,1,1580.85,3488.38,20,79.73,App,Pix,1,Aprovado,Jadlog,Atrasado
4635,PED-92706,2025-05-09,2026-01-05,888,Bruna Albuquerque,maria-lauramarques@example.org,Novaes,MA,Roupas,Porro,Genérica,4,2458.2,1978.94,10,81.65,App,Pix,2,Pendente,Jadlog,Em trânsito
4636,PED-40956,2025-04-11,2025-06-28,1048,Enzo da Conceição,olivia17@example.net,Novaes da Mata,PE,Beleza,Atque,Samsung,4,2788.95,1902.33,0,22.79,App,Boleto,3,Aprovado,Total Express,Entregue
4637,PED-11514,2024-05-16,2025-09-17,243,Sra. Kamilly Marques,melina77@example.net,Costela das Flores,CE,Casa,Corporis,Apple,1,3412.03,1844.73,10,30.65,App,Boleto,3,aprovado,Correios,Em trânsito
4638,PED-83373,2024-08-30,2026-01-30,182,Catarina Andrade,lnascimento@example.net,Barros de Teixeira,RJ,Roupas,Quo,Genérica,1,1389.73,2174.79,30,73.75,Aplicativo,Crédito,6,Recusado,Jadlog,Em trânsito
4639,PED-25203,2024-05-18,2025-01-05,772,Maria Laura Camargo,beatriz68@example.com,Pires do Campo,AC,Roupas,Tenetur,Adidas,2,873.67,136.17,30,114.61,Site,Crédito,1,Pendente,Total Express,Em trânsito
4640,PED-77842,2025-11-01,2025-12-30,601,Sr. Caio Marques,biancacampos@example.com,da Rocha,PR,eletronicos,Nobis,LG,2,977.19,1461.43,10,14.32,SITE,Crédito,2,Recusado,Jadlog,Entregue
4641,PED-86026,2025-05-14,2025-08-03,51,João Lucas da Rocha,omendonca@example.org,Lima,BA,Beleza,Quis,Nike,3,714.56,1890.48,20,67.19,SITE,Pix,1,Recusado,Total Express,Atrasado
4642,PED-57358,2024-08-24,2025-10-04,233,Davi Montenegro,qrodrigues@example.net,Campos de Goiás,SC,eletronicos,Provident,Apple,2,288.67,2518.67,10,89.14,App,Pix,1,aprovado,Correios,Entregue
4643,PED-46157,2024-04-13,2025-04-14,851,Marina Camargo,zgomes@example.org,Machado,MS,Beleza,Ipsam,Apple,3,1278.09,1493.6,10,66.2,SITE,Boleto,12,Pendente,Jadlog,Entregue
4644,PED-17017,2024-05-16,2024-10-18,631,Maria Luiza Martins,pietro45@example.net,Rios das Pedras,RN,eletronicos,Asperiores,Adidas,4,3003.71,1782.04,20,81.48,SITE,Boleto,12,Aprovado,Total Express,Em trânsito
4645,PED-91861,2025-11-18,2024-09-05,872,Matheus Almeida,yandrade@example.com,Costela,PB,Roupas,Earum,Nike,3,3255.71,1289.85,0,94.77,SITE,Pix,1,aprovado,Jadlog,Em trânsito
4646,PED-66700,2024-03-14,2024-03-04,823,Benjamim Cirino,hmendes@example.com,Jesus das Pedras,MT,Roupas,Tempora,Genérica,3,2443.38,3259.31,0,0.05,Aplicativo,Pix,1,Recusado,Correios,Entregue
4647,PED-77528,2024-11-06,2024-02-17,387,Marcelo Souza,pferreira@example.org,Pinto da Serra,SP,Casa,Quibusdam,Adidas,2,68.78,2209.1,20,3.61,Site,Boleto,1,Aprovado,Total Express,Entregue
4648,PED-84412,2024-10-08,2025-10-27,1114,Theodoro da Paz,moraesbernardo@example.com,Fernandes das Pedras,AC,eletronicos,Eos,Genérica,1,3224.79,173.49,0,97.24,Aplicativo,Pix,2,aprovado,Total Express,Entregue
4649,PED-80374,2025-05-20,2024-11-09,879,Melissa Fogaça,benicio64@example.com,Campos das Pedras,SP,Eletrônicos,Voluptas,Nike,1,312.96,2884.06,0,69.79,SITE,Boleto,6,Recusado,Correios,Atrasado
4650,PED-64146,2025-11-18,2025-06-12,682,Daniel Ribeiro,oviana@example.net,Oliveira,DF,Beleza,Maxime,Samsung,3,2620.55,309.86,0,5.57,Aplicativo,Boleto,1,Recusado,Correios,Entregue
4651,PED-25852,2024-12-18,2025-10-03,1050,Sarah da Rosa,teixeiradom@example.net,Borges,RO,Beleza,Numquam,LG,5,1636.93,1061.81,10,26.84,SITE,Pix,1,Pendente,Correios,Entregue
4652,PED-65362,2024-08-25,2025-05-13,835,Nina Siqueira,maria-isis34@example.org,Barros,PE,Eletrônicos,Rerum,Apple,2,1207.84,3056.55,30,94.51,Aplicativo,Débito,1,Aprovado,Total Express,Entregue
4653,PED-80067,2024-03-19,2025-06-09,1176,Sra. Maitê Araújo,novaesleonardo@example.org,da Paz do Sul,RJ,Eletrônicos,Laborum,Apple,1,2853.77,1162.74,0,18.6,Site,Crédito,1,Aprovado,Jadlog,Em trânsito
4654,PED-91943,2025-05-11,2025-04-12,1178,Yago da Rocha,fdas-neves@example.com,Albuquerque do Oeste,AP,Casa,Quas,Genérica,1,2493.17,1350.6,0,117.23,SITE,Crédito,3,Recusado,Jadlog,Atrasado
4655,PED-69025,2024-07-23,2025-10-19,828,Gabriela Correia,pcarvalho@example.net,Aparecida,MA,Beleza,Possimus,Adidas,3,2555.12,731.3,30,46.26,App,Pix,3,aprovado,Total Express,Em trânsito
4656,PED-43907,2024-08-02,2025-04-01,826,Dra. Luísa Vargas,qbarros@example.org,da Rocha do Campo,BA,eletronicos,Distinctio,Nike,2,906.62,3283.1,0,26.73,Site,Pix,2,Aprovado,Jadlog,Atrasado
4657,PED-63087,2024-11-28,2025-10-26,311,Anthony Costela,joao-miguel22@example.org,Pinto de Ferreira,SE,eletronicos,Placeat,LG,2,1312.6,2619.82,0,117.81,SITE,Crédito,3,Recusado,Correios,Entregue
4658,PED-24235,2025-02-15,2025-06-18,184,Gustavo Henrique Melo,da-rochahenrique@example.net,Moreira de Minas,RN,eletronicos,Corrupti,Adidas,3,513.0,1733.95,30,60.32,app,Boleto,6,Recusado,Correios,Em trânsito
4659,PED-60648,2025-09-08,2024-02-16,713,Maria Luiza da Rocha,yaraujo@example.org,Fogaça de Porto,BA,Casa,Unde,Nike,2,1604.51,1752.89,30,31.29,SITE,Boleto,1,Pendente,Total Express,Em trânsito
4660,PED-20626,2024-02-06,2025-03-13,523,Pietro Siqueira,yasmin01@example.com,Gonçalves,RS,eletronicos,Architecto,LG,2,3017.15,1262.76,0,51.36,SITE,Débito,1,Recusado,Jadlog,Em trânsito
4661,PED-60725,2025-08-16,2026-01-06,73,Dr. Liam Mendes,fjesus@example.com,da Luz das Flores,MA,Eletrônicos,Quas,Adidas,4,1108.71,3178.67,20,0.17,Site,Débito,2,Aprovado,Total Express,Entregue
4662,PED-58958,2025-10-23,2024-08-19,1137,Anthony Viana,isilva@example.net,Castro,MT,Eletrônicos,Ad,LG,1,1076.51,1927.04,0,74.66,App,Crédito,1,Recusado,Total Express,Atrasado
4663,PED-62640,2024-03-31,2025-02-08,687,Bryan Ramos,qramos@example.org,Pereira,MA,Casa,Nostrum,Samsung,5,912.57,1992.97,0,80.44,app,Pix,2,Pendente,Jadlog,Em trânsito
4664,PED-58308,2024-07-28,2025-09-16,878,Davi Miguel Azevedo,eloahcostela@example.com,da Costa,RJ,Eletrônicos,Vel,Apple,2,1056.47,206.63,0,90.58,App,Débito,1,Aprovado,Jadlog,Entregue
4665,PED-92432,2024-07-20,2024-05-19,184,Vitor Gabriel Gonçalves,cbrito@example.com,da Costa da Mata,SP,Roupas,Natus,Samsung,4,1535.06,2097.84,0,20.48,Site,Débito,6,Aprovado,Jadlog,Entregue
4666,PED-34308,2024-02-18,2024-05-27,87,Marcelo Costela,smendes@example.com,da Rocha da Mata,RJ,Beleza,Distinctio,LG,2,932.38,696.63,20,110.9,App,Crédito,6,Recusado,Jadlog,Em trânsito
4667,PED-77118,2024-08-16,2025-02-17,973,Ana Beatriz Sampaio,vrocha@example.com,Mendes,SP,eletronicos,Deleniti,LG,1,2359.54,876.1,10,17.89,Site,Boleto,1,Recusado,Jadlog,Entregue
4668,PED-93559,2025-08-25,2026-02-01,435,Nicole Vieira,vitor72@example.com,Pires,AL,Casa,Quos,Genérica,1,1778.92,1658.91,20,59.68,app,Pix,1,Recusado,Correios,Em trânsito
4669,PED-79928,2025-11-23,2025-02-06,653,Mariah Sousa,matteo04@example.net,Melo de Vieira,PE,eletronicos,Laboriosam,LG,3,2242.15,2183.39,0,14.39,App,Crédito,1,aprovado,Jadlog,Entregue
4670,PED-47870,2024-09-16,2025-08-12,492,Marcelo Pacheco,fogacanicolas@example.org,Sampaio,MS,Beleza,Totam,Nike,2,3120.15,861.73,20,61.52,app,Boleto,6,Aprovado,Jadlog,Em trânsito
4671,PED-95240,2025-06-27,2025-10-03,244,Dom Pastor,ufonseca@example.com,Pereira,MA,Roupas,Ipsum,LG,2,1301.63,2838.46,30,5.98,Aplicativo,Débito,1,Pendente,Jadlog,Atrasado
4672,PED-73672,2025-01-16,2025-04-22,1176,Arthur Miguel Araújo,vcosta@example.net,Pimenta do Galho,PI,Eletrônicos,Amet,Samsung,3,3349.4,3352.11,20,65.5,Aplicativo,Débito,3,Recusado,Total Express,Em trânsito
4673,PED-53557,2025-08-31,2025-08-02,557,Davi Miguel Campos,correiadavi-miguel@example.com,Rezende Grande,PR,Roupas,Cupiditate,Samsung,3,3144.68,2328.12,0,116.28,app,Boleto,1,aprovado,Jadlog,Entregue
4674,PED-43323,2024-10-18,2024-08-26,971,Josué Cunha,benjamimfernandes@example.com,da Rocha da Prata,RR,Casa,Quidem,Genérica,5,3108.73,2148.48,0,113.66,Aplicativo,Débito,1,Aprovado,Jadlog,Entregue
4675,PED-78923,2024-12-17,2026-01-21,486,Luana Cunha,joao-vitor33@example.org,Camargo Grande,PB,Roupas,Aperiam,LG,1,678.79,1300.27,0,76.14,Site,Crédito,1,aprovado,Total Express,Em trânsito
4676,PED-12695,2025-12-12,2024-10-15,493,Vitor Nogueira,mayamelo@example.org,Aparecida da Praia,BA,eletronicos,Aut,Nike,5,894.0,1926.57,0,4.26,Site,Crédito,1,Recusado,Jadlog,Em trânsito
4677,PED-84787,2024-11-29,2025-07-25,1065,Joaquim Teixeira,liamporto@example.com,Pereira de Moraes,MA,Eletrônicos,Soluta,Genérica,3,1391.9,1411.43,0,108.81,app,Débito,1,Pendente,Jadlog,Em trânsito
4678,PED-35866,2024-11-12,2025-02-13,635,João Lucas Souza,evelynfarias@example.org,Gonçalves,PB,Beleza,Incidunt,Samsung,4,1347.04,235.83,30,38.79,Aplicativo,Débito,12,Aprovado,Jadlog,Em trânsito
4679,PED-54096,2025-10-29,2024-11-16,606,Sophia Santos,marquespietra@example.com,Souza,RN,eletronicos,Explicabo,Nike,2,2828.8,715.66,20,118.5,SITE,Crédito,6,aprovado,Total Express,Entregue
4680,PED-16141,2024-10-30,2025-11-02,1138,Arthur Miguel Vasconcelos,fferreira@example.com,Azevedo,MS,Eletrônicos,Quod,Samsung,1,798.3,1737.38,0,111.44,app,Crédito,1,Pendente,Total Express,Em trânsito
4681,PED-83273,2024-08-25,2025-04-05,1058,Vicente Camargo,ravynascimento@example.com,Pacheco de Carvalho,AL,Eletrônicos,Velit,Adidas,4,1954.34,3236.78,0,83.23,Aplicativo,Boleto,2,Recusado,Correios,Entregue
4682,PED-21589,2026-01-22,2024-09-29,888,Maria Helena Cunha,cavalcantemiguel@example.com,Vasconcelos de Ramos,BA,Roupas,Perferendis,Samsung,5,1923.1,826.79,20,7.92,SITE,Boleto,1,Recusado,Total Express,Atrasado
4683,PED-15844,2025-10-21,2024-11-23,222,Brenda Oliveira,cardosobruna@example.org,Castro Paulista,PE,Roupas,Dolor,Samsung,3,1101.85,3485.42,0,33.53,app,Pix,2,aprovado,Total Express,Em trânsito
4684,PED-42524,2025-02-23,2025-01-25,649,Alexandre Nunes,stephanycastro@example.com,Freitas,MS,eletronicos,Ratione,Nike,2,3429.66,2539.72,0,10.84,App,Débito,6,Recusado,Total Express,Em trânsito
4685,PED-84849,2025-03-22,2025-08-03,847,Antony Fernandes,luiz-felipearaujo@example.com,Jesus,MA,eletronicos,Adipisci,Samsung,1,755.42,2947.78,0,19.49,Site,Débito,2,Pendente,Correios,Entregue
4686,PED-74382,2025-01-08,2025-01-20,470,Isabella Sá,wrios@example.org,Gonçalves Verde,RR,Beleza,Possimus,LG,3,2429.25,1303.97,0,41.47,app,Crédito,12,Pendente,Total Express,Em trânsito
4687,PED-22017,2025-11-06,2024-07-09,617,Ravi Lucca Farias,das-nevesanna-liz@example.org,Sales de Lima,SC,eletronicos,Rem,Nike,4,528.0,1104.59,10,59.34,Site,Pix,6,Aprovado,Correios,Entregue
4688,PED-75702,2025-03-24,2024-08-04,83,Mariah Vargas,mouramanuella@example.org,Azevedo,SE,Eletrônicos,Nesciunt,Genérica,2,2272.61,1405.95,0,74.15,SITE,Pix,6,Pendente,Jadlog,Atrasado
4689,PED-87678,2025-10-06,2025-10-25,736,Srta. Ana Cecília Barros,breno33@example.org,Camargo,PI,Casa,Dolores,LG,2,1332.99,1746.22,30,25.78,Aplicativo,Boleto,12,Aprovado,Correios,Em trânsito
4690,PED-40263,2026-01-09,2024-09-09,905,Ísis Aragão,ana-julia16@example.org,Castro,PE,eletronicos,Est,LG,4,1237.02,822.77,0,59.6,App,Débito,12,Recusado,Total Express,Atrasado
4691,PED-89676,2025-10-12,2024-07-11,152,Yago Sales,henry-gabrielpires@example.net,da Mata,RO,Beleza,Possimus,Samsung,1,2671.88,2869.07,0,110.91,SITE,Pix,1,Aprovado,Correios,Entregue
4692,PED-68883,2025-12-08,2024-10-26,947,Gael Henrique Moreira,garciamelina@example.net,Andrade Alegre,AC,Casa,Ipsa,Samsung,4,3367.22,3468.0,0,44.79,app,Pix,12,Pendente,Total Express,Em trânsito
4693,PED-48777,2025-10-26,2025-09-18,611,Srta. Anna Liz Novais,francisco60@example.org,Campos,RS,Eletrônicos,Repellendus,Samsung,2,2575.01,1121.71,0,20.96,Aplicativo,Débito,12,Pendente,Jadlog,Atrasado
4694,PED-29471,2024-03-23,2024-05-26,160,Marcelo da Costa,piresisaque@example.org,Camargo,PR,Beleza,Voluptas,LG,1,2324.83,3108.54,10,66.84,app,Crédito,1,Pendente,Jadlog,Entregue
4695,PED-67234,2024-04-04,2025-10-07,144,Henrique Araújo,juanporto@example.com,Rezende,AL,Casa,Vel,Adidas,3,2670.12,2355.82,20,75.42,app,Crédito,6,aprovado,Jadlog,Entregue
4696,PED-79613,2024-04-22,2026-01-28,260,Catarina Ferreira,moreiraemanuel@example.net,Aragão,PA,Casa,Aliquam,Adidas,3,348.79,1258.89,0,0.38,Aplicativo,Débito,12,aprovado,Correios,Entregue
4697,PED-89092,2025-11-21,2024-05-06,1068,Fernando Costa,cavalcantiisadora@example.org,Almeida,RO,Casa,Blanditiis,Samsung,2,2999.36,1823.19,30,32.87,SITE,Pix,6,aprovado,Jadlog,Entregue
4698,PED-48295,2024-09-20,2024-07-24,914,Juliana Vargas,nunesthomas@example.com,da Costa,RJ,eletronicos,Eum,LG,3,3188.05,3306.83,10,105.48,App,Boleto,1,Pendente,Jadlog,Atrasado
4699,PED-66823,2025-03-14,2025-12-07,693,Sra. Maria Isis Caldeira,zvargas@example.com,Albuquerque da Prata,PB,Beleza,Nisi,Samsung,2,390.16,99.9,0,15.25,SITE,Crédito,12,Aprovado,Jadlog,Atrasado
4700,PED-56583,2024-12-17,2025-10-03,1108,Luana da Conceição,rezendesofia@example.com,Vasconcelos da Prata,PR,Beleza,Corporis,Samsung,2,724.16,2802.52,30,67.31,Aplicativo,Boleto,1,aprovado,Correios,Entregue
4701,PED-41086,2024-12-06,2025-05-20,761,Dr. Bernardo Pimenta,josue99@example.com,Fogaça,SE,Eletrônicos,Tempore,Samsung,2,2315.25,1183.94,0,20.72,App,Pix,1,Pendente,Correios,Entregue
4702,PED-20481,2025-10-15,2025-11-21,962,João Miguel da Costa,matheuspacheco@example.net,Camargo do Galho,RR,Casa,Quasi,Adidas,1,242.94,2924.38,0,119.26,SITE,Débito,1,Pendente,Correios,Em trânsito
4703,PED-34644,2024-09-23,2025-11-24,117,Noah Rezende,caleb27@example.net,Pacheco de Mendes,BA,Beleza,Esse,Samsung,3,321.65,672.72,0,52.67,Aplicativo,Pix,6,Recusado,Total Express,Em trânsito
4704,PED-59033,2025-08-11,2024-09-06,251,Sra. Letícia Ribeiro,mathias08@example.org,Pimenta do Norte,MA,Casa,Quod,Apple,2,67.46,1452.34,30,118.1,app,Boleto,2,Recusado,Jadlog,Atrasado
4705,PED-21844,2025-03-18,2024-04-15,761,Otávio Siqueira,hsampaio@example.org,Silveira,AP,Beleza,Voluptatum,Samsung,4,1398.92,3405.1,0,40.29,Site,Boleto,1,Pendente,Jadlog,Entregue
4706,PED-20032,2024-05-09,2024-05-29,444,Eloah Martins,joao-vitor69@example.com,Rezende de Rios,AM,Casa,Sit,Samsung,1,1706.58,371.01,10,109.34,SITE,Débito,12,aprovado,Total Express,Atrasado
4707,PED-47227,2025-05-27,2025-12-18,678,Leonardo Abreu,rodrigopastor@example.net,Aparecida do Amparo,PI,eletronicos,Corrupti,Samsung,5,1448.8,2830.17,0,46.13,App,Crédito,3,Aprovado,Jadlog,Em trânsito
4708,PED-11373,2025-09-20,2024-07-24,58,Srta. Letícia Casa Grande,camaralucas@example.com,Sousa,RO,Beleza,Quibusdam,LG,2,1836.16,2837.95,0,79.77,app,Pix,12,aprovado,Correios,Em trânsito
4709,PED-90722,2025-12-04,2025-12-03,815,Thomas Fonseca,beatriz25@example.net,Souza,MS,Eletrônicos,Debitis,Genérica,5,2089.64,3018.8,20,55.57,app,Boleto,1,Aprovado,Correios,Entregue
4710,PED-23801,2024-06-04,2025-11-25,1139,Maria Alice Gonçalves,britobruna@example.net,Peixoto,RO,Casa,Adipisci,Samsung,5,1634.46,2606.79,0,53.72,App,Crédito,2,Pendente,Correios,Em trânsito
4711,PED-52015,2025-12-10,2024-12-15,888,Benjamim da Cruz,bellada-rocha@example.net,Carvalho,RO,Casa,Rerum,Samsung,5,1864.57,1534.07,10,97.45,app,Pix,1,Pendente,Total Express,Entregue
4712,PED-13030,2024-07-16,2024-04-15,413,Laís Moura,theo75@example.net,Rezende de Guerra,ES,Beleza,Illo,LG,2,2308.87,1312.39,20,35.87,Site,Crédito,12,Recusado,Jadlog,Atrasado
4713,PED-20929,2025-05-28,2024-05-11,754,Alice Gomes,cpimenta@example.com,Lima de Garcia,SE,Eletrônicos,Voluptatem,Nike,5,2758.76,1973.58,0,12.68,app,Crédito,1,Pendente,Total Express,Em trânsito
4714,PED-80135,2024-10-08,2024-03-17,1004,Antonella Marques,aylla28@example.org,Fernandes,MA,eletronicos,Aliquam,LG,5,3459.62,1980.26,0,14.01,App,Boleto,12,Pendente,Jadlog,Em trânsito
4715,PED-70034,2025-01-14,2025-09-09,206,Esther Silveira,da-costaluiz-gustavo@example.org,Vieira,ES,Casa,Doloribus,Adidas,3,1051.96,535.05,0,118.53,SITE,Pix,1,Pendente,Total Express,Entregue
4716,PED-90351,2026-01-07,2025-06-11,784,Benjamin Sales,nathan15@example.net,Silveira da Prata,RN,Beleza,Atque,Adidas,3,1643.53,3381.45,30,76.11,App,Boleto,1,Aprovado,Correios,Em trânsito
4717,PED-81698,2024-04-05,2024-09-18,599,Dr. Bruno Ramos,joao-guilhermecampos@example.com,Campos da Praia,AL,Roupas,Sint,Samsung,2,630.84,984.63,30,113.03,SITE,Débito,3,Pendente,Total Express,Atrasado
4718,PED-98722,2024-02-14,2024-04-18,388,Srta. Letícia Pastor,ksantos@example.net,Caldeira da Mata,ES,Eletrônicos,Vero,Apple,5,447.75,1069.45,10,47.1,Site,Pix,1,Pendente,Total Express,Entregue
4719,PED-65377,2024-05-13,2025-12-11,296,Cecilia Cunha,ncavalcante@example.com,Azevedo de Minas,AM,Beleza,Molestias,Apple,2,1255.92,3324.88,30,42.83,Aplicativo,Boleto,1,Aprovado,Correios,Atrasado
4720,PED-84108,2024-02-25,2025-05-02,1126,Fernando da Costa,camaraana-liz@example.org,Pereira,RO,Roupas,Vero,Apple,2,2519.26,496.48,0,95.68,Site,Boleto,2,Pendente,Jadlog,Em trânsito
4721,PED-86273,2025-01-25,2025-06-07,31,Manuella Rodrigues,goliveira@example.org,Câmara da Mata,PR,Roupas,Suscipit,Adidas,4,787.92,107.08,10,38.84,SITE,Boleto,12,Recusado,Jadlog,Atrasado
4722,PED-17963,2025-08-30,2024-09-27,1038,Theodoro Carvalho,ngarcia@example.net,Andrade,SC,Beleza,A,Apple,1,2527.18,1984.5,0,67.64,app,Crédito,12,Pendente,Correios,Em trânsito
4723,PED-85882,2024-04-20,2024-04-08,860,Leandro Teixeira,silvamanuela@example.net,Mendonça das Pedras,PB,Casa,Expedita,Apple,5,1080.04,1588.51,20,91.78,app,Crédito,2,aprovado,Jadlog,Atrasado
4724,PED-90712,2025-08-02,2025-05-08,1072,Rodrigo Albuquerque,lucasda-paz@example.com,da Costa,RO,Eletrônicos,Perferendis,Samsung,3,2655.2,1593.59,0,19.99,app,Débito,1,Pendente,Total Express,Em trânsito
4725,PED-10354,2025-01-19,2025-05-26,1150,Maria Laura Cavalcanti,faparecida@example.org,Pires,CE,Casa,Deserunt,Nike,1,3022.64,1140.22,0,107.21,App,Débito,1,Recusado,Correios,Entregue
4726,PED-15823,2025-08-14,2025-05-15,259,Cecilia Campos,laurarezende@example.com,Câmara da Prata,SP,Beleza,Labore,Adidas,2,2848.81,376.51,0,119.59,Aplicativo,Pix,12,Aprovado,Correios,Atrasado
4727,PED-34167,2024-02-18,2025-12-07,698,Ana Costa,henry-gabrielda-mota@example.net,Melo de Rodrigues,RR,Roupas,Placeat,Apple,4,132.65,2082.84,0,12.94,app,Crédito,3,Aprovado,Correios,Em trânsito
4728,PED-34651,2025-03-09,2025-09-19,61,Emilly Farias,ramoslucas@example.com,Siqueira de Aparecida,PR,Casa,Ipsum,Samsung,3,2889.14,2749.34,30,26.07,Site,Pix,6,Recusado,Jadlog,Entregue
4729,PED-82000,2025-06-27,2024-09-03,271,Rafael Viana,lucasnascimento@example.net,Pinto Paulista,MS,Casa,Similique,Genérica,3,2415.14,2116.74,30,47.59,App,Crédito,3,Pendente,Jadlog,Atrasado
4730,PED-82303,2025-11-14,2025-01-25,613,Maitê Andrade,yda-cruz@example.net,das Neves de Minas,SC,Casa,Itaque,Genérica,4,941.05,3086.21,0,22.79,app,Boleto,1,aprovado,Jadlog,Entregue
4731,PED-49684,2025-07-26,2025-05-09,835,Rafaela Oliveira,lopesgael@example.com,Dias,BA,Roupas,Dolores,Nike,1,3264.25,3487.18,30,84.05,Aplicativo,Pix,1,Pendente,Jadlog,Atrasado
4732,PED-81414,2024-10-30,2024-04-12,612,Henry Gabriel Correia,kamilly48@example.net,Gonçalves,PE,Eletrônicos,Iure,Nike,4,2788.08,3197.44,0,41.39,Site,Crédito,2,Aprovado,Correios,Entregue
4733,PED-93468,2024-05-01,2025-10-12,554,Renan Mendonça,saraujo@example.org,Albuquerque de Brito,PE,Eletrônicos,Libero,Adidas,1,399.24,1462.57,10,47.67,Site,Crédito,3,Pendente,Total Express,Atrasado
4734,PED-31363,2025-10-06,2024-07-20,838,Dr. José Pedro Rios,amanda14@example.com,Casa Grande do Campo,AL,eletronicos,Exercitationem,Samsung,4,1985.46,1667.96,30,2.23,Site,Boleto,1,Aprovado,Jadlog,Entregue
4735,PED-14557,2025-11-09,2025-10-22,268,Srta. Maria Fernanda Macedo,fnogueira@example.org,Montenegro,ES,Roupas,Voluptatibus,LG,2,677.94,1282.68,0,0.51,App,Boleto,12,Pendente,Jadlog,Entregue
4736,PED-85134,2024-07-26,2024-10-06,807,Sr. Matteo Rezende,marcos-vinicius65@example.net,Moura Alegre,AL,Eletrônicos,Id,Genérica,4,646.46,1005.92,10,108.89,SITE,Boleto,6,aprovado,Correios,Atrasado
4737,PED-82824,2024-11-16,2025-03-15,1167,Ana Vitória Caldeira,lopesbarbara@example.com,Castro,CE,Casa,Dicta,Samsung,4,3204.84,1115.0,10,17.05,SITE,Boleto,1,Recusado,Total Express,Em trânsito
4738,PED-72328,2024-05-27,2025-06-29,151,Sr. Bernardo Monteiro,marinada-conceicao@example.org,Costa do Amparo,RN,Beleza,Ipsa,Adidas,1,2351.13,2395.14,0,33.79,SITE,Crédito,1,aprovado,Correios,Entregue
4739,PED-46494,2024-08-17,2024-08-13,51,Miguel Fogaça,siqueiraotto@example.net,Cardoso do Galho,AC,Casa,Distinctio,Genérica,5,2718.18,3028.92,10,79.63,App,Débito,12,Aprovado,Jadlog,Entregue
4740,PED-35121,2024-08-04,2025-03-29,1061,Davi Lucca Silveira,joao-felipe91@example.net,Gonçalves,MS,eletronicos,Quam,Adidas,3,646.66,445.12,30,26.42,App,Débito,1,Pendente,Correios,Em trânsito
4741,PED-97482,2025-11-17,2024-10-01,609,Mateus Ramos,sarah97@example.com,Pastor da Praia,MA,Beleza,Delectus,Apple,2,2917.04,1135.25,10,95.8,Site,Boleto,6,Recusado,Correios,Entregue
4742,PED-46722,2024-06-27,2024-12-05,1027,Mirella Garcia,da-conceicaomarcos-vinicius@example.com,Fogaça,PR,Beleza,Nobis,LG,2,959.44,968.02,30,33.7,App,Boleto,1,Pendente,Jadlog,Entregue
4743,PED-89104,2025-01-01,2025-04-22,986,Caleb Camargo,thomasnunes@example.com,Leão,SE,Eletrônicos,Consequuntur,Adidas,1,2950.39,531.13,0,46.28,SITE,Pix,2,Recusado,Total Express,Atrasado
4744,PED-90273,2025-10-17,2025-02-04,978,Maria Fernanda da Conceição,fgoncalves@example.net,Monteiro da Prata,DF,Beleza,Necessitatibus,LG,5,1663.14,3136.49,10,42.72,App,Boleto,6,Pendente,Jadlog,Em trânsito
4745,PED-62004,2025-03-20,2024-12-08,904,Ryan da Cunha,cfogaca@example.com,Ferreira dos Dourados,MG,Roupas,Rerum,Adidas,1,808.11,2474.04,0,47.16,app,Pix,1,aprovado,Correios,Em trânsito
4746,PED-28587,2025-04-05,2025-07-09,331,Lucca Moraes,frezende@example.com,Nascimento dos Dourados,ES,Eletrônicos,Cum,Nike,3,2613.02,738.63,0,104.67,App,Pix,6,aprovado,Correios,Em trânsito
4747,PED-62311,2026-01-18,2024-02-03,195,Asafe Silva,diogo58@example.org,Barbosa do Galho,RN,Eletrônicos,Inventore,Samsung,3,2024.07,711.19,20,5.15,Site,Pix,12,Aprovado,Total Express,Atrasado
4748,PED-35152,2024-04-05,2026-01-10,866,Giovanna Sampaio,dramos@example.net,da Rosa de Lima,AP,Roupas,Exercitationem,Samsung,3,1431.11,247.73,20,79.93,app,Débito,2,Pendente,Jadlog,Entregue
4749,PED-91191,2024-03-26,2025-01-12,937,Sr. Joaquim Moura,pintoana-vitoria@example.net,Pimenta Paulista,RS,Beleza,Deserunt,Samsung,1,1156.78,3467.22,0,91.87,Site,Crédito,3,Aprovado,Jadlog,Em trânsito
4750,PED-14703,2025-12-11,2024-03-17,680,Luan Rezende,montenegroamanda@example.com,Camargo,ES,Eletrônicos,Porro,Genérica,2,3496.38,989.73,0,13.47,Aplicativo,Pix,1,aprovado,Total Express,Atrasado
4751,PED-89641,2025-09-07,2024-09-01,611,Antonella Almeida,brunapereira@example.com,Marques,AM,eletronicos,Perspiciatis,Genérica,2,2425.07,200.37,30,67.31,app,Pix,1,aprovado,Correios,Entregue
4752,PED-22686,2024-04-13,2024-12-27,738,Juan Monteiro,pedro-miguel74@example.com,Albuquerque,RO,Roupas,Consectetur,Adidas,3,2032.65,2965.63,30,44.21,SITE,Pix,1,Pendente,Correios,Em trânsito
4753,PED-61304,2024-07-30,2025-03-23,693,Luiza Rios,iansousa@example.org,Leão,BA,Roupas,Reiciendis,Apple,4,2844.91,457.38,0,13.1,Aplicativo,Crédito,1,aprovado,Total Express,Entregue
4754,PED-97894,2025-08-13,2024-09-01,510,Srta. Mariah Fogaça,jnovaes@example.net,Borges,MA,eletronicos,Ut,Genérica,3,743.77,739.2,0,105.17,App,Crédito,2,aprovado,Correios,Atrasado
4755,PED-64843,2025-12-16,2024-08-21,693,Mariah Moraes,salesbarbara@example.com,Araújo,CE,Eletrônicos,Illum,LG,5,466.26,268.03,0,107.7,Aplicativo,Boleto,1,Pendente,Correios,Entregue
4756,PED-74700,2024-06-05,2024-06-04,481,Liz Correia,agatha27@example.org,Jesus,AM,Casa,Quos,Samsung,2,471.3,770.98,0,42.01,SITE,Pix,1,Pendente,Jadlog,Entregue
4757,PED-21535,2025-05-18,2024-07-14,408,Vicente Moura,levimoreira@example.org,Melo de Cavalcanti,RO,Eletrônicos,Minima,Apple,1,750.03,3023.46,0,116.43,SITE,Pix,1,Recusado,Total Express,Atrasado
4758,PED-59963,2024-04-30,2024-10-18,778,Allana Sales,luiza29@example.org,Nunes da Praia,PE,Casa,Atque,Apple,5,433.84,744.58,30,96.65,SITE,Crédito,1,aprovado,Total Express,Em trânsito
4759,PED-43799,2024-03-09,2024-09-02,30,Bryan Duarte,alexia46@example.org,Albuquerque da Prata,PE,Casa,Earum,Samsung,1,2946.55,1055.47,30,13.54,SITE,Crédito,1,Recusado,Total Express,Atrasado
4760,PED-46881,2025-07-10,2024-03-24,528,Benjamim Gonçalves,joana79@example.net,da Rocha de Goiás,BA,Casa,Mollitia,LG,2,2185.83,1518.53,0,3.34,App,Crédito,1,aprovado,Jadlog,Entregue
4761,PED-37671,2025-01-22,2025-07-03,501,Ayla Brito,juliaferreira@example.com,Castro da Serra,MS,Casa,Sapiente,Adidas,3,267.39,1578.7,0,60.17,Site,Boleto,6,Recusado,Jadlog,Em trânsito
4762,PED-80161,2025-05-23,2025-05-07,291,Davi Miguel Novais,vborges@example.net,Moura,MT,Roupas,Vero,LG,3,1811.78,873.72,10,67.03,Aplicativo,Crédito,1,aprovado,Total Express,Em trânsito
4763,PED-78312,2025-01-22,2024-06-18,997,Sarah Vieira,gomesisaac@example.com,Macedo,TO,Beleza,Quibusdam,Samsung,3,65.64,2851.43,0,84.29,app,Crédito,2,aprovado,Total Express,Em trânsito
4764,PED-99488,2024-05-20,2025-06-14,1084,Oliver Borges,maria-luiza91@example.org,Borges,RN,Roupas,Distinctio,Nike,2,1384.3,1443.21,0,11.74,SITE,Boleto,6,aprovado,Total Express,Atrasado
4765,PED-61973,2025-05-15,2024-10-20,506,Gael Henrique Sales,uaparecida@example.net,Fernandes,PB,eletronicos,Error,Adidas,5,1633.16,1111.71,0,14.15,Site,Débito,1,Recusado,Correios,Atrasado
4766,PED-57000,2024-08-13,2025-04-30,391,Vinícius Azevedo,danilo79@example.com,Costa,AL,Beleza,Amet,Apple,5,945.52,3151.26,0,61.41,SITE,Crédito,12,Recusado,Jadlog,Em trânsito
4767,PED-91909,2024-12-23,2025-11-02,783,Paulo Correia,rochaclara@example.com,Montenegro do Sul,SP,Eletrônicos,Vero,LG,1,656.01,2319.14,0,36.6,Aplicativo,Crédito,2,Recusado,Total Express,Entregue
4768,PED-36953,2024-03-02,2025-05-21,491,Letícia Silveira,mourapedro@example.net,Sousa,PB,Roupas,Ipsa,Nike,5,3415.93,596.72,20,95.27,App,Pix,1,aprovado,Jadlog,Entregue
4769,PED-63207,2025-04-18,2026-01-02,1119,Letícia Pinto,maite16@example.com,Costa da Serra,RN,Beleza,Facere,LG,2,2664.11,904.84,0,79.97,app,Boleto,1,Pendente,Total Express,Entregue
4770,PED-65348,2025-03-04,2025-02-02,403,Dante Fogaça,xcunha@example.com,Porto,CE,Beleza,Sit,Genérica,2,843.89,428.29,0,70.23,Aplicativo,Boleto,1,Recusado,Jadlog,Em trânsito
4771,PED-65001,2025-02-28,2024-07-04,31,Olivia Novaes,sagiovanna@example.com,Montenegro,MS,eletronicos,Deserunt,Genérica,1,2289.17,2944.14,20,49.37,Aplicativo,Pix,3,aprovado,Jadlog,Atrasado
4772,PED-88266,2024-10-19,2024-11-09,637,Srta. Ana Barros,almeidapedro@example.org,Lopes do Oeste,RO,Beleza,Laudantium,Samsung,2,2141.09,1472.25,0,116.53,App,Débito,2,Pendente,Correios,Atrasado
4773,PED-55563,2024-08-31,2025-05-31,166,Bella Souza,gabriel17@example.org,Oliveira de Cassiano,PB,Eletrônicos,Doloremque,Adidas,5,958.36,2908.51,0,47.91,App,Boleto,2,aprovado,Total Express,Entregue
4774,PED-25645,2024-11-04,2024-12-29,1111,Laís Lima,yagoalves@example.net,Martins de Correia,BA,Beleza,Sed,LG,3,199.63,2718.28,0,53.66,Site,Débito,1,Aprovado,Total Express,Atrasado
4775,PED-59415,2025-01-22,2025-12-05,226,Sr. Luiz Fernando Moreira,ceciliada-mata@example.org,Cunha,AC,Casa,Excepturi,Genérica,2,1267.44,3002.92,0,81.92,app,Pix,6,Recusado,Total Express,Entregue
4776,PED-67956,2024-05-09,2025-11-12,241,Júlia Machado,gustavo-henrique57@example.org,Moreira,AC,Beleza,Voluptate,Samsung,3,1295.75,2160.78,0,117.16,app,Pix,1,aprovado,Correios,Atrasado
4777,PED-98381,2024-12-23,2025-01-14,978,Ana Lívia Rios,allana15@example.org,da Rosa de Ramos,PB,Roupas,Modi,Genérica,3,2847.25,3257.56,10,90.06,SITE,Boleto,1,Aprovado,Total Express,Entregue
4778,PED-71511,2025-08-29,2024-12-15,49,Vicente Cassiano,rpimenta@example.net,Sá,SC,Roupas,Omnis,Nike,1,2496.47,715.32,10,91.64,SITE,Pix,1,Pendente,Total Express,Entregue
4779,PED-24544,2025-04-19,2024-12-02,282,Pietro Martins,bruna28@example.com,Leão,CE,Eletrônicos,Maiores,Apple,3,1824.62,2742.86,20,75.56,Aplicativo,Pix,1,Pendente,Total Express,Entregue
4780,PED-44597,2025-09-08,2024-09-04,767,Mathias Sales,ana-ceciliaviana@example.net,Silva do Oeste,RO,eletronicos,Consequuntur,LG,1,1312.79,1797.17,10,20.85,App,Crédito,12,Recusado,Jadlog,Entregue
4781,PED-32216,2024-04-13,2025-12-02,320,Antonella Mendes,grocha@example.org,Novaes,AM,Beleza,Voluptates,Nike,4,2764.15,678.05,30,70.23,app,Pix,1,Recusado,Jadlog,Em trânsito
4782,PED-27832,2024-07-30,2025-04-05,324,Mateus Moura,rhavijesus@example.net,Moraes,PR,Eletrônicos,Aspernatur,LG,3,2564.02,1781.87,10,112.0,app,Crédito,1,Pendente,Jadlog,Entregue
4783,PED-42567,2025-03-30,2024-11-12,750,Maria Helena Vargas,qfreitas@example.net,Gonçalves,SC,eletronicos,Eius,Nike,1,2961.23,1528.17,0,17.53,Site,Crédito,6,Aprovado,Jadlog,Entregue
4784,PED-89746,2024-06-01,2024-09-25,725,Matteo Nascimento,cfarias@example.com,Brito do Amparo,PA,Roupas,Vel,Nike,4,701.78,2104.18,0,77.9,Site,Boleto,12,Pendente,Correios,Entregue
4785,PED-55604,2026-01-29,2024-02-07,867,Rafaela Mendes,pedro-miguel84@example.net,Rezende de Mendes,SC,Casa,Sit,LG,5,2599.7,757.73,0,97.99,Site,Débito,6,Aprovado,Correios,Em trânsito
4786,PED-61533,2025-04-13,2024-12-02,499,Emanuel Almeida,novaismaria-alice@example.org,Viana de Rezende,AM,Beleza,Aut,Nike,1,489.78,2211.28,10,99.34,Aplicativo,Pix,3,Recusado,Correios,Em trânsito
4787,PED-39672,2025-02-22,2025-09-15,137,Igor Duarte,camargorodrigo@example.org,Camargo dos Dourados,PE,Beleza,Impedit,Genérica,5,1452.63,1934.37,0,22.37,app,Boleto,2,Aprovado,Jadlog,Entregue
4788,PED-70573,2024-11-02,2024-04-23,559,Mirella Peixoto,luiz-gustavo84@example.org,Gonçalves de Minas,RJ,Casa,Impedit,Samsung,1,898.37,1064.7,0,91.51,app,Débito,12,Pendente,Correios,Entregue
4789,PED-58892,2025-10-29,2024-06-16,182,Srta. Maria Laura Sá,eda-mota@example.net,da Rocha,AL,Casa,Unde,Samsung,5,2079.5,2366.76,30,67.89,App,Pix,1,Aprovado,Total Express,Em trânsito
4790,PED-16518,2025-05-13,2024-08-12,875,Kevin da Rosa,machadoluisa@example.net,Guerra,PB,Roupas,Deleniti,Genérica,3,223.73,3380.16,10,79.2,Site,Débito,6,Recusado,Correios,Em trânsito
4791,PED-64790,2025-03-08,2024-04-15,218,Théo Vieira,fcirino@example.net,Barros,GO,Eletrônicos,Accusantium,LG,3,2209.52,679.22,0,75.54,SITE,Boleto,3,aprovado,Correios,Entregue
4792,PED-57435,2025-03-04,2025-11-28,1132,Sr. Murilo Teixeira,casa-grandeagatha@example.net,da Cruz,BA,Eletrônicos,Assumenda,Samsung,2,3239.91,3133.6,30,107.32,app,Pix,1,Aprovado,Correios,Em trânsito
4793,PED-93575,2025-04-04,2024-06-24,663,Melissa Rocha,ana-laura49@example.net,Moura,AL,Eletrônicos,Dignissimos,LG,2,556.75,2656.88,0,31.55,Site,Boleto,1,Pendente,Correios,Atrasado
4794,PED-38423,2024-04-26,2025-12-19,1000,Srta. Isabella Nascimento,eloacosta@example.net,Vieira,SC,Casa,Officia,Nike,4,91.76,3066.24,0,46.09,Site,Boleto,1,Recusado,Total Express,Entregue
4795,PED-65020,2024-05-21,2026-01-05,594,Lorenzo Gomes,cirinoanthony@example.net,Oliveira da Mata,SC,Eletrônicos,Sapiente,LG,1,353.98,840.44,20,87.6,Site,Crédito,6,Recusado,Total Express,Em trânsito
4796,PED-15335,2024-12-02,2024-03-14,931,Maria Montenegro,alexandrebarbosa@example.org,Duarte,MG,Beleza,Porro,Samsung,3,747.39,1830.74,20,106.56,SITE,Pix,1,Aprovado,Jadlog,Entregue
4797,PED-29193,2024-08-28,2025-06-06,596,Maria Fogaça,alanaporto@example.org,da Rosa,AL,Casa,Quam,Samsung,3,3162.73,1286.16,0,34.84,Site,Crédito,1,Recusado,Correios,Em trânsito
4798,PED-82378,2024-09-09,2024-12-22,213,Sabrina Araújo,joaquim90@example.com,da Rosa Verde,CE,eletronicos,Totam,Nike,5,2003.82,3062.14,10,44.39,SITE,Pix,6,aprovado,Jadlog,Entregue
4799,PED-80358,2024-05-12,2025-12-20,420,Ana Clara Castro,leonardo12@example.org,Andrade,RS,Beleza,Ea,Nike,5,1934.3,1457.2,30,111.11,app,Pix,1,Pendente,Total Express,Atrasado
4800,PED-45891,2025-02-14,2025-02-23,900,Theo Pacheco,dsouza@example.net,da Luz,RS,Eletrônicos,Ullam,Adidas,2,3079.65,2187.31,10,68.11,app,Boleto,1,Aprovado,Correios,Atrasado
4801,PED-41997,2025-07-18,2024-05-23,518,João Vitor Fogaça,yanfogaca@example.com,Pinto,AC,Roupas,Odio,Genérica,5,929.76,800.95,10,78.26,app,Pix,1,Pendente,Total Express,Em trânsito
4802,PED-42826,2025-06-18,2025-09-10,127,Srta. Lunna Novais,eloada-costa@example.org,da Luz,SP,eletronicos,Harum,Apple,1,1707.08,3069.87,0,105.41,App,Boleto,12,Recusado,Total Express,Entregue
4803,PED-95668,2024-06-05,2024-07-16,307,Isadora Camargo,casa-grandeagatha@example.com,Borges de Lopes,SP,Beleza,Qui,Nike,1,2946.38,3494.95,20,29.99,Aplicativo,Crédito,1,Aprovado,Total Express,Atrasado
4804,PED-88707,2025-06-24,2024-04-28,1106,Joaquim Monteiro,rmacedo@example.org,Borges de Minas,ES,Eletrônicos,Non,Genérica,2,1681.07,239.84,0,5.27,Aplicativo,Crédito,3,Recusado,Jadlog,Atrasado
4805,PED-43163,2024-02-20,2024-06-04,523,João Vitor da Paz,barrosraul@example.org,Andrade,SP,Roupas,Dolorum,Apple,2,1254.44,1671.22,0,116.79,Site,Pix,1,Aprovado,Correios,Atrasado
4806,PED-45721,2025-10-19,2024-12-15,742,Srta. Joana Dias,wnascimento@example.net,Casa Grande de Albuquerque,SC,eletronicos,Atque,Nike,3,3149.45,1862.42,0,8.5,App,Pix,1,Recusado,Jadlog,Entregue
4807,PED-99185,2024-12-18,2024-03-28,23,Davi Luiz Barbosa,gpereira@example.org,Costela de Goiás,AP,Eletrônicos,Veniam,Samsung,5,3499.4,1920.46,20,78.33,Aplicativo,Boleto,1,Aprovado,Jadlog,Entregue
4808,PED-70011,2025-05-21,2025-05-02,912,Antônio Pereira,alicia77@example.org,Silva,RJ,eletronicos,Ea,Apple,2,1799.4,1174.47,10,94.68,SITE,Crédito,12,Recusado,Total Express,Entregue
4809,PED-56532,2025-05-31,2025-06-18,589,Arthur Gabriel Abreu,kborges@example.net,Cassiano de Aparecida,PE,Beleza,Numquam,Adidas,1,2541.7,2537.8,10,24.1,Aplicativo,Boleto,12,Aprovado,Total Express,Atrasado
4810,PED-89626,2025-11-08,2025-09-24,84,Enzo Gabriel Rodrigues,pgoncalves@example.net,Araújo,PI,eletronicos,Molestias,Nike,4,1607.01,354.99,0,95.16,App,Débito,12,Pendente,Total Express,Em trânsito
4811,PED-86091,2025-01-05,2025-02-20,450,Vitor Gabriel Brito,duarteanthony@example.com,Albuquerque,PE,eletronicos,Tenetur,LG,5,1132.21,2446.46,0,80.06,App,Pix,1,Aprovado,Jadlog,Em trânsito
4812,PED-66568,2024-09-02,2025-07-02,969,Henry Gabriel Camargo,aurora12@example.org,da Conceição do Norte,MA,eletronicos,Eum,Apple,5,1630.46,2198.65,20,64.37,Site,Crédito,3,aprovado,Correios,Atrasado
4813,PED-16156,2024-07-31,2024-04-06,900,João Gabriel Castro,camposester@example.org,da Paz de Guerra,RN,Casa,Ratione,Genérica,1,1168.36,3429.35,20,110.47,App,Boleto,12,Aprovado,Jadlog,Entregue
4814,PED-58306,2025-11-15,2024-12-20,458,Maria Fernanda Sá,camposalexandre@example.org,Rezende do Sul,SC,Casa,Dolor,Nike,4,2096.6,3492.79,10,85.83,SITE,Pix,1,Pendente,Jadlog,Entregue
4815,PED-73681,2025-03-10,2024-05-29,16,Dra. Maysa Cunha,jadedas-neves@example.net,Pacheco das Flores,RJ,eletronicos,Id,Adidas,4,790.75,2646.29,10,100.7,SITE,Crédito,1,Pendente,Correios,Entregue
4816,PED-25187,2025-06-11,2024-11-16,826,Gael Guerra,davi-luizsampaio@example.org,Silva de Minas,GO,Casa,Ad,Apple,5,1376.32,3144.38,20,75.68,SITE,Boleto,1,Recusado,Correios,Atrasado
4817,PED-83895,2024-11-17,2026-01-22,121,Luigi Fogaça,luiz-gustavo97@example.net,Castro,SC,Roupas,Debitis,Apple,4,1920.48,2597.14,0,34.87,Site,Boleto,3,Recusado,Total Express,Atrasado
4818,PED-89750,2025-04-23,2024-12-07,490,Sr. Alexandre da Rosa,arthur-gabriel94@example.com,das Neves,PE,eletronicos,Iusto,Samsung,5,316.09,2905.86,30,27.53,Site,Pix,1,aprovado,Correios,Em trânsito
4819,PED-89298,2024-02-23,2025-01-19,667,Joana Barbosa,da-motalivia@example.org,Fernandes Alegre,MG,eletronicos,Earum,LG,5,2737.36,1486.23,0,89.77,App,Pix,2,aprovado,Jadlog,Entregue
4820,PED-50531,2024-12-14,2025-04-30,597,Levi Cunha,aliciarocha@example.com,Gonçalves,SC,Eletrônicos,Atque,Nike,2,366.48,2550.47,30,86.42,Aplicativo,Pix,12,Aprovado,Jadlog,Entregue
4821,PED-16965,2025-09-04,2025-06-15,128,Sr. Mathias Sousa,das-nevessofia@example.com,Ramos das Pedras,SC,eletronicos,Vel,Apple,4,2072.37,937.54,10,31.89,SITE,Crédito,1,Aprovado,Jadlog,Atrasado
4822,PED-61728,2025-10-28,2024-03-27,44,Maria Fernanda Machado,piresbenicio@example.org,Gomes,SE,Roupas,Mollitia,Genérica,5,140.22,2919.34,0,50.25,Site,Débito,6,Aprovado,Total Express,Em trânsito
4823,PED-16832,2025-11-25,2024-08-18,1026,Luísa Cassiano,das-nevesmaria-isis@example.com,da Rosa,BA,Beleza,Deserunt,Adidas,1,1564.34,535.52,0,114.11,Aplicativo,Pix,1,Aprovado,Total Express,Atrasado
4824,PED-68284,2025-08-20,2025-07-27,947,Fernando Castro,casa-grandeester@example.org,Caldeira da Prata,DF,eletronicos,Provident,Apple,4,2929.35,1511.76,10,111.69,SITE,Pix,3,Recusado,Total Express,Atrasado
4825,PED-67188,2024-03-15,2024-05-02,128,Ester Porto,anthony-gabriel26@example.net,Vasconcelos das Flores,CE,Eletrônicos,Deserunt,Genérica,3,2515.15,204.59,0,94.64,App,Pix,3,Aprovado,Total Express,Em trânsito
4826,PED-60971,2024-03-27,2025-12-18,718,Srta. Antonella Câmara,cirinojoao-felipe@example.net,Siqueira da Praia,MS,Eletrônicos,Porro,Nike,4,2767.63,2066.7,0,17.16,Site,Pix,1,Pendente,Correios,Em trânsito
4827,PED-26067,2024-02-17,2025-02-14,1052,Marcelo Pastor,mendoncabrenda@example.org,Caldeira,BA,Casa,Odio,Nike,1,2347.36,1534.56,0,102.97,Aplicativo,Débito,1,Aprovado,Jadlog,Em trânsito
4828,PED-80946,2026-01-30,2025-07-28,646,Milena Caldeira,riosmaria-laura@example.com,Rodrigues,GO,Roupas,Recusandae,Nike,1,900.25,512.56,0,66.47,app,Boleto,1,Recusado,Total Express,Entregue
4829,PED-39899,2024-12-05,2025-02-13,38,Srta. Letícia Albuquerque,hgomes@example.net,Rocha do Galho,MA,Eletrônicos,Magni,LG,2,3099.45,3081.07,0,77.02,Aplicativo,Crédito,6,Recusado,Correios,Atrasado
4830,PED-94344,2025-03-30,2025-09-05,491,Davi Lucca da Luz,joaquim01@example.com,Peixoto de Nascimento,RN,Eletrônicos,Voluptates,LG,5,2768.87,326.96,20,59.96,Aplicativo,Débito,1,Aprovado,Jadlog,Em trânsito
4831,PED-59539,2024-12-05,2024-03-08,190,Valentim Borges,vviana@example.com,Aragão de da Mata,PR,Eletrônicos,Expedita,Samsung,1,1549.91,2418.17,30,7.81,App,Crédito,12,Pendente,Correios,Atrasado
4832,PED-90264,2026-01-11,2025-05-19,416,Dr. Diego Santos,ana-claraaparecida@example.net,Viana Paulista,DF,eletronicos,Adipisci,Adidas,5,1536.93,715.77,10,118.91,Site,Pix,1,Aprovado,Total Express,Entregue
4833,PED-82538,2025-07-20,2024-08-01,147,Melissa da Rocha,antonellavasconcelos@example.org,Oliveira,AP,Beleza,Repellendus,Nike,5,1302.65,246.38,0,97.74,App,Débito,2,Aprovado,Correios,Em trânsito
4834,PED-18598,2025-11-29,2025-01-24,584,Igor Cavalcanti,jabreu@example.org,Pastor,TO,eletronicos,Libero,Genérica,4,3068.78,3376.3,20,115.67,Site,Débito,1,Aprovado,Jadlog,Atrasado
4835,PED-30962,2024-12-30,2026-01-19,137,Sr. Henry Campos,benjamin02@example.org,Melo de Guerra,RO,eletronicos,Rerum,Samsung,5,878.46,2827.12,20,54.56,Site,Crédito,6,Pendente,Correios,Entregue
4836,PED-95181,2025-12-29,2024-08-13,328,Sra. Hadassa Carvalho,silvamaria-luisa@example.com,Machado Verde,SE,Beleza,Ad,Adidas,4,2127.16,3376.83,0,113.67,SITE,Boleto,6,Pendente,Jadlog,Em trânsito
4837,PED-92624,2024-05-21,2025-06-05,608,Maitê das Neves,leocavalcante@example.org,Aragão do Campo,AP,Eletrônicos,Minima,Samsung,5,2086.52,1112.68,0,3.78,SITE,Pix,3,Recusado,Total Express,Entregue
4838,PED-35301,2024-05-21,2024-02-04,1015,Aurora da Costa,nvasconcelos@example.org,Castro da Prata,PE,Casa,Voluptas,LG,5,1081.24,324.67,0,112.9,app,Pix,6,Recusado,Jadlog,Entregue
4839,PED-27712,2025-06-23,2026-01-16,767,Clarice Novaes,da-rochaana-laura@example.com,das Neves Grande,PE,Roupas,Animi,LG,5,2487.25,2841.88,0,61.14,Site,Pix,1,aprovado,Jadlog,Atrasado
4840,PED-36561,2024-04-21,2025-12-06,303,Vitória Sá,melomaria-liz@example.org,Pacheco de Vieira,RN,Roupas,Enim,LG,5,2720.98,3005.83,0,25.33,SITE,Débito,1,Recusado,Jadlog,Entregue
4841,PED-92396,2024-08-17,2024-06-13,466,Bryan Martins,enricorezende@example.org,Rocha,DF,Eletrônicos,Exercitationem,Samsung,1,2365.3,2463.4,10,16.76,SITE,Boleto,2,Aprovado,Total Express,Entregue
4842,PED-26345,2024-11-18,2024-11-07,433,Pedro Lucas Monteiro,leticia78@example.org,Duarte de Campos,MS,Roupas,Distinctio,Genérica,2,2603.15,573.83,0,9.19,app,Crédito,3,aprovado,Total Express,Atrasado
4843,PED-16400,2024-03-16,2025-07-15,1040,Pedro Costela,tcaldeira@example.org,Vargas,CE,Casa,Delectus,Adidas,5,785.74,805.36,0,72.13,Site,Débito,3,Aprovado,Total Express,Atrasado
4844,PED-89608,2024-04-20,2024-06-19,1152,Dra. Ana Julia Leão,caua48@example.net,Mendes de da Mota,RR,Casa,Aperiam,Samsung,2,111.69,2665.58,20,18.39,app,Boleto,6,Aprovado,Total Express,Entregue
4845,PED-44860,2024-09-28,2025-11-24,484,Gustavo Henrique da Conceição,da-matalarissa@example.com,Sousa,PB,eletronicos,Architecto,LG,5,1504.72,3445.74,0,105.97,App,Crédito,1,Pendente,Jadlog,Atrasado
4846,PED-87722,2024-12-07,2025-02-22,893,Josué Cavalcante,pietrocavalcanti@example.com,Porto,AP,Beleza,Autem,Samsung,4,1457.1,1757.53,0,21.41,App,Boleto,1,Recusado,Correios,Entregue
4847,PED-95994,2025-06-25,2024-07-03,706,Maria Flor Cardoso,qda-rocha@example.com,Cavalcante do Norte,AC,Beleza,Vitae,Adidas,4,987.68,993.04,30,87.07,app,Débito,6,Pendente,Correios,Entregue
4848,PED-85603,2025-03-23,2025-11-20,83,Valentim Dias,leticia10@example.org,Fonseca,RN,Casa,Error,LG,3,3443.76,2796.43,0,111.18,App,Crédito,1,Recusado,Jadlog,Em trânsito
4849,PED-80894,2024-05-15,2024-07-29,1181,Ana Laura Barros,henriquesantos@example.net,Pastor,GO,Beleza,Quos,Apple,4,706.28,2372.3,0,40.3,app,Boleto,1,Pendente,Jadlog,Atrasado
4850,PED-78788,2024-06-03,2024-08-21,219,Gustavo Henrique Oliveira,fonsecadiego@example.net,da Costa,SP,Roupas,Vero,Samsung,2,2930.4,1908.78,0,106.51,App,Pix,1,Pendente,Jadlog,Atrasado
4851,PED-34678,2024-07-26,2024-05-04,353,Maria Sophia Novaes,dduarte@example.net,Casa Grande das Flores,GO,Casa,Iste,Apple,2,948.99,2404.19,0,60.82,Site,Crédito,2,Recusado,Total Express,Em trânsito
4852,PED-63475,2024-08-05,2024-08-27,178,Lavínia da Mota,pereiraraquel@example.org,Siqueira,BA,Roupas,Tempore,LG,4,1392.01,1842.02,0,112.12,Site,Pix,2,Aprovado,Correios,Em trânsito
4853,PED-15669,2025-09-20,2024-08-09,787,Alana da Luz,fda-cruz@example.net,Fogaça do Sul,AC,Eletrônicos,Repellendus,Samsung,3,3047.46,3289.04,0,79.04,App,Boleto,1,Pendente,Jadlog,Atrasado
4854,PED-53874,2025-12-22,2024-11-13,721,Srta. Beatriz Porto,cramos@example.com,Gomes dos Dourados,SP,eletronicos,Rerum,Apple,5,2746.65,3428.06,0,71.47,App,Pix,1,Pendente,Correios,Atrasado
4855,PED-45563,2025-03-26,2025-05-23,1094,Gabriel Guerra,maria-julia66@example.net,Almeida da Prata,RN,Beleza,Ipsa,LG,5,2319.27,2510.43,10,86.39,Site,Crédito,2,Recusado,Jadlog,Em trânsito
4856,PED-51447,2024-03-13,2025-09-17,904,Mathias Farias,raquelnogueira@example.com,Albuquerque,PA,Casa,Quibusdam,Adidas,2,1541.33,786.94,10,71.81,Site,Crédito,3,Pendente,Correios,Atrasado
4857,PED-16196,2025-10-01,2024-03-23,453,Marcos Vinicius Sales,lucasabreu@example.org,Pinto,GO,Casa,Nihil,LG,5,2464.55,2683.64,10,56.21,Aplicativo,Boleto,12,Recusado,Correios,Entregue
4858,PED-48986,2025-11-23,2024-12-03,14,Agatha Borges,domda-costa@example.org,Correia,MG,Beleza,Placeat,Genérica,4,235.22,1215.98,0,13.22,SITE,Débito,1,Recusado,Correios,Atrasado
4859,PED-21695,2025-01-05,2024-11-12,963,Marcelo Sales,josueda-rocha@example.net,Ramos,MS,eletronicos,Ut,Genérica,4,2463.75,2197.27,10,83.46,Site,Pix,1,Recusado,Correios,Entregue
4860,PED-61278,2024-05-21,2024-03-01,255,Lucas Alves,lopespedro-henrique@example.com,Jesus,RO,Eletrônicos,In,Samsung,3,2621.34,2963.7,0,45.73,SITE,Débito,1,Aprovado,Jadlog,Atrasado
4861,PED-78181,2024-11-26,2025-10-02,690,Mathias Peixoto,davi04@example.com,Aparecida da Prata,RJ,Casa,Labore,Nike,5,2422.17,1020.56,0,115.96,App,Pix,1,Aprovado,Total Express,Atrasado
4862,PED-21495,2025-03-10,2026-01-13,185,Yago Nunes,lorenapeixoto@example.com,Almeida do Sul,RO,Beleza,Illum,Nike,4,3068.16,646.79,0,47.91,App,Crédito,1,Aprovado,Jadlog,Atrasado
4863,PED-67463,2024-10-14,2024-08-06,901,Dr. João Pedro Cirino,dmonteiro@example.org,Cunha,RS,Roupas,Molestiae,Samsung,5,3192.75,2884.6,30,103.94,Aplicativo,Crédito,6,Recusado,Total Express,Entregue
4864,PED-35370,2024-08-14,2025-09-06,226,Gustavo Henrique Peixoto,fernando34@example.com,Abreu do Sul,MS,Beleza,Maxime,LG,5,634.89,1907.28,0,56.03,SITE,Pix,1,Recusado,Jadlog,Entregue
4865,PED-58644,2026-01-08,2024-05-09,915,Otto Cavalcanti,beatriz79@example.org,Pinto,MS,Eletrônicos,Quas,Adidas,5,1436.53,1903.93,0,38.08,App,Boleto,1,Pendente,Jadlog,Em trânsito
4866,PED-70404,2024-12-16,2025-06-06,228,Liam Cardoso,pduarte@example.com,das Neves,AL,Roupas,Laborum,Genérica,4,688.43,961.23,30,89.29,app,Débito,1,Aprovado,Jadlog,Entregue
4867,PED-26783,2025-12-08,2025-03-21,508,Dom Pereira,tsouza@example.net,Nogueira da Praia,CE,eletronicos,Molestiae,Nike,4,1819.04,2408.76,30,12.9,App,Pix,12,aprovado,Correios,Em trânsito
4868,PED-42136,2024-09-03,2025-11-13,926,Liam Vasconcelos,lmachado@example.org,Barros do Amparo,BA,Casa,Modi,Genérica,1,985.29,405.34,30,40.35,app,Boleto,1,aprovado,Jadlog,Em trânsito
4869,PED-35514,2024-12-27,2025-10-08,309,Luan da Paz,limabryan@example.net,Duarte Grande,SC,eletronicos,Distinctio,LG,5,2644.56,3225.67,0,47.82,SITE,Boleto,2,Recusado,Jadlog,Em trânsito
4870,PED-75666,2025-07-20,2025-10-14,586,Esther Castro,ipacheco@example.com,Marques,TO,Eletrônicos,Cum,Samsung,3,567.32,2828.42,30,71.63,Aplicativo,Pix,2,Pendente,Total Express,Entregue
4871,PED-19054,2024-11-30,2024-04-17,1171,Henrique Pinto,ocostela@example.org,Nunes,PE,Casa,Quisquam,Genérica,4,3202.73,3402.84,30,53.07,SITE,Débito,2,aprovado,Jadlog,Atrasado
4872,PED-14200,2025-05-14,2025-07-05,1012,Aurora Macedo,matteosiqueira@example.net,da Cruz,ES,Beleza,Laborum,Adidas,5,193.3,2983.08,10,88.32,app,Débito,12,Aprovado,Jadlog,Atrasado
4873,PED-85556,2025-09-21,2024-12-10,1048,Henry Gabriel Sales,thales59@example.com,Sá,DF,eletronicos,Officia,Genérica,2,1845.14,3085.09,0,108.62,SITE,Boleto,1,Recusado,Correios,Atrasado
4874,PED-35024,2024-06-22,2024-09-13,168,Juliana Rocha,josue77@example.org,Cavalcante da Praia,MT,Beleza,Vitae,LG,2,2518.34,2488.63,0,93.04,Aplicativo,Pix,12,Recusado,Jadlog,Em trânsito
4875,PED-35332,2025-05-19,2024-08-05,365,Henrique Cassiano,alvesapollo@example.net,Costa,PE,eletronicos,Reprehenderit,Genérica,3,127.5,1102.7,10,55.93,app,Pix,3,Aprovado,Jadlog,Atrasado
4876,PED-53415,2024-09-11,2024-02-15,537,Levi Machado,arthurporto@example.net,Carvalho do Oeste,TO,Casa,Error,LG,2,75.46,490.25,20,88.28,SITE,Pix,12,aprovado,Total Express,Em trânsito
4877,PED-22330,2026-01-12,2024-08-08,607,Dr. José Santos,rodriguesraquel@example.org,Ferreira do Amparo,MA,eletronicos,Officiis,Genérica,3,714.2,1786.4,20,7.22,Site,Débito,6,Pendente,Correios,Atrasado
4878,PED-45723,2025-11-13,2025-03-14,322,Ana Carolina Rodrigues,silvapedro-lucas@example.org,Melo Verde,RR,Beleza,Fugiat,Adidas,3,2902.64,2749.46,20,48.36,Aplicativo,Pix,2,aprovado,Total Express,Atrasado
4879,PED-54122,2024-10-26,2024-03-21,479,Eloá Guerra,viniciuspires@example.org,Sales Grande,RN,Casa,At,LG,1,656.52,571.02,10,16.46,App,Crédito,1,Pendente,Correios,Entregue
4880,PED-34103,2025-05-01,2024-11-27,308,Mariana Viana,acardoso@example.org,Peixoto,PR,Roupas,Temporibus,Nike,1,846.67,2261.06,30,10.09,SITE,Boleto,3,Aprovado,Correios,Em trânsito
4881,PED-80442,2025-06-23,2024-05-07,633,Maria Flor Aparecida,mendoncavinicius@example.com,Abreu Grande,TO,Eletrônicos,Excepturi,Adidas,4,1008.27,3495.54,20,98.52,app,Pix,1,Recusado,Correios,Em trânsito
4882,PED-92221,2024-10-12,2024-04-04,387,Rodrigo Cirino,alvesvinicius@example.org,Pacheco de Minas,AP,eletronicos,Reiciendis,Samsung,1,2426.45,2569.32,0,78.97,App,Pix,6,Aprovado,Correios,Entregue
4883,PED-92320,2024-11-02,2025-11-30,786,Sr. João Guilherme Azevedo,lorenzo06@example.com,Pastor do Oeste,MS,Eletrônicos,Quaerat,Samsung,5,1329.93,2314.81,10,6.57,Site,Débito,2,Recusado,Correios,Em trânsito
4884,PED-45931,2026-01-15,2025-06-06,202,Elisa Aragão,jmoura@example.com,Pimenta,SC,Roupas,Nulla,Samsung,1,1806.96,676.73,0,13.52,SITE,Pix,1,Aprovado,Correios,Entregue
4885,PED-42074,2025-08-30,2025-04-21,367,Maria Julia Moura,gustavo-henrique13@example.com,Costela,AP,eletronicos,Laboriosam,Genérica,2,2538.24,2649.76,0,26.07,app,Débito,6,Recusado,Total Express,Entregue
4886,PED-47109,2024-07-24,2024-08-30,383,Emilly Castro,gnascimento@example.net,Costa,ES,Casa,Ut,Apple,3,174.97,524.38,30,32.25,app,Crédito,2,Aprovado,Correios,Atrasado
4887,PED-21061,2025-11-08,2025-10-06,1190,Mateus Cavalcante,bryan05@example.net,Lopes da Prata,BA,Roupas,Praesentium,Apple,2,3375.5,50.23,20,57.53,App,Débito,12,Aprovado,Jadlog,Atrasado
4888,PED-42350,2025-03-03,2025-03-31,663,Bernardo Pereira,gustavo50@example.com,Pastor,PE,Eletrônicos,Sit,Genérica,5,2284.44,2422.5,0,74.98,app,Boleto,3,Aprovado,Jadlog,Em trânsito
4889,PED-41661,2024-02-10,2025-12-25,45,Lívia Sales,cassianoanna-liz@example.net,Silva,RJ,Eletrônicos,Quaerat,Adidas,1,422.69,1003.44,0,87.79,Aplicativo,Boleto,1,Aprovado,Total Express,Em trânsito
4890,PED-24376,2024-08-12,2024-12-21,3,Emanuel Borges,fogacayan@example.net,Dias de Goiás,AL,Roupas,Eius,Genérica,5,1850.27,2862.23,10,31.48,App,Boleto,1,Aprovado,Total Express,Entregue
4891,PED-90760,2025-06-19,2025-07-31,1121,Sra. Gabriela Teixeira,gabrielarios@example.net,Araújo,AM,eletronicos,Ullam,Genérica,2,2484.1,707.11,0,17.41,app,Débito,3,Pendente,Correios,Em trânsito
4892,PED-93635,2025-09-04,2025-01-22,259,Maria Sophia Novaes,gustavo-henriquevieira@example.net,da Rosa,PE,Eletrônicos,Minus,Genérica,3,1356.64,1471.46,30,55.72,Site,Boleto,2,Aprovado,Correios,Em trânsito
4893,PED-90798,2024-04-19,2024-11-15,637,Thales Borges,da-conceicaomirella@example.net,da Luz,MA,Roupas,Saepe,Genérica,1,384.38,124.99,20,54.06,App,Débito,1,aprovado,Jadlog,Atrasado
4894,PED-86455,2025-06-28,2024-11-25,932,Isadora Nogueira,maria-eduardavargas@example.org,Costela de Gomes,PI,Eletrônicos,Soluta,Nike,2,106.39,1968.71,20,61.15,app,Boleto,12,Aprovado,Total Express,Entregue
4895,PED-17961,2025-10-31,2025-12-11,280,Ravy Oliveira,benjaminsantos@example.com,Cunha da Serra,RJ,eletronicos,Minus,Adidas,3,1046.75,974.96,0,48.4,Site,Boleto,12,Pendente,Total Express,Atrasado
4896,PED-43512,2025-08-04,2025-04-27,655,Davi Costela,aliciamendonca@example.com,Lopes,PE,Eletrônicos,Sapiente,Samsung,3,2798.54,2632.23,0,19.92,app,Pix,3,Aprovado,Total Express,Entregue
4897,PED-63408,2024-11-07,2024-03-06,27,Bruno Albuquerque,novaishenry@example.net,Vasconcelos de da Mata,RJ,Roupas,Rerum,LG,5,1924.81,2487.35,20,7.8,Aplicativo,Crédito,1,Pendente,Jadlog,Atrasado
4898,PED-70429,2024-12-15,2025-09-15,197,Bryan Farias,noah43@example.net,Barbosa de Martins,SC,Casa,Nam,Apple,5,477.3,1430.73,20,11.43,SITE,Débito,1,Recusado,Correios,Entregue
4899,PED-81359,2024-12-10,2024-10-02,610,André Lopes,sarah36@example.net,Andrade Grande,RJ,eletronicos,Magni,Samsung,5,2247.13,1490.36,10,60.61,SITE,Débito,1,Aprovado,Total Express,Entregue
4900,PED-16547,2025-06-03,2025-08-05,1031,Laura Silveira,maria-flormartins@example.org,Barros,RS,Roupas,Velit,Genérica,2,199.34,1303.13,0,40.56,app,Crédito,1,Recusado,Jadlog,Entregue
4901,PED-54655,2025-04-29,2025-02-11,1101,Sophie Jesus,uoliveira@example.com,da Paz do Galho,SE,Roupas,Molestiae,Nike,3,2583.09,2859.24,0,70.07,Aplicativo,Pix,6,aprovado,Total Express,Em trânsito
4902,PED-14552,2024-05-02,2024-07-06,515,Leonardo Novais,moraesanthony@example.net,Novaes,BA,Roupas,Non,Genérica,3,3040.65,2480.8,30,67.6,SITE,Crédito,3,Recusado,Jadlog,Em trânsito
4903,PED-57875,2024-11-09,2025-11-30,554,Murilo Ferreira,isabela50@example.org,Casa Grande,SP,Beleza,Dolores,Samsung,2,2652.76,777.11,0,96.74,app,Pix,3,Recusado,Jadlog,Entregue
4904,PED-34083,2025-11-13,2024-12-01,1052,Brenda da Costa,ealbuquerque@example.com,Fonseca Paulista,MG,eletronicos,Illo,Apple,5,2242.91,1205.94,20,106.82,App,Débito,2,Pendente,Total Express,Entregue
4905,PED-10460,2025-11-05,2024-05-08,570,Camila Barros,hduarte@example.org,Pereira dos Dourados,SE,Beleza,Repellat,LG,3,130.19,3381.54,0,116.69,app,Boleto,6,Recusado,Correios,Em trânsito
4906,PED-35852,2025-03-03,2025-07-27,1119,Clara da Costa,sgomes@example.org,Sá do Galho,DF,Beleza,Eligendi,Apple,5,2362.63,269.05,30,118.69,app,Débito,1,Aprovado,Correios,Entregue
4907,PED-25758,2025-05-10,2026-01-12,1033,Nicole Souza,xpereira@example.net,da Costa Verde,PA,Beleza,Necessitatibus,Genérica,3,1364.94,893.98,0,115.4,Aplicativo,Boleto,1,Recusado,Jadlog,Entregue
4908,PED-92433,2026-01-12,2025-08-07,873,Lorenzo da Mata,amandadias@example.net,Brito,RS,eletronicos,Unde,Samsung,1,3275.24,1069.15,30,97.5,SITE,Pix,3,Aprovado,Correios,Em trânsito
4909,PED-61961,2024-12-21,2025-01-15,605,Pietra Pereira,xmelo@example.com,Abreu,MA,Eletrônicos,Accusantium,Nike,3,2937.68,2660.81,30,48.4,App,Crédito,1,Pendente,Total Express,Em trânsito
4910,PED-37610,2025-04-13,2025-11-19,697,Sara Ramos,zoecorreia@example.com,Costela,RS,Beleza,Perspiciatis,Apple,5,723.34,2394.1,20,45.97,SITE,Pix,12,Pendente,Jadlog,Em trânsito
4911,PED-23298,2025-08-03,2024-08-29,805,Mariana Andrade,bryan24@example.com,Campos,RN,Eletrônicos,Officiis,Nike,3,1485.79,1406.83,0,108.24,Aplicativo,Pix,1,Pendente,Correios,Entregue
4912,PED-60179,2024-03-19,2025-03-01,733,Clara Aragão,maria-flor65@example.org,Freitas da Prata,PA,Roupas,Iste,Adidas,4,445.24,449.51,0,50.69,Aplicativo,Boleto,3,Pendente,Total Express,Entregue
4913,PED-90714,2025-07-21,2025-09-02,377,Sra. Maria Julia Aragão,bryanaraujo@example.org,Leão das Pedras,MT,Roupas,Eos,Adidas,4,3255.7,831.76,0,24.1,app,Débito,3,Recusado,Correios,Em trânsito
4914,PED-64468,2024-05-18,2024-11-27,381,Sabrina Sampaio,osousa@example.org,Abreu Grande,CE,Beleza,Omnis,Apple,4,2114.79,1031.29,10,75.7,Site,Boleto,6,aprovado,Correios,Atrasado
4915,PED-42413,2025-08-24,2024-11-26,850,Maya Viana,lda-mota@example.net,Dias de Teixeira,AL,Eletrônicos,Aliquam,Samsung,1,3346.75,3323.1,10,57.34,Site,Pix,1,Recusado,Total Express,Em trânsito
4916,PED-14789,2024-09-04,2025-06-26,420,Davi Luiz Vieira,egoncalves@example.net,Novais,PI,Roupas,Provident,Adidas,1,1527.3,2601.53,30,79.63,App,Crédito,6,Pendente,Correios,Atrasado
4917,PED-50861,2024-07-14,2025-06-20,783,Dr. Asafe Cavalcante,vasconcelosotto@example.org,Mendes do Sul,AM,Roupas,Reprehenderit,Adidas,4,1348.57,3381.11,30,114.85,Aplicativo,Boleto,1,Pendente,Correios,Entregue
4918,PED-59261,2024-04-20,2024-07-11,416,Maya Sales,estermoreira@example.com,Fernandes de Goiás,AC,eletronicos,Pariatur,LG,2,1903.88,1537.08,0,17.24,Site,Débito,1,Pendente,Correios,Em trânsito
4919,PED-60761,2024-06-26,2024-09-29,690,Kevin Sales,nascimentoana-cecilia@example.com,Guerra da Praia,AC,Casa,Quam,Nike,4,849.24,2145.51,10,109.55,Site,Boleto,1,Pendente,Total Express,Em trânsito
4920,PED-31376,2025-07-09,2025-12-12,400,Daniela Câmara,brunocostela@example.com,Moura,MA,Casa,Nihil,LG,4,1471.86,3301.85,10,83.8,Aplicativo,Pix,6,Pendente,Total Express,Entregue
4921,PED-64614,2024-09-16,2024-11-15,523,Dom Teixeira,britoana-laura@example.net,Abreu,SE,Eletrônicos,Rerum,Apple,2,1412.6,3316.01,30,88.92,SITE,Débito,1,Recusado,Jadlog,Atrasado
4922,PED-68796,2024-07-08,2025-07-20,357,Luigi Ribeiro,ryan43@example.com,Pereira de Cassiano,TO,Roupas,Nulla,Genérica,3,2101.57,351.33,10,32.51,SITE,Boleto,1,Recusado,Total Express,Atrasado
4923,PED-19580,2024-08-06,2025-03-25,53,Alice da Luz,otaviogarcia@example.com,Pires do Sul,TO,Beleza,Dignissimos,Adidas,3,3218.1,1700.21,0,115.65,SITE,Débito,3,Aprovado,Jadlog,Entregue
4924,PED-38978,2025-06-10,2025-06-04,490,Stephany Brito,xda-luz@example.net,Câmara Alegre,PA,Eletrônicos,Iste,LG,4,2686.53,3394.56,0,40.82,SITE,Crédito,3,Recusado,Correios,Atrasado
4925,PED-80197,2024-12-11,2024-10-11,409,Srta. Maria Isis das Neves,gribeiro@example.org,Porto do Campo,MS,Beleza,Atque,Genérica,4,248.4,2011.85,30,21.93,app,Pix,2,Aprovado,Correios,Entregue
4926,PED-35467,2025-05-16,2025-09-11,28,Vitória Sampaio,gnascimento@example.org,da Rocha,CE,Beleza,Repellat,Adidas,4,3067.73,1871.32,0,66.64,Site,Pix,1,Recusado,Jadlog,Entregue
4927,PED-60945,2024-06-21,2024-02-13,153,Ravy Farias,eda-conceicao@example.com,Rios do Sul,PB,Casa,Atque,Nike,1,744.17,62.33,0,39.35,app,Pix,1,Pendente,Correios,Atrasado
4928,PED-11687,2024-09-09,2025-04-24,596,Raquel da Paz,bryan66@example.com,da Costa Verde,TO,Beleza,A,Samsung,5,1988.58,71.01,30,57.42,App,Boleto,1,Recusado,Total Express,Entregue
4929,PED-32185,2025-03-17,2024-02-27,615,Eduarda Correia,nrocha@example.com,Garcia,ES,Beleza,Nisi,Apple,5,1636.31,2902.52,20,72.0,SITE,Boleto,3,aprovado,Jadlog,Atrasado
4930,PED-46867,2025-11-16,2025-08-30,539,Davi Luiz Cunha,jcunha@example.com,Aparecida Verde,ES,Roupas,Animi,LG,5,3173.88,3081.92,20,2.79,Aplicativo,Débito,6,Aprovado,Correios,Atrasado
4931,PED-88701,2026-01-08,2024-11-29,661,Dra. Maya Araújo,idas-neves@example.org,Siqueira das Flores,PI,eletronicos,Facilis,Nike,1,2694.02,2465.48,30,53.43,app,Débito,12,Recusado,Jadlog,Atrasado
4932,PED-93901,2025-11-22,2024-11-18,823,Dra. Gabriela Albuquerque,vicente56@example.net,Vargas,ES,Casa,Sunt,Apple,4,789.2,1287.57,0,62.02,Site,Boleto,1,Pendente,Total Express,Atrasado
4933,PED-67074,2025-01-26,2024-11-16,469,Dr. Kevin Nascimento,laramoreira@example.net,Guerra,MA,Eletrônicos,Quasi,Nike,2,728.91,3244.67,20,100.15,Aplicativo,Débito,2,Recusado,Jadlog,Entregue
4934,PED-92932,2024-09-30,2024-11-20,123,Dr. Heitor da Conceição,murilo70@example.com,Costa Grande,BA,Eletrônicos,Itaque,LG,1,2953.11,886.34,0,14.34,Aplicativo,Débito,3,aprovado,Correios,Atrasado
4935,PED-52169,2025-04-16,2024-07-24,830,Amanda Lopes,vteixeira@example.com,Vasconcelos,PE,eletronicos,Nam,Samsung,2,953.5,720.52,0,115.04,Site,Débito,1,Recusado,Jadlog,Em trânsito
4936,PED-90864,2025-05-23,2025-10-02,264,Luiz Gustavo Duarte,benicio92@example.net,Carvalho,RJ,Eletrônicos,A,Apple,5,1515.61,1360.63,0,63.69,Aplicativo,Débito,12,Pendente,Correios,Entregue
4937,PED-43068,2024-10-27,2025-04-12,758,Luara Barros,nataliacostela@example.org,Pimenta,PB,Casa,Odio,LG,3,3088.47,854.78,0,81.08,Site,Boleto,2,Aprovado,Jadlog,Entregue
4938,PED-11967,2025-10-12,2025-01-24,1183,Isaque Rocha,oaraujo@example.com,Peixoto de Ferreira,PB,Casa,Nisi,Samsung,5,2030.43,1653.8,0,27.34,App,Débito,1,Recusado,Total Express,Em trânsito
4939,PED-19307,2025-10-13,2025-09-15,833,Dra. Laura Vasconcelos,isabela79@example.com,da Mata,PR,Eletrônicos,Sint,LG,4,763.07,1393.15,10,81.47,Site,Crédito,12,Aprovado,Correios,Atrasado
4940,PED-31447,2025-10-28,2024-06-17,437,Ana Carolina Jesus,fernandeseduarda@example.com,Silveira das Flores,RO,Eletrônicos,Asperiores,Apple,2,124.29,3122.06,10,19.14,app,Pix,2,aprovado,Correios,Atrasado
4941,PED-21318,2025-12-22,2024-07-17,842,Gael Barros,emanuelly90@example.com,Siqueira,RN,Beleza,Voluptatibus,Samsung,2,1232.12,765.04,30,32.62,SITE,Crédito,2,aprovado,Total Express,Atrasado
4942,PED-89978,2025-03-24,2024-12-08,704,Alícia Souza,josemartins@example.com,da Mota da Praia,PR,Beleza,Voluptate,Genérica,1,997.21,1056.9,20,39.61,Site,Crédito,6,Pendente,Total Express,Atrasado
4943,PED-83177,2025-09-28,2025-07-20,457,Davi Lucas Moura,emanuellacirino@example.net,Silva,MT,Beleza,Soluta,Apple,1,2855.96,3075.91,0,75.98,Aplicativo,Pix,3,Pendente,Correios,Entregue
4944,PED-99308,2025-10-04,2025-09-18,542,Luiz Henrique Lima,brayan90@example.com,Campos,RN,Casa,Aliquid,Nike,4,1528.29,2587.86,20,15.44,SITE,Crédito,1,Pendente,Correios,Em trânsito
4945,PED-11916,2024-04-21,2024-03-04,492,Gabriela Martins,garciafernando@example.org,Aragão de Minas,DF,Beleza,Quam,Nike,4,1052.69,1542.21,0,27.86,App,Crédito,3,aprovado,Jadlog,Atrasado
4946,PED-69108,2024-03-18,2024-12-24,63,Henry Novaes,lorenzo31@example.com,Azevedo,AL,Roupas,Nihil,LG,3,2743.63,925.33,20,29.49,app,Boleto,6,Recusado,Correios,Entregue
4947,PED-16159,2025-04-17,2024-08-30,1191,Maria Clara da Conceição,mirellacastro@example.org,Cassiano,AL,Roupas,Perferendis,Apple,5,204.55,2727.7,30,94.31,app,Pix,6,aprovado,Correios,Entregue
4948,PED-78293,2024-10-26,2024-08-06,872,Ian Fonseca,mcardoso@example.com,Almeida Paulista,PE,Eletrônicos,Nisi,Adidas,1,2711.81,1667.14,30,112.75,app,Débito,6,Recusado,Jadlog,Em trânsito
4949,PED-65532,2024-05-20,2024-09-05,19,Dra. Mariah da Cruz,benjamincostela@example.com,Vasconcelos de Peixoto,MT,Eletrônicos,Dolorem,Genérica,3,675.75,187.39,20,28.76,Aplicativo,Pix,1,Recusado,Total Express,Entregue
4950,PED-99377,2024-09-07,2024-12-27,443,Luan Correia,gael87@example.org,da Cunha,RR,Beleza,In,Genérica,1,3206.54,1316.69,10,27.76,Aplicativo,Crédito,6,Pendente,Jadlog,Atrasado
4951,PED-15337,2025-03-30,2025-08-02,528,Felipe Andrade,qmoura@example.net,Oliveira do Sul,RR,Casa,Nam,Genérica,5,263.29,2224.16,30,37.2,App,Débito,3,aprovado,Jadlog,Atrasado
4952,PED-34429,2025-06-03,2024-09-10,537,Lorenzo Peixoto,laraleao@example.net,Correia,ES,Beleza,Nobis,Samsung,3,1935.0,1976.59,0,39.16,SITE,Crédito,6,aprovado,Correios,Atrasado
4953,PED-15207,2025-06-30,2025-12-30,710,Emanuelly Guerra,onascimento@example.com,Pires do Galho,MG,Beleza,Laboriosam,Nike,4,2693.19,1429.31,20,87.53,Aplicativo,Crédito,3,Recusado,Correios,Em trânsito
4954,PED-52244,2024-06-21,2025-03-02,1021,Brenda Leão,bento18@example.net,Azevedo,AL,Eletrônicos,Quos,LG,1,2333.59,3156.26,30,54.31,App,Crédito,1,Recusado,Jadlog,Em trânsito
4955,PED-35431,2024-05-28,2024-06-02,266,Isabela Machado,pcunha@example.org,Azevedo,TO,Casa,Reprehenderit,Apple,3,1508.88,3265.03,0,21.63,App,Boleto,3,Pendente,Jadlog,Entregue
4956,PED-53937,2026-01-24,2025-07-02,985,Bento Araújo,camarastephany@example.org,Aragão do Amparo,RN,Beleza,Neque,Nike,4,1399.26,3160.23,10,100.65,Site,Débito,1,Aprovado,Correios,Atrasado
4957,PED-98649,2024-05-26,2024-06-21,341,Arthur Gabriel Cassiano,gabrielacaldeira@example.org,Andrade,MT,Roupas,Aperiam,LG,5,1531.77,1284.91,0,57.9,app,Pix,1,Aprovado,Total Express,Atrasado
4958,PED-55623,2025-06-27,2024-12-21,136,Aylla Cardoso,maria-eduarda82@example.org,Guerra de Costela,AP,Beleza,Veritatis,Adidas,4,1818.8,2432.32,10,89.03,SITE,Crédito,3,aprovado,Correios,Em trânsito
4959,PED-24365,2025-10-29,2025-02-17,57,Srta. Amanda Teixeira,hramos@example.com,Monteiro,RS,Roupas,Perferendis,Adidas,4,88.85,617.2,0,82.82,app,Crédito,1,Pendente,Total Express,Entregue
4960,PED-29967,2024-11-13,2024-10-14,1006,Felipe Nunes,mathias02@example.org,Sá,DF,eletronicos,Esse,Apple,3,705.9,3188.84,10,110.76,app,Crédito,1,Pendente,Correios,Em trânsito
4961,PED-85149,2025-09-07,2024-06-03,800,Dom Rios,joao-gabriel24@example.com,da Rosa,MG,Beleza,Nisi,Genérica,4,3297.67,1787.18,0,14.28,Aplicativo,Boleto,2,Aprovado,Jadlog,Entregue
4962,PED-25243,2024-04-12,2024-09-24,647,Ísis da Conceição,julia10@example.com,Nogueira das Flores,CE,Beleza,Sapiente,Apple,5,224.06,2789.61,0,78.08,Aplicativo,Boleto,12,Aprovado,Correios,Atrasado
4963,PED-85201,2024-08-15,2024-04-08,135,Davi Cavalcante,vpacheco@example.com,Novais da Serra,CE,Beleza,Nostrum,Apple,5,845.26,2516.48,30,82.11,Site,Débito,2,Aprovado,Total Express,Atrasado
4964,PED-39451,2025-03-02,2024-10-01,682,Rafael da Paz,laiscassiano@example.net,Andrade de Pastor,PI,Beleza,Harum,Genérica,5,2625.43,1652.73,30,76.8,App,Pix,1,Recusado,Total Express,Em trânsito
4965,PED-30860,2026-01-01,2025-10-08,3,Danilo Moreira,xpacheco@example.com,Cardoso,SP,Roupas,Distinctio,Adidas,3,2218.43,3236.39,0,60.44,Aplicativo,Boleto,6,Recusado,Jadlog,Em trânsito
4966,PED-51396,2024-05-17,2024-11-19,466,Srta. Julia Barbosa,enzo31@example.com,Cirino,TO,Beleza,Consequatur,Nike,4,1983.88,312.86,0,119.9,SITE,Débito,6,Recusado,Correios,Entregue
4967,PED-36579,2025-06-26,2025-04-21,1001,Ana Julia Mendes,gsilveira@example.net,Viana,AP,eletronicos,Explicabo,Apple,2,3374.69,2322.8,0,62.45,app,Pix,1,Recusado,Total Express,Atrasado
4968,PED-17883,2025-11-11,2025-05-25,299,Lara Alves,jda-paz@example.com,da Rocha dos Dourados,DF,Eletrônicos,Voluptatem,Adidas,3,534.64,1663.11,0,73.22,Site,Débito,1,Recusado,Jadlog,Atrasado
4969,PED-76432,2024-08-19,2025-01-30,877,Ana Liz Gonçalves,ojesus@example.org,Moreira,PR,Roupas,Consequatur,Genérica,3,2504.76,2903.11,0,67.63,Aplicativo,Crédito,12,aprovado,Correios,Em trânsito
4970,PED-29424,2024-08-15,2025-02-22,1046,Danilo Pacheco,qrocha@example.org,Cavalcanti da Praia,MT,Casa,Non,Samsung,1,464.71,214.44,0,118.73,Aplicativo,Pix,1,Aprovado,Total Express,Atrasado
4971,PED-26521,2024-11-26,2025-03-04,311,Antonella Cavalcante,pabreu@example.com,Macedo do Oeste,CE,Roupas,Provident,Nike,2,920.87,805.2,10,96.0,app,Débito,6,Aprovado,Jadlog,Em trânsito
4972,PED-55918,2025-12-29,2024-06-03,534,Isaque Mendonça,ada-cruz@example.org,Santos,PE,Roupas,Est,Nike,4,2749.81,235.87,0,52.85,Site,Boleto,1,Aprovado,Correios,Atrasado
4973,PED-59114,2024-07-06,2024-05-19,748,Dr. Juan Souza,maysa52@example.org,Silva do Sul,RN,Casa,Architecto,LG,2,3184.31,3087.37,30,15.5,App,Boleto,3,Recusado,Total Express,Entregue
4974,PED-70153,2025-11-03,2024-08-25,191,Maria Fernanda Duarte,rmendes@example.com,Caldeira,AM,Eletrônicos,Ex,Nike,1,2957.05,2425.87,20,42.05,Aplicativo,Crédito,6,Aprovado,Total Express,Atrasado
4975,PED-71922,2025-06-09,2024-10-30,1120,Liz Câmara,beatrizjesus@example.org,Nogueira de Novaes,RJ,Eletrônicos,Sint,Adidas,5,1732.56,1185.13,20,91.36,App,Crédito,3,Pendente,Correios,Entregue
4976,PED-88908,2025-05-31,2024-09-26,421,Luiza Pereira,ottoleao@example.net,Araújo do Amparo,BA,Casa,Officia,Adidas,3,246.76,2285.16,0,69.01,Aplicativo,Crédito,1,Pendente,Correios,Entregue
4977,PED-11254,2025-09-29,2025-04-06,101,Sr. Ravi Silveira,claricefogaca@example.net,Vargas,PI,Eletrônicos,Id,LG,4,2488.77,291.41,20,90.6,Site,Boleto,6,Recusado,Jadlog,Atrasado
4978,PED-54460,2025-06-02,2024-03-25,79,Maria Luiza Teixeira,ocasa-grande@example.org,Novaes Alegre,MS,Eletrônicos,Qui,Apple,4,3228.97,3116.23,10,119.3,Site,Pix,2,aprovado,Total Express,Entregue
4979,PED-17087,2025-10-04,2026-01-13,291,Leonardo Peixoto,moreiraluiz-felipe@example.org,Oliveira Alegre,BA,Casa,Laboriosam,Genérica,3,648.02,1674.47,20,23.29,Aplicativo,Débito,1,Aprovado,Total Express,Em trânsito
4980,PED-71827,2024-07-31,2024-09-13,9,Sr. Joaquim Caldeira,barrossamuel@example.net,Silva,RS,Eletrônicos,Quam,Apple,4,2414.66,2629.17,10,108.47,SITE,Débito,2,Pendente,Total Express,Entregue
4981,PED-40646,2024-10-12,2024-06-02,795,Diogo da Mota,borgesalexandre@example.org,Leão,MG,eletronicos,Unde,Samsung,1,3471.69,850.76,0,104.23,App,Boleto,2,aprovado,Correios,Entregue
4982,PED-87613,2024-09-24,2025-09-30,1026,Manuella Borges,maria-helena18@example.org,Montenegro,MS,Casa,Totam,Apple,5,428.02,1950.88,0,14.36,Aplicativo,Pix,1,Recusado,Total Express,Entregue
4983,PED-35147,2025-09-19,2024-02-25,716,Hadassa Castro,cardosogael@example.net,Cunha de Vasconcelos,MT,Beleza,Accusamus,Apple,4,911.21,3184.29,30,33.82,app,Débito,1,Recusado,Total Express,Atrasado
4984,PED-26327,2025-01-15,2024-02-24,1067,João Pedro Sampaio,renanda-rocha@example.com,Moraes,RO,Casa,Ipsa,Adidas,1,2547.03,786.07,0,94.57,SITE,Débito,12,aprovado,Total Express,Atrasado
4985,PED-30676,2024-11-29,2024-11-25,461,José Guerra,maria-isis39@example.net,Lopes,AP,Beleza,Omnis,Apple,4,1152.75,369.73,0,105.81,Aplicativo,Crédito,1,Recusado,Jadlog,Em trânsito
4986,PED-13523,2025-10-18,2025-10-23,688,Bianca Aparecida,davi-lucas46@example.com,Pires da Prata,PR,Roupas,Dolores,Nike,3,1264.0,680.98,0,110.52,Aplicativo,Crédito,12,Pendente,Correios,Entregue
4987,PED-94013,2025-11-25,2024-04-19,614,Luna Sampaio,luisabrito@example.net,Câmara,MS,Beleza,Illum,Adidas,1,1007.1,412.76,30,56.37,Site,Boleto,12,Pendente,Total Express,Atrasado
4988,PED-65142,2024-05-12,2025-04-29,1016,Amanda Barbosa,correiaenzo@example.org,Araújo da Praia,RS,Roupas,Doloribus,Genérica,2,2425.2,3207.51,0,33.11,App,Pix,1,Pendente,Total Express,Em trânsito
4989,PED-28309,2024-05-16,2025-06-15,1017,Jade Barros,ferreirahenry@example.org,Ribeiro,AP,Roupas,Quas,Apple,4,790.42,766.35,10,101.88,app,Pix,1,Pendente,Correios,Em trânsito
4990,PED-50936,2024-10-12,2025-09-06,562,Dr. Erick Câmara,vpimenta@example.net,Mendes de Dias,SE,Beleza,Cum,Nike,1,613.82,598.57,20,37.74,Site,Pix,6,aprovado,Jadlog,Atrasado
4991,PED-31259,2025-04-29,2025-06-24,96,Igor Castro,xda-rosa@example.net,Rios,DF,Eletrônicos,Quas,Adidas,1,2728.99,3469.82,30,96.79,App,Débito,12,Recusado,Total Express,Entregue
4992,PED-27618,2024-08-28,2024-06-24,993,Kaique Pereira,fariasmurilo@example.net,Cirino,MT,Eletrônicos,Iste,Adidas,5,1273.49,1801.18,30,73.11,Site,Boleto,6,Recusado,Correios,Entregue
4993,PED-36911,2024-05-02,2025-11-09,1012,Francisco da Rocha,leticia51@example.org,Correia,AP,Roupas,Accusantium,Adidas,5,1402.45,1774.16,0,51.42,SITE,Boleto,2,aprovado,Jadlog,Em trânsito
4994,PED-19075,2024-08-30,2024-05-22,13,Yasmin Aparecida,valentina78@example.net,Aragão de Silva,AM,Roupas,Assumenda,Genérica,5,2223.27,2280.2,0,65.49,Site,Pix,6,Recusado,Jadlog,Atrasado
4995,PED-47354,2025-03-15,2024-06-07,53,Srta. Camila Duarte,mcavalcanti@example.net,Cunha da Mata,MT,Roupas,Rem,Samsung,3,2755.64,1200.38,0,72.61,Aplicativo,Crédito,1,Recusado,Jadlog,Atrasado
4996,PED-31127,2026-02-01,2024-02-10,945,Natália Gomes,tda-costa@example.com,Pires da Serra,ES,Eletrônicos,Distinctio,Nike,1,111.2,1298.88,0,118.63,app,Crédito,2,Aprovado,Total Express,Atrasado
4997,PED-57622,2024-03-15,2025-03-08,502,Vitor Hugo da Cunha,laura93@example.com,Silveira,AM,Casa,Porro,Apple,5,3108.04,1641.23,30,31.45,app,Pix,2,Pendente,Jadlog,Atrasado
4998,PED-37815,2024-11-27,2025-01-26,154,Srta. Júlia Sousa,rafaela84@example.net,Lopes,PE,Eletrônicos,Error,LG,3,1162.18,3455.22,0,50.53,SITE,Débito,6,aprovado,Total Express,Atrasado
4999,PED-40788,2025-06-08,2025-11-17,791,Luiz Felipe Monteiro,zalves@example.net,Albuquerque,MA,Casa,Illum,Samsung,1,2096.24,919.9,0,102.02,app,Boleto,3,aprovado,Total Express,Atrasado
5000,PED-74381,2026-01-22,2025-01-08,723,Srta. Eloah Caldeira,azevedoana-clara@example.net,Cavalcanti,RJ,Casa,Necessitatibus,Samsung,5,2375.58,1919.54,10,98.76,SITE,Crédito,6,Pendente,Jadlog,Atrasado
